parent_type,documentId,block_index,kind,rendered,probe,issues
page,dctqd17debur98kce4x2iu3c,0,rich-text,false,"Our Hotels Agra Golden Tulip, Agra Golden Tulip, Agra Visit ",block_content_not_found_in_rendered_page (path=/blogs.html)
page,dctqd17debur98kce4x2iu3c,1,gallery,true,(image-based block — checked separately via image-binding §5d),
page,yvvvrzlp2h7ujd0wckgg3qlb,0,rich-text,false,"Our Hotels Agra Golden Tulip, Agra Golden Tulip, Agra Visit ",block_content_not_found_in_rendered_page (path=/our-destinations.html)
page,yvvvrzlp2h7ujd0wckgg3qlb,1,gallery,true,(image-based block — checked separately via image-binding §5d),
page,l4e3lxfkjmil3cyr8w09ujsd,0,rich-text,false,"Our Hotels Agra Golden Tulip, Agra Golden Tulip, Agra Visit ",block_content_not_found_in_rendered_page (path=/about-us.html)
page,l4e3lxfkjmil3cyr8w09ujsd,1,gallery,true,(image-based block — checked separately via image-binding §5d),
page,iulkp6js7r9xkrh244m97zj3,0,rich-text,false,"Our Hotels Agra Golden Tulip, Agra Golden Tulip, Agra Visit ",block_content_not_found_in_rendered_page (path=/about-us/discover.html)
page,iulkp6js7r9xkrh244m97zj3,1,gallery,true,(image-based block — checked separately via image-binding §5d),
page,j7x7tv70zzwzkc15becwolui,0,rich-text,false,"Our Hotels Agra Golden Tulip, Agra Golden Tulip, Agra Visit ",block_content_not_found_in_rendered_page (path=/about-us/our-brands.html)
page,j7x7tv70zzwzkc15becwolui,1,gallery,true,(image-based block — checked separately via image-binding §5d),
page,b1omwsvgfyvyssaih41p76n3,0,rich-text,false,"Our Hotels Agra Golden Tulip, Agra Golden Tulip, Agra Visit ",block_content_not_found_in_rendered_page (path=/about-us/our-team.html)
page,b1omwsvgfyvyssaih41p76n3,1,gallery,true,(image-based block — checked separately via image-binding §5d),
page,f5cuasye4aeqe1ddpa9v9tzc,0,rich-text,false,"Our Hotels Agra Golden Tulip, Agra Golden Tulip, Agra Visit ",block_content_not_found_in_rendered_page (path=/careers.html)
page,f5cuasye4aeqe1ddpa9v9tzc,1,gallery,true,(image-based block — checked separately via image-binding §5d),
page,z64h1946w00iiva65ce7pts5,0,rich-text,false,"Our Hotels Agra Golden Tulip, Agra Golden Tulip, Agra Visit ",block_content_not_found_in_rendered_page (path=/careers/careers.html)
page,z64h1946w00iiva65ce7pts5,1,gallery,true,(image-based block — checked separately via image-binding §5d),
page,ar5gdgd7uda2bn7x5pzz2b1p,0,rich-text,false,"Our Hotels Agra Golden Tulip, Agra Golden Tulip, Agra Visit ",block_content_not_found_in_rendered_page (path=/contact-us/contact-sarovar-hotels.html)
page,ar5gdgd7uda2bn7x5pzz2b1p,1,gallery,true,(image-based block — checked separately via image-binding §5d),
page,xobnb0eljcibc0yda8jkcna9,0,rich-text,false,"Our Hotels Agra Golden Tulip, Agra Golden Tulip, Agra Visit ",block_content_not_found_in_rendered_page (path=/events/meetings-and-events.html)
page,xobnb0eljcibc0yda8jkcna9,1,gallery,true,(image-based block — checked separately via image-binding §5d),
page,wdovdjpkr91a2opjucvwvpcn,0,rich-text,false,"Our Hotels Agra Golden Tulip, Agra Golden Tulip, Agra Visit ",block_content_not_found_in_rendered_page (path=/hotel-directory/hotel-directory.html)
page,wdovdjpkr91a2opjucvwvpcn,1,gallery,true,(image-based block — checked separately via image-binding §5d),
page,vz20gkdaazqxuml5dbnhibwh,0,rich-text,false,"Our Hotels Agra Golden Tulip, Agra Golden Tulip, Agra Visit ",block_content_not_found_in_rendered_page (path=/amex-offer-terms-and-conditions.html)
page,vz20gkdaazqxuml5dbnhibwh,1,gallery,true,(image-based block — checked separately via image-binding §5d),
page,vwkkdqw1dwsa8yb8dh0yonst,0,rich-text,false,"Our Hotels Agra Golden Tulip, Agra Golden Tulip, Agra Visit ",block_content_not_found_in_rendered_page (path=/disclaimer.html)
page,vwkkdqw1dwsa8yb8dh0yonst,1,gallery,true,(image-based block — checked separately via image-binding §5d),
page,vjofznpvgp88q2xer4miild6,0,rich-text,false,"Our Hotels Agra Golden Tulip, Agra Golden Tulip, Agra Visit ",block_content_not_found_in_rendered_page (path=/elder-stay-package.html)
page,vjofznpvgp88q2xer4miild6,1,gallery,true,(image-based block — checked separately via image-binding §5d),
page,xbtdf0qqg5v7yqjpep8ydv4k,0,rich-text,false,"Our Hotels Agra Golden Tulip, Agra Golden Tulip, Agra Visit ",block_content_not_found_in_rendered_page (path=/golden-tulip.html)
page,xbtdf0qqg5v7yqjpep8ydv4k,1,gallery,true,(image-based block — checked separately via image-binding §5d),
page,dbe17doevvxx7np5x45iwo94,0,rich-text,false,Page does not exist You may have typed the web address incor,block_content_not_found_in_rendered_page (path=/foodgully.html)
page,dbe17doevvxx7np5x45iwo94,1,gallery,true,(image-based block — checked separately via image-binding §5d),
page,eozhdb9tw6pmqwqndpajjua6,0,rich-text,false,"Our Hotels Agra Golden Tulip, Agra Golden Tulip, Agra Visit ",block_content_not_found_in_rendered_page (path=/manage-booking.html)
page,eozhdb9tw6pmqwqndpajjua6,1,gallery,true,(image-based block — checked separately via image-binding §5d),
page,f1ckknj64ezvt9uc34yi7r4o,0,rich-text,false,"Our Hotels Agra Golden Tulip, Agra Golden Tulip, Agra Visit ",block_content_not_found_in_rendered_page (path=/happiness-sarovar.html)
page,f1ckknj64ezvt9uc34yi7r4o,1,gallery,true,(image-based block — checked separately via image-binding §5d),
page,b7qkcf05ubs3vrxso9ksscxm,0,rich-text,false,"Our Hotels Agra Golden Tulip, Agra Golden Tulip, Agra Visit ",block_content_not_found_in_rendered_page (path=/mountain-destinations.html)
page,b7qkcf05ubs3vrxso9ksscxm,1,gallery,true,(image-based block — checked separately via image-binding §5d),
page,if3swajj3x713c85yzd168o6,0,rich-text,false,"Our Hotels Agra Golden Tulip, Agra Golden Tulip, Agra Visit ",block_content_not_found_in_rendered_page (path=/offers.html)
page,if3swajj3x713c85yzd168o6,1,gallery,true,(image-based block — checked separately via image-binding §5d),
page,zb5x707u39yf11axrwp983bk,0,rich-text,false,"Our Hotels Agra Golden Tulip, Agra Golden Tulip, Agra Visit ",block_content_not_found_in_rendered_page (path=/opening-soon.html)
page,zb5x707u39yf11axrwp983bk,1,gallery,true,(image-based block — checked separately via image-binding §5d),
page,wj374bvf8xms3r94lirgghhv,0,rich-text,false,"Our Hotels Agra Golden Tulip, Agra Golden Tulip, Agra Visit ",block_content_not_found_in_rendered_page (path=/secretarial.html)
page,wj374bvf8xms3r94lirgghhv,1,gallery,true,(image-based block — checked separately via image-binding §5d),
page,mvaabey4dnbczbm1mrpv5kri,0,rich-text,false,Free Wi-Fi Take Away Breakfast for Early Check-out Early Che,block_content_not_found_in_rendered_page (path=/sitemap.html)
page,mvaabey4dnbczbm1mrpv5kri,1,gallery,true,(image-based block — checked separately via image-binding §5d),
page,idl7lbfqsva15vqtnqc4ajna,0,rich-text,false,"Our Hotels Agra Golden Tulip, Agra Golden Tulip, Agra Visit ",block_content_not_found_in_rendered_page (path=/weddings.html)
page,idl7lbfqsva15vqtnqc4ajna,1,gallery,true,(image-based block — checked separately via image-binding §5d),
page,hrot6gn86yialc1hj1aeetvp,0,rich-text,false,"Our Hotels Agra Golden Tulip, Agra Golden Tulip, Agra Visit ",block_content_not_found_in_rendered_page (path=/awards/awards.html)
page,hrot6gn86yialc1hj1aeetvp,1,gallery,true,(image-based block — checked separately via image-binding §5d),
page,kh3ficaev8xoxek5927gu3cx,0,rich-text,false,"Our Hotels Agra Golden Tulip, Agra Golden Tulip, Agra Visit ",block_content_not_found_in_rendered_page (path=/beyond-consultancy/beyond-consultancy.html)
page,kh3ficaev8xoxek5927gu3cx,1,gallery,true,(image-based block — checked separately via image-binding §5d),
page,xpukqvi7guu97ngibcprv1o3,0,rich-text,false,"Our Hotels Agra Golden Tulip, Agra Golden Tulip, Agra Visit ",block_content_not_found_in_rendered_page (path=/experiences/business-hotels.html)
page,xpukqvi7guu97ngibcprv1o3,1,gallery,true,(image-based block — checked separately via image-binding §5d),
page,bipjwrvzpfy24fro5akumhdh,0,rich-text,false,"Our Hotels Agra Golden Tulip, Agra Golden Tulip, Agra Visit ",block_content_not_found_in_rendered_page (path=/experiences/leisure-hotels.html)
page,bipjwrvzpfy24fro5akumhdh,1,gallery,true,(image-based block — checked separately via image-binding §5d),
page,akg0kr0mnuddxh83fytevsvr,0,rich-text,false,"Our Hotels Agra Golden Tulip, Agra Golden Tulip, Agra Visit ",block_content_not_found_in_rendered_page (path=/experiences/pilgrimage-hotels.html)
page,akg0kr0mnuddxh83fytevsvr,1,gallery,true,(image-based block — checked separately via image-binding §5d),
page,fg3c5f40zmfz6aivuy3hsctv,0,rich-text,false,"Our Hotels Agra Golden Tulip, Agra Golden Tulip, Agra Visit ",block_content_not_found_in_rendered_page (path=/flash-sale/flash-sale.html)
page,fg3c5f40zmfz6aivuy3hsctv,1,gallery,true,(image-based block — checked separately via image-binding §5d),
page,iu0x7riek71rrpzj6cvvh8nr,0,rich-text,false,"Our Hotels Agra Golden Tulip, Agra Golden Tulip, Agra Visit ",block_content_not_found_in_rendered_page (path=/happiness-sarovar/get-the-best-weekend-weekdays-offer-at-our-mashobra-hotel.html)
page,iu0x7riek71rrpzj6cvvh8nr,1,gallery,true,(image-based block — checked separately via image-binding §5d),
page,s38qmxjowsfwkdz35fmg2wfp,0,rich-text,false,"Our Hotels Agra Golden Tulip, Agra Golden Tulip, Agra Visit ",block_content_not_found_in_rendered_page (path=/happiness-sarovar/rs-sarovar-portico---summer-holiday-offers.html)
page,s38qmxjowsfwkdz35fmg2wfp,1,gallery,true,(image-based block — checked separately via image-binding §5d),
page,ztwghrvw9sh1f0gjuoka9v91,0,rich-text,false,"Our Hotels Agra Golden Tulip, Agra Golden Tulip, Agra Visit ",block_content_not_found_in_rendered_page (path=/home-delivery/home-delivery.html)
page,ztwghrvw9sh1f0gjuoka9v91,1,gallery,true,(image-based block — checked separately via image-binding §5d),
page,bgxvf6mskcsjmqxgnubwn2v3,0,rich-text,false,"Our Hotels Agra Golden Tulip, Agra Golden Tulip, Agra Visit ",block_content_not_found_in_rendered_page (path=/lywwh/city-package.html)
page,bgxvf6mskcsjmqxgnubwn2v3,1,gallery,true,(image-based block — checked separately via image-binding §5d),
page,r53blver5umkvuoa8jwdthnc,0,rich-text,false,"Our Hotels Agra Golden Tulip, Agra Golden Tulip, Agra Visit ",block_content_not_found_in_rendered_page (path=/lywwh/estuary-sarovar-premiere-poovar.html)
page,r53blver5umkvuoa8jwdthnc,1,gallery,true,(image-based block — checked separately via image-binding §5d),
page,xwsaaeah11v5ngbl8rp2j2zj,0,rich-text,false,"Our Hotels Agra Golden Tulip, Agra Golden Tulip, Agra Visit ",block_content_not_found_in_rendered_page (path=/newsroom/newsroom.html)
page,xwsaaeah11v5ngbl8rp2j2zj,1,gallery,true,(image-based block — checked separately via image-binding §5d),
page,lz51v74ffjiev5g8dviieam7,0,rich-text,false,"Our Hotels Agra Golden Tulip, Agra Golden Tulip, Agra Visit ",block_content_not_found_in_rendered_page (path=/newsletter/newsletter.html)
page,lz51v74ffjiev5g8dviieam7,1,gallery,true,(image-based block — checked separately via image-binding §5d),
page,vc0ugnjsppwgndew973klzqd,0,rich-text,false,"Our Hotels Agra Golden Tulip, Agra Golden Tulip, Agra Visit ",block_content_not_found_in_rendered_page (path=/offers/mice-offers.html)
page,vc0ugnjsppwgndew973klzqd,1,gallery,false,(image-based block — checked separately via image-binding §5d),block_content_not_found_in_rendered_page (path=/offers/mice-offers.html)
page,kt8t9i0d1shn0bson0lb0zie,0,rich-text,false,"Our Hotels Agra Golden Tulip, Agra Golden Tulip, Agra Visit ",block_content_not_found_in_rendered_page (path=/offers/sarovar-hotels-x-fly91.html)
page,kt8t9i0d1shn0bson0lb0zie,1,gallery,false,(image-based block — checked separately via image-binding §5d),block_content_not_found_in_rendered_page (path=/offers/sarovar-hotels-x-fly91.html)
page,yx7fxpc5h9xzrrkwibdonfu9,0,rich-text,false,"Our Hotels Agra Golden Tulip, Agra Golden Tulip, Agra Visit ",block_content_not_found_in_rendered_page (path=/offers/why-book-direct.html)
page,yx7fxpc5h9xzrrkwibdonfu9,1,gallery,false,(image-based block — checked separately via image-binding §5d),block_content_not_found_in_rendered_page (path=/offers/why-book-direct.html)
page,jecuua1k0bk5d5wm6zyfg8zt,0,rich-text,false,"Our Hotels Agra Golden Tulip, Agra Golden Tulip, Agra Visit ",block_content_not_found_in_rendered_page (path=/partner-with-us/corporate-travel-agents.html)
page,jecuua1k0bk5d5wm6zyfg8zt,1,gallery,true,(image-based block — checked separately via image-binding §5d),
page,jrbagacq9s8o4mabq0k01lgb,0,rich-text,false,"Our Hotels Agra Golden Tulip, Agra Golden Tulip, Agra Visit ",block_content_not_found_in_rendered_page (path=/partner-with-us/hotel-partner.html)
page,jrbagacq9s8o4mabq0k01lgb,1,gallery,true,(image-based block — checked separately via image-binding §5d),
page,etbhddnx67uw4qvbextbgxl3,0,rich-text,false,"Our Hotels Agra Golden Tulip, Agra Golden Tulip, Agra Visit ",block_content_not_found_in_rendered_page (path=/privacy-policy/privacy-policy.html)
page,etbhddnx67uw4qvbextbgxl3,1,gallery,true,(image-based block — checked separately via image-binding §5d),
page,h4fs9e2wadpakyoy86xdzxsh,0,rich-text,false,"Our Hotels Agra Golden Tulip, Agra Golden Tulip, Agra Visit ",block_content_not_found_in_rendered_page (path=/partner-with-us/vendors-and-suppliers.html)
page,h4fs9e2wadpakyoy86xdzxsh,1,gallery,true,(image-based block — checked separately via image-binding §5d),
page,cvunxm8bqqs3bjtdl3z48pa3,0,rich-text,false,"Our Hotels Agra Golden Tulip, Agra Golden Tulip, Agra Visit ",block_content_not_found_in_rendered_page (path=/spin-and-win/spin-and-win.html)
page,cvunxm8bqqs3bjtdl3z48pa3,1,gallery,true,(image-based block — checked separately via image-binding §5d),
page,cmfr68oq2iiwo3zg8q0r2kso,0,rich-text,false,"Our Hotels Agra Golden Tulip, Agra Golden Tulip, Agra Visit ",block_content_not_found_in_rendered_page (path=/summer-offer/special-summer-offer.html)
page,cmfr68oq2iiwo3zg8q0r2kso,1,gallery,true,(image-based block — checked separately via image-binding §5d),
page,c20jfflwj83pj5scdudjnnr4,0,rich-text,false,"Our Hotels Agra Golden Tulip, Agra Golden Tulip, Agra Visit ",block_content_not_found_in_rendered_page (path=/terms-and-conditions/terms-and-conditions.html)
page,c20jfflwj83pj5scdudjnnr4,1,gallery,true,(image-based block — checked separately via image-binding §5d),
page,pepaprainwiu1f58lod9pwi7,0,rich-text,false,"Our Hotels Agra Golden Tulip, Agra Golden Tulip, Agra Visit ",block_content_not_found_in_rendered_page (path=/weddings/terms-conditions-of-wedding-packages.html)
page,pepaprainwiu1f58lod9pwi7,1,gallery,true,(image-based block — checked separately via image-binding §5d),
article,tilyaneda7wlfd93bq46lfyj,0,rich-text,false,"Our Hotels Agra Golden Tulip, Agra Golden Tulip, Agra Visit ",block_content_not_found_in_rendered_page (path=/blog/blogs-an-escape-to-poovar-island)
article,tilyaneda7wlfd93bq46lfyj,1,gallery,true,(image-based block — checked separately via image-binding §5d),
article,jt6hiuk25o9a99f92cef8itl,0,rich-text,false,"Our Hotels Agra Golden Tulip, Agra Golden Tulip, Agra Visit ",block_content_not_found_in_rendered_page (path=/blog/blogs-beautiful-locations-to-get-married-in-this-summer)
article,jt6hiuk25o9a99f92cef8itl,1,gallery,true,(image-based block — checked separately via image-binding §5d),
article,x0h2lx5ks9sodkve06790xen,0,rich-text,false,"Our Hotels Agra Golden Tulip, Agra Golden Tulip, Agra Visit ",block_content_not_found_in_rendered_page (path=/blog/blogs-best-beaches-to-visit-in-goa)
article,x0h2lx5ks9sodkve06790xen,1,gallery,true,(image-based block — checked separately via image-binding §5d),
article,vjyxiyogoz566osh363xaqf4,0,rich-text,false,"Our Hotels Agra Golden Tulip, Agra Golden Tulip, Agra Visit ",block_content_not_found_in_rendered_page (path=/blog/blogs-best-destinations-for-drivable-holidays-over-long-weekends)
article,vjyxiyogoz566osh363xaqf4,1,gallery,true,(image-based block — checked separately via image-binding §5d),
article,n41kmnqpmjgdh20dgg0ts1mx,0,rich-text,false,"Our Hotels Agra Golden Tulip, Agra Golden Tulip, Agra Visit ",block_content_not_found_in_rendered_page (path=/blog/blogs-best-places-to-visit-in-agra)
article,n41kmnqpmjgdh20dgg0ts1mx,1,gallery,true,(image-based block — checked separately via image-binding §5d),
article,q007y34o1favbv65afg90aag,0,rich-text,false,"Our Hotels Agra Golden Tulip, Agra Golden Tulip, Agra Visit ",block_content_not_found_in_rendered_page (path=/blog/blogs-best-summer-destinations-in-india)
article,q007y34o1favbv65afg90aag,1,gallery,true,(image-based block — checked separately via image-binding §5d),
article,ykz7eh4hxkzfy98zi22dr2qa,0,rich-text,false,"Our Hotels Agra Golden Tulip, Agra Golden Tulip, Agra Visit ",block_content_not_found_in_rendered_page (path=/blog/blogs-easter-recipe)
article,ykz7eh4hxkzfy98zi22dr2qa,1,gallery,true,(image-based block — checked separately via image-binding §5d),
article,xsxnsz71x6n8v316f7ph81md,0,rich-text,false,"Our Hotels Agra Golden Tulip, Agra Golden Tulip, Agra Visit ",block_content_not_found_in_rendered_page (path=/blog/blogs-enjoy-divine-experience-in-mathura)
article,xsxnsz71x6n8v316f7ph81md,1,gallery,true,(image-based block — checked separately via image-binding §5d),
article,ytv8zl6ufjhh5pdinum8kx5n,0,rich-text,false,"Our Hotels Agra Golden Tulip, Agra Golden Tulip, Agra Visit ",block_content_not_found_in_rendered_page (path=/blog/blogs-experience-chandigarh-culture-food-architecture)
article,ytv8zl6ufjhh5pdinum8kx5n,1,gallery,true,(image-based block — checked separately via image-binding §5d),
article,airxktc3vjrrn3tivuez89q6,0,rich-text,false,"Our Hotels Agra Golden Tulip, Agra Golden Tulip, Agra Visit ",block_content_not_found_in_rendered_page (path=/blog/blogs-experience-mashobra-with-marigold-sarovar-portico)
article,airxktc3vjrrn3tivuez89q6,1,gallery,true,(image-based block — checked separately via image-binding §5d),
article,ju82peptwsvagrh10afz5iiq,0,rich-text,false,"Our Hotels Agra Golden Tulip, Agra Golden Tulip, Agra Visit ",block_content_not_found_in_rendered_page (path=/blog/blogs-experience-the-best-attractions-of-kerala)
article,ju82peptwsvagrh10afz5iiq,1,gallery,true,(image-based block — checked separately via image-binding §5d),
article,lrw0exth2tb357odwgvwlg47,0,rich-text,false,"Our Hotels Agra Golden Tulip, Agra Golden Tulip, Agra Visit ",block_content_not_found_in_rendered_page (path=/blog/blogs-experience-the-glorious-past-of-agra-with-sarovar-hotels)
article,lrw0exth2tb357odwgvwlg47,1,gallery,true,(image-based block — checked separately via image-binding §5d),
article,isyny5htu8hhe47zxlokevpz,0,rich-text,false,"Our Hotels Agra Golden Tulip, Agra Golden Tulip, Agra Visit ",block_content_not_found_in_rendered_page (path=/blog/blogs-experiential-things-to-do-in-bhimtal)
article,isyny5htu8hhe47zxlokevpz,1,gallery,true,(image-based block — checked separately via image-binding §5d),
article,hpfrz6jx8sonnkcolhbec6gk,0,rich-text,false,"Our Hotels Agra Golden Tulip, Agra Golden Tulip, Agra Visit ",block_content_not_found_in_rendered_page (path=/blog/blogs-explore-the-beauty-of-jaisalmer)
article,hpfrz6jx8sonnkcolhbec6gk,1,gallery,true,(image-based block — checked separately via image-binding §5d),
article,wrvi8xqver400k2rl0cnvf3w,0,rich-text,false,"Our Hotels Agra Golden Tulip, Agra Golden Tulip, Agra Visit ",block_content_not_found_in_rendered_page (path=/blog/blogs-explore-the-best-of-palampur)
article,wrvi8xqver400k2rl0cnvf3w,1,gallery,true,(image-based block — checked separately via image-binding §5d),
article,udqyty99tno25823dt1fo1cu,0,rich-text,false,"Our Hotels Agra Golden Tulip, Agra Golden Tulip, Agra Visit ",block_content_not_found_in_rendered_page (path=/blog/blogs-explore-the-city-of-jhansi)
article,udqyty99tno25823dt1fo1cu,1,gallery,true,(image-based block — checked separately via image-binding §5d),
article,qihi8i0zl3ymla37fncadgt4,0,rich-text,false,"Our Hotels Agra Golden Tulip, Agra Golden Tulip, Agra Visit ",block_content_not_found_in_rendered_page (path=/blog/blogs-explore-the-rich-heritage-of-pondicherry-with-sarovar-hotels)
article,qihi8i0zl3ymla37fncadgt4,1,gallery,true,(image-based block — checked separately via image-binding §5d),
article,uol4xl8gvammfdqdnq6vpxvc,0,rich-text,false,"Our Hotels Agra Golden Tulip, Agra Golden Tulip, Agra Visit ",block_content_not_found_in_rendered_page (path=/blog/blogs-explore-the-royal-capital-of-rajasthan)
article,uol4xl8gvammfdqdnq6vpxvc,1,gallery,true,(image-based block — checked separately via image-binding §5d),
article,tm3yycsjpxhj6fvf3enjce31,0,rich-text,false,"Our Hotels Agra Golden Tulip, Agra Golden Tulip, Agra Visit ",block_content_not_found_in_rendered_page (path=/blog/blogs-following-the-food-trail-in-gujarat)
article,tm3yycsjpxhj6fvf3enjce31,1,gallery,true,(image-based block — checked separately via image-binding §5d),
article,sgjhpjdidm61dbdmunig37hh,0,rich-text,false,"Our Hotels Agra Golden Tulip, Agra Golden Tulip, Agra Visit ",block_content_not_found_in_rendered_page (path=/blog/blogs-food-trail-through-north-east-india)
article,sgjhpjdidm61dbdmunig37hh,1,gallery,true,(image-based block — checked separately via image-binding §5d),
article,dis1y1yyp7mkmmg89ni1p3oh,0,rich-text,false,"Our Hotels Agra Golden Tulip, Agra Golden Tulip, Agra Visit ",block_content_not_found_in_rendered_page (path=/blog/blogs-hidden-gems-of-andhra-pradesh-that-you-must-visit)
article,dis1y1yyp7mkmmg89ni1p3oh,1,gallery,true,(image-based block — checked separately via image-binding §5d),
article,b495ez733ajuxcv3sdjo4o6z,0,rich-text,false,"Our Hotels Agra Golden Tulip, Agra Golden Tulip, Agra Visit ",block_content_not_found_in_rendered_page (path=/blog/blogs-hidden-gems-sasan-gir-junagadh-jaisalmer-and-south-goa)
article,b495ez733ajuxcv3sdjo4o6z,1,gallery,true,(image-based block — checked separately via image-binding §5d),
article,aj380r8ql9a2kuvvt56byiwg,0,rich-text,false,"Our Hotels Agra Golden Tulip, Agra Golden Tulip, Agra Visit ",block_content_not_found_in_rendered_page (path=/blog/blogs-india-during-monsoons)
article,aj380r8ql9a2kuvvt56byiwg,1,gallery,true,(image-based block — checked separately via image-binding §5d),
article,uu1m2i7rwnvi13dgd4kgiy51,0,rich-text,false,"Our Hotels Agra Golden Tulip, Agra Golden Tulip, Agra Visit ",block_content_not_found_in_rendered_page (path=/blog/blogs-mashobra-a-safe-place-to-travel-to)
article,uu1m2i7rwnvi13dgd4kgiy51,1,gallery,true,(image-based block — checked separately via image-binding §5d),
article,mxb8eohvejfs0jq4d6dww5vi,0,rich-text,false,"Our Hotels Agra Golden Tulip, Agra Golden Tulip, Agra Visit ",block_content_not_found_in_rendered_page (path=/blog/blogs-most-popular-places-to-visit-in-jaipur)
article,mxb8eohvejfs0jq4d6dww5vi,1,gallery,true,(image-based block — checked separately via image-binding §5d),
article,p9jkfowhu6896iyqvbyk0bms,0,rich-text,false,"Our Hotels Agra Golden Tulip, Agra Golden Tulip, Agra Visit ",block_content_not_found_in_rendered_page (path=/blog/blogs-nutritious-homemade-meals-with-sarovars-ghar-ka-khana)
article,p9jkfowhu6896iyqvbyk0bms,1,gallery,true,(image-based block — checked separately via image-binding §5d),
article,ad15ow379k7bslwta9ocm2my,0,rich-text,false,"Our Hotels Agra Golden Tulip, Agra Golden Tulip, Agra Visit ",block_content_not_found_in_rendered_page (path=/blog/blogs-places-to-visit-in-maharashtra-this-monsoon)
article,ad15ow379k7bslwta9ocm2my,1,gallery,true,(image-based block — checked separately via image-binding §5d),
article,p75xdgsrk9zcklomg9539xs0,0,rich-text,false,"Our Hotels Agra Golden Tulip, Agra Golden Tulip, Agra Visit ",block_content_not_found_in_rendered_page (path=/blog/blogs-rajasthan-a-unique-summer-destination-in-india)
article,p75xdgsrk9zcklomg9539xs0,1,gallery,true,(image-based block — checked separately via image-binding §5d),
article,zcnsexwxwhrfaqwhptpmjwe4,0,rich-text,false,"Our Hotels Agra Golden Tulip, Agra Golden Tulip, Agra Visit ",block_content_not_found_in_rendered_page (path=/blog/blogs-rediscover-india-bodhgaya)
article,zcnsexwxwhrfaqwhptpmjwe4,1,gallery,true,(image-based block — checked separately via image-binding §5d),
article,l1u1fxigkjy4974lklcwalf3,0,rich-text,false,"Our Hotels Agra Golden Tulip, Agra Golden Tulip, Agra Visit ",block_content_not_found_in_rendered_page (path=/blog/blogs-rediscover-india-delhi-ncr)
article,l1u1fxigkjy4974lklcwalf3,1,gallery,true,(image-based block — checked separately via image-binding §5d),
article,vik5l4u6aano67vevvg5ggih,0,rich-text,false,"Our Hotels Agra Golden Tulip, Agra Golden Tulip, Agra Visit ",block_content_not_found_in_rendered_page (path=/blog/blogs-rediscover-india-dibrugarh)
article,vik5l4u6aano67vevvg5ggih,1,gallery,true,(image-based block — checked separately via image-binding §5d),
article,a3oo204omm9ak5eaxcov1xst,0,rich-text,false,"Our Hotels Agra Golden Tulip, Agra Golden Tulip, Agra Visit ",block_content_not_found_in_rendered_page (path=/blog/blogs-rediscover-india-jaisalmer)
article,a3oo204omm9ak5eaxcov1xst,1,gallery,true,(image-based block — checked separately via image-binding §5d),
article,p3wx1lhcvmo5g6268hiff70i,0,rich-text,false,"Our Hotels Agra Golden Tulip, Agra Golden Tulip, Agra Visit ",block_content_not_found_in_rendered_page (path=/blog/blogs-rediscover-india-mussoorie)
article,p3wx1lhcvmo5g6268hiff70i,1,gallery,true,(image-based block — checked separately via image-binding §5d),
article,wsrkavxj8lqgyqetg2fqfvyg,0,rich-text,false,"Our Hotels Agra Golden Tulip, Agra Golden Tulip, Agra Visit ",block_content_not_found_in_rendered_page (path=/blog/blogs-rediscover-india-palampur)
article,wsrkavxj8lqgyqetg2fqfvyg,1,gallery,true,(image-based block — checked separately via image-binding §5d),
article,js5fm89exgivuksvdmfdheoq,0,rich-text,false,"Our Hotels Agra Golden Tulip, Agra Golden Tulip, Agra Visit ",block_content_not_found_in_rendered_page (path=/blog/blogs-rejoice-amid-the-ethereal-vistas-of-shimla)
article,js5fm89exgivuksvdmfdheoq,1,gallery,true,(image-based block — checked separately via image-binding §5d),
article,y2oljn8w1yh92odv2e8es27f,0,rich-text,false,"Our Hotels Agra Golden Tulip, Agra Golden Tulip, Agra Visit ",block_content_not_found_in_rendered_page (path=/blog/blogs-revel-in-the-mesmerizing-beauty-of-gangtok)
article,y2oljn8w1yh92odv2e8es27f,1,gallery,true,(image-based block — checked separately via image-binding §5d),
article,i6x8jll20ux9euq2qja2quka,0,rich-text,false,"Our Hotels Agra Golden Tulip, Agra Golden Tulip, Agra Visit ",block_content_not_found_in_rendered_page (path=/blog/blogs-romantic-things-to-do-during-valentines-day)
article,i6x8jll20ux9euq2qja2quka,1,gallery,true,(image-based block — checked separately via image-binding §5d),
article,g0fnu7brenisrwq9rvkpnr7f,0,rich-text,false,"Our Hotels Agra Golden Tulip, Agra Golden Tulip, Agra Visit ",block_content_not_found_in_rendered_page (path=/blog/blogs-take-your-life-on-a-holiday-drive-down-kerala-getaway-awaits)
article,g0fnu7brenisrwq9rvkpnr7f,1,gallery,true,(image-based block — checked separately via image-binding §5d),
article,vjll7jvjt3o75psadkulb12y,0,rich-text,false,"Our Hotels Agra Golden Tulip, Agra Golden Tulip, Agra Visit ",block_content_not_found_in_rendered_page (path=/blog/blogs-the-alluring-poovar-island)
article,vjll7jvjt3o75psadkulb12y,1,gallery,true,(image-based block — checked separately via image-binding §5d),
article,vv3tbolobbied20rj7j9pei9,0,rich-text,false,"Our Hotels Agra Golden Tulip, Agra Golden Tulip, Agra Visit ",block_content_not_found_in_rendered_page (path=/blog/blogs-the-mountains-beckon-this-january)
article,vv3tbolobbied20rj7j9pei9,1,gallery,true,(image-based block — checked separately via image-binding §5d),
article,gvy7x6xfyruynchi8zrr8xpu,0,rich-text,false,"Our Hotels Agra Golden Tulip, Agra Golden Tulip, Agra Visit ",block_content_not_found_in_rendered_page (path=/blog/blogs-things-to-do-in-vaishali-corporate-business-hubs)
article,gvy7x6xfyruynchi8zrr8xpu,1,gallery,true,(image-based block — checked separately via image-binding §5d),
article,uubw7b95rqslna46eljqoxeb,0,rich-text,false,"Our Hotels Agra Golden Tulip, Agra Golden Tulip, Agra Visit ",block_content_not_found_in_rendered_page (path=/blog/blogs-top-5-places-to-explore-in-mashobra)
article,uubw7b95rqslna46eljqoxeb,1,gallery,true,(image-based block — checked separately via image-binding §5d),
article,fblpuvhrsd8fvh49gtqkrzu0,0,rich-text,false,"Our Hotels Agra Golden Tulip, Agra Golden Tulip, Agra Visit ",block_content_not_found_in_rendered_page (path=/blog/blogs-top-5-places-to-visit-in-kerala-with-sarovar-hotels)
article,fblpuvhrsd8fvh49gtqkrzu0,1,gallery,true,(image-based block — checked separately via image-binding §5d),
article,r4e9jvkuoe727bfddtw2mr5u,0,rich-text,false,"Our Hotels Agra Golden Tulip, Agra Golden Tulip, Agra Visit ",block_content_not_found_in_rendered_page (path=/blog/blogs-tourists-guide-and-top-attractions-in-new-delhi)
article,r4e9jvkuoe727bfddtw2mr5u,1,gallery,true,(image-based block — checked separately via image-binding §5d),
article,gue3fg8a6tha6qh5jlzbncye,0,rich-text,false,"Our Hotels Agra Golden Tulip, Agra Golden Tulip, Agra Visit ",block_content_not_found_in_rendered_page (path=/blog/blogs-travel-restrictions-across-india)
article,gue3fg8a6tha6qh5jlzbncye,1,gallery,true,(image-based block — checked separately via image-binding §5d),
article,y8lktzjddn45nqb37jpsz8px,0,rich-text,false,"Our Hotels Agra Golden Tulip, Agra Golden Tulip, Agra Visit ",block_content_not_found_in_rendered_page (path=/blog/blogs-workation-destinations-in-india)
article,y8lktzjddn45nqb37jpsz8px,1,gallery,true,(image-based block — checked separately via image-binding §5d),
hotel-page,kalwcspm9gfcz33pbsrrjgna,0,rich-text,false,"Our Hotels Agra Golden Tulip, Agra Golden Tulip, Agra Visit ",block_content_not_found_in_rendered_page (path=n/a)
hotel-page,kalwcspm9gfcz33pbsrrjgna,1,gallery,false,(image-based block — checked separately via image-binding §5d),block_content_not_found_in_rendered_page (path=n/a)
hotel-page,myj8x9adbr0nqsjmiic950hf,0,rich-text,false,"Our Hotels Agra Golden Tulip, Agra Golden Tulip, Agra Visit ",block_content_not_found_in_rendered_page (path=n/a)
hotel-page,myj8x9adbr0nqsjmiic950hf,1,gallery,false,(image-based block — checked separately via image-binding §5d),block_content_not_found_in_rendered_page (path=n/a)
hotel-page,noufdks8wq62xdys9qywu81s,0,rich-text,false,"Our Hotels Agra Golden Tulip, Agra Golden Tulip, Agra Visit ",block_content_not_found_in_rendered_page (path=n/a)
hotel-page,noufdks8wq62xdys9qywu81s,1,gallery,false,(image-based block — checked separately via image-binding §5d),block_content_not_found_in_rendered_page (path=n/a)
hotel-page,ew9h5km7avxf7cyu87e1g46t,0,rich-text,false,"Our Hotels Agra Golden Tulip, Agra Golden Tulip, Agra Visit ",block_content_not_found_in_rendered_page (path=n/a)
hotel-page,ew9h5km7avxf7cyu87e1g46t,1,gallery,false,(image-based block — checked separately via image-binding §5d),block_content_not_found_in_rendered_page (path=n/a)
hotel-page,n2g6c3anyn7yz1bw84rqkvta,0,rich-text,false,"Our Hotels Agra Golden Tulip, Agra Golden Tulip, Agra Visit ",block_content_not_found_in_rendered_page (path=n/a)
hotel-page,n2g6c3anyn7yz1bw84rqkvta,1,gallery,false,(image-based block — checked separately via image-binding §5d),block_content_not_found_in_rendered_page (path=n/a)
hotel-page,gznykz25g6qraihebokw9v6p,0,rich-text,false,"Our Hotels Agra Golden Tulip, Agra Golden Tulip, Agra Visit ",block_content_not_found_in_rendered_page (path=n/a)
hotel-page,gznykz25g6qraihebokw9v6p,1,gallery,false,(image-based block — checked separately via image-binding §5d),block_content_not_found_in_rendered_page (path=n/a)
hotel-page,pp8dj466kak4dorvbw2mk4nr,0,rich-text,false,"Our Hotels Agra Golden Tulip, Agra Golden Tulip, Agra Visit ",block_content_not_found_in_rendered_page (path=n/a)
hotel-page,pp8dj466kak4dorvbw2mk4nr,1,gallery,false,(image-based block — checked separately via image-binding §5d),block_content_not_found_in_rendered_page (path=n/a)
hotel-page,f9moyh1pntwdy1sthi6hh34i,0,rich-text,false,"Our Hotels Agra Golden Tulip, Agra Golden Tulip, Agra Visit ",block_content_not_found_in_rendered_page (path=n/a)
hotel-page,f9moyh1pntwdy1sthi6hh34i,1,gallery,false,(image-based block — checked separately via image-binding §5d),block_content_not_found_in_rendered_page (path=n/a)
hotel-page,pwx7wv99rjcw2aqs1hrmkedm,0,rich-text,false,"Our Hotels Agra Golden Tulip, Agra Golden Tulip, Agra Visit ",block_content_not_found_in_rendered_page (path=n/a)
hotel-page,pwx7wv99rjcw2aqs1hrmkedm,1,gallery,false,(image-based block — checked separately via image-binding §5d),block_content_not_found_in_rendered_page (path=n/a)
hotel-page,xwdll9fwyzpl1n3icl77zaq1,0,rich-text,false,"Our Hotels Agra Golden Tulip, Agra Golden Tulip, Agra Visit ",block_content_not_found_in_rendered_page (path=n/a)
hotel-page,xwdll9fwyzpl1n3icl77zaq1,1,gallery,false,(image-based block — checked separately via image-binding §5d),block_content_not_found_in_rendered_page (path=n/a)
hotel-page,fdvjj0wov628owgtttpy8cbj,0,rich-text,false,"Our Hotels Agra Golden Tulip, Agra Golden Tulip, Agra Visit ",block_content_not_found_in_rendered_page (path=n/a)
hotel-page,fdvjj0wov628owgtttpy8cbj,1,gallery,false,(image-based block — checked separately via image-binding §5d),block_content_not_found_in_rendered_page (path=n/a)
hotel-page,xphmujfa3eui0o7m4jg60iky,0,rich-text,false,"Our Hotels Agra Golden Tulip, Agra Golden Tulip, Agra Visit ",block_content_not_found_in_rendered_page (path=n/a)
hotel-page,xphmujfa3eui0o7m4jg60iky,1,gallery,false,(image-based block — checked separately via image-binding §5d),block_content_not_found_in_rendered_page (path=n/a)
hotel-page,tv5jnj6x2txcaybbyy5qr4tr,0,rich-text,false,"Our Hotels Agra Golden Tulip, Agra Golden Tulip, Agra Visit ",block_content_not_found_in_rendered_page (path=n/a)
hotel-page,tv5jnj6x2txcaybbyy5qr4tr,1,gallery,false,(image-based block — checked separately via image-binding §5d),block_content_not_found_in_rendered_page (path=n/a)
hotel-page,mete606pl6l3s471vk6u79wd,0,rich-text,false,"Our Hotels Agra Golden Tulip, Agra Golden Tulip, Agra Visit ",block_content_not_found_in_rendered_page (path=n/a)
hotel-page,mete606pl6l3s471vk6u79wd,1,gallery,false,(image-based block — checked separately via image-binding §5d),block_content_not_found_in_rendered_page (path=n/a)
hotel-page,je4n0fsbfrqgu1h7adl7ygoh,0,rich-text,false,"Our Hotels Agra Golden Tulip, Agra Golden Tulip, Agra Visit ",block_content_not_found_in_rendered_page (path=n/a)
hotel-page,je4n0fsbfrqgu1h7adl7ygoh,1,gallery,false,(image-based block — checked separately via image-binding §5d),block_content_not_found_in_rendered_page (path=n/a)
hotel-page,madjftev58w5jv9qjekns2zd,0,rich-text,false,"Our Hotels Agra Golden Tulip, Agra Golden Tulip, Agra Visit ",block_content_not_found_in_rendered_page (path=n/a)
hotel-page,madjftev58w5jv9qjekns2zd,1,gallery,false,(image-based block — checked separately via image-binding §5d),block_content_not_found_in_rendered_page (path=n/a)
hotel-page,nusbk8nkw9vzff0e2gwfmmk2,0,rich-text,false,"Our Hotels Agra Golden Tulip, Agra Golden Tulip, Agra Visit ",block_content_not_found_in_rendered_page (path=n/a)
hotel-page,nusbk8nkw9vzff0e2gwfmmk2,1,gallery,false,(image-based block — checked separately via image-binding §5d),block_content_not_found_in_rendered_page (path=n/a)
hotel-page,lmvba3shfn7rgesnu8r15bsx,0,rich-text,false,"Our Hotels Agra Golden Tulip, Agra Golden Tulip, Agra Visit ",block_content_not_found_in_rendered_page (path=n/a)
hotel-page,lmvba3shfn7rgesnu8r15bsx,1,gallery,false,(image-based block — checked separately via image-binding §5d),block_content_not_found_in_rendered_page (path=n/a)
hotel-page,rphjzo33crnsqbvoae6brbtl,0,rich-text,false,"Our Hotels Agra Golden Tulip, Agra Golden Tulip, Agra Visit ",block_content_not_found_in_rendered_page (path=n/a)
hotel-page,rphjzo33crnsqbvoae6brbtl,1,gallery,false,(image-based block — checked separately via image-binding §5d),block_content_not_found_in_rendered_page (path=n/a)
hotel-page,d6y2jj5vfj38gqf2na3ew595,0,rich-text,false,"Our Hotels Agra Golden Tulip, Agra Golden Tulip, Agra Visit ",block_content_not_found_in_rendered_page (path=n/a)
hotel-page,d6y2jj5vfj38gqf2na3ew595,1,gallery,false,(image-based block — checked separately via image-binding §5d),block_content_not_found_in_rendered_page (path=n/a)
hotel-page,n4hdoxgpvzszgze0x3ccrzrz,0,rich-text,false,"Our Hotels Agra Golden Tulip, Agra Golden Tulip, Agra Visit ",block_content_not_found_in_rendered_page (path=n/a)
hotel-page,n4hdoxgpvzszgze0x3ccrzrz,1,gallery,false,(image-based block — checked separately via image-binding §5d),block_content_not_found_in_rendered_page (path=n/a)
hotel-page,c423fftemj50aepjci08qb4h,0,rich-text,false,"Our Hotels Agra Golden Tulip, Agra Golden Tulip, Agra Visit ",block_content_not_found_in_rendered_page (path=n/a)
hotel-page,c423fftemj50aepjci08qb4h,1,gallery,false,(image-based block — checked separately via image-binding §5d),block_content_not_found_in_rendered_page (path=n/a)
hotel-page,ntpubythw79wvdl74av9l6gk,0,rich-text,false,"Our Hotels Agra Golden Tulip, Agra Golden Tulip, Agra Visit ",block_content_not_found_in_rendered_page (path=n/a)
hotel-page,ntpubythw79wvdl74av9l6gk,1,gallery,false,(image-based block — checked separately via image-binding §5d),block_content_not_found_in_rendered_page (path=n/a)
hotel-page,c8mus84a6ztke8hlgb31e0kw,0,rich-text,false,"Our Hotels Agra Golden Tulip, Agra Golden Tulip, Agra Visit ",block_content_not_found_in_rendered_page (path=n/a)
hotel-page,c8mus84a6ztke8hlgb31e0kw,1,gallery,false,(image-based block — checked separately via image-binding §5d),block_content_not_found_in_rendered_page (path=n/a)
hotel-page,e7xax4393m2o2a1juq83agq7,0,rich-text,false,"Our Hotels Agra Golden Tulip, Agra Golden Tulip, Agra Visit ",block_content_not_found_in_rendered_page (path=n/a)
hotel-page,e7xax4393m2o2a1juq83agq7,1,gallery,false,(image-based block — checked separately via image-binding §5d),block_content_not_found_in_rendered_page (path=n/a)
hotel-page,ws84fujwsrpsm02kw47v9x78,0,rich-text,false,"Our Hotels Agra Golden Tulip, Agra Golden Tulip, Agra Visit ",block_content_not_found_in_rendered_page (path=n/a)
hotel-page,ws84fujwsrpsm02kw47v9x78,1,gallery,false,(image-based block — checked separately via image-binding §5d),block_content_not_found_in_rendered_page (path=n/a)
hotel-page,r4349zenjq9uiupm6zvc5ouh,0,rich-text,false,"Our Hotels Agra Golden Tulip, Agra Golden Tulip, Agra Visit ",block_content_not_found_in_rendered_page (path=n/a)
hotel-page,r4349zenjq9uiupm6zvc5ouh,1,gallery,false,(image-based block — checked separately via image-binding §5d),block_content_not_found_in_rendered_page (path=n/a)
hotel-page,a4eqnaxn69ie6f8v946ymulo,0,rich-text,false,"Our Hotels Agra Golden Tulip, Agra Golden Tulip, Agra Visit ",block_content_not_found_in_rendered_page (path=n/a)
hotel-page,a4eqnaxn69ie6f8v946ymulo,1,gallery,false,(image-based block — checked separately via image-binding §5d),block_content_not_found_in_rendered_page (path=n/a)
hotel-page,r67sypthaieziu1wzoqaxslt,0,rich-text,false,"Our Hotels Agra Golden Tulip, Agra Golden Tulip, Agra Visit ",block_content_not_found_in_rendered_page (path=n/a)
hotel-page,r67sypthaieziu1wzoqaxslt,1,gallery,false,(image-based block — checked separately via image-binding §5d),block_content_not_found_in_rendered_page (path=n/a)
hotel-page,guudpis60u3y4nrnmy4r3vu8,0,rich-text,false,"Our Hotels Agra Golden Tulip, Agra Golden Tulip, Agra Visit ",block_content_not_found_in_rendered_page (path=n/a)
hotel-page,guudpis60u3y4nrnmy4r3vu8,1,gallery,false,(image-based block — checked separately via image-binding §5d),block_content_not_found_in_rendered_page (path=n/a)
hotel-page,duk19y89sjoyacktv9ixlklj,0,rich-text,false,"Our Hotels Agra Golden Tulip, Agra Golden Tulip, Agra Visit ",block_content_not_found_in_rendered_page (path=n/a)
hotel-page,duk19y89sjoyacktv9ixlklj,1,gallery,false,(image-based block — checked separately via image-binding §5d),block_content_not_found_in_rendered_page (path=n/a)
hotel-page,z70uqowjz4zv5hi0cy6patjm,0,rich-text,false,"Our Hotels Agra Golden Tulip, Agra Golden Tulip, Agra Visit ",block_content_not_found_in_rendered_page (path=n/a)
hotel-page,z70uqowjz4zv5hi0cy6patjm,1,gallery,false,(image-based block — checked separately via image-binding §5d),block_content_not_found_in_rendered_page (path=n/a)
hotel-page,bnf97vy99fdf3279oho6sr9y,0,rich-text,false,"Our Hotels Agra Golden Tulip, Agra Golden Tulip, Agra Visit ",block_content_not_found_in_rendered_page (path=n/a)
hotel-page,bnf97vy99fdf3279oho6sr9y,1,gallery,false,(image-based block — checked separately via image-binding §5d),block_content_not_found_in_rendered_page (path=n/a)
hotel-page,d95ymuptof03e9ta0v25f4lt,0,rich-text,false,"Our Hotels Agra Golden Tulip, Agra Golden Tulip, Agra Visit ",block_content_not_found_in_rendered_page (path=n/a)
hotel-page,d95ymuptof03e9ta0v25f4lt,1,gallery,false,(image-based block — checked separately via image-binding §5d),block_content_not_found_in_rendered_page (path=n/a)
hotel-page,pxz8spv2ceh0o9thhn0v01tf,0,rich-text,false,"Our Hotels Agra Golden Tulip, Agra Golden Tulip, Agra Visit ",block_content_not_found_in_rendered_page (path=n/a)
hotel-page,pxz8spv2ceh0o9thhn0v01tf,1,gallery,false,(image-based block — checked separately via image-binding §5d),block_content_not_found_in_rendered_page (path=n/a)
hotel-page,sg0jwjnwcvleyo5hj089q29f,0,rich-text,false,"Our Hotels Agra Golden Tulip, Agra Golden Tulip, Agra Visit ",block_content_not_found_in_rendered_page (path=n/a)
hotel-page,sg0jwjnwcvleyo5hj089q29f,1,gallery,false,(image-based block — checked separately via image-binding §5d),block_content_not_found_in_rendered_page (path=n/a)
hotel-page,vnz8qdgap6nzwoin67ckh1f9,0,rich-text,false,"Our Hotels Agra Golden Tulip, Agra Golden Tulip, Agra Visit ",block_content_not_found_in_rendered_page (path=n/a)
hotel-page,vnz8qdgap6nzwoin67ckh1f9,1,gallery,false,(image-based block — checked separately via image-binding §5d),block_content_not_found_in_rendered_page (path=n/a)
hotel-page,cvfm0ajg8furt5c8qjeg7dk8,0,rich-text,false,"Our Hotels Agra Golden Tulip, Agra Golden Tulip, Agra Visit ",block_content_not_found_in_rendered_page (path=n/a)
hotel-page,cvfm0ajg8furt5c8qjeg7dk8,1,gallery,false,(image-based block — checked separately via image-binding §5d),block_content_not_found_in_rendered_page (path=n/a)
hotel-page,vunfx46f8e2z60e9h7lsq8s9,0,rich-text,false,"Our Hotels Agra Golden Tulip, Agra Golden Tulip, Agra Visit ",block_content_not_found_in_rendered_page (path=n/a)
hotel-page,vunfx46f8e2z60e9h7lsq8s9,1,gallery,false,(image-based block — checked separately via image-binding §5d),block_content_not_found_in_rendered_page (path=n/a)
hotel-page,t5tqjbuavuya2waq9cf05k3x,0,rich-text,false,"Our Hotels Agra Golden Tulip, Agra Golden Tulip, Agra Visit ",block_content_not_found_in_rendered_page (path=n/a)
hotel-page,t5tqjbuavuya2waq9cf05k3x,1,gallery,false,(image-based block — checked separately via image-binding §5d),block_content_not_found_in_rendered_page (path=n/a)
hotel-page,s7ciev7u59ty3s2h5qqvz2oo,0,rich-text,false,"Our Hotels Agra Golden Tulip, Agra Golden Tulip, Agra Visit ",block_content_not_found_in_rendered_page (path=n/a)
hotel-page,s7ciev7u59ty3s2h5qqvz2oo,1,gallery,false,(image-based block — checked separately via image-binding §5d),block_content_not_found_in_rendered_page (path=n/a)
hotel-page,it1cog9yicuxtevjcje6szhp,0,rich-text,false,"Our Hotels Agra Golden Tulip, Agra Golden Tulip, Agra Visit ",block_content_not_found_in_rendered_page (path=n/a)
hotel-page,it1cog9yicuxtevjcje6szhp,1,gallery,false,(image-based block — checked separately via image-binding §5d),block_content_not_found_in_rendered_page (path=n/a)
hotel-page,hyygk2ggwokfv3gmj1hhd3qw,0,rich-text,false,"Our Hotels Agra Golden Tulip, Agra Golden Tulip, Agra Visit ",block_content_not_found_in_rendered_page (path=n/a)
hotel-page,hyygk2ggwokfv3gmj1hhd3qw,1,gallery,false,(image-based block — checked separately via image-binding §5d),block_content_not_found_in_rendered_page (path=n/a)
hotel-page,a68z2edwnz13u3fwp4jpvvmh,0,rich-text,false,"Our Hotels Agra Golden Tulip, Agra Golden Tulip, Agra Visit ",block_content_not_found_in_rendered_page (path=n/a)
hotel-page,a68z2edwnz13u3fwp4jpvvmh,1,gallery,false,(image-based block — checked separately via image-binding §5d),block_content_not_found_in_rendered_page (path=n/a)
hotel-page,mh2369dmnlmyv3kapkswp3f0,0,rich-text,false,"Our Hotels Agra Golden Tulip, Agra Golden Tulip, Agra Visit ",block_content_not_found_in_rendered_page (path=n/a)
hotel-page,mh2369dmnlmyv3kapkswp3f0,1,gallery,false,(image-based block — checked separately via image-binding §5d),block_content_not_found_in_rendered_page (path=n/a)
hotel-page,jrpgywph9v54ea8swa0g1cf0,0,rich-text,false,"Our Hotels Agra Golden Tulip, Agra Golden Tulip, Agra Visit ",block_content_not_found_in_rendered_page (path=n/a)
hotel-page,jrpgywph9v54ea8swa0g1cf0,1,gallery,false,(image-based block — checked separately via image-binding §5d),block_content_not_found_in_rendered_page (path=n/a)
hotel-page,k7lt3o31f5n487yekcd1x7vk,0,rich-text,false,"Our Hotels Agra Golden Tulip, Agra Golden Tulip, Agra Visit ",block_content_not_found_in_rendered_page (path=n/a)
hotel-page,k7lt3o31f5n487yekcd1x7vk,1,gallery,false,(image-based block — checked separately via image-binding §5d),block_content_not_found_in_rendered_page (path=n/a)
hotel-page,j0z64iaw3hh8usbkf6zdix6m,0,rich-text,false,"Our Hotels Agra Golden Tulip, Agra Golden Tulip, Agra Visit ",block_content_not_found_in_rendered_page (path=n/a)
hotel-page,j0z64iaw3hh8usbkf6zdix6m,1,gallery,false,(image-based block — checked separately via image-binding §5d),block_content_not_found_in_rendered_page (path=n/a)
hotel-page,fy3oqim6vzjsvn3eb4na33cj,0,rich-text,false,"Our Hotels Agra Golden Tulip, Agra Golden Tulip, Agra Visit ",block_content_not_found_in_rendered_page (path=n/a)
hotel-page,fy3oqim6vzjsvn3eb4na33cj,1,gallery,false,(image-based block — checked separately via image-binding §5d),block_content_not_found_in_rendered_page (path=n/a)
hotel-page,coqmami0jw6yacuj62agykyo,0,rich-text,false,"Our Hotels Agra Golden Tulip, Agra Golden Tulip, Agra Visit ",block_content_not_found_in_rendered_page (path=n/a)
hotel-page,coqmami0jw6yacuj62agykyo,1,gallery,false,(image-based block — checked separately via image-binding §5d),block_content_not_found_in_rendered_page (path=n/a)
hotel-page,b2f3x0z3i5mxpqvgnfz6avby,0,rich-text,false,"Our Hotels Agra Golden Tulip, Agra Golden Tulip, Agra Visit ",block_content_not_found_in_rendered_page (path=n/a)
hotel-page,b2f3x0z3i5mxpqvgnfz6avby,1,gallery,false,(image-based block — checked separately via image-binding §5d),block_content_not_found_in_rendered_page (path=n/a)
hotel-page,o0igsr3aqpeadpy2nv4suux2,0,rich-text,false,"Our Hotels Agra Golden Tulip, Agra Golden Tulip, Agra Visit ",block_content_not_found_in_rendered_page (path=n/a)
hotel-page,o0igsr3aqpeadpy2nv4suux2,1,gallery,false,(image-based block — checked separately via image-binding §5d),block_content_not_found_in_rendered_page (path=n/a)
hotel-page,doma2odkty3hfbe0xgnwyl30,0,rich-text,false,"Our Hotels Agra Golden Tulip, Agra Golden Tulip, Agra Visit ",block_content_not_found_in_rendered_page (path=n/a)
hotel-page,doma2odkty3hfbe0xgnwyl30,1,gallery,false,(image-based block — checked separately via image-binding §5d),block_content_not_found_in_rendered_page (path=n/a)
hotel-page,q161731nyd1wxrqbbvqqrkgn,0,rich-text,false,"Our Hotels Agra Golden Tulip, Agra Golden Tulip, Agra Visit ",block_content_not_found_in_rendered_page (path=n/a)
hotel-page,q161731nyd1wxrqbbvqqrkgn,1,gallery,false,(image-based block — checked separately via image-binding §5d),block_content_not_found_in_rendered_page (path=n/a)
hotel-page,bplfs9bz57gp3dhnt4ywv9jn,0,rich-text,false,"Our Hotels Agra Golden Tulip, Agra Golden Tulip, Agra Visit ",block_content_not_found_in_rendered_page (path=n/a)
hotel-page,bplfs9bz57gp3dhnt4ywv9jn,1,gallery,false,(image-based block — checked separately via image-binding §5d),block_content_not_found_in_rendered_page (path=n/a)
hotel-page,w5240pqq5jp442itqvtbxwdl,0,rich-text,false,"Our Hotels Agra Golden Tulip, Agra Golden Tulip, Agra Visit ",block_content_not_found_in_rendered_page (path=n/a)
hotel-page,w5240pqq5jp442itqvtbxwdl,1,gallery,false,(image-based block — checked separately via image-binding §5d),block_content_not_found_in_rendered_page (path=n/a)
hotel-page,dmd2ctwtdlzttbgnvjqjifts,0,rich-text,false,"Our Hotels Agra Golden Tulip, Agra Golden Tulip, Agra Visit ",block_content_not_found_in_rendered_page (path=n/a)
hotel-page,dmd2ctwtdlzttbgnvjqjifts,1,gallery,false,(image-based block — checked separately via image-binding §5d),block_content_not_found_in_rendered_page (path=n/a)
hotel-page,i4t7p4cjrc85bjj72fs4oegg,0,rich-text,false,"Our Hotels Agra Golden Tulip, Agra Golden Tulip, Agra Visit ",block_content_not_found_in_rendered_page (path=n/a)
hotel-page,i4t7p4cjrc85bjj72fs4oegg,1,gallery,false,(image-based block — checked separately via image-binding §5d),block_content_not_found_in_rendered_page (path=n/a)
hotel-page,p66hzzemfk9vg3xjh6buzi6n,0,rich-text,false,"Our Hotels Agra Golden Tulip, Agra Golden Tulip, Agra Visit ",block_content_not_found_in_rendered_page (path=n/a)
hotel-page,p66hzzemfk9vg3xjh6buzi6n,1,gallery,false,(image-based block — checked separately via image-binding §5d),block_content_not_found_in_rendered_page (path=n/a)
hotel-page,umxyz7ww6lwto8ku0awzdd0q,0,rich-text,false,"Our Hotels Agra Golden Tulip, Agra Golden Tulip, Agra Visit ",block_content_not_found_in_rendered_page (path=n/a)
hotel-page,umxyz7ww6lwto8ku0awzdd0q,1,gallery,false,(image-based block — checked separately via image-binding §5d),block_content_not_found_in_rendered_page (path=n/a)
hotel-page,i4ie97wy0aqiqsciw4hqq5o5,0,rich-text,false,"Our Hotels Agra Golden Tulip, Agra Golden Tulip, Agra Visit ",block_content_not_found_in_rendered_page (path=n/a)
hotel-page,i4ie97wy0aqiqsciw4hqq5o5,1,gallery,false,(image-based block — checked separately via image-binding §5d),block_content_not_found_in_rendered_page (path=n/a)
hotel-page,vn73lbxipvz364j2oyrlk87q,0,rich-text,false,"Our Hotels Agra Golden Tulip, Agra Golden Tulip, Agra Visit ",block_content_not_found_in_rendered_page (path=n/a)
hotel-page,vn73lbxipvz364j2oyrlk87q,1,gallery,false,(image-based block — checked separately via image-binding §5d),block_content_not_found_in_rendered_page (path=n/a)
hotel-page,lowpuueyufgcdqr6dimtw0uj,0,rich-text,false,"Our Hotels Agra Golden Tulip, Agra Golden Tulip, Agra Visit ",block_content_not_found_in_rendered_page (path=n/a)
hotel-page,lowpuueyufgcdqr6dimtw0uj,1,gallery,false,(image-based block — checked separately via image-binding §5d),block_content_not_found_in_rendered_page (path=n/a)
hotel-page,tfk4x2cn0awgf155qizua428,0,rich-text,false,"Our Hotels Agra Golden Tulip, Agra Golden Tulip, Agra Visit ",block_content_not_found_in_rendered_page (path=n/a)
hotel-page,tfk4x2cn0awgf155qizua428,1,gallery,false,(image-based block — checked separately via image-binding §5d),block_content_not_found_in_rendered_page (path=n/a)
hotel-page,pd840218i4lcftk1eguxb10m,0,rich-text,false,"Our Hotels Agra Golden Tulip, Agra Golden Tulip, Agra Visit ",block_content_not_found_in_rendered_page (path=n/a)
hotel-page,pd840218i4lcftk1eguxb10m,1,gallery,false,(image-based block — checked separately via image-binding §5d),block_content_not_found_in_rendered_page (path=n/a)
hotel-page,yjr9zywpr6gkkj8glw344go2,0,rich-text,false,"Our Hotels Agra Golden Tulip, Agra Golden Tulip, Agra Visit ",block_content_not_found_in_rendered_page (path=n/a)
hotel-page,yjr9zywpr6gkkj8glw344go2,1,gallery,false,(image-based block — checked separately via image-binding §5d),block_content_not_found_in_rendered_page (path=n/a)
hotel-page,jyn511lrr50ewa8gdx9j48gh,0,rich-text,false,"Our Hotels Agra Golden Tulip, Agra Golden Tulip, Agra Visit ",block_content_not_found_in_rendered_page (path=n/a)
hotel-page,jyn511lrr50ewa8gdx9j48gh,1,gallery,false,(image-based block — checked separately via image-binding §5d),block_content_not_found_in_rendered_page (path=n/a)
hotel-page,gjgcmkxfrus79msi56mkmqn3,0,rich-text,false,"Our Hotels Agra Golden Tulip, Agra Golden Tulip, Agra Visit ",block_content_not_found_in_rendered_page (path=n/a)
hotel-page,gjgcmkxfrus79msi56mkmqn3,1,gallery,false,(image-based block — checked separately via image-binding §5d),block_content_not_found_in_rendered_page (path=n/a)
hotel-page,qognw8hovyqz4c6vydvef9fd,0,rich-text,false,"Our Hotels Agra Golden Tulip, Agra Golden Tulip, Agra Visit ",block_content_not_found_in_rendered_page (path=n/a)
hotel-page,qognw8hovyqz4c6vydvef9fd,1,gallery,false,(image-based block — checked separately via image-binding §5d),block_content_not_found_in_rendered_page (path=n/a)
hotel-page,rjyka79j3jo2w0n5b6xytryh,0,rich-text,false,"Our Hotels Agra Golden Tulip, Agra Golden Tulip, Agra Visit ",block_content_not_found_in_rendered_page (path=n/a)
hotel-page,rjyka79j3jo2w0n5b6xytryh,1,gallery,false,(image-based block — checked separately via image-binding §5d),block_content_not_found_in_rendered_page (path=n/a)
hotel-page,cfmkdvmtrpon5fhv81l1somn,0,rich-text,false,"Our Hotels Agra Golden Tulip, Agra Golden Tulip, Agra Visit ",block_content_not_found_in_rendered_page (path=n/a)
hotel-page,cfmkdvmtrpon5fhv81l1somn,1,gallery,false,(image-based block — checked separately via image-binding §5d),block_content_not_found_in_rendered_page (path=n/a)
hotel-page,z5yer5bei5dus0m97nyo8moe,0,rich-text,false,"Our Hotels Agra Golden Tulip, Agra Golden Tulip, Agra Visit ",block_content_not_found_in_rendered_page (path=n/a)
hotel-page,z5yer5bei5dus0m97nyo8moe,1,gallery,false,(image-based block — checked separately via image-binding §5d),block_content_not_found_in_rendered_page (path=n/a)
hotel-page,uxjbcgat52d7slas0ppevf3h,0,rich-text,false,"Our Hotels Agra Golden Tulip, Agra Golden Tulip, Agra Visit ",block_content_not_found_in_rendered_page (path=n/a)
hotel-page,uxjbcgat52d7slas0ppevf3h,1,gallery,false,(image-based block — checked separately via image-binding §5d),block_content_not_found_in_rendered_page (path=n/a)
hotel-page,i39m7pdutd91allqsda0gh9o,0,rich-text,false,"Our Hotels Agra Golden Tulip, Agra Golden Tulip, Agra Visit ",block_content_not_found_in_rendered_page (path=n/a)
hotel-page,i39m7pdutd91allqsda0gh9o,1,gallery,false,(image-based block — checked separately via image-binding §5d),block_content_not_found_in_rendered_page (path=n/a)
hotel-page,b1m6ph33m5uafjimgl100rf7,0,rich-text,false,"Our Hotels Agra Golden Tulip, Agra Golden Tulip, Agra Visit ",block_content_not_found_in_rendered_page (path=n/a)
hotel-page,b1m6ph33m5uafjimgl100rf7,1,gallery,false,(image-based block — checked separately via image-binding §5d),block_content_not_found_in_rendered_page (path=n/a)
hotel-page,qz35eosn9b09rsmechcr4289,0,rich-text,false,"Our Hotels Agra Golden Tulip, Agra Golden Tulip, Agra Visit ",block_content_not_found_in_rendered_page (path=n/a)
hotel-page,qz35eosn9b09rsmechcr4289,1,gallery,false,(image-based block — checked separately via image-binding §5d),block_content_not_found_in_rendered_page (path=n/a)
hotel-page,z7pbfc0zdg69ijtfkdz4kscr,0,rich-text,false,"Our Hotels Agra Golden Tulip, Agra Golden Tulip, Agra Visit ",block_content_not_found_in_rendered_page (path=n/a)
hotel-page,z7pbfc0zdg69ijtfkdz4kscr,1,gallery,false,(image-based block — checked separately via image-binding §5d),block_content_not_found_in_rendered_page (path=n/a)
hotel-page,n8l33k2bg84kkdt464f991pb,0,rich-text,false,"Our Hotels Agra Golden Tulip, Agra Golden Tulip, Agra Visit ",block_content_not_found_in_rendered_page (path=n/a)
hotel-page,n8l33k2bg84kkdt464f991pb,1,gallery,false,(image-based block — checked separately via image-binding §5d),block_content_not_found_in_rendered_page (path=n/a)
hotel-page,a8h5gxz46ujj242xmlnsy8ia,0,rich-text,false,"Our Hotels Agra Golden Tulip, Agra Golden Tulip, Agra Visit ",block_content_not_found_in_rendered_page (path=n/a)
hotel-page,a8h5gxz46ujj242xmlnsy8ia,1,gallery,false,(image-based block — checked separately via image-binding §5d),block_content_not_found_in_rendered_page (path=n/a)
hotel-page,mwf047l5idkjilcso8q1xjy9,0,rich-text,false,"Our Hotels Agra Golden Tulip, Agra Golden Tulip, Agra Visit ",block_content_not_found_in_rendered_page (path=n/a)
hotel-page,mwf047l5idkjilcso8q1xjy9,1,gallery,false,(image-based block — checked separately via image-binding §5d),block_content_not_found_in_rendered_page (path=n/a)
hotel-page,rvdghbgvbc5npednrq08aupe,0,rich-text,false,"Our Hotels Agra Golden Tulip, Agra Golden Tulip, Agra Visit ",block_content_not_found_in_rendered_page (path=n/a)
hotel-page,rvdghbgvbc5npednrq08aupe,1,gallery,false,(image-based block — checked separately via image-binding §5d),block_content_not_found_in_rendered_page (path=n/a)
hotel-page,cuhrht8v65i8uj6x2ppgvd8x,0,rich-text,false,"Our Hotels Agra Golden Tulip, Agra Golden Tulip, Agra Visit ",block_content_not_found_in_rendered_page (path=n/a)
hotel-page,cuhrht8v65i8uj6x2ppgvd8x,1,gallery,false,(image-based block — checked separately via image-binding §5d),block_content_not_found_in_rendered_page (path=n/a)
hotel-page,mbnzb2ykm9uw5d6k7rlt47i1,0,rich-text,false,"Our Hotels Agra Golden Tulip, Agra Golden Tulip, Agra Visit ",block_content_not_found_in_rendered_page (path=n/a)
hotel-page,mbnzb2ykm9uw5d6k7rlt47i1,1,gallery,false,(image-based block — checked separately via image-binding §5d),block_content_not_found_in_rendered_page (path=n/a)
hotel-page,dbnqh3w6q7j5n4hdal6y1ny0,0,rich-text,false,"Our Hotels Agra Golden Tulip, Agra Golden Tulip, Agra Visit ",block_content_not_found_in_rendered_page (path=n/a)
hotel-page,dbnqh3w6q7j5n4hdal6y1ny0,1,gallery,false,(image-based block — checked separately via image-binding §5d),block_content_not_found_in_rendered_page (path=n/a)
hotel-page,f76xspm5t6bxbg5wllw02y7n,0,rich-text,false,"Our Hotels Agra Golden Tulip, Agra Golden Tulip, Agra Visit ",block_content_not_found_in_rendered_page (path=n/a)
hotel-page,f76xspm5t6bxbg5wllw02y7n,1,gallery,false,(image-based block — checked separately via image-binding §5d),block_content_not_found_in_rendered_page (path=n/a)
hotel-page,up1p4xg9f75c0icnlmj26ccv,0,rich-text,false,"Our Hotels Agra Golden Tulip, Agra Golden Tulip, Agra Visit ",block_content_not_found_in_rendered_page (path=n/a)
hotel-page,up1p4xg9f75c0icnlmj26ccv,1,gallery,false,(image-based block — checked separately via image-binding §5d),block_content_not_found_in_rendered_page (path=n/a)
hotel-page,uds47yqh8xjif3s8lt2p9mdx,0,rich-text,false,"Our Hotels Agra Golden Tulip, Agra Golden Tulip, Agra Visit ",block_content_not_found_in_rendered_page (path=n/a)
hotel-page,uds47yqh8xjif3s8lt2p9mdx,1,gallery,false,(image-based block — checked separately via image-binding §5d),block_content_not_found_in_rendered_page (path=n/a)
hotel-page,cbuwnbede9mawtlfomvelxeo,0,rich-text,false,"Our Hotels Agra Golden Tulip, Agra Golden Tulip, Agra Visit ",block_content_not_found_in_rendered_page (path=n/a)
hotel-page,cbuwnbede9mawtlfomvelxeo,1,gallery,false,(image-based block — checked separately via image-binding §5d),block_content_not_found_in_rendered_page (path=n/a)
hotel-page,tfvrgcbwplkv70lac2lefzqo,0,rich-text,false,"Our Hotels Agra Golden Tulip, Agra Golden Tulip, Agra Visit ",block_content_not_found_in_rendered_page (path=n/a)
hotel-page,tfvrgcbwplkv70lac2lefzqo,1,gallery,false,(image-based block — checked separately via image-binding §5d),block_content_not_found_in_rendered_page (path=n/a)
hotel-page,vgt3nakx8ncvw8j3to8i89au,0,rich-text,false,"Our Hotels Agra Golden Tulip, Agra Golden Tulip, Agra Visit ",block_content_not_found_in_rendered_page (path=n/a)
hotel-page,vgt3nakx8ncvw8j3to8i89au,1,gallery,false,(image-based block — checked separately via image-binding §5d),block_content_not_found_in_rendered_page (path=n/a)
hotel-page,k2p86do6nz9x1fzpj99bz8ml,0,rich-text,false,"Our Hotels Agra Golden Tulip, Agra Golden Tulip, Agra Visit ",block_content_not_found_in_rendered_page (path=n/a)
hotel-page,k2p86do6nz9x1fzpj99bz8ml,1,gallery,false,(image-based block — checked separately via image-binding §5d),block_content_not_found_in_rendered_page (path=n/a)
hotel-page,b8a4j96vmbzth3bcsj2husdm,0,rich-text,false,"Our Hotels Agra Golden Tulip, Agra Golden Tulip, Agra Visit ",block_content_not_found_in_rendered_page (path=n/a)
hotel-page,b8a4j96vmbzth3bcsj2husdm,1,gallery,false,(image-based block — checked separately via image-binding §5d),block_content_not_found_in_rendered_page (path=n/a)
hotel-page,cs23lt673v2dfpo30j03089b,0,rich-text,false,"Our Hotels Agra Golden Tulip, Agra Golden Tulip, Agra Visit ",block_content_not_found_in_rendered_page (path=n/a)
hotel-page,cs23lt673v2dfpo30j03089b,1,gallery,false,(image-based block — checked separately via image-binding §5d),block_content_not_found_in_rendered_page (path=n/a)
hotel-page,sdtd1s9bqxlcrx2djad7dfm3,0,rich-text,false,"Our Hotels Agra Golden Tulip, Agra Golden Tulip, Agra Visit ",block_content_not_found_in_rendered_page (path=n/a)
hotel-page,sdtd1s9bqxlcrx2djad7dfm3,1,gallery,false,(image-based block — checked separately via image-binding §5d),block_content_not_found_in_rendered_page (path=n/a)
hotel-page,xth5s4ewi2cr2fb9o22q7qex,0,rich-text,false,"Our Hotels Agra Golden Tulip, Agra Golden Tulip, Agra Visit ",block_content_not_found_in_rendered_page (path=n/a)
hotel-page,xth5s4ewi2cr2fb9o22q7qex,1,gallery,false,(image-based block — checked separately via image-binding §5d),block_content_not_found_in_rendered_page (path=n/a)
hotel-page,dfapz0975mesa0vtizzqmti4,0,rich-text,false,"Our Hotels Agra Golden Tulip, Agra Golden Tulip, Agra Visit ",block_content_not_found_in_rendered_page (path=n/a)
hotel-page,dfapz0975mesa0vtizzqmti4,1,gallery,false,(image-based block — checked separately via image-binding §5d),block_content_not_found_in_rendered_page (path=n/a)
hotel-page,i80c5230p8ufs91208ycl1vq,0,rich-text,false,"Our Hotels Agra Golden Tulip, Agra Golden Tulip, Agra Visit ",block_content_not_found_in_rendered_page (path=n/a)
hotel-page,i80c5230p8ufs91208ycl1vq,1,gallery,false,(image-based block — checked separately via image-binding §5d),block_content_not_found_in_rendered_page (path=n/a)
hotel-page,p0zkfnbk1n5b9vl7266ac24v,0,rich-text,false,"Our Hotels Agra Golden Tulip, Agra Golden Tulip, Agra Visit ",block_content_not_found_in_rendered_page (path=n/a)
hotel-page,p0zkfnbk1n5b9vl7266ac24v,1,gallery,false,(image-based block — checked separately via image-binding §5d),block_content_not_found_in_rendered_page (path=n/a)
hotel-page,aj1mz4mxu1juaq8zbr37esij,0,rich-text,false,"Our Hotels Agra Golden Tulip, Agra Golden Tulip, Agra Visit ",block_content_not_found_in_rendered_page (path=n/a)
hotel-page,aj1mz4mxu1juaq8zbr37esij,1,gallery,false,(image-based block — checked separately via image-binding §5d),block_content_not_found_in_rendered_page (path=n/a)
hotel-page,ffplzgu3fhhwzdzat7w841d1,0,rich-text,false,"Our Hotels Agra Golden Tulip, Agra Golden Tulip, Agra Visit ",block_content_not_found_in_rendered_page (path=n/a)
hotel-page,ffplzgu3fhhwzdzat7w841d1,1,gallery,false,(image-based block — checked separately via image-binding §5d),block_content_not_found_in_rendered_page (path=n/a)
hotel-page,fkqqtv8i2u71liydh2otfpl2,0,rich-text,false,"Our Hotels Agra Golden Tulip, Agra Golden Tulip, Agra Visit ",block_content_not_found_in_rendered_page (path=n/a)
hotel-page,fkqqtv8i2u71liydh2otfpl2,1,gallery,false,(image-based block — checked separately via image-binding §5d),block_content_not_found_in_rendered_page (path=n/a)
hotel-page,cjmpcsu3lsru8tp652t3ee61,0,rich-text,false,"Our Hotels Agra Golden Tulip, Agra Golden Tulip, Agra Visit ",block_content_not_found_in_rendered_page (path=n/a)
hotel-page,cjmpcsu3lsru8tp652t3ee61,1,gallery,false,(image-based block — checked separately via image-binding §5d),block_content_not_found_in_rendered_page (path=n/a)
hotel-page,wfjp73trgdu2o7cxu4lojpcc,0,rich-text,false,"Our Hotels Agra Golden Tulip, Agra Golden Tulip, Agra Visit ",block_content_not_found_in_rendered_page (path=n/a)
hotel-page,wfjp73trgdu2o7cxu4lojpcc,1,gallery,false,(image-based block — checked separately via image-binding §5d),block_content_not_found_in_rendered_page (path=n/a)
hotel-page,oshy97rl1g2xbnsj80t1fot1,0,rich-text,false,"Our Hotels Agra Golden Tulip, Agra Golden Tulip, Agra Visit ",block_content_not_found_in_rendered_page (path=n/a)
hotel-page,oshy97rl1g2xbnsj80t1fot1,1,gallery,false,(image-based block — checked separately via image-binding §5d),block_content_not_found_in_rendered_page (path=n/a)
hotel-page,sul8td9z8ayy7bjappntambs,0,rich-text,false,"Our Hotels Agra Golden Tulip, Agra Golden Tulip, Agra Visit ",block_content_not_found_in_rendered_page (path=n/a)
hotel-page,sul8td9z8ayy7bjappntambs,1,gallery,false,(image-based block — checked separately via image-binding §5d),block_content_not_found_in_rendered_page (path=n/a)
hotel-page,wea0w6yvrgu38vfrilr5wlqt,0,rich-text,false,"Our Hotels Agra Golden Tulip, Agra Golden Tulip, Agra Visit ",block_content_not_found_in_rendered_page (path=n/a)
hotel-page,wea0w6yvrgu38vfrilr5wlqt,1,gallery,false,(image-based block — checked separately via image-binding §5d),block_content_not_found_in_rendered_page (path=n/a)
hotel-page,c68ya9rjrvl6sh9gbcw6l80n,0,rich-text,false,"Our Hotels Agra Golden Tulip, Agra Golden Tulip, Agra Visit ",block_content_not_found_in_rendered_page (path=n/a)
hotel-page,c68ya9rjrvl6sh9gbcw6l80n,1,gallery,false,(image-based block — checked separately via image-binding §5d),block_content_not_found_in_rendered_page (path=n/a)
hotel-page,pycg7j23xetst4nebe36bo98,0,rich-text,false,"Our Hotels Agra Golden Tulip, Agra Golden Tulip, Agra Visit ",block_content_not_found_in_rendered_page (path=n/a)
hotel-page,pycg7j23xetst4nebe36bo98,1,gallery,false,(image-based block — checked separately via image-binding §5d),block_content_not_found_in_rendered_page (path=n/a)
hotel-page,a8ixs11uj18d3446y20xssk5,0,rich-text,false,"Our Hotels Agra Golden Tulip, Agra Golden Tulip, Agra Visit ",block_content_not_found_in_rendered_page (path=n/a)
hotel-page,a8ixs11uj18d3446y20xssk5,1,gallery,false,(image-based block — checked separately via image-binding §5d),block_content_not_found_in_rendered_page (path=n/a)
hotel-page,p9i86v4b9vhywx6xi946tz27,0,rich-text,false,"Our Hotels Agra Golden Tulip, Agra Golden Tulip, Agra Visit ",block_content_not_found_in_rendered_page (path=n/a)
hotel-page,p9i86v4b9vhywx6xi946tz27,1,gallery,false,(image-based block — checked separately via image-binding §5d),block_content_not_found_in_rendered_page (path=n/a)
hotel-page,c4i6c4wrhdy82dh65h88axh3,0,rich-text,false,"Our Hotels Agra Golden Tulip, Agra Golden Tulip, Agra Visit ",block_content_not_found_in_rendered_page (path=n/a)
hotel-page,c4i6c4wrhdy82dh65h88axh3,1,gallery,false,(image-based block — checked separately via image-binding §5d),block_content_not_found_in_rendered_page (path=n/a)
hotel-page,cs6pazyn089xpbawnl488b8b,0,rich-text,false,"Our Hotels Agra Golden Tulip, Agra Golden Tulip, Agra Visit ",block_content_not_found_in_rendered_page (path=n/a)
hotel-page,cs6pazyn089xpbawnl488b8b,1,gallery,false,(image-based block — checked separately via image-binding §5d),block_content_not_found_in_rendered_page (path=n/a)
hotel-page,emogy7fq7wlgitdjefqj33cv,0,rich-text,false,"Our Hotels Agra Golden Tulip, Agra Golden Tulip, Agra Visit ",block_content_not_found_in_rendered_page (path=n/a)
hotel-page,emogy7fq7wlgitdjefqj33cv,1,gallery,false,(image-based block — checked separately via image-binding §5d),block_content_not_found_in_rendered_page (path=n/a)
hotel-page,leijs521whqzcbni0zngkm82,0,rich-text,false,"Our Hotels Agra Golden Tulip, Agra Golden Tulip, Agra Visit ",block_content_not_found_in_rendered_page (path=n/a)
hotel-page,leijs521whqzcbni0zngkm82,1,gallery,false,(image-based block — checked separately via image-binding §5d),block_content_not_found_in_rendered_page (path=n/a)
hotel-page,x4oy03engkpifta7ofsnekyc,0,rich-text,false,"Our Hotels Agra Golden Tulip, Agra Golden Tulip, Agra Visit ",block_content_not_found_in_rendered_page (path=n/a)
hotel-page,x4oy03engkpifta7ofsnekyc,1,gallery,false,(image-based block — checked separately via image-binding §5d),block_content_not_found_in_rendered_page (path=n/a)
hotel-page,lhjpmbrq4ospkovzk3tgedf6,0,rich-text,false,"Our Hotels Agra Golden Tulip, Agra Golden Tulip, Agra Visit ",block_content_not_found_in_rendered_page (path=n/a)
hotel-page,lhjpmbrq4ospkovzk3tgedf6,1,gallery,false,(image-based block — checked separately via image-binding §5d),block_content_not_found_in_rendered_page (path=n/a)
hotel-page,a8l44nwiuq06v7hp2xbsc2hh,0,rich-text,false,"Our Hotels Agra Golden Tulip, Agra Golden Tulip, Agra Visit ",block_content_not_found_in_rendered_page (path=n/a)
hotel-page,a8l44nwiuq06v7hp2xbsc2hh,1,gallery,false,(image-based block — checked separately via image-binding §5d),block_content_not_found_in_rendered_page (path=n/a)
hotel-page,xum50ieytxy9qksvvs09uj5t,0,rich-text,false,"Our Hotels Agra Golden Tulip, Agra Golden Tulip, Agra Visit ",block_content_not_found_in_rendered_page (path=n/a)
hotel-page,xum50ieytxy9qksvvs09uj5t,1,gallery,false,(image-based block — checked separately via image-binding §5d),block_content_not_found_in_rendered_page (path=n/a)
hotel-page,et3rm0stk4mpjvb76wgzuk4i,0,rich-text,false,"Our Hotels Agra Golden Tulip, Agra Golden Tulip, Agra Visit ",block_content_not_found_in_rendered_page (path=n/a)
hotel-page,et3rm0stk4mpjvb76wgzuk4i,1,gallery,false,(image-based block — checked separately via image-binding §5d),block_content_not_found_in_rendered_page (path=n/a)
hotel-page,e69rkx8py4mcn8bl20nqhy2u,0,rich-text,false,"Our Hotels Agra Golden Tulip, Agra Golden Tulip, Agra Visit ",block_content_not_found_in_rendered_page (path=n/a)
hotel-page,e69rkx8py4mcn8bl20nqhy2u,1,gallery,false,(image-based block — checked separately via image-binding §5d),block_content_not_found_in_rendered_page (path=n/a)
hotel-page,unmhq2al8qk2o61w32y8wqhu,0,rich-text,false,"Our Hotels Agra Golden Tulip, Agra Golden Tulip, Agra Visit ",block_content_not_found_in_rendered_page (path=n/a)
hotel-page,unmhq2al8qk2o61w32y8wqhu,1,gallery,false,(image-based block — checked separately via image-binding §5d),block_content_not_found_in_rendered_page (path=n/a)
hotel-page,wbh5o11ndf80217llyitffal,0,rich-text,false,"Our Hotels Agra Golden Tulip, Agra Golden Tulip, Agra Visit ",block_content_not_found_in_rendered_page (path=n/a)
hotel-page,wbh5o11ndf80217llyitffal,1,gallery,false,(image-based block — checked separately via image-binding §5d),block_content_not_found_in_rendered_page (path=n/a)
hotel-page,rotivd9sd2spziyxcyrfxd7f,0,rich-text,false,"Our Hotels Agra Golden Tulip, Agra Golden Tulip, Agra Visit ",block_content_not_found_in_rendered_page (path=n/a)
hotel-page,rotivd9sd2spziyxcyrfxd7f,1,gallery,false,(image-based block — checked separately via image-binding §5d),block_content_not_found_in_rendered_page (path=n/a)
hotel-page,ugw7x6e7w6sax2urux76pc9u,0,rich-text,false,"Our Hotels Agra Golden Tulip, Agra Golden Tulip, Agra Visit ",block_content_not_found_in_rendered_page (path=n/a)
hotel-page,ugw7x6e7w6sax2urux76pc9u,1,gallery,false,(image-based block — checked separately via image-binding §5d),block_content_not_found_in_rendered_page (path=n/a)
hotel-page,z3drjhtj2yrsyeak9hkhpl8e,0,rich-text,false,"Our Hotels Agra Golden Tulip, Agra Golden Tulip, Agra Visit ",block_content_not_found_in_rendered_page (path=n/a)
hotel-page,z3drjhtj2yrsyeak9hkhpl8e,1,gallery,false,(image-based block — checked separately via image-binding §5d),block_content_not_found_in_rendered_page (path=n/a)
hotel-page,pocs71t262vbjs8gq9kg8w84,0,rich-text,false,"Our Hotels Agra Golden Tulip, Agra Golden Tulip, Agra Visit ",block_content_not_found_in_rendered_page (path=n/a)
hotel-page,pocs71t262vbjs8gq9kg8w84,1,gallery,false,(image-based block — checked separately via image-binding §5d),block_content_not_found_in_rendered_page (path=n/a)
hotel-page,v8258pgya32pj8f460zek8to,0,rich-text,false,"Our Hotels Agra Golden Tulip, Agra Golden Tulip, Agra Visit ",block_content_not_found_in_rendered_page (path=n/a)
hotel-page,v8258pgya32pj8f460zek8to,1,gallery,false,(image-based block — checked separately via image-binding §5d),block_content_not_found_in_rendered_page (path=n/a)
hotel-page,v9qg29gey98883tvqnvhbaw3,0,rich-text,false,"Our Hotels Agra Golden Tulip, Agra Golden Tulip, Agra Visit ",block_content_not_found_in_rendered_page (path=n/a)
hotel-page,v9qg29gey98883tvqnvhbaw3,1,gallery,false,(image-based block — checked separately via image-binding §5d),block_content_not_found_in_rendered_page (path=n/a)
hotel-page,aukf3dizs2vmg2c3jehj488b,0,rich-text,false,"Our Hotels Agra Golden Tulip, Agra Golden Tulip, Agra Visit ",block_content_not_found_in_rendered_page (path=n/a)
hotel-page,aukf3dizs2vmg2c3jehj488b,1,gallery,false,(image-based block — checked separately via image-binding §5d),block_content_not_found_in_rendered_page (path=n/a)
hotel-page,ojwrg5ltchc54fljc0jynrpm,0,rich-text,false,"Our Hotels Agra Golden Tulip, Agra Golden Tulip, Agra Visit ",block_content_not_found_in_rendered_page (path=n/a)
hotel-page,ojwrg5ltchc54fljc0jynrpm,1,gallery,false,(image-based block — checked separately via image-binding §5d),block_content_not_found_in_rendered_page (path=n/a)
hotel-page,a7i1hg11ska9melgj87c1cmf,0,rich-text,false,"Our Hotels Agra Golden Tulip, Agra Golden Tulip, Agra Visit ",block_content_not_found_in_rendered_page (path=n/a)
hotel-page,a7i1hg11ska9melgj87c1cmf,1,gallery,false,(image-based block — checked separately via image-binding §5d),block_content_not_found_in_rendered_page (path=n/a)
hotel-page,vridhuto1h4xs65ln2pu00xo,0,rich-text,false,"Our Hotels Agra Golden Tulip, Agra Golden Tulip, Agra Visit ",block_content_not_found_in_rendered_page (path=n/a)
hotel-page,vridhuto1h4xs65ln2pu00xo,1,gallery,false,(image-based block — checked separately via image-binding §5d),block_content_not_found_in_rendered_page (path=n/a)
hotel-page,q9y1up9d5qy8sc13o43upiuh,0,rich-text,false,"Our Hotels Agra Golden Tulip, Agra Golden Tulip, Agra Visit ",block_content_not_found_in_rendered_page (path=n/a)
hotel-page,q9y1up9d5qy8sc13o43upiuh,1,gallery,false,(image-based block — checked separately via image-binding §5d),block_content_not_found_in_rendered_page (path=n/a)
hotel-page,ah235fjeaj0s4kj7e79uh95p,0,rich-text,false,"Our Hotels Agra Golden Tulip, Agra Golden Tulip, Agra Visit ",block_content_not_found_in_rendered_page (path=n/a)
hotel-page,ah235fjeaj0s4kj7e79uh95p,1,gallery,false,(image-based block — checked separately via image-binding §5d),block_content_not_found_in_rendered_page (path=n/a)
hotel-page,ur7rexted161d43126bpki25,0,rich-text,false,"Our Hotels Agra Golden Tulip, Agra Golden Tulip, Agra Visit ",block_content_not_found_in_rendered_page (path=n/a)
hotel-page,ur7rexted161d43126bpki25,1,gallery,false,(image-based block — checked separately via image-binding §5d),block_content_not_found_in_rendered_page (path=n/a)
hotel-page,fcxlzyyy0try53iqh6ufhhtb,0,rich-text,false,"Our Hotels Agra Golden Tulip, Agra Golden Tulip, Agra Visit ",block_content_not_found_in_rendered_page (path=n/a)
hotel-page,fcxlzyyy0try53iqh6ufhhtb,1,gallery,false,(image-based block — checked separately via image-binding §5d),block_content_not_found_in_rendered_page (path=n/a)
hotel-page,m5p1h7w1oomesvu0krct8e4w,0,rich-text,false,"Our Hotels Agra Golden Tulip, Agra Golden Tulip, Agra Visit ",block_content_not_found_in_rendered_page (path=n/a)
hotel-page,m5p1h7w1oomesvu0krct8e4w,1,gallery,false,(image-based block — checked separately via image-binding §5d),block_content_not_found_in_rendered_page (path=n/a)
hotel-page,qt4zk6a0d1iyhy7chheltfhk,0,rich-text,false,"Our Hotels Agra Golden Tulip, Agra Golden Tulip, Agra Visit ",block_content_not_found_in_rendered_page (path=n/a)
hotel-page,qt4zk6a0d1iyhy7chheltfhk,1,gallery,false,(image-based block — checked separately via image-binding §5d),block_content_not_found_in_rendered_page (path=n/a)
hotel-page,lzohrupc4c06fjh7s725l94w,0,rich-text,false,"Our Hotels Agra Golden Tulip, Agra Golden Tulip, Agra Visit ",block_content_not_found_in_rendered_page (path=n/a)
hotel-page,lzohrupc4c06fjh7s725l94w,1,gallery,false,(image-based block — checked separately via image-binding §5d),block_content_not_found_in_rendered_page (path=n/a)
hotel-page,otfvnexgjr85ecytb2xs5go7,0,rich-text,false,"Our Hotels Agra Golden Tulip, Agra Golden Tulip, Agra Visit ",block_content_not_found_in_rendered_page (path=n/a)
hotel-page,otfvnexgjr85ecytb2xs5go7,1,gallery,false,(image-based block — checked separately via image-binding §5d),block_content_not_found_in_rendered_page (path=n/a)
hotel-page,luev50qm0203pb0j83jt7xs4,0,rich-text,false,"Our Hotels Agra Golden Tulip, Agra Golden Tulip, Agra Visit ",block_content_not_found_in_rendered_page (path=n/a)
hotel-page,luev50qm0203pb0j83jt7xs4,1,gallery,false,(image-based block — checked separately via image-binding §5d),block_content_not_found_in_rendered_page (path=n/a)
hotel-page,ch1d608gp7xsmzx961mwkzzn,0,rich-text,false,"Our Hotels Agra Golden Tulip, Agra Golden Tulip, Agra Visit ",block_content_not_found_in_rendered_page (path=n/a)
hotel-page,ch1d608gp7xsmzx961mwkzzn,1,gallery,false,(image-based block — checked separately via image-binding §5d),block_content_not_found_in_rendered_page (path=n/a)
hotel-page,b3emffmb0tu7zoirh2mbz6um,0,rich-text,false,"Our Hotels Agra Golden Tulip, Agra Golden Tulip, Agra Visit ",block_content_not_found_in_rendered_page (path=n/a)
hotel-page,b3emffmb0tu7zoirh2mbz6um,1,gallery,false,(image-based block — checked separately via image-binding §5d),block_content_not_found_in_rendered_page (path=n/a)
hotel-page,lyt54i88go46aa9n3cogfwzd,0,rich-text,false,"Our Hotels Agra Golden Tulip, Agra Golden Tulip, Agra Visit ",block_content_not_found_in_rendered_page (path=n/a)
hotel-page,lyt54i88go46aa9n3cogfwzd,1,gallery,false,(image-based block — checked separately via image-binding §5d),block_content_not_found_in_rendered_page (path=n/a)
hotel-page,qf61u4v3g4qcg4dm8sww8rbb,0,rich-text,false,"Our Hotels Agra Golden Tulip, Agra Golden Tulip, Agra Visit ",block_content_not_found_in_rendered_page (path=n/a)
hotel-page,qf61u4v3g4qcg4dm8sww8rbb,1,gallery,false,(image-based block — checked separately via image-binding §5d),block_content_not_found_in_rendered_page (path=n/a)
hotel-page,xq82dbqhvv6qqlwifs89p0xg,0,rich-text,false,"Our Hotels Agra Golden Tulip, Agra Golden Tulip, Agra Visit ",block_content_not_found_in_rendered_page (path=n/a)
hotel-page,xq82dbqhvv6qqlwifs89p0xg,1,gallery,false,(image-based block — checked separately via image-binding §5d),block_content_not_found_in_rendered_page (path=n/a)
hotel-page,f5mztrzzmgt1dv2wzupx7cnv,0,rich-text,false,"Our Hotels Agra Golden Tulip, Agra Golden Tulip, Agra Visit ",block_content_not_found_in_rendered_page (path=n/a)
hotel-page,f5mztrzzmgt1dv2wzupx7cnv,1,gallery,false,(image-based block — checked separately via image-binding §5d),block_content_not_found_in_rendered_page (path=n/a)
hotel-page,fy5vyhym4tk25qug0twyp6z4,0,rich-text,false,"Our Hotels Agra Golden Tulip, Agra Golden Tulip, Agra Visit ",block_content_not_found_in_rendered_page (path=n/a)
hotel-page,fy5vyhym4tk25qug0twyp6z4,1,gallery,false,(image-based block — checked separately via image-binding §5d),block_content_not_found_in_rendered_page (path=n/a)
hotel-page,qotsyh92jcsha8huc112pwye,0,rich-text,false,"Our Hotels Agra Golden Tulip, Agra Golden Tulip, Agra Visit ",block_content_not_found_in_rendered_page (path=n/a)
hotel-page,qotsyh92jcsha8huc112pwye,1,gallery,false,(image-based block — checked separately via image-binding §5d),block_content_not_found_in_rendered_page (path=n/a)
hotel-page,nztb2h89vfrqunqflw1g9r75,0,rich-text,false,"Our Hotels Agra Golden Tulip, Agra Golden Tulip, Agra Visit ",block_content_not_found_in_rendered_page (path=n/a)
hotel-page,nztb2h89vfrqunqflw1g9r75,1,gallery,false,(image-based block — checked separately via image-binding §5d),block_content_not_found_in_rendered_page (path=n/a)
hotel-page,j9474csov4kbngesvs2mx2rj,0,rich-text,false,"Our Hotels Agra Golden Tulip, Agra Golden Tulip, Agra Visit ",block_content_not_found_in_rendered_page (path=n/a)
hotel-page,j9474csov4kbngesvs2mx2rj,1,gallery,false,(image-based block — checked separately via image-binding §5d),block_content_not_found_in_rendered_page (path=n/a)
hotel-page,i28e0q7tilo94p9enr6hld7k,0,rich-text,false,"Our Hotels Agra Golden Tulip, Agra Golden Tulip, Agra Visit ",block_content_not_found_in_rendered_page (path=n/a)
hotel-page,i28e0q7tilo94p9enr6hld7k,1,gallery,false,(image-based block — checked separately via image-binding §5d),block_content_not_found_in_rendered_page (path=n/a)
hotel-page,vqe0zxklxnskyoohcqqcmosv,0,rich-text,false,"Our Hotels Agra Golden Tulip, Agra Golden Tulip, Agra Visit ",block_content_not_found_in_rendered_page (path=n/a)
hotel-page,vqe0zxklxnskyoohcqqcmosv,1,gallery,false,(image-based block — checked separately via image-binding §5d),block_content_not_found_in_rendered_page (path=n/a)
hotel-page,maizs4nj20py6ehek4y2ig7e,0,rich-text,false,"Our Hotels Agra Golden Tulip, Agra Golden Tulip, Agra Visit ",block_content_not_found_in_rendered_page (path=n/a)
hotel-page,maizs4nj20py6ehek4y2ig7e,1,gallery,false,(image-based block — checked separately via image-binding §5d),block_content_not_found_in_rendered_page (path=n/a)
hotel-page,f71n1lc1mv3uvjl897ne3so5,0,rich-text,false,"Our Hotels Agra Golden Tulip, Agra Golden Tulip, Agra Visit ",block_content_not_found_in_rendered_page (path=n/a)
hotel-page,f71n1lc1mv3uvjl897ne3so5,1,gallery,false,(image-based block — checked separately via image-binding §5d),block_content_not_found_in_rendered_page (path=n/a)
hotel-page,r6wum15hva887dztkcn4bj76,0,rich-text,false,"Our Hotels Agra Golden Tulip, Agra Golden Tulip, Agra Visit ",block_content_not_found_in_rendered_page (path=n/a)
hotel-page,r6wum15hva887dztkcn4bj76,1,gallery,false,(image-based block — checked separately via image-binding §5d),block_content_not_found_in_rendered_page (path=n/a)
hotel-page,erh0f5rtjwq7ns6ho2bsh897,0,rich-text,false,"Our Hotels Agra Golden Tulip, Agra Golden Tulip, Agra Visit ",block_content_not_found_in_rendered_page (path=n/a)
hotel-page,erh0f5rtjwq7ns6ho2bsh897,1,gallery,false,(image-based block — checked separately via image-binding §5d),block_content_not_found_in_rendered_page (path=n/a)
hotel-page,b0j7ra80r5hzawa85yx254u4,0,rich-text,false,"Our Hotels Agra Golden Tulip, Agra Golden Tulip, Agra Visit ",block_content_not_found_in_rendered_page (path=n/a)
hotel-page,b0j7ra80r5hzawa85yx254u4,1,gallery,false,(image-based block — checked separately via image-binding §5d),block_content_not_found_in_rendered_page (path=n/a)
hotel-page,k8d5anvxy957boujgkumojrj,0,rich-text,false,"Our Hotels Agra Golden Tulip, Agra Golden Tulip, Agra Visit ",block_content_not_found_in_rendered_page (path=n/a)
hotel-page,k8d5anvxy957boujgkumojrj,1,gallery,false,(image-based block — checked separately via image-binding §5d),block_content_not_found_in_rendered_page (path=n/a)
hotel-page,fu32ydbfvuhqyzem4ry2fu8e,0,rich-text,false,"Our Hotels Agra Golden Tulip, Agra Golden Tulip, Agra Visit ",block_content_not_found_in_rendered_page (path=n/a)
hotel-page,fu32ydbfvuhqyzem4ry2fu8e,1,gallery,false,(image-based block — checked separately via image-binding §5d),block_content_not_found_in_rendered_page (path=n/a)
hotel-page,vs20kbelijqh9w5la18ufher,0,rich-text,false,"Our Hotels Agra Golden Tulip, Agra Golden Tulip, Agra Visit ",block_content_not_found_in_rendered_page (path=n/a)
hotel-page,vs20kbelijqh9w5la18ufher,1,gallery,false,(image-based block — checked separately via image-binding §5d),block_content_not_found_in_rendered_page (path=n/a)
hotel-page,tkcfrvnlnb0nsytr1umzz71p,0,rich-text,false,"Our Hotels Agra Golden Tulip, Agra Golden Tulip, Agra Visit ",block_content_not_found_in_rendered_page (path=n/a)
hotel-page,tkcfrvnlnb0nsytr1umzz71p,1,gallery,false,(image-based block — checked separately via image-binding §5d),block_content_not_found_in_rendered_page (path=n/a)
hotel-page,bi1aadsthabyv8zedk1c4b0h,0,rich-text,false,"Our Hotels Agra Golden Tulip, Agra Golden Tulip, Agra Visit ",block_content_not_found_in_rendered_page (path=n/a)
hotel-page,bi1aadsthabyv8zedk1c4b0h,1,gallery,false,(image-based block — checked separately via image-binding §5d),block_content_not_found_in_rendered_page (path=n/a)
hotel-page,nzm3eg7hqhp8l05zcrqq3gth,0,rich-text,false,"Our Hotels Agra Golden Tulip, Agra Golden Tulip, Agra Visit ",block_content_not_found_in_rendered_page (path=n/a)
hotel-page,nzm3eg7hqhp8l05zcrqq3gth,1,gallery,false,(image-based block — checked separately via image-binding §5d),block_content_not_found_in_rendered_page (path=n/a)
hotel-page,hfo57vtph9mymjk320dgnw3w,0,rich-text,false,"Our Hotels Agra Golden Tulip, Agra Golden Tulip, Agra Visit ",block_content_not_found_in_rendered_page (path=n/a)
hotel-page,hfo57vtph9mymjk320dgnw3w,1,gallery,false,(image-based block — checked separately via image-binding §5d),block_content_not_found_in_rendered_page (path=n/a)
hotel-page,prxa8ofdjynb3rrmtdo0wwun,0,rich-text,false,"Our Hotels Agra Golden Tulip, Agra Golden Tulip, Agra Visit ",block_content_not_found_in_rendered_page (path=n/a)
hotel-page,prxa8ofdjynb3rrmtdo0wwun,1,gallery,false,(image-based block — checked separately via image-binding §5d),block_content_not_found_in_rendered_page (path=n/a)
hotel-page,ukua7ov4vtlrmtc1mdwpwru5,0,rich-text,false,"Our Hotels Agra Golden Tulip, Agra Golden Tulip, Agra Visit ",block_content_not_found_in_rendered_page (path=n/a)
hotel-page,ukua7ov4vtlrmtc1mdwpwru5,1,gallery,false,(image-based block — checked separately via image-binding §5d),block_content_not_found_in_rendered_page (path=n/a)
hotel-page,ju41hn8l64q4m0fvi3tng6no,0,rich-text,false,"Our Hotels Agra Golden Tulip, Agra Golden Tulip, Agra Visit ",block_content_not_found_in_rendered_page (path=n/a)
hotel-page,ju41hn8l64q4m0fvi3tng6no,1,gallery,false,(image-based block — checked separately via image-binding §5d),block_content_not_found_in_rendered_page (path=n/a)
hotel-page,sr262dk5n26mubcje9vo6844,0,rich-text,false,"Our Hotels Agra Golden Tulip, Agra Golden Tulip, Agra Visit ",block_content_not_found_in_rendered_page (path=n/a)
hotel-page,sr262dk5n26mubcje9vo6844,1,gallery,false,(image-based block — checked separately via image-binding §5d),block_content_not_found_in_rendered_page (path=n/a)
hotel-page,rhem1hot7v9kmmn7iyvv897v,0,rich-text,false,"Our Hotels Agra Golden Tulip, Agra Golden Tulip, Agra Visit ",block_content_not_found_in_rendered_page (path=n/a)
hotel-page,rhem1hot7v9kmmn7iyvv897v,1,gallery,false,(image-based block — checked separately via image-binding §5d),block_content_not_found_in_rendered_page (path=n/a)
hotel-page,yhtdf2de25erzuwhr0pnshxe,0,rich-text,false,"Our Hotels Agra Golden Tulip, Agra Golden Tulip, Agra Visit ",block_content_not_found_in_rendered_page (path=n/a)
hotel-page,yhtdf2de25erzuwhr0pnshxe,1,gallery,false,(image-based block — checked separately via image-binding §5d),block_content_not_found_in_rendered_page (path=n/a)
hotel-page,kao9y2wni9la6n46ehmhnk01,0,rich-text,false,"Our Hotels Agra Golden Tulip, Agra Golden Tulip, Agra Visit ",block_content_not_found_in_rendered_page (path=n/a)
hotel-page,kao9y2wni9la6n46ehmhnk01,1,gallery,false,(image-based block — checked separately via image-binding §5d),block_content_not_found_in_rendered_page (path=n/a)
hotel-page,v6jxxfuzvo46hclstil8kn31,0,rich-text,false,"Our Hotels Agra Golden Tulip, Agra Golden Tulip, Agra Visit ",block_content_not_found_in_rendered_page (path=n/a)
hotel-page,v6jxxfuzvo46hclstil8kn31,1,gallery,false,(image-based block — checked separately via image-binding §5d),block_content_not_found_in_rendered_page (path=n/a)
hotel-page,bqrykxdqiv88iefqgt81wi2c,0,rich-text,false,"Our Hotels Agra Golden Tulip, Agra Golden Tulip, Agra Visit ",block_content_not_found_in_rendered_page (path=n/a)
hotel-page,bqrykxdqiv88iefqgt81wi2c,1,gallery,false,(image-based block — checked separately via image-binding §5d),block_content_not_found_in_rendered_page (path=n/a)
hotel-page,tkfokhxzjshhely5q3qiwc4s,0,rich-text,false,"Our Hotels Agra Golden Tulip, Agra Golden Tulip, Agra Visit ",block_content_not_found_in_rendered_page (path=n/a)
hotel-page,tkfokhxzjshhely5q3qiwc4s,1,gallery,false,(image-based block — checked separately via image-binding §5d),block_content_not_found_in_rendered_page (path=n/a)
hotel-page,i46ouzv1ppleko803dfarmzy,0,rich-text,false,"Our Hotels Agra Golden Tulip, Agra Golden Tulip, Agra Visit ",block_content_not_found_in_rendered_page (path=n/a)
hotel-page,i46ouzv1ppleko803dfarmzy,1,gallery,false,(image-based block — checked separately via image-binding §5d),block_content_not_found_in_rendered_page (path=n/a)
hotel-page,wl4flq13q0kstotms13c2ahc,0,rich-text,false,"Our Hotels Agra Golden Tulip, Agra Golden Tulip, Agra Visit ",block_content_not_found_in_rendered_page (path=n/a)
hotel-page,wl4flq13q0kstotms13c2ahc,1,gallery,false,(image-based block — checked separately via image-binding §5d),block_content_not_found_in_rendered_page (path=n/a)
hotel-page,lvewxd0zgukrnbdjwrire5bl,0,rich-text,false,"Our Hotels Agra Golden Tulip, Agra Golden Tulip, Agra Visit ",block_content_not_found_in_rendered_page (path=n/a)
hotel-page,lvewxd0zgukrnbdjwrire5bl,1,gallery,false,(image-based block — checked separately via image-binding §5d),block_content_not_found_in_rendered_page (path=n/a)
hotel-page,xky24xmwfne8sh2181pzzodr,0,rich-text,false,"Our Hotels Agra Golden Tulip, Agra Golden Tulip, Agra Visit ",block_content_not_found_in_rendered_page (path=n/a)
hotel-page,xky24xmwfne8sh2181pzzodr,1,gallery,false,(image-based block — checked separately via image-binding §5d),block_content_not_found_in_rendered_page (path=n/a)
hotel-page,v0auhgdls216iicbsgbemu7g,0,rich-text,false,"Our Hotels Agra Golden Tulip, Agra Golden Tulip, Agra Visit ",block_content_not_found_in_rendered_page (path=n/a)
hotel-page,v0auhgdls216iicbsgbemu7g,1,gallery,false,(image-based block — checked separately via image-binding §5d),block_content_not_found_in_rendered_page (path=n/a)
hotel-page,vktap15tjrlgrbpmjvjnw5zv,0,rich-text,false,"Our Hotels Agra Golden Tulip, Agra Golden Tulip, Agra Visit ",block_content_not_found_in_rendered_page (path=n/a)
hotel-page,vktap15tjrlgrbpmjvjnw5zv,1,gallery,false,(image-based block — checked separately via image-binding §5d),block_content_not_found_in_rendered_page (path=n/a)
hotel-page,s3hr5jk7ypwvjyp6erdw51c1,0,rich-text,false,"Our Hotels Agra Golden Tulip, Agra Golden Tulip, Agra Visit ",block_content_not_found_in_rendered_page (path=n/a)
hotel-page,s3hr5jk7ypwvjyp6erdw51c1,1,gallery,false,(image-based block — checked separately via image-binding §5d),block_content_not_found_in_rendered_page (path=n/a)
hotel-page,zvbjxlsldhwx2sb6riccrm4x,0,rich-text,false,"Our Hotels Agra Golden Tulip, Agra Golden Tulip, Agra Visit ",block_content_not_found_in_rendered_page (path=n/a)
hotel-page,zvbjxlsldhwx2sb6riccrm4x,1,gallery,false,(image-based block — checked separately via image-binding §5d),block_content_not_found_in_rendered_page (path=n/a)
hotel-page,s55ubrdnxg7llis9bhqmyfbp,0,rich-text,false,"Our Hotels Agra Golden Tulip, Agra Golden Tulip, Agra Visit ",block_content_not_found_in_rendered_page (path=n/a)
hotel-page,s55ubrdnxg7llis9bhqmyfbp,1,gallery,false,(image-based block — checked separately via image-binding §5d),block_content_not_found_in_rendered_page (path=n/a)
hotel-page,dsmvhkbfclh0or3t0kkzxwrh,0,rich-text,false,"Our Hotels Agra Golden Tulip, Agra Golden Tulip, Agra Visit ",block_content_not_found_in_rendered_page (path=n/a)
hotel-page,dsmvhkbfclh0or3t0kkzxwrh,1,gallery,false,(image-based block — checked separately via image-binding §5d),block_content_not_found_in_rendered_page (path=n/a)
hotel-page,yi6tuomng9yrkjd2egondbs9,0,rich-text,false,"Our Hotels Agra Golden Tulip, Agra Golden Tulip, Agra Visit ",block_content_not_found_in_rendered_page (path=n/a)
hotel-page,yi6tuomng9yrkjd2egondbs9,1,gallery,false,(image-based block — checked separately via image-binding §5d),block_content_not_found_in_rendered_page (path=n/a)
hotel-page,njloabfqbr1p8ttynuh65b4q,0,rich-text,false,"Our Hotels Agra Golden Tulip, Agra Golden Tulip, Agra Visit ",block_content_not_found_in_rendered_page (path=n/a)
hotel-page,njloabfqbr1p8ttynuh65b4q,1,gallery,false,(image-based block — checked separately via image-binding §5d),block_content_not_found_in_rendered_page (path=n/a)
hotel-page,anae9n7tkl0ce5y845kn863s,0,rich-text,false,"Our Hotels Agra Golden Tulip, Agra Golden Tulip, Agra Visit ",block_content_not_found_in_rendered_page (path=n/a)
hotel-page,anae9n7tkl0ce5y845kn863s,1,gallery,false,(image-based block — checked separately via image-binding §5d),block_content_not_found_in_rendered_page (path=n/a)
hotel-page,w8vepexazrjhop2xi3wom1kp,0,rich-text,false,"Our Hotels Agra Golden Tulip, Agra Golden Tulip, Agra Visit ",block_content_not_found_in_rendered_page (path=n/a)
hotel-page,w8vepexazrjhop2xi3wom1kp,1,gallery,false,(image-based block — checked separately via image-binding §5d),block_content_not_found_in_rendered_page (path=n/a)
hotel-page,jy3dstp9mc6g8krvozx53jm2,0,rich-text,false,"Our Hotels Agra Golden Tulip, Agra Golden Tulip, Agra Visit ",block_content_not_found_in_rendered_page (path=n/a)
hotel-page,jy3dstp9mc6g8krvozx53jm2,1,gallery,false,(image-based block — checked separately via image-binding §5d),block_content_not_found_in_rendered_page (path=n/a)
hotel-page,i6za92woqi3clluw0ceoa1i2,0,rich-text,false,"Our Hotels Agra Golden Tulip, Agra Golden Tulip, Agra Visit ",block_content_not_found_in_rendered_page (path=n/a)
hotel-page,i6za92woqi3clluw0ceoa1i2,1,gallery,false,(image-based block — checked separately via image-binding §5d),block_content_not_found_in_rendered_page (path=n/a)
hotel-page,wv1ibh9tqlmn5ipu8d5pcxnu,0,rich-text,false,"Our Hotels Agra Golden Tulip, Agra Golden Tulip, Agra Visit ",block_content_not_found_in_rendered_page (path=n/a)
hotel-page,wv1ibh9tqlmn5ipu8d5pcxnu,1,gallery,false,(image-based block — checked separately via image-binding §5d),block_content_not_found_in_rendered_page (path=n/a)
hotel-page,qaewljlgneklnoala12q0u9i,0,rich-text,false,"Our Hotels Agra Golden Tulip, Agra Golden Tulip, Agra Visit ",block_content_not_found_in_rendered_page (path=n/a)
hotel-page,qaewljlgneklnoala12q0u9i,1,gallery,false,(image-based block — checked separately via image-binding §5d),block_content_not_found_in_rendered_page (path=n/a)
hotel-page,cn63d53zryhyd7g2wr5rbwxd,0,rich-text,false,"Our Hotels Agra Golden Tulip, Agra Golden Tulip, Agra Visit ",block_content_not_found_in_rendered_page (path=n/a)
hotel-page,cn63d53zryhyd7g2wr5rbwxd,1,gallery,false,(image-based block — checked separately via image-binding §5d),block_content_not_found_in_rendered_page (path=n/a)
hotel-page,ejshklfcd1g202j0mwayqdng,0,rich-text,false,"Our Hotels Agra Golden Tulip, Agra Golden Tulip, Agra Visit ",block_content_not_found_in_rendered_page (path=n/a)
hotel-page,ejshklfcd1g202j0mwayqdng,1,gallery,false,(image-based block — checked separately via image-binding §5d),block_content_not_found_in_rendered_page (path=n/a)
hotel-page,osrtsqv8ex0bsikhfecd1rtu,0,rich-text,false,"Our Hotels Agra Golden Tulip, Agra Golden Tulip, Agra Visit ",block_content_not_found_in_rendered_page (path=n/a)
hotel-page,osrtsqv8ex0bsikhfecd1rtu,1,gallery,false,(image-based block — checked separately via image-binding §5d),block_content_not_found_in_rendered_page (path=n/a)
hotel-page,vvdb7ricz6n19lrslzac36la,0,rich-text,false,"Our Hotels Agra Golden Tulip, Agra Golden Tulip, Agra Visit ",block_content_not_found_in_rendered_page (path=n/a)
hotel-page,vvdb7ricz6n19lrslzac36la,1,gallery,false,(image-based block — checked separately via image-binding §5d),block_content_not_found_in_rendered_page (path=n/a)
hotel-page,vdfyoxszr71v2bwj7tql4jlq,0,rich-text,false,"Our Hotels Agra Golden Tulip, Agra Golden Tulip, Agra Visit ",block_content_not_found_in_rendered_page (path=n/a)
hotel-page,vdfyoxszr71v2bwj7tql4jlq,1,gallery,false,(image-based block — checked separately via image-binding §5d),block_content_not_found_in_rendered_page (path=n/a)
hotel-page,iqlwthb4hz3zk42eovfm75xq,0,rich-text,false,"Our Hotels Agra Golden Tulip, Agra Golden Tulip, Agra Visit ",block_content_not_found_in_rendered_page (path=n/a)
hotel-page,iqlwthb4hz3zk42eovfm75xq,1,gallery,false,(image-based block — checked separately via image-binding §5d),block_content_not_found_in_rendered_page (path=n/a)
hotel-page,c6fcatr21brtmamwrkqt4q2z,0,rich-text,false,"Our Hotels Agra Golden Tulip, Agra Golden Tulip, Agra Visit ",block_content_not_found_in_rendered_page (path=n/a)
hotel-page,c6fcatr21brtmamwrkqt4q2z,1,gallery,false,(image-based block — checked separately via image-binding §5d),block_content_not_found_in_rendered_page (path=n/a)
hotel-page,pnof1wqwb4kkb1xksl9da0b5,0,rich-text,false,"Our Hotels Agra Golden Tulip, Agra Golden Tulip, Agra Visit ",block_content_not_found_in_rendered_page (path=n/a)
hotel-page,pnof1wqwb4kkb1xksl9da0b5,1,gallery,false,(image-based block — checked separately via image-binding §5d),block_content_not_found_in_rendered_page (path=n/a)
hotel-page,sv7iv9plp8uqx3qzudoq58b9,0,rich-text,false,"Our Hotels Agra Golden Tulip, Agra Golden Tulip, Agra Visit ",block_content_not_found_in_rendered_page (path=n/a)
hotel-page,sv7iv9plp8uqx3qzudoq58b9,1,gallery,false,(image-based block — checked separately via image-binding §5d),block_content_not_found_in_rendered_page (path=n/a)
hotel-page,h5dg5cv8xi65oni2tmeaiwle,0,rich-text,false,"Our Hotels Agra Golden Tulip, Agra Golden Tulip, Agra Visit ",block_content_not_found_in_rendered_page (path=n/a)
hotel-page,h5dg5cv8xi65oni2tmeaiwle,1,gallery,false,(image-based block — checked separately via image-binding §5d),block_content_not_found_in_rendered_page (path=n/a)
hotel-page,sfjrz4pknpwc5oensodr0az0,0,rich-text,false,"Our Hotels Agra Golden Tulip, Agra Golden Tulip, Agra Visit ",block_content_not_found_in_rendered_page (path=n/a)
hotel-page,sfjrz4pknpwc5oensodr0az0,1,gallery,false,(image-based block — checked separately via image-binding §5d),block_content_not_found_in_rendered_page (path=n/a)
hotel-page,pd09gkjq5js8wp9pglr5wyka,0,rich-text,false,"Our Hotels Agra Golden Tulip, Agra Golden Tulip, Agra Visit ",block_content_not_found_in_rendered_page (path=n/a)
hotel-page,pd09gkjq5js8wp9pglr5wyka,1,gallery,false,(image-based block — checked separately via image-binding §5d),block_content_not_found_in_rendered_page (path=n/a)
hotel-page,l4llk1wnve6v3rvqrnyq9cht,0,rich-text,false,"Our Hotels Agra Golden Tulip, Agra Golden Tulip, Agra Visit ",block_content_not_found_in_rendered_page (path=n/a)
hotel-page,l4llk1wnve6v3rvqrnyq9cht,1,gallery,false,(image-based block — checked separately via image-binding §5d),block_content_not_found_in_rendered_page (path=n/a)
hotel-page,u3rflk6mq0dwzz6v7aky8cf3,0,rich-text,false,"Our Hotels Agra Golden Tulip, Agra Golden Tulip, Agra Visit ",block_content_not_found_in_rendered_page (path=n/a)
hotel-page,u3rflk6mq0dwzz6v7aky8cf3,1,gallery,false,(image-based block — checked separately via image-binding §5d),block_content_not_found_in_rendered_page (path=n/a)
hotel-page,fxbsf6frfb13686dxaithzmv,0,rich-text,false,"Our Hotels Agra Golden Tulip, Agra Golden Tulip, Agra Visit ",block_content_not_found_in_rendered_page (path=n/a)
hotel-page,fxbsf6frfb13686dxaithzmv,1,gallery,false,(image-based block — checked separately via image-binding §5d),block_content_not_found_in_rendered_page (path=n/a)
hotel-page,h3pbzk3qbob737s7zaw2w9vv,0,rich-text,false,"Our Hotels Agra Golden Tulip, Agra Golden Tulip, Agra Visit ",block_content_not_found_in_rendered_page (path=n/a)
hotel-page,h3pbzk3qbob737s7zaw2w9vv,1,gallery,false,(image-based block — checked separately via image-binding §5d),block_content_not_found_in_rendered_page (path=n/a)
hotel-page,p0y8ph8d5d83tiwtt6yyxwhg,0,rich-text,false,"Our Hotels Agra Golden Tulip, Agra Golden Tulip, Agra Visit ",block_content_not_found_in_rendered_page (path=n/a)
hotel-page,p0y8ph8d5d83tiwtt6yyxwhg,1,gallery,false,(image-based block — checked separately via image-binding §5d),block_content_not_found_in_rendered_page (path=n/a)
hotel-page,i779jaccllhi2cjip1e23vx2,0,rich-text,false,"Our Hotels Agra Golden Tulip, Agra Golden Tulip, Agra Visit ",block_content_not_found_in_rendered_page (path=n/a)
hotel-page,i779jaccllhi2cjip1e23vx2,1,gallery,false,(image-based block — checked separately via image-binding §5d),block_content_not_found_in_rendered_page (path=n/a)
hotel-page,rej0m2jn9x0tt5curx27bmwg,0,rich-text,false,"Our Hotels Agra Golden Tulip, Agra Golden Tulip, Agra Visit ",block_content_not_found_in_rendered_page (path=n/a)
hotel-page,rej0m2jn9x0tt5curx27bmwg,1,gallery,false,(image-based block — checked separately via image-binding §5d),block_content_not_found_in_rendered_page (path=n/a)
hotel-page,o3l73i2npcw9emfch91cf68p,0,rich-text,false,"Our Hotels Agra Golden Tulip, Agra Golden Tulip, Agra Visit ",block_content_not_found_in_rendered_page (path=n/a)
hotel-page,o3l73i2npcw9emfch91cf68p,1,gallery,false,(image-based block — checked separately via image-binding §5d),block_content_not_found_in_rendered_page (path=n/a)
hotel-page,gtkopoedlk3sg5dqi5nxbrot,0,rich-text,false,"Our Hotels Agra Golden Tulip, Agra Golden Tulip, Agra Visit ",block_content_not_found_in_rendered_page (path=n/a)
hotel-page,gtkopoedlk3sg5dqi5nxbrot,1,gallery,false,(image-based block — checked separately via image-binding §5d),block_content_not_found_in_rendered_page (path=n/a)
hotel-page,e12m8jvwp9v03b3cqx5v1ptw,0,rich-text,false,"Our Hotels Agra Golden Tulip, Agra Golden Tulip, Agra Visit ",block_content_not_found_in_rendered_page (path=n/a)
hotel-page,e12m8jvwp9v03b3cqx5v1ptw,1,gallery,false,(image-based block — checked separately via image-binding §5d),block_content_not_found_in_rendered_page (path=n/a)
hotel-page,ui725mmry6mzbxwp9xhow3al,0,rich-text,false,"Our Hotels Agra Golden Tulip, Agra Golden Tulip, Agra Visit ",block_content_not_found_in_rendered_page (path=n/a)
hotel-page,ui725mmry6mzbxwp9xhow3al,1,gallery,false,(image-based block — checked separately via image-binding §5d),block_content_not_found_in_rendered_page (path=n/a)
hotel-page,rr3jm24f68fsgaw0j0hpmc3a,0,rich-text,false,"Our Hotels Agra Golden Tulip, Agra Golden Tulip, Agra Visit ",block_content_not_found_in_rendered_page (path=n/a)
hotel-page,rr3jm24f68fsgaw0j0hpmc3a,1,gallery,false,(image-based block — checked separately via image-binding §5d),block_content_not_found_in_rendered_page (path=n/a)
hotel-page,f1otuto9z04f8rngznxpzd5c,0,rich-text,false,"Our Hotels Agra Golden Tulip, Agra Golden Tulip, Agra Visit ",block_content_not_found_in_rendered_page (path=n/a)
hotel-page,f1otuto9z04f8rngznxpzd5c,1,gallery,false,(image-based block — checked separately via image-binding §5d),block_content_not_found_in_rendered_page (path=n/a)
hotel-page,rgltsqgvke7jukevhmbjue7m,0,rich-text,false,"Our Hotels Agra Golden Tulip, Agra Golden Tulip, Agra Visit ",block_content_not_found_in_rendered_page (path=n/a)
hotel-page,rgltsqgvke7jukevhmbjue7m,1,gallery,false,(image-based block — checked separately via image-binding §5d),block_content_not_found_in_rendered_page (path=n/a)
hotel-page,fpxodacdf4ejl48luedrlej3,0,rich-text,false,"Our Hotels Agra Golden Tulip, Agra Golden Tulip, Agra Visit ",block_content_not_found_in_rendered_page (path=n/a)
hotel-page,fpxodacdf4ejl48luedrlej3,1,gallery,false,(image-based block — checked separately via image-binding §5d),block_content_not_found_in_rendered_page (path=n/a)
hotel-page,uxi6igts8oky6mein3bai71a,0,rich-text,false,"Our Hotels Agra Golden Tulip, Agra Golden Tulip, Agra Visit ",block_content_not_found_in_rendered_page (path=n/a)
hotel-page,uxi6igts8oky6mein3bai71a,1,gallery,false,(image-based block — checked separately via image-binding §5d),block_content_not_found_in_rendered_page (path=n/a)
hotel-page,zh5kvllx3mlws3xa5nc5i8gr,0,rich-text,false,"Our Hotels Agra Golden Tulip, Agra Golden Tulip, Agra Visit ",block_content_not_found_in_rendered_page (path=n/a)
hotel-page,zh5kvllx3mlws3xa5nc5i8gr,1,gallery,false,(image-based block — checked separately via image-binding §5d),block_content_not_found_in_rendered_page (path=n/a)
hotel-page,ec8m9ezfxgowljhruw1dx5cc,0,rich-text,false,"Our Hotels Agra Golden Tulip, Agra Golden Tulip, Agra Visit ",block_content_not_found_in_rendered_page (path=n/a)
hotel-page,ec8m9ezfxgowljhruw1dx5cc,1,gallery,false,(image-based block — checked separately via image-binding §5d),block_content_not_found_in_rendered_page (path=n/a)
hotel-page,sl3crjyidghfp2qfu3y5btzy,0,rich-text,false,"Our Hotels Agra Golden Tulip, Agra Golden Tulip, Agra Visit ",block_content_not_found_in_rendered_page (path=n/a)
hotel-page,sl3crjyidghfp2qfu3y5btzy,1,gallery,false,(image-based block — checked separately via image-binding §5d),block_content_not_found_in_rendered_page (path=n/a)
hotel-page,bsl9t1e407kcy5lsfk4foqhl,0,rich-text,false,"Our Hotels Agra Golden Tulip, Agra Golden Tulip, Agra Visit ",block_content_not_found_in_rendered_page (path=n/a)
hotel-page,bsl9t1e407kcy5lsfk4foqhl,1,gallery,false,(image-based block — checked separately via image-binding §5d),block_content_not_found_in_rendered_page (path=n/a)
hotel-page,i47tn474tuz0vxxt6u8ihmjr,0,rich-text,false,"Our Hotels Agra Golden Tulip, Agra Golden Tulip, Agra Visit ",block_content_not_found_in_rendered_page (path=n/a)
hotel-page,i47tn474tuz0vxxt6u8ihmjr,1,gallery,false,(image-based block — checked separately via image-binding §5d),block_content_not_found_in_rendered_page (path=n/a)
hotel-page,ykimxr8anba7q8fa3dwr4n0q,0,rich-text,false,"Our Hotels Agra Golden Tulip, Agra Golden Tulip, Agra Visit ",block_content_not_found_in_rendered_page (path=n/a)
hotel-page,ykimxr8anba7q8fa3dwr4n0q,1,gallery,false,(image-based block — checked separately via image-binding §5d),block_content_not_found_in_rendered_page (path=n/a)
hotel-page,tsfozv5dwpz7e4sv5eub1psq,0,rich-text,false,"Our Hotels Agra Golden Tulip, Agra Golden Tulip, Agra Visit ",block_content_not_found_in_rendered_page (path=n/a)
hotel-page,tsfozv5dwpz7e4sv5eub1psq,1,gallery,false,(image-based block — checked separately via image-binding §5d),block_content_not_found_in_rendered_page (path=n/a)
hotel-page,cox7qejyeqa9hmmn3qkvyfvc,0,rich-text,false,"Our Hotels Agra Golden Tulip, Agra Golden Tulip, Agra Visit ",block_content_not_found_in_rendered_page (path=n/a)
hotel-page,cox7qejyeqa9hmmn3qkvyfvc,1,gallery,false,(image-based block — checked separately via image-binding §5d),block_content_not_found_in_rendered_page (path=n/a)
hotel-page,rizt3rdeb6gettn74uvbsdt2,0,rich-text,false,"Our Hotels Agra Golden Tulip, Agra Golden Tulip, Agra Visit ",block_content_not_found_in_rendered_page (path=n/a)
hotel-page,rizt3rdeb6gettn74uvbsdt2,1,gallery,false,(image-based block — checked separately via image-binding §5d),block_content_not_found_in_rendered_page (path=n/a)
hotel-page,e16u97nht1v2zysl00vidr4y,0,rich-text,false,"Our Hotels Agra Golden Tulip, Agra Golden Tulip, Agra Visit ",block_content_not_found_in_rendered_page (path=n/a)
hotel-page,e16u97nht1v2zysl00vidr4y,1,gallery,false,(image-based block — checked separately via image-binding §5d),block_content_not_found_in_rendered_page (path=n/a)
hotel-page,m04p4xb3j1z740ujq86pmxps,0,rich-text,false,"Our Hotels Agra Golden Tulip, Agra Golden Tulip, Agra Visit ",block_content_not_found_in_rendered_page (path=n/a)
hotel-page,m04p4xb3j1z740ujq86pmxps,1,gallery,false,(image-based block — checked separately via image-binding §5d),block_content_not_found_in_rendered_page (path=n/a)
hotel-page,egj2uwmcygq2sqjy0jauwzxq,0,rich-text,false,"Our Hotels Agra Golden Tulip, Agra Golden Tulip, Agra Visit ",block_content_not_found_in_rendered_page (path=n/a)
hotel-page,egj2uwmcygq2sqjy0jauwzxq,1,gallery,false,(image-based block — checked separately via image-binding §5d),block_content_not_found_in_rendered_page (path=n/a)
hotel-page,oito1gb5zkulmox0rib7pgxn,0,rich-text,false,"Our Hotels Agra Golden Tulip, Agra Golden Tulip, Agra Visit ",block_content_not_found_in_rendered_page (path=n/a)
hotel-page,oito1gb5zkulmox0rib7pgxn,1,gallery,false,(image-based block — checked separately via image-binding §5d),block_content_not_found_in_rendered_page (path=n/a)
hotel-page,uhlario8jkrjokf115p25csc,0,rich-text,false,"Our Hotels Agra Golden Tulip, Agra Golden Tulip, Agra Visit ",block_content_not_found_in_rendered_page (path=n/a)
hotel-page,uhlario8jkrjokf115p25csc,1,gallery,false,(image-based block — checked separately via image-binding §5d),block_content_not_found_in_rendered_page (path=n/a)
hotel-page,hlwp6hs8jneoq2d5rnbgfn36,0,rich-text,false,"Our Hotels Agra Golden Tulip, Agra Golden Tulip, Agra Visit ",block_content_not_found_in_rendered_page (path=n/a)
hotel-page,hlwp6hs8jneoq2d5rnbgfn36,1,gallery,false,(image-based block — checked separately via image-binding §5d),block_content_not_found_in_rendered_page (path=n/a)
hotel-page,enryipp55fcajq5lr9juvq4w,0,rich-text,false,"Our Hotels Agra Golden Tulip, Agra Golden Tulip, Agra Visit ",block_content_not_found_in_rendered_page (path=n/a)
hotel-page,enryipp55fcajq5lr9juvq4w,1,gallery,false,(image-based block — checked separately via image-binding §5d),block_content_not_found_in_rendered_page (path=n/a)
hotel-page,amgg38pmpfoj3fegzx0nootj,0,rich-text,false,"Our Hotels Agra Golden Tulip, Agra Golden Tulip, Agra Visit ",block_content_not_found_in_rendered_page (path=n/a)
hotel-page,amgg38pmpfoj3fegzx0nootj,1,gallery,false,(image-based block — checked separately via image-binding §5d),block_content_not_found_in_rendered_page (path=n/a)
hotel-page,me5rc20ym7vuncsigob3rxev,0,rich-text,false,"Our Hotels Agra Golden Tulip, Agra Golden Tulip, Agra Visit ",block_content_not_found_in_rendered_page (path=n/a)
hotel-page,me5rc20ym7vuncsigob3rxev,1,gallery,false,(image-based block — checked separately via image-binding §5d),block_content_not_found_in_rendered_page (path=n/a)
hotel-page,vvyw7ol27tgqcm60j8e8x411,0,rich-text,false,"Our Hotels Agra Golden Tulip, Agra Golden Tulip, Agra Visit ",block_content_not_found_in_rendered_page (path=n/a)
hotel-page,vvyw7ol27tgqcm60j8e8x411,1,gallery,false,(image-based block — checked separately via image-binding §5d),block_content_not_found_in_rendered_page (path=n/a)
hotel-page,lv2fiqy122jc5qo2198snjgq,0,rich-text,false,"Our Hotels Agra Golden Tulip, Agra Golden Tulip, Agra Visit ",block_content_not_found_in_rendered_page (path=n/a)
hotel-page,lv2fiqy122jc5qo2198snjgq,1,gallery,false,(image-based block — checked separately via image-binding §5d),block_content_not_found_in_rendered_page (path=n/a)
hotel-page,wdiq7yzsrhxzsgnw2xdf8ple,0,rich-text,false,"Our Hotels Agra Golden Tulip, Agra Golden Tulip, Agra Visit ",block_content_not_found_in_rendered_page (path=n/a)
hotel-page,wdiq7yzsrhxzsgnw2xdf8ple,1,gallery,false,(image-based block — checked separately via image-binding §5d),block_content_not_found_in_rendered_page (path=n/a)
hotel-page,r2fai876tomubxnn6wkv7pvj,0,rich-text,false,"Our Hotels Agra Golden Tulip, Agra Golden Tulip, Agra Visit ",block_content_not_found_in_rendered_page (path=n/a)
hotel-page,r2fai876tomubxnn6wkv7pvj,1,gallery,false,(image-based block — checked separately via image-binding §5d),block_content_not_found_in_rendered_page (path=n/a)
hotel-page,uja40o4m4ib5few0y83wtebx,0,rich-text,false,"Our Hotels Agra Golden Tulip, Agra Golden Tulip, Agra Visit ",block_content_not_found_in_rendered_page (path=n/a)
hotel-page,uja40o4m4ib5few0y83wtebx,1,gallery,false,(image-based block — checked separately via image-binding §5d),block_content_not_found_in_rendered_page (path=n/a)
hotel-page,kfxdzhc3bhdakxmp1g3s1rpv,0,rich-text,false,"Our Hotels Agra Golden Tulip, Agra Golden Tulip, Agra Visit ",block_content_not_found_in_rendered_page (path=n/a)
hotel-page,kfxdzhc3bhdakxmp1g3s1rpv,1,gallery,false,(image-based block — checked separately via image-binding §5d),block_content_not_found_in_rendered_page (path=n/a)
hotel-page,pi6u06tu8sm7hy3e355gwray,0,rich-text,false,"Our Hotels Agra Golden Tulip, Agra Golden Tulip, Agra Visit ",block_content_not_found_in_rendered_page (path=n/a)
hotel-page,pi6u06tu8sm7hy3e355gwray,1,gallery,false,(image-based block — checked separately via image-binding §5d),block_content_not_found_in_rendered_page (path=n/a)
hotel-page,jb15tmh27ot7s53nz2k2zcn2,0,rich-text,false,"Our Hotels Agra Golden Tulip, Agra Golden Tulip, Agra Visit ",block_content_not_found_in_rendered_page (path=n/a)
hotel-page,jb15tmh27ot7s53nz2k2zcn2,1,gallery,false,(image-based block — checked separately via image-binding §5d),block_content_not_found_in_rendered_page (path=n/a)
hotel-page,cc17eimup3p9jiktvu893qvh,0,rich-text,false,"Our Hotels Agra Golden Tulip, Agra Golden Tulip, Agra Visit ",block_content_not_found_in_rendered_page (path=n/a)
hotel-page,cc17eimup3p9jiktvu893qvh,1,gallery,false,(image-based block — checked separately via image-binding §5d),block_content_not_found_in_rendered_page (path=n/a)
hotel-page,czq19zm8crbrb0emeyehpx7s,0,rich-text,false,"Our Hotels Agra Golden Tulip, Agra Golden Tulip, Agra Visit ",block_content_not_found_in_rendered_page (path=n/a)
hotel-page,czq19zm8crbrb0emeyehpx7s,1,gallery,false,(image-based block — checked separately via image-binding §5d),block_content_not_found_in_rendered_page (path=n/a)
hotel-page,pdrky5gtvy2x57si81fhdj4x,0,rich-text,false,"Our Hotels Agra Golden Tulip, Agra Golden Tulip, Agra Visit ",block_content_not_found_in_rendered_page (path=n/a)
hotel-page,pdrky5gtvy2x57si81fhdj4x,1,gallery,false,(image-based block — checked separately via image-binding §5d),block_content_not_found_in_rendered_page (path=n/a)
hotel-page,bjd4puppp14u6b1rvri68xjl,0,rich-text,false,"Our Hotels Agra Golden Tulip, Agra Golden Tulip, Agra Visit ",block_content_not_found_in_rendered_page (path=n/a)
hotel-page,bjd4puppp14u6b1rvri68xjl,1,gallery,false,(image-based block — checked separately via image-binding §5d),block_content_not_found_in_rendered_page (path=n/a)
hotel-page,tsc3fwz773jd223cinbnov9r,0,rich-text,false,"Our Hotels Agra Golden Tulip, Agra Golden Tulip, Agra Visit ",block_content_not_found_in_rendered_page (path=n/a)
hotel-page,tsc3fwz773jd223cinbnov9r,1,gallery,false,(image-based block — checked separately via image-binding §5d),block_content_not_found_in_rendered_page (path=n/a)
hotel-page,v0utqygjzslqtjehah7os799,0,rich-text,false,"Our Hotels Agra Golden Tulip, Agra Golden Tulip, Agra Visit ",block_content_not_found_in_rendered_page (path=n/a)
hotel-page,v0utqygjzslqtjehah7os799,1,gallery,false,(image-based block — checked separately via image-binding §5d),block_content_not_found_in_rendered_page (path=n/a)
hotel-page,ou2201xa17hxl44gld8oekp6,0,rich-text,false,"Our Hotels Agra Golden Tulip, Agra Golden Tulip, Agra Visit ",block_content_not_found_in_rendered_page (path=n/a)
hotel-page,ou2201xa17hxl44gld8oekp6,1,gallery,false,(image-based block — checked separately via image-binding §5d),block_content_not_found_in_rendered_page (path=n/a)
hotel-page,qgxw9n75sbt4gm2uzoedfqli,0,rich-text,false,"Our Hotels Agra Golden Tulip, Agra Golden Tulip, Agra Visit ",block_content_not_found_in_rendered_page (path=n/a)
hotel-page,qgxw9n75sbt4gm2uzoedfqli,1,gallery,false,(image-based block — checked separately via image-binding §5d),block_content_not_found_in_rendered_page (path=n/a)
hotel-page,kzgzsqks5gbdy9v6qmla4jh9,0,rich-text,false,"Our Hotels Agra Golden Tulip, Agra Golden Tulip, Agra Visit ",block_content_not_found_in_rendered_page (path=n/a)
hotel-page,kzgzsqks5gbdy9v6qmla4jh9,1,gallery,false,(image-based block — checked separately via image-binding §5d),block_content_not_found_in_rendered_page (path=n/a)
hotel-page,emsyzzxgfg9wpv2uyhr9v95w,0,rich-text,false,"Our Hotels Agra Golden Tulip, Agra Golden Tulip, Agra Visit ",block_content_not_found_in_rendered_page (path=n/a)
hotel-page,emsyzzxgfg9wpv2uyhr9v95w,1,gallery,false,(image-based block — checked separately via image-binding §5d),block_content_not_found_in_rendered_page (path=n/a)
hotel-page,ts2qr5ytmw4mtpdn9fx4zegn,0,rich-text,false,"Our Hotels Agra Golden Tulip, Agra Golden Tulip, Agra Visit ",block_content_not_found_in_rendered_page (path=n/a)
hotel-page,ts2qr5ytmw4mtpdn9fx4zegn,1,gallery,false,(image-based block — checked separately via image-binding §5d),block_content_not_found_in_rendered_page (path=n/a)
hotel-page,vu4ed7ahtckd3f3rm89y2i9h,0,rich-text,false,"Our Hotels Agra Golden Tulip, Agra Golden Tulip, Agra Visit ",block_content_not_found_in_rendered_page (path=n/a)
hotel-page,vu4ed7ahtckd3f3rm89y2i9h,1,gallery,false,(image-based block — checked separately via image-binding §5d),block_content_not_found_in_rendered_page (path=n/a)
hotel-page,e1qxrja46uqtkwdevfy25wwp,0,rich-text,false,"Our Hotels Agra Golden Tulip, Agra Golden Tulip, Agra Visit ",block_content_not_found_in_rendered_page (path=n/a)
hotel-page,e1qxrja46uqtkwdevfy25wwp,1,gallery,false,(image-based block — checked separately via image-binding §5d),block_content_not_found_in_rendered_page (path=n/a)
hotel-page,no33lb7be8zoyd8tohillw1o,0,rich-text,false,"Our Hotels Agra Golden Tulip, Agra Golden Tulip, Agra Visit ",block_content_not_found_in_rendered_page (path=n/a)
hotel-page,no33lb7be8zoyd8tohillw1o,1,gallery,false,(image-based block — checked separately via image-binding §5d),block_content_not_found_in_rendered_page (path=n/a)
hotel-page,yrbkda2dw4wl5o2c4vta4wt3,0,rich-text,false,"Our Hotels Agra Golden Tulip, Agra Golden Tulip, Agra Visit ",block_content_not_found_in_rendered_page (path=n/a)
hotel-page,yrbkda2dw4wl5o2c4vta4wt3,1,gallery,false,(image-based block — checked separately via image-binding §5d),block_content_not_found_in_rendered_page (path=n/a)
hotel-page,ouytoqmrldh1ekifvssl5x5c,0,rich-text,false,"Our Hotels Agra Golden Tulip, Agra Golden Tulip, Agra Visit ",block_content_not_found_in_rendered_page (path=n/a)
hotel-page,ouytoqmrldh1ekifvssl5x5c,1,gallery,false,(image-based block — checked separately via image-binding §5d),block_content_not_found_in_rendered_page (path=n/a)
hotel-page,yvy11nn6uagtf9iytkrp3n51,0,rich-text,false,"Our Hotels Agra Golden Tulip, Agra Golden Tulip, Agra Visit ",block_content_not_found_in_rendered_page (path=n/a)
hotel-page,yvy11nn6uagtf9iytkrp3n51,1,gallery,false,(image-based block — checked separately via image-binding §5d),block_content_not_found_in_rendered_page (path=n/a)
hotel-page,b46vmufpvnypqxvpckpr1f4e,0,rich-text,false,"Our Hotels Agra Golden Tulip, Agra Golden Tulip, Agra Visit ",block_content_not_found_in_rendered_page (path=n/a)
hotel-page,b46vmufpvnypqxvpckpr1f4e,1,gallery,false,(image-based block — checked separately via image-binding §5d),block_content_not_found_in_rendered_page (path=n/a)
hotel-page,w9uif2xa2dlzbrkg4m2z1pu1,0,rich-text,false,"Our Hotels Agra Golden Tulip, Agra Golden Tulip, Agra Visit ",block_content_not_found_in_rendered_page (path=n/a)
hotel-page,w9uif2xa2dlzbrkg4m2z1pu1,1,gallery,false,(image-based block — checked separately via image-binding §5d),block_content_not_found_in_rendered_page (path=n/a)
hotel-page,hau7pklscj13b2wso9ih24it,0,rich-text,false,"Our Hotels Agra Golden Tulip, Agra Golden Tulip, Agra Visit ",block_content_not_found_in_rendered_page (path=n/a)
hotel-page,hau7pklscj13b2wso9ih24it,1,gallery,false,(image-based block — checked separately via image-binding §5d),block_content_not_found_in_rendered_page (path=n/a)
hotel-page,r2q11nqz4u722jngfd2nhd0h,0,rich-text,false,"Our Hotels Agra Golden Tulip, Agra Golden Tulip, Agra Visit ",block_content_not_found_in_rendered_page (path=n/a)
hotel-page,r2q11nqz4u722jngfd2nhd0h,1,gallery,false,(image-based block — checked separately via image-binding §5d),block_content_not_found_in_rendered_page (path=n/a)
hotel-page,fcpkijyqhpw0h3xnt0j498kw,0,rich-text,false,"Our Hotels Agra Golden Tulip, Agra Golden Tulip, Agra Visit ",block_content_not_found_in_rendered_page (path=n/a)
hotel-page,fcpkijyqhpw0h3xnt0j498kw,1,gallery,false,(image-based block — checked separately via image-binding §5d),block_content_not_found_in_rendered_page (path=n/a)
hotel-page,uw99yrbaacf7c925p1y74ti8,0,rich-text,false,"Our Hotels Agra Golden Tulip, Agra Golden Tulip, Agra Visit ",block_content_not_found_in_rendered_page (path=n/a)
hotel-page,uw99yrbaacf7c925p1y74ti8,1,gallery,false,(image-based block — checked separately via image-binding §5d),block_content_not_found_in_rendered_page (path=n/a)
hotel-page,r1x1p6kvaz0kvqfp4x3vow3i,0,rich-text,false,"Our Hotels Agra Golden Tulip, Agra Golden Tulip, Agra Visit ",block_content_not_found_in_rendered_page (path=n/a)
hotel-page,r1x1p6kvaz0kvqfp4x3vow3i,1,gallery,false,(image-based block — checked separately via image-binding §5d),block_content_not_found_in_rendered_page (path=n/a)
hotel-page,csemz078waf7ylddj204fr04,0,rich-text,false,"Our Hotels Agra Golden Tulip, Agra Golden Tulip, Agra Visit ",block_content_not_found_in_rendered_page (path=n/a)
hotel-page,csemz078waf7ylddj204fr04,1,gallery,false,(image-based block — checked separately via image-binding §5d),block_content_not_found_in_rendered_page (path=n/a)
hotel-page,uqlp3tdpqjemvn91as4v6ruv,0,rich-text,false,"Our Hotels Agra Golden Tulip, Agra Golden Tulip, Agra Visit ",block_content_not_found_in_rendered_page (path=n/a)
hotel-page,uqlp3tdpqjemvn91as4v6ruv,1,gallery,false,(image-based block — checked separately via image-binding §5d),block_content_not_found_in_rendered_page (path=n/a)
hotel-page,qtvsfqplemddchuxp0viq2zq,0,rich-text,false,"Our Hotels Agra Golden Tulip, Agra Golden Tulip, Agra Visit ",block_content_not_found_in_rendered_page (path=n/a)
hotel-page,qtvsfqplemddchuxp0viq2zq,1,gallery,false,(image-based block — checked separately via image-binding §5d),block_content_not_found_in_rendered_page (path=n/a)
hotel-page,b4gmsjzzioqwcet28gz1wdpl,0,rich-text,false,"Our Hotels Agra Golden Tulip, Agra Golden Tulip, Agra Visit ",block_content_not_found_in_rendered_page (path=n/a)
hotel-page,b4gmsjzzioqwcet28gz1wdpl,1,gallery,false,(image-based block — checked separately via image-binding §5d),block_content_not_found_in_rendered_page (path=n/a)
hotel-page,jjx8g7y2rdkbdq75dqxfa4xb,0,rich-text,false,"Our Hotels Agra Golden Tulip, Agra Golden Tulip, Agra Visit ",block_content_not_found_in_rendered_page (path=n/a)
hotel-page,jjx8g7y2rdkbdq75dqxfa4xb,1,gallery,false,(image-based block — checked separately via image-binding §5d),block_content_not_found_in_rendered_page (path=n/a)
hotel-page,j4xmd7gmp77gsqdeso3i4wwr,0,rich-text,false,"Our Hotels Agra Golden Tulip, Agra Golden Tulip, Agra Visit ",block_content_not_found_in_rendered_page (path=n/a)
hotel-page,j4xmd7gmp77gsqdeso3i4wwr,1,gallery,false,(image-based block — checked separately via image-binding §5d),block_content_not_found_in_rendered_page (path=n/a)
hotel-page,vvslyvw5s81ouo6k04ifygfd,0,rich-text,false,"Our Hotels Agra Golden Tulip, Agra Golden Tulip, Agra Visit ",block_content_not_found_in_rendered_page (path=n/a)
hotel-page,vvslyvw5s81ouo6k04ifygfd,1,gallery,false,(image-based block — checked separately via image-binding §5d),block_content_not_found_in_rendered_page (path=n/a)
hotel-page,btlhuhc003vu31nalcxborg9,0,rich-text,false,"Our Hotels Agra Golden Tulip, Agra Golden Tulip, Agra Visit ",block_content_not_found_in_rendered_page (path=n/a)
hotel-page,btlhuhc003vu31nalcxborg9,1,gallery,false,(image-based block — checked separately via image-binding §5d),block_content_not_found_in_rendered_page (path=n/a)
hotel-page,you14vvlo3pcvjn2277eepga,0,rich-text,false,"Our Hotels Agra Golden Tulip, Agra Golden Tulip, Agra Visit ",block_content_not_found_in_rendered_page (path=n/a)
hotel-page,you14vvlo3pcvjn2277eepga,1,gallery,false,(image-based block — checked separately via image-binding §5d),block_content_not_found_in_rendered_page (path=n/a)
hotel-page,k6j2xv3wq96qsplfjaspy0xu,0,rich-text,false,"Our Hotels Agra Golden Tulip, Agra Golden Tulip, Agra Visit ",block_content_not_found_in_rendered_page (path=n/a)
hotel-page,k6j2xv3wq96qsplfjaspy0xu,1,gallery,false,(image-based block — checked separately via image-binding §5d),block_content_not_found_in_rendered_page (path=n/a)
hotel-page,r0xhql73iowdo6mxlv07kvax,0,rich-text,false,"Our Hotels Agra Golden Tulip, Agra Golden Tulip, Agra Visit ",block_content_not_found_in_rendered_page (path=n/a)
hotel-page,r0xhql73iowdo6mxlv07kvax,1,gallery,false,(image-based block — checked separately via image-binding §5d),block_content_not_found_in_rendered_page (path=n/a)
hotel-page,e7x2woumw2rp0evua9mjpnnz,0,rich-text,false,"Our Hotels Agra Golden Tulip, Agra Golden Tulip, Agra Visit ",block_content_not_found_in_rendered_page (path=n/a)
hotel-page,e7x2woumw2rp0evua9mjpnnz,1,gallery,false,(image-based block — checked separately via image-binding §5d),block_content_not_found_in_rendered_page (path=n/a)
hotel-page,i12562wmk87scfgc1ympnoyo,0,rich-text,false,"Our Hotels Agra Golden Tulip, Agra Golden Tulip, Agra Visit ",block_content_not_found_in_rendered_page (path=n/a)
hotel-page,i12562wmk87scfgc1ympnoyo,1,gallery,false,(image-based block — checked separately via image-binding §5d),block_content_not_found_in_rendered_page (path=n/a)
hotel-page,k575a9kolirlnye6uqwy165u,0,rich-text,false,"Our Hotels Agra Golden Tulip, Agra Golden Tulip, Agra Visit ",block_content_not_found_in_rendered_page (path=n/a)
hotel-page,k575a9kolirlnye6uqwy165u,1,gallery,false,(image-based block — checked separately via image-binding §5d),block_content_not_found_in_rendered_page (path=n/a)
hotel-page,zrwcz6yvxulibs8d2p06hq14,0,rich-text,false,"Our Hotels Agra Golden Tulip, Agra Golden Tulip, Agra Visit ",block_content_not_found_in_rendered_page (path=n/a)
hotel-page,zrwcz6yvxulibs8d2p06hq14,1,gallery,false,(image-based block — checked separately via image-binding §5d),block_content_not_found_in_rendered_page (path=n/a)
hotel-page,itc10z76hzr9f12233ayvmh9,0,rich-text,false,"Our Hotels Agra Golden Tulip, Agra Golden Tulip, Agra Visit ",block_content_not_found_in_rendered_page (path=n/a)
hotel-page,itc10z76hzr9f12233ayvmh9,1,gallery,false,(image-based block — checked separately via image-binding §5d),block_content_not_found_in_rendered_page (path=n/a)
hotel-page,nafi35k33xpl8q8v7ibkjr38,0,rich-text,false,"Our Hotels Agra Golden Tulip, Agra Golden Tulip, Agra Visit ",block_content_not_found_in_rendered_page (path=n/a)
hotel-page,nafi35k33xpl8q8v7ibkjr38,1,gallery,false,(image-based block — checked separately via image-binding §5d),block_content_not_found_in_rendered_page (path=n/a)
hotel-page,sf16c5ei84jp56zfeic2q221,0,rich-text,false,"Our Hotels Agra Golden Tulip, Agra Golden Tulip, Agra Visit ",block_content_not_found_in_rendered_page (path=n/a)
hotel-page,sf16c5ei84jp56zfeic2q221,1,gallery,false,(image-based block — checked separately via image-binding §5d),block_content_not_found_in_rendered_page (path=n/a)
hotel-page,kdtg08x3a2tb774g3wm7tf93,0,rich-text,false,"Our Hotels Agra Golden Tulip, Agra Golden Tulip, Agra Visit ",block_content_not_found_in_rendered_page (path=n/a)
hotel-page,kdtg08x3a2tb774g3wm7tf93,1,gallery,false,(image-based block — checked separately via image-binding §5d),block_content_not_found_in_rendered_page (path=n/a)
hotel-page,cs7fls409cnozdmvrw16ddiu,0,rich-text,false,"Our Hotels Agra Golden Tulip, Agra Golden Tulip, Agra Visit ",block_content_not_found_in_rendered_page (path=n/a)
hotel-page,cs7fls409cnozdmvrw16ddiu,1,gallery,false,(image-based block — checked separately via image-binding §5d),block_content_not_found_in_rendered_page (path=n/a)
hotel-page,gu0kg220nxowx4b8l1b4siy6,0,rich-text,false,"Our Hotels Agra Golden Tulip, Agra Golden Tulip, Agra Visit ",block_content_not_found_in_rendered_page (path=n/a)
hotel-page,gu0kg220nxowx4b8l1b4siy6,1,gallery,false,(image-based block — checked separately via image-binding §5d),block_content_not_found_in_rendered_page (path=n/a)
hotel-page,nxzhm2uoq9j0rjfm70rpf0o8,0,rich-text,false,"Our Hotels Agra Golden Tulip, Agra Golden Tulip, Agra Visit ",block_content_not_found_in_rendered_page (path=n/a)
hotel-page,nxzhm2uoq9j0rjfm70rpf0o8,1,gallery,false,(image-based block — checked separately via image-binding §5d),block_content_not_found_in_rendered_page (path=n/a)
hotel-page,zpq1zdm9l9qzd4740ccf2xx8,0,rich-text,false,"Our Hotels Agra Golden Tulip, Agra Golden Tulip, Agra Visit ",block_content_not_found_in_rendered_page (path=n/a)
hotel-page,zpq1zdm9l9qzd4740ccf2xx8,1,gallery,false,(image-based block — checked separately via image-binding §5d),block_content_not_found_in_rendered_page (path=n/a)
hotel-page,n9xgzdta80807phkbi5o76mp,0,rich-text,false,"Our Hotels Agra Golden Tulip, Agra Golden Tulip, Agra Visit ",block_content_not_found_in_rendered_page (path=n/a)
hotel-page,n9xgzdta80807phkbi5o76mp,1,gallery,false,(image-based block — checked separately via image-binding §5d),block_content_not_found_in_rendered_page (path=n/a)
hotel-page,y9r6bgmacikmswdmywmun23v,0,rich-text,false,"Our Hotels Agra Golden Tulip, Agra Golden Tulip, Agra Visit ",block_content_not_found_in_rendered_page (path=n/a)
hotel-page,y9r6bgmacikmswdmywmun23v,1,gallery,false,(image-based block — checked separately via image-binding §5d),block_content_not_found_in_rendered_page (path=n/a)
hotel-page,cydk4c493b3qh9bjahsdv12y,0,rich-text,false,"Our Hotels Agra Golden Tulip, Agra Golden Tulip, Agra Visit ",block_content_not_found_in_rendered_page (path=/hotels/abn-sarovar-portico-jim-corbett/location)
hotel-page,cydk4c493b3qh9bjahsdv12y,1,gallery,true,(image-based block — checked separately via image-binding §5d),
hotel-page,ebe8z2x0dzdxmim583z704um,0,rich-text,false,"Our Hotels Agra Golden Tulip, Agra Golden Tulip, Agra Visit ",block_content_not_found_in_rendered_page (path=/hotels/aditya-hometel-hyderabad/location)
hotel-page,ebe8z2x0dzdxmim583z704um,1,gallery,true,(image-based block — checked separately via image-binding §5d),
hotel-page,v0c931tce3zay17urv5r2hiw,0,rich-text,false,"Our Hotels Agra Golden Tulip, Agra Golden Tulip, Agra Visit ",block_content_not_found_in_rendered_page (path=/hotels/aditya-park-hyderabad/location)
hotel-page,v0c931tce3zay17urv5r2hiw,1,gallery,true,(image-based block — checked separately via image-binding §5d),
hotel-page,gj4z71ykzv7e7nrejwuczhzx,0,rich-text,false,"Our Hotels Agra Golden Tulip, Agra Golden Tulip, Agra Visit ",block_content_not_found_in_rendered_page (path=/hotels/ambar-sarovar-portico-gandhidham-hotel/location)
hotel-page,gj4z71ykzv7e7nrejwuczhzx,1,gallery,true,(image-based block — checked separately via image-binding §5d),
hotel-page,it560ibs4ecjdlip458v904n,0,rich-text,false,"Our Hotels Agra Golden Tulip, Agra Golden Tulip, Agra Visit ",block_content_not_found_in_rendered_page (path=/hotels/ambrosia-sarovar-portico-haridwar/location)
hotel-page,it560ibs4ecjdlip458v904n,1,gallery,true,(image-based block — checked separately via image-binding §5d),
hotel-page,ercr37ca5uvmfho5guxepfzj,0,rich-text,false,"Our Hotels Agra Golden Tulip, Agra Golden Tulip, Agra Visit ",block_content_not_found_in_rendered_page (path=/hotels/bamus-sarovar-portico-kampala/location)
hotel-page,ercr37ca5uvmfho5guxepfzj,1,gallery,true,(image-based block — checked separately via image-binding §5d),
hotel-page,qg8o4ukwzw6w4t6433h6haz0,0,rich-text,false,"Our Hotels Agra Golden Tulip, Agra Golden Tulip, Agra Visit ",block_content_not_found_in_rendered_page (path=/hotels/balaji-sarovar-premiere-solapur/location)
hotel-page,qg8o4ukwzw6w4t6433h6haz0,1,gallery,true,(image-based block — checked separately via image-binding §5d),
hotel-page,brdojyjlfy3ig47ub2bwcg0t,0,rich-text,false,"Our Hotels Agra Golden Tulip, Agra Golden Tulip, Agra Visit ",block_content_not_found_in_rendered_page (path=/hotels/bellevue-sarovar-premiere-junagadh/location)
hotel-page,brdojyjlfy3ig47ub2bwcg0t,1,gallery,true,(image-based block — checked separately via image-binding §5d),
hotel-page,ojtj6svoxfhoi9r8hfhiqqan,0,rich-text,false,"Our Hotels Agra Golden Tulip, Agra Golden Tulip, Agra Visit ",block_content_not_found_in_rendered_page (path=/hotels/citadel-sarovar-portico-bangalore/location)
hotel-page,ojtj6svoxfhoi9r8hfhiqqan,1,gallery,true,(image-based block — checked separately via image-binding §5d),
hotel-page,tqo3egf9bgcw3s34nok57kv6,0,rich-text,false,"Our Hotels Agra Golden Tulip, Agra Golden Tulip, Agra Visit ",block_content_not_found_in_rendered_page (path=/hotels/classic-sarovar-portico-thiruvananthapuram/location)
hotel-page,tqo3egf9bgcw3s34nok57kv6,1,gallery,true,(image-based block — checked separately via image-binding §5d),
hotel-page,qrvz8enwdp1m9thulrhea9ug,0,rich-text,false,"Our Hotels Agra Golden Tulip, Agra Golden Tulip, Agra Visit ",block_content_not_found_in_rendered_page (path=/hotels/davanam-sarovar-portico-suites-bangalore/location)
hotel-page,qrvz8enwdp1m9thulrhea9ug,1,gallery,true,(image-based block — checked separately via image-binding §5d),
hotel-page,dy0bhyv6br8jq6xohr8w6oi2,0,rich-text,false,"Our Hotels Agra Golden Tulip, Agra Golden Tulip, Agra Visit ",block_content_not_found_in_rendered_page (path=/hotels/delite-sarovar-portico-faridabad/location)
hotel-page,dy0bhyv6br8jq6xohr8w6oi2,1,gallery,true,(image-based block — checked separately via image-binding §5d),
hotel-page,vhk60a3exxwt38702rsqqjbr,0,rich-text,false,"Our Hotels Agra Golden Tulip, Agra Golden Tulip, Agra Visit ",block_content_not_found_in_rendered_page (path=/hotels/deventure-sarovar-portico--kapashera-new-delhi/location)
hotel-page,vhk60a3exxwt38702rsqqjbr,1,gallery,true,(image-based block — checked separately via image-binding §5d),
hotel-page,qqtyftvaaysqsf150302v3p8,0,rich-text,false,"Our Hotels Agra Golden Tulip, Agra Golden Tulip, Agra Visit ",block_content_not_found_in_rendered_page (path=/hotels/deventure-sarovar-portico-patel-nagar/location)
hotel-page,qqtyftvaaysqsf150302v3p8,1,gallery,true,(image-based block — checked separately via image-binding §5d),
hotel-page,wr803e5kypvq66oqxaazgnn9,0,rich-text,false,"Our Hotels Agra Golden Tulip, Agra Golden Tulip, Agra Visit ",block_content_not_found_in_rendered_page (path=/hotels/efcee-sarovar-portico-bhavnagar/location)
hotel-page,wr803e5kypvq66oqxaazgnn9,1,gallery,true,(image-based block — checked separately via image-binding §5d),
hotel-page,wvg5heqzaztlxyaqgjejyk88,0,rich-text,false,"Our Hotels Agra Golden Tulip, Agra Golden Tulip, Agra Visit ",block_content_not_found_in_rendered_page (path=/hotels/estuary-sarovar-Premiere-poovar/location)
hotel-page,wvg5heqzaztlxyaqgjejyk88,1,gallery,true,(image-based block — checked separately via image-binding §5d),
hotel-page,ty71ytavunujthjgthey1cnq,0,rich-text,false,"Our Hotels Agra Golden Tulip, Agra Golden Tulip, Agra Visit ",block_content_not_found_in_rendered_page (path=/hotels/geeta-sarovar-portico-hotels-panipat/location)
hotel-page,ty71ytavunujthjgthey1cnq,1,gallery,true,(image-based block — checked separately via image-binding §5d),
hotel-page,drwpha6arlkwgseffomct6qh,0,rich-text,false,"Our Hotels Agra Golden Tulip, Agra Golden Tulip, Agra Visit ",block_content_not_found_in_rendered_page (path=/hotels/golden-sarovar-portico-amritsar/location)
hotel-page,drwpha6arlkwgseffomct6qh,1,gallery,true,(image-based block — checked separately via image-binding §5d),
hotel-page,hjmjbaa5ergh1sf8ytop8q7v,0,rich-text,false,"Our Hotels Agra Golden Tulip, Agra Golden Tulip, Agra Visit ",block_content_not_found_in_rendered_page (path=/hotels/golden-tulip-agra/location)
hotel-page,hjmjbaa5ergh1sf8ytop8q7v,1,gallery,true,(image-based block — checked separately via image-binding §5d),
hotel-page,uyocokp006cgj4xxoh18diat,0,rich-text,false,"Our Hotels Agra Golden Tulip, Agra Golden Tulip, Agra Visit ",block_content_not_found_in_rendered_page (path=/hotels/golden-tulip-bhopal/location)
hotel-page,uyocokp006cgj4xxoh18diat,1,gallery,true,(image-based block — checked separately via image-binding §5d),
hotel-page,zzm9yzmg29g7yykhq5lcevyg,0,rich-text,false,"Our Hotels Agra Golden Tulip, Agra Golden Tulip, Agra Visit ",block_content_not_found_in_rendered_page (path=/hotels/golden-tulip-bdi-club-and-suite-bhiwadi/location)
hotel-page,zzm9yzmg29g7yykhq5lcevyg,1,gallery,true,(image-based block — checked separately via image-binding §5d),
hotel-page,xhheqf819cvsnjnj076d5i8z,0,rich-text,false,"Our Hotels Agra Golden Tulip, Agra Golden Tulip, Agra Visit ",block_content_not_found_in_rendered_page (path=/hotels/golden-tulip-candolim-goa/location)
hotel-page,xhheqf819cvsnjnj076d5i8z,1,gallery,true,(image-based block — checked separately via image-binding §5d),
hotel-page,ybhj343s46c8didw24qqn1fc,0,rich-text,false,"Our Hotels Agra Golden Tulip, Agra Golden Tulip, Agra Visit ",block_content_not_found_in_rendered_page (path=/hotels/golden-tulip-essential-jaipur/location)
hotel-page,ybhj343s46c8didw24qqn1fc,1,gallery,true,(image-based block — checked separately via image-binding §5d),
hotel-page,zjae0c8vs1izr6496jge79o0,0,rich-text,false,"Our Hotels Agra Golden Tulip, Agra Golden Tulip, Agra Visit ",block_content_not_found_in_rendered_page (path=/hotels/golden-tulip-goa-mandrem/location)
hotel-page,zjae0c8vs1izr6496jge79o0,1,gallery,true,(image-based block — checked separately via image-binding §5d),
hotel-page,dx6isv6uahzyvou1y6u6rvpp,0,rich-text,false,"Our Hotels Agra Golden Tulip, Agra Golden Tulip, Agra Visit ",block_content_not_found_in_rendered_page (path=/hotels/golden-tulip-goa-vagator/location)
hotel-page,dx6isv6uahzyvou1y6u6rvpp,1,gallery,true,(image-based block — checked separately via image-binding §5d),
hotel-page,ftsli4seqho3zygh2k9zd70h,0,rich-text,false,"Our Hotels Agra Golden Tulip, Agra Golden Tulip, Agra Visit ",block_content_not_found_in_rendered_page (path=/hotels/golden-tulip-hari-nagar/location)
hotel-page,ftsli4seqho3zygh2k9zd70h,1,gallery,true,(image-based block — checked separately via image-binding §5d),
hotel-page,gr2ymm38rlu86f0geed7iww2,0,rich-text,false,"Our Hotels Agra Golden Tulip, Agra Golden Tulip, Agra Visit ",block_content_not_found_in_rendered_page (path=/hotels/golden-tulip-hotel-in-jaipur/location)
hotel-page,gr2ymm38rlu86f0geed7iww2,1,gallery,true,(image-based block — checked separately via image-binding §5d),
hotel-page,gxuzvfemkrwcasa744g6hkw7,0,rich-text,false,"Our Hotels Agra Golden Tulip, Agra Golden Tulip, Agra Visit ",block_content_not_found_in_rendered_page (path=/hotels/golden-tulip-jalandhar/location)
hotel-page,gxuzvfemkrwcasa744g6hkw7,1,gallery,true,(image-based block — checked separately via image-binding §5d),
hotel-page,u4j0q8135j571yovzlysawd4,0,rich-text,false,"Our Hotels Agra Golden Tulip, Agra Golden Tulip, Agra Visit ",block_content_not_found_in_rendered_page (path=/hotels/golden-tulip-kukas-jaipur/location)
hotel-page,u4j0q8135j571yovzlysawd4,1,gallery,true,(image-based block — checked separately via image-binding §5d),
hotel-page,j9tatc03dtmunph0ic15o95q,0,rich-text,false,"Our Hotels Agra Golden Tulip, Agra Golden Tulip, Agra Visit ",block_content_not_found_in_rendered_page (path=/hotels/golden-tulip-lucknow/location)
hotel-page,j9tatc03dtmunph0ic15o95q,1,gallery,true,(image-based block — checked separately via image-binding §5d),
hotel-page,tu2ipl830yl4bcoua20tqr25,0,rich-text,false,"Our Hotels Agra Golden Tulip, Agra Golden Tulip, Agra Visit ",block_content_not_found_in_rendered_page (path=/hotels/golden-tulip-sector-80-gurugram/location)
hotel-page,tu2ipl830yl4bcoua20tqr25,1,gallery,true,(image-based block — checked separately via image-binding §5d),
hotel-page,wcyoma85ucqyt5vuednoji4u,0,rich-text,false,"Our Hotels Agra Golden Tulip, Agra Golden Tulip, Agra Visit ",block_content_not_found_in_rendered_page (path=/hotels/golden-tulip-srinagar/location)
hotel-page,wcyoma85ucqyt5vuednoji4u,1,gallery,true,(image-based block — checked separately via image-binding §5d),
hotel-page,pwbz664zilfdafdxpdbctcr6,0,rich-text,false,"Our Hotels Agra Golden Tulip, Agra Golden Tulip, Agra Visit ",block_content_not_found_in_rendered_page (path=/hotels/golden-tulip-tirupati/location)
hotel-page,pwbz664zilfdafdxpdbctcr6,1,gallery,true,(image-based block — checked separately via image-binding §5d),
hotel-page,an5ys0bej5x5ib35o24cpeyn,0,rich-text,false,"Our Hotels Agra Golden Tulip, Agra Golden Tulip, Agra Visit ",block_content_not_found_in_rendered_page (path=/hotels/golden-tulip-udaipur/location)
hotel-page,an5ys0bej5x5ib35o24cpeyn,1,gallery,true,(image-based block — checked separately via image-binding §5d),
hotel-page,ulr51bts46gv1a3dw6bmodcc,0,rich-text,false,"Our Hotels Agra Golden Tulip, Agra Golden Tulip, Agra Visit ",block_content_not_found_in_rendered_page (path=/hotels/golden-tulip/location)
hotel-page,ulr51bts46gv1a3dw6bmodcc,1,gallery,true,(image-based block — checked separately via image-binding §5d),
hotel-page,xb4p5eh71ubuuhqaruvby6pm,0,rich-text,false,"Our Hotels Agra Golden Tulip, Agra Golden Tulip, Agra Visit ",block_content_not_found_in_rendered_page (path=/hotels/grand-continent-anjuna/location)
hotel-page,xb4p5eh71ubuuhqaruvby6pm,1,gallery,true,(image-based block — checked separately via image-binding §5d),
hotel-page,z2iw4glipja3dg7gncxd7qky,0,rich-text,false,"Our Hotels Agra Golden Tulip, Agra Golden Tulip, Agra Visit ",block_content_not_found_in_rendered_page (path=/hotels/grand-continent-brookefield-bengaluru/location)
hotel-page,z2iw4glipja3dg7gncxd7qky,1,gallery,true,(image-based block — checked separately via image-binding §5d),
hotel-page,if4ua82c0m3yrrvd7bjrjgp3,0,rich-text,false,"Our Hotels Agra Golden Tulip, Agra Golden Tulip, Agra Visit ",block_content_not_found_in_rendered_page (path=/hotels/grand-continent-hebbal-bangalore/location)
hotel-page,if4ua82c0m3yrrvd7bjrjgp3,1,gallery,true,(image-based block — checked separately via image-binding §5d),
hotel-page,gywgqwyrx17n2rcub2g3gb86,0,rich-text,false,"Our Hotels Agra Golden Tulip, Agra Golden Tulip, Agra Visit ",block_content_not_found_in_rendered_page (path=/hotels/grand-continent-hosur/location)
hotel-page,gywgqwyrx17n2rcub2g3gb86,1,gallery,true,(image-based block — checked separately via image-binding §5d),
hotel-page,kguxjo1ounyk0pim2k09r56o,0,rich-text,false,"Our Hotels Agra Golden Tulip, Agra Golden Tulip, Agra Visit ",block_content_not_found_in_rendered_page (path=/hotels/grand-continent-mahabalipuram/location)
hotel-page,kguxjo1ounyk0pim2k09r56o,1,gallery,true,(image-based block — checked separately via image-binding §5d),
hotel-page,mzirjb0ohxj6dk5cfa3gi2qc,0,rich-text,false,"Our Hotels Agra Golden Tulip, Agra Golden Tulip, Agra Visit ",block_content_not_found_in_rendered_page (path=/hotels/grand-continent-malleshwaram-bangalore/location)
hotel-page,mzirjb0ohxj6dk5cfa3gi2qc,1,gallery,true,(image-based block — checked separately via image-binding §5d),
hotel-page,am2nvh1wmrnqzaj8agu1r0mk,0,rich-text,false,"Our Hotels Agra Golden Tulip, Agra Golden Tulip, Agra Visit ",block_content_not_found_in_rendered_page (path=/hotels/grand-continent-mysore/location)
hotel-page,am2nvh1wmrnqzaj8agu1r0mk,1,gallery,true,(image-based block — checked separately via image-binding §5d),
hotel-page,n7gbnlrgc47lp456x3229fbz,0,rich-text,false,"Our Hotels Agra Golden Tulip, Agra Golden Tulip, Agra Visit ",block_content_not_found_in_rendered_page (path=/hotels/grand-continent-secunderabad/location)
hotel-page,n7gbnlrgc47lp456x3229fbz,1,gallery,true,(image-based block — checked separately via image-binding §5d),
hotel-page,b6s4olfh2d99uszviehfrmv3,0,rich-text,false,"Our Hotels Agra Golden Tulip, Agra Golden Tulip, Agra Visit ",block_content_not_found_in_rendered_page (path=/hotels/grand-portico-hotel-in-latur/location)
hotel-page,b6s4olfh2d99uszviehfrmv3,1,gallery,true,(image-based block — checked separately via image-binding §5d),
hotel-page,xpgxtimveqxgrqhg9xyimeim,0,rich-text,false,"Our Hotels Agra Golden Tulip, Agra Golden Tulip, Agra Visit ",block_content_not_found_in_rendered_page (path=/hotels/highland-sarovar-portico-sindhudurg/location)
hotel-page,xpgxtimveqxgrqhg9xyimeim,1,gallery,true,(image-based block — checked separately via image-binding §5d),
hotel-page,h41o6e999iudncbk3t670279,0,rich-text,false,"Our Hotels Agra Golden Tulip, Agra Golden Tulip, Agra Visit ",block_content_not_found_in_rendered_page (path=/hotels/hometel-alambagh-lucknow/location)
hotel-page,h41o6e999iudncbk3t670279,1,gallery,true,(image-based block — checked separately via image-binding §5d),
hotel-page,q9unv2kf8p4tk1wu3rg8mqt7,0,rich-text,false,"Our Hotels Agra Golden Tulip, Agra Golden Tulip, Agra Visit ",block_content_not_found_in_rendered_page (path=/hotels/hometel-chandigarh/location)
hotel-page,q9unv2kf8p4tk1wu3rg8mqt7,1,gallery,true,(image-based block — checked separately via image-binding §5d),
hotel-page,pcxldsz6hkrofijskylbxqg2,0,rich-text,false,"Our Hotels Agra Golden Tulip, Agra Golden Tulip, Agra Visit ",block_content_not_found_in_rendered_page (path=/hotels/hometel-roorkee/location)
hotel-page,pcxldsz6hkrofijskylbxqg2,1,gallery,true,(image-based block — checked separately via image-binding §5d),
hotel-page,ca1iewn7gc17jap9l5qpv2mq,0,rich-text,false,"Our Hotels Agra Golden Tulip, Agra Golden Tulip, Agra Visit ",block_content_not_found_in_rendered_page (path=/hotels/hrj-sarovar-portico-indore/location)
hotel-page,ca1iewn7gc17jap9l5qpv2mq,1,gallery,true,(image-based block — checked separately via image-binding §5d),
hotel-page,i2r1w8daiuzlliyw81l2owus,0,rich-text,false,"Our Hotels Agra Golden Tulip, Agra Golden Tulip, Agra Visit ",block_content_not_found_in_rendered_page (path=/hotels/iris-sarovar-portico-gurugram/location)
hotel-page,i2r1w8daiuzlliyw81l2owus,1,gallery,true,(image-based block — checked separately via image-binding §5d),
hotel-page,zyfgdxgmf18fuoy392g0ojng,0,rich-text,false,"Our Hotels Agra Golden Tulip, Agra Golden Tulip, Agra Visit ",block_content_not_found_in_rendered_page (path=/hotels/ishaan-sarovar-portico-deoghar/location)
hotel-page,zyfgdxgmf18fuoy392g0ojng,1,gallery,true,(image-based block — checked separately via image-binding §5d),
hotel-page,r61yskjth894rv10o38mjm7m,0,rich-text,false,"Our Hotels Agra Golden Tulip, Agra Golden Tulip, Agra Visit ",block_content_not_found_in_rendered_page (path=/hotels/kpg-sarovar-portico-raj-nagar-extension-ghaziabad/location)
hotel-page,r61yskjth894rv10o38mjm7m,1,gallery,true,(image-based block — checked separately via image-binding §5d),
hotel-page,wviwyhz5t933c40vkn21j30i,0,rich-text,false,"Our Hotels Agra Golden Tulip, Agra Golden Tulip, Agra Visit ",block_content_not_found_in_rendered_page (path=/hotels/la-place-sarovar-portico-lucknow/location)
hotel-page,wviwyhz5t933c40vkn21j30i,1,gallery,true,(image-based block — checked separately via image-binding §5d),
hotel-page,xwix2fsdst41gzyisoxir4c3,0,rich-text,false,"Our Hotels Agra Golden Tulip, Agra Golden Tulip, Agra Visit ",block_content_not_found_in_rendered_page (path=/hotels/lagoon-sarovar-premiere-pondicherry/location)
hotel-page,xwix2fsdst41gzyisoxir4c3,1,gallery,true,(image-based block — checked separately via image-binding §5d),
hotel-page,wlw1xd7cabekk39leqbsc6ui,0,rich-text,false,"Our Hotels Agra Golden Tulip, Agra Golden Tulip, Agra Visit ",block_content_not_found_in_rendered_page (path=/hotels/le-dupleix-pondicherry/location)
hotel-page,wlw1xd7cabekk39leqbsc6ui,1,gallery,true,(image-based block — checked separately via image-binding §5d),
hotel-page,irb54ecv7b4i2fpx2kyjk7c1,0,rich-text,false,"Our Hotels Agra Golden Tulip, Agra Golden Tulip, Agra Visit ",block_content_not_found_in_rendered_page (path=/hotels/le-lac-sarovar-ranchi/location)
hotel-page,irb54ecv7b4i2fpx2kyjk7c1,1,gallery,true,(image-based block — checked separately via image-binding §5d),
hotel-page,ccyrt8dhes512bsvafq6tkil,0,rich-text,false,"Our Hotels Agra Golden Tulip, Agra Golden Tulip, Agra Visit ",block_content_not_found_in_rendered_page (path=/hotels/legend-sarovar-portico/location)
hotel-page,ccyrt8dhes512bsvafq6tkil,1,gallery,true,(image-based block — checked separately via image-binding §5d),
hotel-page,tbi4y4mu9wazj8te43zoslg0,0,rich-text,false,"Our Hotels Agra Golden Tulip, Agra Golden Tulip, Agra Visit ",block_content_not_found_in_rendered_page (path=/hotels/madhuban-sarovar-portico-mussorie/location)
hotel-page,tbi4y4mu9wazj8te43zoslg0,1,gallery,true,(image-based block — checked separately via image-binding §5d),
hotel-page,v9fq1iecafuv2q7017vsj548,0,rich-text,false,"Our Hotels Agra Golden Tulip, Agra Golden Tulip, Agra Visit ",block_content_not_found_in_rendered_page (path=/hotels/mahagun-sarovar-portico-suites-vaishali/location)
hotel-page,v9fq1iecafuv2q7017vsj548,1,gallery,true,(image-based block — checked separately via image-binding §5d),
hotel-page,znq1cqi6lafqjgtiw79s5e9e,0,rich-text,false,"Our Hotels Agra Golden Tulip, Agra Golden Tulip, Agra Visit ",block_content_not_found_in_rendered_page (path=/hotels/majestic-court-sarovar-portico-navi-mumbai/location)
hotel-page,znq1cqi6lafqjgtiw79s5e9e,1,gallery,true,(image-based block — checked separately via image-binding §5d),
hotel-page,xyf8znkdj0fxadr597n2ka37,0,rich-text,false,"Our Hotels Agra Golden Tulip, Agra Golden Tulip, Agra Visit ",block_content_not_found_in_rendered_page (path=/hotels/manjeera-international-convention-centre/location)
hotel-page,xyf8znkdj0fxadr597n2ka37,1,gallery,true,(image-based block — checked separately via image-binding §5d),
hotel-page,czrkpf8adum7o95csv0id4m8,0,rich-text,false,"Our Hotels Agra Golden Tulip, Agra Golden Tulip, Agra Visit ",block_content_not_found_in_rendered_page (path=/hotels/manjeera-sarovar-premiere-rajahmundry/location)
hotel-page,czrkpf8adum7o95csv0id4m8,1,gallery,true,(image-based block — checked separately via image-binding §5d),
hotel-page,sak1w4x4acw85571avmeilzt,0,rich-text,false,"Our Hotels Agra Golden Tulip, Agra Golden Tulip, Agra Visit ",block_content_not_found_in_rendered_page (path=/hotels/marasa-sarovar-portico-rajkot/location)
hotel-page,sak1w4x4acw85571avmeilzt,1,gallery,true,(image-based block — checked separately via image-binding §5d),
hotel-page,ohl79d9uc7nwp2yvwnxu4nju,0,rich-text,false,"Our Hotels Agra Golden Tulip, Agra Golden Tulip, Agra Visit ",block_content_not_found_in_rendered_page (path=/hotels/marasa-sarovar-premiere-bodhgaya/location)
hotel-page,ohl79d9uc7nwp2yvwnxu4nju,1,gallery,true,(image-based block — checked separately via image-binding §5d),
hotel-page,etdsnt3ruwwnop8c5yun28mu,0,rich-text,false,"Our Hotels Agra Golden Tulip, Agra Golden Tulip, Agra Visit ",block_content_not_found_in_rendered_page (path=/hotels/marasa-sarovar-premiere-tirupati-hotels/location)
hotel-page,etdsnt3ruwwnop8c5yun28mu,1,gallery,true,(image-based block — checked separately via image-binding §5d),
hotel-page,s6wb35l3gd62rcs1tqls28jv,0,rich-text,false,"Our Hotels Agra Golden Tulip, Agra Golden Tulip, Agra Visit ",block_content_not_found_in_rendered_page (path=/hotels/marigold-sarovar-portico-mashobra-shimla/location)
hotel-page,s6wb35l3gd62rcs1tqls28jv,1,gallery,true,(image-based block — checked separately via image-binding §5d),
hotel-page,a3uka5wntpod5d9kyc47xlrd,0,rich-text,false,"Our Hotels Agra Golden Tulip, Agra Golden Tulip, Agra Visit ",block_content_not_found_in_rendered_page (path=/hotels/marine-plaza-mumbai/location)
hotel-page,a3uka5wntpod5d9kyc47xlrd,1,gallery,true,(image-based block — checked separately via image-binding §5d),
hotel-page,mpknp2gpi8gxcp58xz9gd12i,0,rich-text,false,"Our Hotels Agra Golden Tulip, Agra Golden Tulip, Agra Visit ",block_content_not_found_in_rendered_page (path=/hotels/mj-sarovar-portico-haridwar/location)
hotel-page,mpknp2gpi8gxcp58xz9gd12i,1,gallery,true,(image-based block — checked separately via image-binding §5d),
hotel-page,tk04su92q9qv9nw3nl3wfoef,0,rich-text,false,"Our Hotels Agra Golden Tulip, Agra Golden Tulip, Agra Visit ",block_content_not_found_in_rendered_page (path=/hotels/mountnoor-sarovar-premiere-pahalgam/location)
hotel-page,tk04su92q9qv9nw3nl3wfoef,1,gallery,true,(image-based block — checked separately via image-binding §5d),
hotel-page,u3anh9plg8gecqhkb9zg99zt,0,rich-text,false,"Our Hotels Agra Golden Tulip, Agra Golden Tulip, Agra Visit ",block_content_not_found_in_rendered_page (path=/hotels/mukundra-sarovar-premiere-kota/location)
hotel-page,u3anh9plg8gecqhkb9zg99zt,1,gallery,true,(image-based block — checked separately via image-binding §5d),
hotel-page,hp9cx9jvirir3idqrasfs10f,0,rich-text,false,"Our Hotels Agra Golden Tulip, Agra Golden Tulip, Agra Visit ",block_content_not_found_in_rendered_page (path=/hotels/nataraj-sarovar-portico-jhansi/location)
hotel-page,hp9cx9jvirir3idqrasfs10f,1,gallery,true,(image-based block — checked separately via image-binding §5d),
hotel-page,wp3andpmh7jf2g2wcn1zlb5q,0,rich-text,false,"Our Hotels Agra Golden Tulip, Agra Golden Tulip, Agra Visit ",block_content_not_found_in_rendered_page (path=/hotels/naturevilas-portico-manali/location)
hotel-page,wp3andpmh7jf2g2wcn1zlb5q,1,gallery,true,(image-based block — checked separately via image-binding §5d),
hotel-page,sh1rvzchq08t54c8ai2qkcl4,0,rich-text,false,"Our Hotels Agra Golden Tulip, Agra Golden Tulip, Agra Visit ",block_content_not_found_in_rendered_page (path=/hotels/neelkanth-sarovar-premiere-lusaka/location)
hotel-page,sh1rvzchq08t54c8ai2qkcl4,1,gallery,true,(image-based block — checked separately via image-binding §5d),
hotel-page,tek2hyfmwtskexpxox6pyld2,0,rich-text,false,"Our Hotels Agra Golden Tulip, Agra Golden Tulip, Agra Visit ",block_content_not_found_in_rendered_page (path=/hotels/nidhivan-sarovar-portico-vrindavan/location)
hotel-page,tek2hyfmwtskexpxox6pyld2,1,gallery,true,(image-based block — checked separately via image-binding §5d),
hotel-page,vuu5nz64hzvqxdkk8cf2yb0y,0,rich-text,false,"Our Hotels Agra Golden Tulip, Agra Golden Tulip, Agra Visit ",block_content_not_found_in_rendered_page (path=/hotels/nirvana-sarovar-portico-gorakhpur/location)
hotel-page,vuu5nz64hzvqxdkk8cf2yb0y,1,gallery,true,(image-based block — checked separately via image-binding §5d),
hotel-page,cokrelr5z1p4hlhqoot6qznx,0,rich-text,false,"Our Hotels Agra Golden Tulip, Agra Golden Tulip, Agra Visit ",block_content_not_found_in_rendered_page (path=/hotels/nirwana-hometel-jaipur-sarovar/location)
hotel-page,cokrelr5z1p4hlhqoot6qznx,1,gallery,true,(image-based block — checked separately via image-binding §5d),
hotel-page,umzqa97peszwfsl7b6jey0xw,0,rich-text,false,"Our Hotels Agra Golden Tulip, Agra Golden Tulip, Agra Visit ",block_content_not_found_in_rendered_page (path=/hotels/paradigm-sarovar-kakinada/location)
hotel-page,umzqa97peszwfsl7b6jey0xw,1,gallery,true,(image-based block — checked separately via image-binding §5d),
hotel-page,zaiswm52opvi9taqnsmd8h1d,0,rich-text,false,"Our Hotels Agra Golden Tulip, Agra Golden Tulip, Agra Visit ",block_content_not_found_in_rendered_page (path=/hotels/park-inn-by-radisson-ayodhya/location)
hotel-page,zaiswm52opvi9taqnsmd8h1d,1,gallery,true,(image-based block — checked separately via image-binding §5d),
hotel-page,xykqqwqtwmnsel9vuzgo6o7r,0,rich-text,false,"Our Hotels Agra Golden Tulip, Agra Golden Tulip, Agra Visit ",block_content_not_found_in_rendered_page (path=/hotels/park-inn-gurgaon/location)
hotel-page,xykqqwqtwmnsel9vuzgo6o7r,1,gallery,true,(image-based block — checked separately via image-binding §5d),
hotel-page,tm6onu72t4wwf1x1kwtegd6b,0,rich-text,false,"Our Hotels Agra Golden Tulip, Agra Golden Tulip, Agra Visit ",block_content_not_found_in_rendered_page (path=/hotels/Park-Inn-Radisson-Goa-Candolim/location)
hotel-page,tm6onu72t4wwf1x1kwtegd6b,1,gallery,true,(image-based block — checked separately via image-binding §5d),
hotel-page,brby46gds65ahpn3agzfkik3,0,rich-text,false,"Our Hotels Agra Golden Tulip, Agra Golden Tulip, Agra Visit ",block_content_not_found_in_rendered_page (path=/hotels/park-plaza-faridabad/location)
hotel-page,brby46gds65ahpn3agzfkik3,1,gallery,true,(image-based block — checked separately via image-binding §5d),
hotel-page,mhz4hn7yjecql313mcb6ilng,0,rich-text,false,"Our Hotels Agra Golden Tulip, Agra Golden Tulip, Agra Visit ",block_content_not_found_in_rendered_page (path=/hotels/park-plaza-jalandhar/location)
hotel-page,mhz4hn7yjecql313mcb6ilng,1,gallery,true,(image-based block — checked separately via image-binding §5d),
hotel-page,mnh1cophl1q9j1iz4d125yap,0,rich-text,false,"Our Hotels Agra Golden Tulip, Agra Golden Tulip, Agra Visit ",block_content_not_found_in_rendered_page (path=/hotels/park-plaza-jodhpur/location)
hotel-page,mnh1cophl1q9j1iz4d125yap,1,gallery,true,(image-based block — checked separately via image-binding §5d),
hotel-page,ao82i0fr4cgsuxdbw7slkq5o,0,rich-text,false,"Our Hotels Agra Golden Tulip, Agra Golden Tulip, Agra Visit ",block_content_not_found_in_rendered_page (path=/hotels/park-plaza-ludhiana/location)
hotel-page,ao82i0fr4cgsuxdbw7slkq5o,1,gallery,true,(image-based block — checked separately via image-binding §5d),
hotel-page,mnlvxml8xe58dv8k75i8d97g,0,rich-text,false,"Our Hotels Agra Golden Tulip, Agra Golden Tulip, Agra Visit ",block_content_not_found_in_rendered_page (path=/hotels/park-plaza-shahadra--east-delhi/location)
hotel-page,mnlvxml8xe58dv8k75i8d97g,1,gallery,true,(image-based block — checked separately via image-binding §5d),
hotel-page,p3l6b9kjuqs1fix9h3fxem5x,0,rich-text,false,"Our Hotels Agra Golden Tulip, Agra Golden Tulip, Agra Visit ",block_content_not_found_in_rendered_page (path=/hotels/park-plaza-zirakpur/location)
hotel-page,p3l6b9kjuqs1fix9h3fxem5x,1,gallery,true,(image-based block — checked separately via image-binding §5d),
hotel-page,gcbsu5lzy7fytxw3s3lc8610,0,rich-text,false,"Our Hotels Agra Golden Tulip, Agra Golden Tulip, Agra Visit ",block_content_not_found_in_rendered_page (path=/hotels/prachi-sarovar-premiere-bhubaneswar/location)
hotel-page,gcbsu5lzy7fytxw3s3lc8610,1,gallery,true,(image-based block — checked separately via image-binding §5d),
hotel-page,gkea9ua9vkmfnezy0xk7u6jo,0,rich-text,false,"Our Hotels Agra Golden Tulip, Agra Golden Tulip, Agra Visit ",block_content_not_found_in_rendered_page (path=/hotels/presidium-sarovar-premiere-dalhousie/location)
hotel-page,gkea9ua9vkmfnezy0xk7u6jo,1,gallery,true,(image-based block — checked separately via image-binding §5d),
hotel-page,habfyb9oex1hxi50r4ojyz77,0,rich-text,false,"Our Hotels Agra Golden Tulip, Agra Golden Tulip, Agra Visit ",block_content_not_found_in_rendered_page (path=/hotels/pushkara-portico-hotel-in-dibrugarh/location)
hotel-page,habfyb9oex1hxi50r4ojyz77,1,gallery,true,(image-based block — checked separately via image-binding §5d),
hotel-page,cg86t0gy2ukc2s2ewoubsmwg,0,rich-text,false,"Our Hotels Agra Golden Tulip, Agra Golden Tulip, Agra Visit ",block_content_not_found_in_rendered_page (path=/hotels/radha-hometel-bangalore/location)
hotel-page,cg86t0gy2ukc2s2ewoubsmwg,1,gallery,true,(image-based block — checked separately via image-binding §5d),
hotel-page,n9ejkqf3n5oh0d0iksxitewf,0,rich-text,false,"Our Hotels Agra Golden Tulip, Agra Golden Tulip, Agra Visit ",block_content_not_found_in_rendered_page (path=/hotels/radha-regent-chennai/location)
hotel-page,n9ejkqf3n5oh0d0iksxitewf,1,gallery,true,(image-based block — checked separately via image-binding §5d),
hotel-page,im2q6xdpseg6hoi7thpzwyll,0,rich-text,false,"Our Hotels Agra Golden Tulip, Agra Golden Tulip, Agra Visit ",block_content_not_found_in_rendered_page (path=/hotels/radisson-blu--bengaluru-outer-ring-road/location)
hotel-page,im2q6xdpseg6hoi7thpzwyll,1,gallery,true,(image-based block — checked separately via image-binding §5d),
hotel-page,q9e69w14l7yxy6s7h36jgvqn,0,rich-text,false,"Our Hotels Agra Golden Tulip, Agra Golden Tulip, Agra Visit ",block_content_not_found_in_rendered_page (path=/hotels/radisson-hyderabad--hitec/location)
hotel-page,q9e69w14l7yxy6s7h36jgvqn,1,gallery,true,(image-based block — checked separately via image-binding §5d),
hotel-page,f5lcmdyped9b4z4f4o2usoi4,0,rich-text,false,"Our Hotels Agra Golden Tulip, Agra Golden Tulip, Agra Visit ",block_content_not_found_in_rendered_page (path=/hotels/radisson-mumbai-goregaon/location)
hotel-page,f5lcmdyped9b4z4f4o2usoi4,1,gallery,true,(image-based block — checked separately via image-binding §5d),
hotel-page,pthutzzz8w91fk8rld0svp9c,0,rich-text,false,"Our Hotels Agra Golden Tulip, Agra Golden Tulip, Agra Visit ",block_content_not_found_in_rendered_page (path=/hotels/rbd-sarovar-portico-outer-ring-road-bengaluru/location)
hotel-page,pthutzzz8w91fk8rld0svp9c,1,gallery,true,(image-based block — checked separately via image-binding §5d),
hotel-page,zkk9oebt1jwcj3xdzgtsc5xr,0,rich-text,false,"Our Hotels Agra Golden Tulip, Agra Golden Tulip, Agra Visit ",block_content_not_found_in_rendered_page (path=/hotels/residency-sarovar-portico-mumbai/location)
hotel-page,zkk9oebt1jwcj3xdzgtsc5xr,1,gallery,true,(image-based block — checked separately via image-binding §5d),
hotel-page,x220qyl4jf529wa5ybh77161,0,rich-text,false,"Our Hotels Agra Golden Tulip, Agra Golden Tulip, Agra Visit ",block_content_not_found_in_rendered_page (path=/hotels/rivera-sarovar-portico-ahmedabad/location)
hotel-page,x220qyl4jf529wa5ybh77161,1,gallery,true,(image-based block — checked separately via image-binding §5d),
hotel-page,n07u95v84wan2dxlvk8hxhfe,0,rich-text,false,"Our Hotels Agra Golden Tulip, Agra Golden Tulip, Agra Visit ",block_content_not_found_in_rendered_page (path=/hotels/riviera-sarovar-portico-pathankot/location)
hotel-page,n07u95v84wan2dxlvk8hxhfe,1,gallery,true,(image-based block — checked separately via image-binding §5d),
hotel-page,au7cyszaaoaog7m4asrdbf2f,0,rich-text,false,"Our Hotels Agra Golden Tulip, Agra Golden Tulip, Agra Visit ",block_content_not_found_in_rendered_page (path=/hotels/rosefinch-sarovar-portico-bhimtal/location)
hotel-page,au7cyszaaoaog7m4asrdbf2f,1,gallery,true,(image-based block — checked separately via image-binding §5d),
hotel-page,sd8q0t6t1v8utlsg0z95qfgc,0,rich-text,false,"Our Hotels Agra Golden Tulip, Agra Golden Tulip, Agra Visit ",block_content_not_found_in_rendered_page (path=/hotels/royal-hometel-suites-dahisar-mumbai/location)
hotel-page,sd8q0t6t1v8utlsg0z95qfgc,1,gallery,true,(image-based block — checked separately via image-binding §5d),
hotel-page,gdf4bzcu8raz0o5g3orxtvo3,0,rich-text,false,"Our Hotels Agra Golden Tulip, Agra Golden Tulip, Agra Visit ",block_content_not_found_in_rendered_page (path=/hotels/royal-kingdom-sarovar-portico-pilibhit/location)
hotel-page,gdf4bzcu8raz0o5g3orxtvo3,1,gallery,true,(image-based block — checked separately via image-binding §5d),
hotel-page,fpr69xt0iw3nxx8t13xsxdqt,0,rich-text,false,"Our Hotels Agra Golden Tulip, Agra Golden Tulip, Agra Visit ",block_content_not_found_in_rendered_page (path=/hotels/royal-sarovar-portico-siliguri/location)
hotel-page,fpr69xt0iw3nxx8t13xsxdqt,1,gallery,true,(image-based block — checked separately via image-binding §5d),
hotel-page,xsl1qi3k1rqqfkazlenqc1c8,0,rich-text,false,"Our Hotels Agra Golden Tulip, Agra Golden Tulip, Agra Visit ",block_content_not_found_in_rendered_page (path=/hotels/royal-tulip-chitwan/location)
hotel-page,xsl1qi3k1rqqfkazlenqc1c8,1,gallery,true,(image-based block — checked separately via image-binding §5d),
hotel-page,kz0akiu4k3565tj934ddppow,0,rich-text,false,"Our Hotels Agra Golden Tulip, Agra Golden Tulip, Agra Visit ",block_content_not_found_in_rendered_page (path=/hotels/royal-tulip-kathmandu-shivapuri-national-park/location)
hotel-page,kz0akiu4k3565tj934ddppow,1,gallery,true,(image-based block — checked separately via image-binding §5d),
hotel-page,ifysmtn4l1dr6eewulewxuyl,0,rich-text,false,"Our Hotels Agra Golden Tulip, Agra Golden Tulip, Agra Visit ",block_content_not_found_in_rendered_page (path=/hotels/royal-tulip-kathmandu/location)
hotel-page,ifysmtn4l1dr6eewulewxuyl,1,gallery,true,(image-based block — checked separately via image-binding §5d),
hotel-page,dg0fyfqoy0rndgxc5p1tih2c,0,rich-text,false,"Our Hotels Agra Golden Tulip, Agra Golden Tulip, Agra Visit ",block_content_not_found_in_rendered_page (path=/hotels/royale-sarovar-portico-agra/location)
hotel-page,dg0fyfqoy0rndgxc5p1tih2c,1,gallery,true,(image-based block — checked separately via image-binding §5d),
hotel-page,adukcj7ww5v2u7im7e10z6yy,0,rich-text,false,"Our Hotels Agra Golden Tulip, Agra Golden Tulip, Agra Visit ",block_content_not_found_in_rendered_page (path=/hotels/rs-sarovar-portico-palampur/location)
hotel-page,adukcj7ww5v2u7im7e10z6yy,1,gallery,true,(image-based block — checked separately via image-binding §5d),
hotel-page,ivy28vyl9s70pcctt51nud7h,0,rich-text,false,"Our Hotels Agra Golden Tulip, Agra Golden Tulip, Agra Visit ",block_content_not_found_in_rendered_page (path=/hotels/sairafort-sarovar-portico-jaisalmer/location)
hotel-page,ivy28vyl9s70pcctt51nud7h,1,gallery,true,(image-based block — checked separately via image-binding §5d),
hotel-page,gc7kb6yzohmg78vgq49mia97,0,rich-text,false,"Our Hotels Agra Golden Tulip, Agra Golden Tulip, Agra Visit ",block_content_not_found_in_rendered_page (path=/hotels/sarovar-ahmedabad/location)
hotel-page,gc7kb6yzohmg78vgq49mia97,1,gallery,true,(image-based block — checked separately via image-binding §5d),
hotel-page,gtgy0innsjdp3bc45n4r3jy8,0,rich-text,false,"Our Hotels Agra Golden Tulip, Agra Golden Tulip, Agra Visit ",block_content_not_found_in_rendered_page (path=/hotels/sarovar-portico-ajmer/location)
hotel-page,gtgy0innsjdp3bc45n4r3jy8,1,gallery,true,(image-based block — checked separately via image-binding §5d),
hotel-page,qpyq0dwhs5kipuk27jpw0pba,0,rich-text,false,"Our Hotels Agra Golden Tulip, Agra Golden Tulip, Agra Visit ",block_content_not_found_in_rendered_page (path=/hotels/sarovar-portico-badrinath-uttarakhand/location)
hotel-page,qpyq0dwhs5kipuk27jpw0pba,1,gallery,true,(image-based block — checked separately via image-binding §5d),
hotel-page,lo1bgydhjfco89njttgxjvpu,0,rich-text,false,"Our Hotels Agra Golden Tulip, Agra Golden Tulip, Agra Visit ",block_content_not_found_in_rendered_page (path=/hotels/sarovar-portico-bhubaneswar/location)
hotel-page,lo1bgydhjfco89njttgxjvpu,1,gallery,true,(image-based block — checked separately via image-binding §5d),
hotel-page,y9bf5zsvzy3nocec3tc31z5t,0,rich-text,false,"Our Hotels Agra Golden Tulip, Agra Golden Tulip, Agra Visit ",block_content_not_found_in_rendered_page (path=/hotels/sarovar-portico-birgunj/location)
hotel-page,y9bf5zsvzy3nocec3tc31z5t,1,gallery,true,(image-based block — checked separately via image-binding §5d),
hotel-page,rbpoilbnccmnj273ab9ts64g,0,rich-text,false,"Our Hotels Agra Golden Tulip, Agra Golden Tulip, Agra Visit ",block_content_not_found_in_rendered_page (path=/hotels/sarovar-portico-dehradun/location)
hotel-page,rbpoilbnccmnj273ab9ts64g,1,gallery,true,(image-based block — checked separately via image-binding §5d),
hotel-page,zbhpo5ijsavbkpyubtvnkuwj,0,rich-text,false,"Our Hotels Agra Golden Tulip, Agra Golden Tulip, Agra Visit ",block_content_not_found_in_rendered_page (path=/hotels/sarovar-portico-gir/location)
hotel-page,zbhpo5ijsavbkpyubtvnkuwj,1,gallery,true,(image-based block — checked separately via image-binding §5d),
hotel-page,mnikmvmz542gm4vgjjivz2my,0,rich-text,false,"Our Hotels Agra Golden Tulip, Agra Golden Tulip, Agra Visit ",block_content_not_found_in_rendered_page (path=/hotels/sarovar-portico-hanumangarh/location)
hotel-page,mnikmvmz542gm4vgjjivz2my,1,gallery,true,(image-based block — checked separately via image-binding §5d),
hotel-page,e3ua9iqd6ysbh3fv04psoeg6,0,rich-text,false,"Our Hotels Agra Golden Tulip, Agra Golden Tulip, Agra Visit ",block_content_not_found_in_rendered_page (path=/hotels/sarovar-portico-jaipur/location)
hotel-page,e3ua9iqd6ysbh3fv04psoeg6,1,gallery,true,(image-based block — checked separately via image-binding §5d),
hotel-page,ppz01cz38x1bba0rvg8el2u3,0,rich-text,false,"Our Hotels Agra Golden Tulip, Agra Golden Tulip, Agra Visit ",block_content_not_found_in_rendered_page (path=/hotels/sarovar-portico-jalandhar/location)
hotel-page,ppz01cz38x1bba0rvg8el2u3,1,gallery,true,(image-based block — checked separately via image-binding §5d),
hotel-page,wlwr24hjrenez9f9ysqxxgjk,0,rich-text,false,"Our Hotels Agra Golden Tulip, Agra Golden Tulip, Agra Visit ",block_content_not_found_in_rendered_page (path=/hotels/sarovar-portico-kolkata-rajarhat/location)
hotel-page,wlwr24hjrenez9f9ysqxxgjk,1,gallery,true,(image-based block — checked separately via image-binding §5d),
hotel-page,ifv6e5xtkh8anc0oeb1lvnk6,0,rich-text,false,"Our Hotels Agra Golden Tulip, Agra Golden Tulip, Agra Visit ",block_content_not_found_in_rendered_page (path=/hotels/sarovar-portico-morbi/location)
hotel-page,ifv6e5xtkh8anc0oeb1lvnk6,1,gallery,true,(image-based block — checked separately via image-binding §5d),
hotel-page,jyqhmncf15z88p1ishgaae7h,0,rich-text,false,"Our Hotels Agra Golden Tulip, Agra Golden Tulip, Agra Visit ",block_content_not_found_in_rendered_page (path=/hotels/sarovar-portico-naraina-new-delhi/location)
hotel-page,jyqhmncf15z88p1ishgaae7h,1,gallery,true,(image-based block — checked separately via image-binding §5d),
hotel-page,it672j643sa3k0ks2e11ep4y,0,rich-text,false,"Our Hotels Agra Golden Tulip, Agra Golden Tulip, Agra Visit ",block_content_not_found_in_rendered_page (path=/hotels/sarovar-portico-saharanpur/location)
hotel-page,it672j643sa3k0ks2e11ep4y,1,gallery,true,(image-based block — checked separately via image-binding §5d),
hotel-page,f8oaxk7u0qckjjyei6enotmc,0,rich-text,false,"Our Hotels Agra Golden Tulip, Agra Golden Tulip, Agra Visit ",block_content_not_found_in_rendered_page (path=/hotels/sarovar-portico-somnath/location)
hotel-page,f8oaxk7u0qckjjyei6enotmc,1,gallery,true,(image-based block — checked separately via image-binding §5d),
hotel-page,adqsjqk6njpelgl5b8q6hkxe,0,rich-text,false,"Our Hotels Agra Golden Tulip, Agra Golden Tulip, Agra Visit ",block_content_not_found_in_rendered_page (path=/hotels/sarovar-portico-sonipat/location)
hotel-page,adqsjqk6njpelgl5b8q6hkxe,1,gallery,true,(image-based block — checked separately via image-binding §5d),
hotel-page,dqfyr5jo4vmqjbv4isyd626c,0,rich-text,false,"Our Hotels Agra Golden Tulip, Agra Golden Tulip, Agra Visit ",block_content_not_found_in_rendered_page (path=/hotels/sarovar-portico-srinagar/location)
hotel-page,dqfyr5jo4vmqjbv4isyd626c,1,gallery,true,(image-based block — checked separately via image-binding §5d),
hotel-page,pbvotvgi0f9b25il9qq102gr,0,rich-text,false,"Our Hotels Agra Golden Tulip, Agra Golden Tulip, Agra Visit ",block_content_not_found_in_rendered_page (path=/hotels/sarovar-portico-sriperumbudur/location)
hotel-page,pbvotvgi0f9b25il9qq102gr,1,gallery,true,(image-based block — checked separately via image-binding §5d),
hotel-page,pwej5qzj1yzg4nd19v4so9ws,0,rich-text,false,"Our Hotels Agra Golden Tulip, Agra Golden Tulip, Agra Visit ",block_content_not_found_in_rendered_page (path=/hotels/sarovar-portico-surajkund/location)
hotel-page,pwej5qzj1yzg4nd19v4so9ws,1,gallery,true,(image-based block — checked separately via image-binding §5d),
hotel-page,clue6qh1z9gp2a7d402p8fxa,0,rich-text,false,"Our Hotels Agra Golden Tulip, Agra Golden Tulip, Agra Visit ",block_content_not_found_in_rendered_page (path=/hotels/sarovar-premiere-alwar/location)
hotel-page,clue6qh1z9gp2a7d402p8fxa,1,gallery,true,(image-based block — checked separately via image-binding §5d),
hotel-page,d3m0bccg3utfofh6wjv5s30x,0,rich-text,false,"Our Hotels Agra Golden Tulip, Agra Golden Tulip, Agra Visit ",block_content_not_found_in_rendered_page (path=/hotels/sarovar-premiere-amritsar/location)
hotel-page,d3m0bccg3utfofh6wjv5s30x,1,gallery,true,(image-based block — checked separately via image-binding §5d),
hotel-page,p7bq98v0cm1eo0do0og0tye5,0,rich-text,false,"Our Hotels Agra Golden Tulip, Agra Golden Tulip, Agra Visit ",block_content_not_found_in_rendered_page (path=/hotels/sarovar-premiere-jaipur/location)
hotel-page,p7bq98v0cm1eo0do0og0tye5,1,gallery,true,(image-based block — checked separately via image-binding §5d),
hotel-page,mevy4927djkoyq9ecz7py5yz,0,rich-text,false,"Our Hotels Agra Golden Tulip, Agra Golden Tulip, Agra Visit ",block_content_not_found_in_rendered_page (path=/hotels/sarovar-premiere-srinagar/location)
hotel-page,mevy4927djkoyq9ecz7py5yz,1,gallery,true,(image-based block — checked separately via image-binding §5d),
hotel-page,kab0dvxpiaa9fmj6r9jqhao8,0,rich-text,false,"Our Hotels Agra Golden Tulip, Agra Golden Tulip, Agra Visit ",block_content_not_found_in_rendered_page (path=/hotels/sea-breeze-sarovar-portico-varca-goa/location)
hotel-page,kab0dvxpiaa9fmj6r9jqhao8,1,gallery,true,(image-based block — checked separately via image-binding §5d),
hotel-page,ghm2o0znk7qlmn98019435w5,0,rich-text,false,"Our Hotels Agra Golden Tulip, Agra Golden Tulip, Agra Visit ",block_content_not_found_in_rendered_page (path=/hotels/serene-premiere-hargeisa/location)
hotel-page,ghm2o0znk7qlmn98019435w5,1,gallery,true,(image-based block — checked separately via image-binding §5d),
hotel-page,nquzt2oaapqnob0shf2kdfh2,0,rich-text,false,"Our Hotels Agra Golden Tulip, Agra Golden Tulip, Agra Visit ",block_content_not_found_in_rendered_page (path=/hotels/shravanthi-sarovar-portico-bengaluru/location)
hotel-page,nquzt2oaapqnob0shf2kdfh2,1,gallery,true,(image-based block — checked separately via image-binding §5d),
hotel-page,qf2mw52t0epgfnkxo19pntjm,0,rich-text,false,"Our Hotels Agra Golden Tulip, Agra Golden Tulip, Agra Visit ",block_content_not_found_in_rendered_page (path=/hotels/shyama-sarovar-portico-orai/location)
hotel-page,qf2mw52t0epgfnkxo19pntjm,1,gallery,true,(image-based block — checked separately via image-binding §5d),
hotel-page,ut19hlkroaomv9exkht42atv,0,rich-text,false,"Our Hotels Agra Golden Tulip, Agra Golden Tulip, Agra Visit ",block_content_not_found_in_rendered_page (path=/hotels/singhania-sarovar-portico-raipur/location)
hotel-page,ut19hlkroaomv9exkht42atv,1,gallery,true,(image-based block — checked separately via image-binding §5d),
hotel-page,m85jtth4o7g7o1neud023gch,0,rich-text,false,"Our Hotels Agra Golden Tulip, Agra Golden Tulip, Agra Visit ",block_content_not_found_in_rendered_page (path=/hotels/skywings-sarovar-portico-mathura/location)
hotel-page,m85jtth4o7g7o1neud023gch,1,gallery,true,(image-based block — checked separately via image-binding §5d),
hotel-page,i4pxrwnvyodmsr5tr37lxaq0,0,rich-text,false,"Our Hotels Agra Golden Tulip, Agra Golden Tulip, Agra Visit ",block_content_not_found_in_rendered_page (path=/hotels/sobit-sarovar-portico-palolem-beach-hotel-goa/location)
hotel-page,i4pxrwnvyodmsr5tr37lxaq0,1,gallery,true,(image-based block — checked separately via image-binding §5d),
hotel-page,afx5hzof892xjewsvg2s7xkx,0,rich-text,false,"Our Hotels Agra Golden Tulip, Agra Golden Tulip, Agra Visit ",block_content_not_found_in_rendered_page (path=/hotels/taurus-hotel-mahipalpur-new-delhi/location)
hotel-page,afx5hzof892xjewsvg2s7xkx,1,gallery,true,(image-based block — checked separately via image-binding §5d),
hotel-page,h8ru87qiuef8qxkja8eqfk5m,0,rich-text,false,"Our Hotels Agra Golden Tulip, Agra Golden Tulip, Agra Visit ",block_content_not_found_in_rendered_page (path=/hotels/the-ashtan-sarovar-portico-new-delhi/location)
hotel-page,h8ru87qiuef8qxkja8eqfk5m,1,gallery,true,(image-based block — checked separately via image-binding §5d),
hotel-page,k39d7o0whmopnydsyu27iewi,0,rich-text,false,"Our Hotels Agra Golden Tulip, Agra Golden Tulip, Agra Visit ",block_content_not_found_in_rendered_page (path=/hotels/the-gaurs-sarovar-premiere/location)
hotel-page,k39d7o0whmopnydsyu27iewi,1,gallery,true,(image-based block — checked separately via image-binding §5d),
hotel-page,zjcn8g7ve2lgabts5uqr2rqx,0,rich-text,false,"Our Hotels Agra Golden Tulip, Agra Golden Tulip, Agra Visit ",block_content_not_found_in_rendered_page (path=/hotels/the-gokulam-park-kochi/location)
hotel-page,zjcn8g7ve2lgabts5uqr2rqx,1,gallery,true,(image-based block — checked separately via image-binding §5d),
hotel-page,nxfzv1gvu5rqmlr9bvtp330l,0,rich-text,false,"Our Hotels Agra Golden Tulip, Agra Golden Tulip, Agra Visit ",block_content_not_found_in_rendered_page (path=/hotels/the-heron-portico-nairobi/location)
hotel-page,nxfzv1gvu5rqmlr9bvtp330l,1,gallery,true,(image-based block — checked separately via image-binding §5d),
hotel-page,c7olxuv4wdo7xamxyn2kbijt,0,rich-text,false,"Our Hotels Agra Golden Tulip, Agra Golden Tulip, Agra Visit ",block_content_not_found_in_rendered_page (path=/hotels/the-muse-sarovar-portico-nehru-place-new-delhi/location)
hotel-page,c7olxuv4wdo7xamxyn2kbijt,1,gallery,true,(image-based block — checked separately via image-binding §5d),
hotel-page,ej1dt5qsiw4qm78vpm0g04s8,0,rich-text,false,"Our Hotels Agra Golden Tulip, Agra Golden Tulip, Agra Visit ",block_content_not_found_in_rendered_page (path=/hotels/the-promenade-pondicherry/location)
hotel-page,ej1dt5qsiw4qm78vpm0g04s8,1,gallery,true,(image-based block — checked separately via image-binding §5d),
hotel-page,lk3m1vr9i32prhc4qfi8ebvp,0,rich-text,false,"Our Hotels Agra Golden Tulip, Agra Golden Tulip, Agra Visit ",block_content_not_found_in_rendered_page (path=/hotels/tulip-inn-bhopal/location)
hotel-page,lk3m1vr9i32prhc4qfi8ebvp,1,gallery,true,(image-based block — checked separately via image-binding §5d),
hotel-page,x2ojjsj0pj81zyo9r9l2ljr9,0,rich-text,false,"Our Hotels Agra Golden Tulip, Agra Golden Tulip, Agra Visit ",block_content_not_found_in_rendered_page (path=/hotels/tulip-inn-gurugram-near-medanta/location)
hotel-page,x2ojjsj0pj81zyo9r9l2ljr9,1,gallery,true,(image-based block — checked separately via image-binding §5d),
hotel-page,olt5ncfj3ij6fg1ohsjxrrk0,0,rich-text,false,"Our Hotels Agra Golden Tulip, Agra Golden Tulip, Agra Visit ",block_content_not_found_in_rendered_page (path=/hotels/tulip-inn-koramangala/location)
hotel-page,olt5ncfj3ij6fg1ohsjxrrk0,1,gallery,true,(image-based block — checked separately via image-binding §5d),
hotel-page,jpw4nyvp8ypalanl7vuqep8f,0,rich-text,false,"Our Hotels Agra Golden Tulip, Agra Golden Tulip, Agra Visit ",block_content_not_found_in_rendered_page (path=/hotels/tulip-inn-shravasti/location)
hotel-page,jpw4nyvp8ypalanl7vuqep8f,1,gallery,true,(image-based block — checked separately via image-binding §5d),
hotel-page,lmaelrqv9cxjkdhwh9icfnfs,0,rich-text,false,"Our Hotels Agra Golden Tulip, Agra Golden Tulip, Agra Visit ",block_content_not_found_in_rendered_page (path=/hotels/tulip-inn-zirakpur/location)
hotel-page,lmaelrqv9cxjkdhwh9icfnfs,1,gallery,true,(image-based block — checked separately via image-binding §5d),
hotel-page,wn8n8jmacym53gche4yk9pwm,0,rich-text,false,"Our Hotels Agra Golden Tulip, Agra Golden Tulip, Agra Visit ",block_content_not_found_in_rendered_page (path=/hotels/v-sarovar-portico-mi-road-jaipur/location)
hotel-page,wn8n8jmacym53gche4yk9pwm,1,gallery,true,(image-based block — checked separately via image-binding §5d),
hotel-page,ker81zkrra6h33ikqyfg3e7d,0,rich-text,false,"Our Hotels Agra Golden Tulip, Agra Golden Tulip, Agra Visit ",block_content_not_found_in_rendered_page (path=/hotels/vaishnodevi-portico-katra/location)
hotel-page,ker81zkrra6h33ikqyfg3e7d,1,gallery,true,(image-based block — checked separately via image-binding §5d),
hotel-page,ohbdrbb00oo6bi8i82sam86i,0,rich-text,false,"Our Hotels Agra Golden Tulip, Agra Golden Tulip, Agra Visit ",block_content_not_found_in_rendered_page (path=/hotels/vandhara-sarovar-premiere-patkote/location)
hotel-page,ohbdrbb00oo6bi8i82sam86i,1,gallery,true,(image-based block — checked separately via image-binding §5d),
hotel-page,yzqhqsoao0ozqjmidvdg187r,0,rich-text,false,"Our Hotels Agra Golden Tulip, Agra Golden Tulip, Agra Visit ",block_content_not_found_in_rendered_page (path=/hotels/venizia-sarovar-portico-in-new-delhi/location)
hotel-page,yzqhqsoao0ozqjmidvdg187r,1,gallery,true,(image-based block — checked separately via image-binding §5d),
hotel-page,sgod6u9ndlp3wrianjbviqid,0,rich-text,false,"Our Hotels Agra Golden Tulip, Agra Golden Tulip, Agra Visit ",block_content_not_found_in_rendered_page (path=/hotels/viraj-sarovar-portico-jammu/location)
hotel-page,sgod6u9ndlp3wrianjbviqid,1,gallery,true,(image-based block — checked separately via image-binding §5d),
hotel-page,rxddmtwt6h1lyyx82corpfnl,0,rich-text,false,"Our Hotels Agra Golden Tulip, Agra Golden Tulip, Agra Visit ",block_content_not_found_in_rendered_page (path=/hotels/abn-sarovar-portico-jim-corbett/amenities)
hotel-page,rxddmtwt6h1lyyx82corpfnl,1,gallery,true,(image-based block — checked separately via image-binding §5d),
hotel-page,b6wea8azozl9dtfiqt7dc6rm,0,rich-text,false,"Our Hotels Agra Golden Tulip, Agra Golden Tulip, Agra Visit ",block_content_not_found_in_rendered_page (path=/hotels/aditya-hometel-hyderabad/amenities)
hotel-page,b6wea8azozl9dtfiqt7dc6rm,1,gallery,true,(image-based block — checked separately via image-binding §5d),
hotel-page,njm937lv0d0f0vjk33rhs1tq,0,rich-text,false,"Our Hotels Agra Golden Tulip, Agra Golden Tulip, Agra Visit ",block_content_not_found_in_rendered_page (path=/hotels/aditya-park-hyderabad/amenities)
hotel-page,njm937lv0d0f0vjk33rhs1tq,1,gallery,true,(image-based block — checked separately via image-binding §5d),
hotel-page,q761yfxg1u9gprpvxyccz46m,0,rich-text,false,"Our Hotels Agra Golden Tulip, Agra Golden Tulip, Agra Visit ",block_content_not_found_in_rendered_page (path=/hotels/ambar-sarovar-portico-gandhidham-hotel/amenities)
hotel-page,q761yfxg1u9gprpvxyccz46m,1,gallery,true,(image-based block — checked separately via image-binding §5d),
hotel-page,qiayjgwtvdjqi3hp5u66rdvq,0,rich-text,false,"Our Hotels Agra Golden Tulip, Agra Golden Tulip, Agra Visit ",block_content_not_found_in_rendered_page (path=/hotels/ambrosia-sarovar-portico-haridwar/amenities)
hotel-page,qiayjgwtvdjqi3hp5u66rdvq,1,gallery,true,(image-based block — checked separately via image-binding §5d),
hotel-page,g2yi394cvercgbprkdearf40,0,rich-text,false,"Our Hotels Agra Golden Tulip, Agra Golden Tulip, Agra Visit ",block_content_not_found_in_rendered_page (path=/hotels/balaji-sarovar-premiere-solapur/amenities)
hotel-page,g2yi394cvercgbprkdearf40,1,gallery,true,(image-based block — checked separately via image-binding §5d),
hotel-page,b2d3ypecevhoqrwwsrde1pf9,0,rich-text,false,"Our Hotels Agra Golden Tulip, Agra Golden Tulip, Agra Visit ",block_content_not_found_in_rendered_page (path=/hotels/bamus-sarovar-portico-kampala/amenities)
hotel-page,b2d3ypecevhoqrwwsrde1pf9,1,gallery,true,(image-based block — checked separately via image-binding §5d),
hotel-page,chmbqtlbt08c5xjfb508sc8d,0,rich-text,false,"Our Hotels Agra Golden Tulip, Agra Golden Tulip, Agra Visit ",block_content_not_found_in_rendered_page (path=/hotels/bellevue-sarovar-premiere-junagadh/amenities)
hotel-page,chmbqtlbt08c5xjfb508sc8d,1,gallery,true,(image-based block — checked separately via image-binding §5d),
hotel-page,g5e95l0oybdhrwlv4yd0r2sw,0,rich-text,false,"Our Hotels Agra Golden Tulip, Agra Golden Tulip, Agra Visit ",block_content_not_found_in_rendered_page (path=/hotels/citadel-sarovar-portico-bangalore/amenities)
hotel-page,g5e95l0oybdhrwlv4yd0r2sw,1,gallery,true,(image-based block — checked separately via image-binding §5d),
hotel-page,us5xl4a8gyk7rxv8ng484d9g,0,rich-text,false,"Our Hotels Agra Golden Tulip, Agra Golden Tulip, Agra Visit ",block_content_not_found_in_rendered_page (path=/hotels/classic-sarovar-portico-thiruvananthapuram/amenities)
hotel-page,us5xl4a8gyk7rxv8ng484d9g,1,gallery,true,(image-based block — checked separately via image-binding §5d),
hotel-page,qwm9ixv4yj0ee26l0hvvp4c6,0,rich-text,false,"Our Hotels Agra Golden Tulip, Agra Golden Tulip, Agra Visit ",block_content_not_found_in_rendered_page (path=/hotels/davanam-sarovar-portico-suites-bangalore/amenities)
hotel-page,qwm9ixv4yj0ee26l0hvvp4c6,1,gallery,true,(image-based block — checked separately via image-binding §5d),
hotel-page,rno9u8c008n0a7ffvaxyxh93,0,rich-text,false,"Our Hotels Agra Golden Tulip, Agra Golden Tulip, Agra Visit ",block_content_not_found_in_rendered_page (path=/hotels/delite-sarovar-portico-faridabad/amenities)
hotel-page,rno9u8c008n0a7ffvaxyxh93,1,gallery,true,(image-based block — checked separately via image-binding §5d),
hotel-page,mx5g0utsqefzsiwq6pqphgc1,0,rich-text,false,"Our Hotels Agra Golden Tulip, Agra Golden Tulip, Agra Visit ",block_content_not_found_in_rendered_page (path=/hotels/deventure-sarovar-portico--kapashera-new-delhi/amenities)
hotel-page,mx5g0utsqefzsiwq6pqphgc1,1,gallery,true,(image-based block — checked separately via image-binding §5d),
hotel-page,wk04b5rym8xansinwevk4egi,0,rich-text,false,"Our Hotels Agra Golden Tulip, Agra Golden Tulip, Agra Visit ",block_content_not_found_in_rendered_page (path=/hotels/deventure-sarovar-portico-patel-nagar/amenities)
hotel-page,wk04b5rym8xansinwevk4egi,1,gallery,true,(image-based block — checked separately via image-binding §5d),
hotel-page,euj3pcuq5qtv6s66vjjs5jii,0,rich-text,false,"Our Hotels Agra Golden Tulip, Agra Golden Tulip, Agra Visit ",block_content_not_found_in_rendered_page (path=/hotels/efcee-sarovar-portico-bhavnagar/amenities)
hotel-page,euj3pcuq5qtv6s66vjjs5jii,1,gallery,true,(image-based block — checked separately via image-binding §5d),
hotel-page,xpq08uj2ktqlbeneftl7fx1n,0,rich-text,false,"Our Hotels Agra Golden Tulip, Agra Golden Tulip, Agra Visit ",block_content_not_found_in_rendered_page (path=/hotels/estuary-sarovar-Premiere-poovar/amenities)
hotel-page,xpq08uj2ktqlbeneftl7fx1n,1,gallery,true,(image-based block — checked separately via image-binding §5d),
hotel-page,pvnfhkcv50e9yb52l9vnm66b,0,rich-text,false,"Our Hotels Agra Golden Tulip, Agra Golden Tulip, Agra Visit ",block_content_not_found_in_rendered_page (path=/hotels/geeta-sarovar-portico-hotels-panipat/amenities)
hotel-page,pvnfhkcv50e9yb52l9vnm66b,1,gallery,true,(image-based block — checked separately via image-binding §5d),
hotel-page,f5uclzj9js7xg6efxtysyp1u,0,rich-text,false,"Our Hotels Agra Golden Tulip, Agra Golden Tulip, Agra Visit ",block_content_not_found_in_rendered_page (path=/hotels/golden-sarovar-portico-amritsar/amenities)
hotel-page,f5uclzj9js7xg6efxtysyp1u,1,gallery,true,(image-based block — checked separately via image-binding §5d),
hotel-page,dmtbmayvdbgibkbfbz7t10xj,0,rich-text,false,"Our Hotels Agra Golden Tulip, Agra Golden Tulip, Agra Visit ",block_content_not_found_in_rendered_page (path=/hotels/golden-tulip-agra/amenities)
hotel-page,dmtbmayvdbgibkbfbz7t10xj,1,gallery,true,(image-based block — checked separately via image-binding §5d),
hotel-page,di4680t3nhreyp2w0ox3y7vs,0,rich-text,false,"Our Hotels Agra Golden Tulip, Agra Golden Tulip, Agra Visit ",block_content_not_found_in_rendered_page (path=/hotels/golden-tulip-bdi-club-and-suite-bhiwadi/amenities)
hotel-page,di4680t3nhreyp2w0ox3y7vs,1,gallery,true,(image-based block — checked separately via image-binding §5d),
hotel-page,ylukn7jzmpzxgea6ffnap6to,0,rich-text,false,"Our Hotels Agra Golden Tulip, Agra Golden Tulip, Agra Visit ",block_content_not_found_in_rendered_page (path=/hotels/golden-tulip-bhopal/amenities)
hotel-page,ylukn7jzmpzxgea6ffnap6to,1,gallery,true,(image-based block — checked separately via image-binding §5d),
hotel-page,u031kknheyvbluiq4wxzbkiw,0,rich-text,false,"Our Hotels Agra Golden Tulip, Agra Golden Tulip, Agra Visit ",block_content_not_found_in_rendered_page (path=/hotels/golden-tulip-candolim-goa/amenities)
hotel-page,u031kknheyvbluiq4wxzbkiw,1,gallery,true,(image-based block — checked separately via image-binding §5d),
hotel-page,kfog39iionudcxirqv2o561k,0,rich-text,false,"Our Hotels Agra Golden Tulip, Agra Golden Tulip, Agra Visit ",block_content_not_found_in_rendered_page (path=/hotels/golden-tulip-essential-jaipur/amenities)
hotel-page,kfog39iionudcxirqv2o561k,1,gallery,true,(image-based block — checked separately via image-binding §5d),
hotel-page,kjykwvet03k586qnrikykgz1,0,rich-text,false,"Our Hotels Agra Golden Tulip, Agra Golden Tulip, Agra Visit ",block_content_not_found_in_rendered_page (path=/hotels/golden-tulip-goa-mandrem/amenities)
hotel-page,kjykwvet03k586qnrikykgz1,1,gallery,true,(image-based block — checked separately via image-binding §5d),
hotel-page,dct57z0qft6ysu7zf538qqno,0,rich-text,false,"Our Hotels Agra Golden Tulip, Agra Golden Tulip, Agra Visit ",block_content_not_found_in_rendered_page (path=/hotels/golden-tulip-goa-vagator/amenities)
hotel-page,dct57z0qft6ysu7zf538qqno,1,gallery,true,(image-based block — checked separately via image-binding §5d),
hotel-page,mdjoxoooemua4eb05izeu8nj,0,rich-text,false,"Our Hotels Agra Golden Tulip, Agra Golden Tulip, Agra Visit ",block_content_not_found_in_rendered_page (path=/hotels/golden-tulip-hari-nagar/amenities)
hotel-page,mdjoxoooemua4eb05izeu8nj,1,gallery,true,(image-based block — checked separately via image-binding §5d),
hotel-page,jfm9y06102xoh1skfnz6uiqc,0,rich-text,false,"Our Hotels Agra Golden Tulip, Agra Golden Tulip, Agra Visit ",block_content_not_found_in_rendered_page (path=/hotels/golden-tulip-hotel-in-jaipur/amenities)
hotel-page,jfm9y06102xoh1skfnz6uiqc,1,gallery,true,(image-based block — checked separately via image-binding §5d),
hotel-page,c61vod705d6uqp0zd4ann13j,0,rich-text,false,"Our Hotels Agra Golden Tulip, Agra Golden Tulip, Agra Visit ",block_content_not_found_in_rendered_page (path=/hotels/golden-tulip-jalandhar/amenities)
hotel-page,c61vod705d6uqp0zd4ann13j,1,gallery,true,(image-based block — checked separately via image-binding §5d),
hotel-page,rt49uaf1gq937xlzk61o42oc,0,rich-text,false,"Our Hotels Agra Golden Tulip, Agra Golden Tulip, Agra Visit ",block_content_not_found_in_rendered_page (path=/hotels/golden-tulip-kukas-jaipur/amenities)
hotel-page,rt49uaf1gq937xlzk61o42oc,1,gallery,true,(image-based block — checked separately via image-binding §5d),
hotel-page,kek9ygjvebofph0dwfp9ryf9,0,rich-text,false,"Our Hotels Agra Golden Tulip, Agra Golden Tulip, Agra Visit ",block_content_not_found_in_rendered_page (path=/hotels/golden-tulip-lucknow/amenities)
hotel-page,kek9ygjvebofph0dwfp9ryf9,1,gallery,true,(image-based block — checked separately via image-binding §5d),
hotel-page,bx39bltxdwht7jca5bcjapm0,0,rich-text,false,"Our Hotels Agra Golden Tulip, Agra Golden Tulip, Agra Visit ",block_content_not_found_in_rendered_page (path=/hotels/golden-tulip-sector-80-gurugram/amenities)
hotel-page,bx39bltxdwht7jca5bcjapm0,1,gallery,true,(image-based block — checked separately via image-binding §5d),
hotel-page,cqjbyygn8f8eiu3y2mu9cmla,0,rich-text,false,"Our Hotels Agra Golden Tulip, Agra Golden Tulip, Agra Visit ",block_content_not_found_in_rendered_page (path=/hotels/golden-tulip-srinagar/amenities)
hotel-page,cqjbyygn8f8eiu3y2mu9cmla,1,gallery,true,(image-based block — checked separately via image-binding §5d),
hotel-page,z97yvdm0ypnqa52l3ufc4f08,0,rich-text,false,"Our Hotels Agra Golden Tulip, Agra Golden Tulip, Agra Visit ",block_content_not_found_in_rendered_page (path=/hotels/golden-tulip-tirupati/amenities)
hotel-page,z97yvdm0ypnqa52l3ufc4f08,1,gallery,true,(image-based block — checked separately via image-binding §5d),
hotel-page,i0xz9ppag2hhhvj995em780i,0,rich-text,false,"Our Hotels Agra Golden Tulip, Agra Golden Tulip, Agra Visit ",block_content_not_found_in_rendered_page (path=/hotels/golden-tulip-udaipur/amenities)
hotel-page,i0xz9ppag2hhhvj995em780i,1,gallery,true,(image-based block — checked separately via image-binding §5d),
hotel-page,k9xj6rtrbx1sefcof6rl529z,0,rich-text,false,"Our Hotels Agra Golden Tulip, Agra Golden Tulip, Agra Visit ",block_content_not_found_in_rendered_page (path=/hotels/golden-tulip/amenities)
hotel-page,k9xj6rtrbx1sefcof6rl529z,1,gallery,true,(image-based block — checked separately via image-binding §5d),
hotel-page,qtmv8cunuj0z1dt3e2ffq3w9,0,rich-text,false,"Our Hotels Agra Golden Tulip, Agra Golden Tulip, Agra Visit ",block_content_not_found_in_rendered_page (path=/hotels/grand-continent-anjuna/amenities)
hotel-page,qtmv8cunuj0z1dt3e2ffq3w9,1,gallery,true,(image-based block — checked separately via image-binding §5d),
hotel-page,ig9liht919nzk8y1sps7b2if,0,rich-text,false,"Our Hotels Agra Golden Tulip, Agra Golden Tulip, Agra Visit ",block_content_not_found_in_rendered_page (path=/hotels/grand-continent-brookefield-bengaluru/amenities)
hotel-page,ig9liht919nzk8y1sps7b2if,1,gallery,true,(image-based block — checked separately via image-binding §5d),
hotel-page,k9gpxhl8o3poo4vk8vsg8zmk,0,rich-text,false,"Our Hotels Agra Golden Tulip, Agra Golden Tulip, Agra Visit ",block_content_not_found_in_rendered_page (path=/hotels/grand-continent-hebbal-bangalore/amenities)
hotel-page,k9gpxhl8o3poo4vk8vsg8zmk,1,gallery,true,(image-based block — checked separately via image-binding §5d),
hotel-page,h3qm4g9xs7pfgdwnmxofftkm,0,rich-text,false,"Our Hotels Agra Golden Tulip, Agra Golden Tulip, Agra Visit ",block_content_not_found_in_rendered_page (path=/hotels/grand-continent-hosur/amenities)
hotel-page,h3qm4g9xs7pfgdwnmxofftkm,1,gallery,true,(image-based block — checked separately via image-binding §5d),
hotel-page,gf95oljh8rm9rens59ll97il,0,rich-text,false,"Our Hotels Agra Golden Tulip, Agra Golden Tulip, Agra Visit ",block_content_not_found_in_rendered_page (path=/hotels/grand-continent-mahabalipuram/amenities)
hotel-page,gf95oljh8rm9rens59ll97il,1,gallery,true,(image-based block — checked separately via image-binding §5d),
hotel-page,sncxjf4hhk63ok2pof8pmacq,0,rich-text,false,"Our Hotels Agra Golden Tulip, Agra Golden Tulip, Agra Visit ",block_content_not_found_in_rendered_page (path=/hotels/grand-continent-malleshwaram-bangalore/amenities)
hotel-page,sncxjf4hhk63ok2pof8pmacq,1,gallery,true,(image-based block — checked separately via image-binding §5d),
hotel-page,a1yfasgjj0kgntrdq1ulyimr,0,rich-text,false,"Our Hotels Agra Golden Tulip, Agra Golden Tulip, Agra Visit ",block_content_not_found_in_rendered_page (path=/hotels/grand-continent-mysore/amenities)
hotel-page,a1yfasgjj0kgntrdq1ulyimr,1,gallery,true,(image-based block — checked separately via image-binding §5d),
hotel-page,nhw4246geho426eswpdlwv5i,0,rich-text,false,"Our Hotels Agra Golden Tulip, Agra Golden Tulip, Agra Visit ",block_content_not_found_in_rendered_page (path=/hotels/grand-continent-secunderabad/amenities)
hotel-page,nhw4246geho426eswpdlwv5i,1,gallery,true,(image-based block — checked separately via image-binding §5d),
hotel-page,wpl94lfq8584lr1cb2ufd8lr,0,rich-text,false,"Our Hotels Agra Golden Tulip, Agra Golden Tulip, Agra Visit ",block_content_not_found_in_rendered_page (path=/hotels/grand-portico-hotel-in-latur/amenities)
hotel-page,wpl94lfq8584lr1cb2ufd8lr,1,gallery,true,(image-based block — checked separately via image-binding §5d),
hotel-page,htf3kiqztvdlg13sq3nn9dw4,0,rich-text,false,"Our Hotels Agra Golden Tulip, Agra Golden Tulip, Agra Visit ",block_content_not_found_in_rendered_page (path=/hotels/highland-sarovar-portico-sindhudurg/amenities)
hotel-page,htf3kiqztvdlg13sq3nn9dw4,1,gallery,true,(image-based block — checked separately via image-binding §5d),
hotel-page,ew2h2kn17dkvymtti0mt98t7,0,rich-text,false,"Our Hotels Agra Golden Tulip, Agra Golden Tulip, Agra Visit ",block_content_not_found_in_rendered_page (path=/hotels/hometel-alambagh-lucknow/amenities)
hotel-page,ew2h2kn17dkvymtti0mt98t7,1,gallery,true,(image-based block — checked separately via image-binding §5d),
hotel-page,q3qm39yj4fbjp68c64yco2oa,0,rich-text,false,"Our Hotels Agra Golden Tulip, Agra Golden Tulip, Agra Visit ",block_content_not_found_in_rendered_page (path=/hotels/hometel-chandigarh/amenities)
hotel-page,q3qm39yj4fbjp68c64yco2oa,1,gallery,true,(image-based block — checked separately via image-binding §5d),
hotel-page,l1zi7eamf58epo6vzn6ywpus,0,rich-text,false,"Our Hotels Agra Golden Tulip, Agra Golden Tulip, Agra Visit ",block_content_not_found_in_rendered_page (path=/hotels/hometel-roorkee/amenities)
hotel-page,l1zi7eamf58epo6vzn6ywpus,1,gallery,true,(image-based block — checked separately via image-binding §5d),
hotel-page,o3wamj60oajh3nmfys65lxwl,0,rich-text,false,"Our Hotels Agra Golden Tulip, Agra Golden Tulip, Agra Visit ",block_content_not_found_in_rendered_page (path=/hotels/hrj-sarovar-portico-indore/amenities)
hotel-page,o3wamj60oajh3nmfys65lxwl,1,gallery,true,(image-based block — checked separately via image-binding §5d),
hotel-page,ywt71rdw9w4wfq9obg0s63lc,0,rich-text,false,"Our Hotels Agra Golden Tulip, Agra Golden Tulip, Agra Visit ",block_content_not_found_in_rendered_page (path=/hotels/iris-sarovar-portico-gurugram/amenities)
hotel-page,ywt71rdw9w4wfq9obg0s63lc,1,gallery,true,(image-based block — checked separately via image-binding §5d),
hotel-page,cyb7p4t6p7xitzs1fb2shsfs,0,rich-text,false,"Our Hotels Agra Golden Tulip, Agra Golden Tulip, Agra Visit ",block_content_not_found_in_rendered_page (path=/hotels/ishaan-sarovar-portico-deoghar/amenities)
hotel-page,cyb7p4t6p7xitzs1fb2shsfs,1,gallery,true,(image-based block — checked separately via image-binding §5d),
hotel-page,og7h8o99hu8jkg9x92pidhdj,0,rich-text,false,"Our Hotels Agra Golden Tulip, Agra Golden Tulip, Agra Visit ",block_content_not_found_in_rendered_page (path=/hotels/kpg-sarovar-portico-raj-nagar-extension-ghaziabad/amenities)
hotel-page,og7h8o99hu8jkg9x92pidhdj,1,gallery,true,(image-based block — checked separately via image-binding §5d),
hotel-page,e9ebld3s3a6oeh6aqsiqqecz,0,rich-text,false,"Our Hotels Agra Golden Tulip, Agra Golden Tulip, Agra Visit ",block_content_not_found_in_rendered_page (path=/hotels/la-place-sarovar-portico-lucknow/amenities)
hotel-page,e9ebld3s3a6oeh6aqsiqqecz,1,gallery,true,(image-based block — checked separately via image-binding §5d),
hotel-page,pv7iwx9sngq24ikghvylvjp3,0,rich-text,false,"Our Hotels Agra Golden Tulip, Agra Golden Tulip, Agra Visit ",block_content_not_found_in_rendered_page (path=/hotels/le-dupleix-pondicherry/amenities)
hotel-page,pv7iwx9sngq24ikghvylvjp3,1,gallery,true,(image-based block — checked separately via image-binding §5d),
hotel-page,uawu195s7chhxfcw3o3w91de,0,rich-text,false,"Our Hotels Agra Golden Tulip, Agra Golden Tulip, Agra Visit ",block_content_not_found_in_rendered_page (path=/hotels/le-lac-sarovar-ranchi/amenities)
hotel-page,uawu195s7chhxfcw3o3w91de,1,gallery,true,(image-based block — checked separately via image-binding §5d),
hotel-page,mfmk34ff3wqupy8np27rr55i,0,rich-text,false,"Our Hotels Agra Golden Tulip, Agra Golden Tulip, Agra Visit ",block_content_not_found_in_rendered_page (path=/hotels/legend-sarovar-portico/amenities)
hotel-page,mfmk34ff3wqupy8np27rr55i,1,gallery,true,(image-based block — checked separately via image-binding §5d),
hotel-page,kjyvq2amnfal9473ztwzan9c,0,rich-text,false,"Our Hotels Agra Golden Tulip, Agra Golden Tulip, Agra Visit ",block_content_not_found_in_rendered_page (path=/hotels/madhuban-sarovar-portico-mussorie/amenities)
hotel-page,kjyvq2amnfal9473ztwzan9c,1,gallery,true,(image-based block — checked separately via image-binding §5d),
hotel-page,hvch5a74vzfhlou5stm9oql1,0,rich-text,false,"Our Hotels Agra Golden Tulip, Agra Golden Tulip, Agra Visit ",block_content_not_found_in_rendered_page (path=/hotels/mahagun-sarovar-portico-suites-vaishali/amenities)
hotel-page,hvch5a74vzfhlou5stm9oql1,1,gallery,true,(image-based block — checked separately via image-binding §5d),
hotel-page,g4l5sbreyztw4vbinbs2h9js,0,rich-text,false,"Our Hotels Agra Golden Tulip, Agra Golden Tulip, Agra Visit ",block_content_not_found_in_rendered_page (path=/hotels/majestic-court-sarovar-portico-navi-mumbai/amenities)
hotel-page,g4l5sbreyztw4vbinbs2h9js,1,gallery,true,(image-based block — checked separately via image-binding §5d),
hotel-page,erbdy6aknfgd5i742ohjbz4p,0,rich-text,false,"Our Hotels Agra Golden Tulip, Agra Golden Tulip, Agra Visit ",block_content_not_found_in_rendered_page (path=/hotels/manjeera-sarovar-premiere-rajahmundry/amenities)
hotel-page,erbdy6aknfgd5i742ohjbz4p,1,gallery,true,(image-based block — checked separately via image-binding §5d),
hotel-page,w710w77j38biyt0n3pws9ie6,0,rich-text,false,"Our Hotels Agra Golden Tulip, Agra Golden Tulip, Agra Visit ",block_content_not_found_in_rendered_page (path=/hotels/marasa-sarovar-portico-rajkot/amenities)
hotel-page,w710w77j38biyt0n3pws9ie6,1,gallery,true,(image-based block — checked separately via image-binding §5d),
hotel-page,ancidawh9swtmmwh8n0kysz5,0,rich-text,false,"Our Hotels Agra Golden Tulip, Agra Golden Tulip, Agra Visit ",block_content_not_found_in_rendered_page (path=/hotels/marasa-sarovar-premiere-bodhgaya/amenities)
hotel-page,ancidawh9swtmmwh8n0kysz5,1,gallery,true,(image-based block — checked separately via image-binding §5d),
hotel-page,przw9fx1kmgc44jsufw8jqaa,0,rich-text,false,"Our Hotels Agra Golden Tulip, Agra Golden Tulip, Agra Visit ",block_content_not_found_in_rendered_page (path=/hotels/marasa-sarovar-premiere-tirupati-hotels/amenities)
hotel-page,przw9fx1kmgc44jsufw8jqaa,1,gallery,true,(image-based block — checked separately via image-binding §5d),
hotel-page,c7xzo301i1z7yy3vsv2ar9i7,0,rich-text,false,"Our Hotels Agra Golden Tulip, Agra Golden Tulip, Agra Visit ",block_content_not_found_in_rendered_page (path=/hotels/marigold-sarovar-portico-mashobra-shimla/amenities)
hotel-page,c7xzo301i1z7yy3vsv2ar9i7,1,gallery,true,(image-based block — checked separately via image-binding §5d),
hotel-page,lfz3pmz5wcuda9deonch079u,0,rich-text,false,"Our Hotels Agra Golden Tulip, Agra Golden Tulip, Agra Visit ",block_content_not_found_in_rendered_page (path=/hotels/marine-plaza-mumbai/amenities)
hotel-page,lfz3pmz5wcuda9deonch079u,1,gallery,true,(image-based block — checked separately via image-binding §5d),
hotel-page,ju92g1j7z2y0bnv867m0be5d,0,rich-text,false,"Our Hotels Agra Golden Tulip, Agra Golden Tulip, Agra Visit ",block_content_not_found_in_rendered_page (path=/hotels/mj-sarovar-portico-haridwar/amenities)
hotel-page,ju92g1j7z2y0bnv867m0be5d,1,gallery,true,(image-based block — checked separately via image-binding §5d),
hotel-page,hhyfqpdn5ybjq216l0tyc8qq,0,rich-text,false,"Our Hotels Agra Golden Tulip, Agra Golden Tulip, Agra Visit ",block_content_not_found_in_rendered_page (path=/hotels/mountnoor-sarovar-premiere-pahalgam/amenities)
hotel-page,hhyfqpdn5ybjq216l0tyc8qq,1,gallery,true,(image-based block — checked separately via image-binding §5d),
hotel-page,r9qb0vwvglmo57lzz7mxf3al,0,rich-text,false,"Our Hotels Agra Golden Tulip, Agra Golden Tulip, Agra Visit ",block_content_not_found_in_rendered_page (path=/hotels/mukundra-sarovar-premiere-kota/amenities)
hotel-page,r9qb0vwvglmo57lzz7mxf3al,1,gallery,true,(image-based block — checked separately via image-binding §5d),
hotel-page,iyln789352fsvztg409s0sos,0,rich-text,false,"Our Hotels Agra Golden Tulip, Agra Golden Tulip, Agra Visit ",block_content_not_found_in_rendered_page (path=/hotels/nataraj-sarovar-portico-jhansi/amenities)
hotel-page,iyln789352fsvztg409s0sos,1,gallery,true,(image-based block — checked separately via image-binding §5d),
hotel-page,d6kny4uqxy7ss2y66cr16ukn,0,rich-text,false,"Our Hotels Agra Golden Tulip, Agra Golden Tulip, Agra Visit ",block_content_not_found_in_rendered_page (path=/hotels/naturevilas-portico-manali/amenities)
hotel-page,d6kny4uqxy7ss2y66cr16ukn,1,gallery,true,(image-based block — checked separately via image-binding §5d),
hotel-page,ve2kon4j397y10ncwcsu92pg,0,rich-text,false,"Our Hotels Agra Golden Tulip, Agra Golden Tulip, Agra Visit ",block_content_not_found_in_rendered_page (path=/hotels/neelkanth-sarovar-premiere-lusaka/amenities)
hotel-page,ve2kon4j397y10ncwcsu92pg,1,gallery,true,(image-based block — checked separately via image-binding §5d),
hotel-page,qv7x9mowfgbqnmt9lipg2ayz,0,rich-text,false,"Our Hotels Agra Golden Tulip, Agra Golden Tulip, Agra Visit ",block_content_not_found_in_rendered_page (path=/hotels/nidhivan-sarovar-portico-vrindavan/amenities)
hotel-page,qv7x9mowfgbqnmt9lipg2ayz,1,gallery,true,(image-based block — checked separately via image-binding §5d),
hotel-page,aw33jcd99l6y53cjl8k0conv,0,rich-text,false,"Our Hotels Agra Golden Tulip, Agra Golden Tulip, Agra Visit ",block_content_not_found_in_rendered_page (path=/hotels/nirvana-sarovar-portico-gorakhpur/amenities)
hotel-page,aw33jcd99l6y53cjl8k0conv,1,gallery,true,(image-based block — checked separately via image-binding §5d),
hotel-page,es1p4rhlh8150m8qx301wt89,0,rich-text,false,"Our Hotels Agra Golden Tulip, Agra Golden Tulip, Agra Visit ",block_content_not_found_in_rendered_page (path=/hotels/nirwana-hometel-jaipur-sarovar/amenities)
hotel-page,es1p4rhlh8150m8qx301wt89,1,gallery,true,(image-based block — checked separately via image-binding §5d),
hotel-page,d4xuhpw7qvx06m7hp9knwlo2,0,rich-text,false,"Our Hotels Agra Golden Tulip, Agra Golden Tulip, Agra Visit ",block_content_not_found_in_rendered_page (path=/hotels/paradigm-sarovar-kakinada/amenities)
hotel-page,d4xuhpw7qvx06m7hp9knwlo2,1,gallery,true,(image-based block — checked separately via image-binding §5d),
hotel-page,xfczl1eoftfxodl6t0hi3wv4,0,rich-text,false,"Our Hotels Agra Golden Tulip, Agra Golden Tulip, Agra Visit ",block_content_not_found_in_rendered_page (path=/hotels/park-inn-by-radisson-ayodhya/amenities)
hotel-page,xfczl1eoftfxodl6t0hi3wv4,1,gallery,true,(image-based block — checked separately via image-binding §5d),
hotel-page,ahopth61os5ro988b0zb9dv4,0,rich-text,false,"Our Hotels Agra Golden Tulip, Agra Golden Tulip, Agra Visit ",block_content_not_found_in_rendered_page (path=/hotels/park-inn-gurgaon/amenities)
hotel-page,ahopth61os5ro988b0zb9dv4,1,gallery,true,(image-based block — checked separately via image-binding §5d),
hotel-page,amukeixame1iqf20c4u4xjjp,0,rich-text,false,"Our Hotels Agra Golden Tulip, Agra Golden Tulip, Agra Visit ",block_content_not_found_in_rendered_page (path=/hotels/Park-Inn-Radisson-Goa-Candolim/amenities)
hotel-page,amukeixame1iqf20c4u4xjjp,1,gallery,true,(image-based block — checked separately via image-binding §5d),
hotel-page,fps1s6uy5sdknhx74hx5dzhd,0,rich-text,false,"Our Hotels Agra Golden Tulip, Agra Golden Tulip, Agra Visit ",block_content_not_found_in_rendered_page (path=/hotels/park-plaza-faridabad/amenities)
hotel-page,fps1s6uy5sdknhx74hx5dzhd,1,gallery,true,(image-based block — checked separately via image-binding §5d),
hotel-page,imnz7hwu53onxnba5gqr5kkr,0,rich-text,false,"Our Hotels Agra Golden Tulip, Agra Golden Tulip, Agra Visit ",block_content_not_found_in_rendered_page (path=/hotels/park-plaza-jalandhar/amenities)
hotel-page,imnz7hwu53onxnba5gqr5kkr,1,gallery,true,(image-based block — checked separately via image-binding §5d),
hotel-page,m32br4h3qaf837sp9qcuzxr7,0,rich-text,false,"Our Hotels Agra Golden Tulip, Agra Golden Tulip, Agra Visit ",block_content_not_found_in_rendered_page (path=/hotels/park-plaza-jodhpur/amenities)
hotel-page,m32br4h3qaf837sp9qcuzxr7,1,gallery,true,(image-based block — checked separately via image-binding §5d),
hotel-page,cj951md6bwluh8vd5wbsgiqn,0,rich-text,false,"Our Hotels Agra Golden Tulip, Agra Golden Tulip, Agra Visit ",block_content_not_found_in_rendered_page (path=/hotels/park-plaza-ludhiana/amenities)
hotel-page,cj951md6bwluh8vd5wbsgiqn,1,gallery,true,(image-based block — checked separately via image-binding §5d),
hotel-page,kwo7gipi0fsfhs0nbbqx05qo,0,rich-text,false,"Our Hotels Agra Golden Tulip, Agra Golden Tulip, Agra Visit ",block_content_not_found_in_rendered_page (path=/hotels/park-plaza-shahadra--east-delhi/amenities)
hotel-page,kwo7gipi0fsfhs0nbbqx05qo,1,gallery,true,(image-based block — checked separately via image-binding §5d),
hotel-page,fowjwsqc1h0ws501vekran0w,0,rich-text,false,"Our Hotels Agra Golden Tulip, Agra Golden Tulip, Agra Visit ",block_content_not_found_in_rendered_page (path=/hotels/park-plaza-zirakpur/amenities)
hotel-page,fowjwsqc1h0ws501vekran0w,1,gallery,true,(image-based block — checked separately via image-binding §5d),
hotel-page,hjws1uvmmpmf9fpsjp21cvjo,0,rich-text,false,"Our Hotels Agra Golden Tulip, Agra Golden Tulip, Agra Visit ",block_content_not_found_in_rendered_page (path=/hotels/prachi-sarovar-premiere-bhubaneswar/amenities)
hotel-page,hjws1uvmmpmf9fpsjp21cvjo,1,gallery,true,(image-based block — checked separately via image-binding §5d),
hotel-page,x8a4nvfr5tw9i1jxeswrn2lr,0,rich-text,false,"Our Hotels Agra Golden Tulip, Agra Golden Tulip, Agra Visit ",block_content_not_found_in_rendered_page (path=/hotels/presidium-sarovar-premiere-dalhousie/amenities)
hotel-page,x8a4nvfr5tw9i1jxeswrn2lr,1,gallery,true,(image-based block — checked separately via image-binding §5d),
hotel-page,ch0lnn2tiesjoc397j4do64r,0,rich-text,false,"Our Hotels Agra Golden Tulip, Agra Golden Tulip, Agra Visit ",block_content_not_found_in_rendered_page (path=/hotels/pushkara-portico-hotel-in-dibrugarh/amenities)
hotel-page,ch0lnn2tiesjoc397j4do64r,1,gallery,true,(image-based block — checked separately via image-binding §5d),
hotel-page,hkxivmsf2t29iu810w9g5c71,0,rich-text,false,"Our Hotels Agra Golden Tulip, Agra Golden Tulip, Agra Visit ",block_content_not_found_in_rendered_page (path=/hotels/radha-hometel-bangalore/amenities)
hotel-page,hkxivmsf2t29iu810w9g5c71,1,gallery,true,(image-based block — checked separately via image-binding §5d),
hotel-page,sgeznxy04y9ywfyg79og1lxq,0,rich-text,false,"Our Hotels Agra Golden Tulip, Agra Golden Tulip, Agra Visit ",block_content_not_found_in_rendered_page (path=/hotels/radha-regent-chennai/amenities)
hotel-page,sgeznxy04y9ywfyg79og1lxq,1,gallery,true,(image-based block — checked separately via image-binding §5d),
hotel-page,e75rlkub7rdvmbr3n2v4yp6p,0,rich-text,false,"Our Hotels Agra Golden Tulip, Agra Golden Tulip, Agra Visit ",block_content_not_found_in_rendered_page (path=/hotels/radisson-blu--bengaluru-outer-ring-road/amenities)
hotel-page,e75rlkub7rdvmbr3n2v4yp6p,1,gallery,true,(image-based block — checked separately via image-binding §5d),
hotel-page,c7jweuh1npy0mwujaesbrv56,0,rich-text,false,"Our Hotels Agra Golden Tulip, Agra Golden Tulip, Agra Visit ",block_content_not_found_in_rendered_page (path=/hotels/radisson-hyderabad--hitec/amenities)
hotel-page,c7jweuh1npy0mwujaesbrv56,1,gallery,true,(image-based block — checked separately via image-binding §5d),
hotel-page,jduxyo6jg5u62d76oasimz0g,0,rich-text,false,"Our Hotels Agra Golden Tulip, Agra Golden Tulip, Agra Visit ",block_content_not_found_in_rendered_page (path=/hotels/radisson-mumbai-goregaon/amenities)
hotel-page,jduxyo6jg5u62d76oasimz0g,1,gallery,true,(image-based block — checked separately via image-binding §5d),
hotel-page,ij42wmprcjbzvwldu2r0q8wv,0,rich-text,false,"Our Hotels Agra Golden Tulip, Agra Golden Tulip, Agra Visit ",block_content_not_found_in_rendered_page (path=/hotels/rbd-sarovar-portico-outer-ring-road-bengaluru/amenities)
hotel-page,ij42wmprcjbzvwldu2r0q8wv,1,gallery,true,(image-based block — checked separately via image-binding §5d),
hotel-page,k0r1fneg60lq4s7ts4tcm8bw,0,rich-text,false,"Our Hotels Agra Golden Tulip, Agra Golden Tulip, Agra Visit ",block_content_not_found_in_rendered_page (path=/hotels/residency-sarovar-portico-mumbai/amenities)
hotel-page,k0r1fneg60lq4s7ts4tcm8bw,1,gallery,true,(image-based block — checked separately via image-binding §5d),
hotel-page,z1nu6hi44u9uc13oxazrm80l,0,rich-text,false,Free Wi-Fi Take Away Breakfast for Early Check-out Early Che,block_content_not_found_in_rendered_page (path=/hotels/rivera-sarovar-portico-ahmedabad/amenities)
hotel-page,z1nu6hi44u9uc13oxazrm80l,1,gallery,true,(image-based block — checked separately via image-binding §5d),
hotel-page,hdpz9szxaw61kmxxj3301ygh,0,rich-text,false,"Our Hotels Agra Golden Tulip, Agra Golden Tulip, Agra Visit ",block_content_not_found_in_rendered_page (path=/hotels/riviera-sarovar-portico-pathankot/amenities)
hotel-page,hdpz9szxaw61kmxxj3301ygh,1,gallery,true,(image-based block — checked separately via image-binding §5d),
hotel-page,fb05xaw3daiuiycvg2aqfog2,0,rich-text,false,"Our Hotels Agra Golden Tulip, Agra Golden Tulip, Agra Visit ",block_content_not_found_in_rendered_page (path=/hotels/rosefinch-sarovar-portico-bhimtal/amenities)
hotel-page,fb05xaw3daiuiycvg2aqfog2,1,gallery,true,(image-based block — checked separately via image-binding §5d),
hotel-page,wp2cwjx7w8a027yiympb2dei,0,rich-text,false,"Our Hotels Agra Golden Tulip, Agra Golden Tulip, Agra Visit ",block_content_not_found_in_rendered_page (path=/hotels/royal-hometel-suites-dahisar-mumbai/amenities)
hotel-page,wp2cwjx7w8a027yiympb2dei,1,gallery,true,(image-based block — checked separately via image-binding §5d),
hotel-page,o0hu00x4xn5pqkbsexnywn5w,0,rich-text,false,"Our Hotels Agra Golden Tulip, Agra Golden Tulip, Agra Visit ",block_content_not_found_in_rendered_page (path=/hotels/royal-kingdom-sarovar-portico-pilibhit/amenities)
hotel-page,o0hu00x4xn5pqkbsexnywn5w,1,gallery,true,(image-based block — checked separately via image-binding §5d),
hotel-page,oaov27phpf7awdzwu5mh4xgv,0,rich-text,false,"Our Hotels Agra Golden Tulip, Agra Golden Tulip, Agra Visit ",block_content_not_found_in_rendered_page (path=/hotels/royal-sarovar-portico-siliguri/amenities)
hotel-page,oaov27phpf7awdzwu5mh4xgv,1,gallery,true,(image-based block — checked separately via image-binding §5d),
hotel-page,cfwsqtos06ggfcfpe2pwklk8,0,rich-text,false,"Our Hotels Agra Golden Tulip, Agra Golden Tulip, Agra Visit ",block_content_not_found_in_rendered_page (path=/hotels/royal-tulip-chitwan/amenities)
hotel-page,cfwsqtos06ggfcfpe2pwklk8,1,gallery,true,(image-based block — checked separately via image-binding §5d),
hotel-page,obdwfmsslcn39jqwry04dhfp,0,rich-text,false,"Our Hotels Agra Golden Tulip, Agra Golden Tulip, Agra Visit ",block_content_not_found_in_rendered_page (path=/hotels/royal-tulip-kathmandu-shivapuri-national-park/amenities)
hotel-page,obdwfmsslcn39jqwry04dhfp,1,gallery,true,(image-based block — checked separately via image-binding §5d),
hotel-page,ch5iqxsc5ets68uhsm5ummcz,0,rich-text,false,"Our Hotels Agra Golden Tulip, Agra Golden Tulip, Agra Visit ",block_content_not_found_in_rendered_page (path=/hotels/royal-tulip-kathmandu/amenities)
hotel-page,ch5iqxsc5ets68uhsm5ummcz,1,gallery,true,(image-based block — checked separately via image-binding §5d),
hotel-page,xklsva1anwdzjinqknv8wtxq,0,rich-text,false,"Our Hotels Agra Golden Tulip, Agra Golden Tulip, Agra Visit ",block_content_not_found_in_rendered_page (path=/hotels/royale-sarovar-portico-agra/amenities)
hotel-page,xklsva1anwdzjinqknv8wtxq,1,gallery,true,(image-based block — checked separately via image-binding §5d),
hotel-page,n7dahrd9hwwrzmlsoq5fcg3d,0,rich-text,false,"Our Hotels Agra Golden Tulip, Agra Golden Tulip, Agra Visit ",block_content_not_found_in_rendered_page (path=/hotels/rs-sarovar-portico-palampur/amenities)
hotel-page,n7dahrd9hwwrzmlsoq5fcg3d,1,gallery,true,(image-based block — checked separately via image-binding §5d),
hotel-page,qixml3t59bc3q61r9z3thfjh,0,rich-text,false,"Our Hotels Agra Golden Tulip, Agra Golden Tulip, Agra Visit ",block_content_not_found_in_rendered_page (path=/hotels/sairafort-sarovar-portico-jaisalmer/amenities)
hotel-page,qixml3t59bc3q61r9z3thfjh,1,gallery,true,(image-based block — checked separately via image-binding §5d),
hotel-page,mfump9n5v9c7egjedd4x4qi3,0,rich-text,false,"Our Hotels Agra Golden Tulip, Agra Golden Tulip, Agra Visit ",block_content_not_found_in_rendered_page (path=/hotels/sarovar-ahmedabad/amenities)
hotel-page,mfump9n5v9c7egjedd4x4qi3,1,gallery,true,(image-based block — checked separately via image-binding §5d),
hotel-page,vwuihxm9mdw7n53141qefvk5,0,rich-text,false,"Our Hotels Agra Golden Tulip, Agra Golden Tulip, Agra Visit ",block_content_not_found_in_rendered_page (path=/hotels/sarovar-portico-ajmer/amenities)
hotel-page,vwuihxm9mdw7n53141qefvk5,1,gallery,true,(image-based block — checked separately via image-binding §5d),
hotel-page,h2dpgcm8unlusttwbwxwcjmv,0,rich-text,false,"Our Hotels Agra Golden Tulip, Agra Golden Tulip, Agra Visit ",block_content_not_found_in_rendered_page (path=/hotels/sarovar-portico-badrinath-uttarakhand/amenities)
hotel-page,h2dpgcm8unlusttwbwxwcjmv,1,gallery,true,(image-based block — checked separately via image-binding §5d),
hotel-page,ctvdtv83q8gkqbubhekevt7q,0,rich-text,false,"Our Hotels Agra Golden Tulip, Agra Golden Tulip, Agra Visit ",block_content_not_found_in_rendered_page (path=/hotels/sarovar-portico-bhubaneswar/amenities)
hotel-page,ctvdtv83q8gkqbubhekevt7q,1,gallery,true,(image-based block — checked separately via image-binding §5d),
hotel-page,w0aaf2qr1wleqxeskljdz8g5,0,rich-text,false,"Our Hotels Agra Golden Tulip, Agra Golden Tulip, Agra Visit ",block_content_not_found_in_rendered_page (path=/hotels/sarovar-portico-birgunj/amenities)
hotel-page,w0aaf2qr1wleqxeskljdz8g5,1,gallery,true,(image-based block — checked separately via image-binding §5d),
hotel-page,y8atz8geixvxc2aw13gj5iro,0,rich-text,false,"Our Hotels Agra Golden Tulip, Agra Golden Tulip, Agra Visit ",block_content_not_found_in_rendered_page (path=/hotels/sarovar-portico-dehradun/amenities)
hotel-page,y8atz8geixvxc2aw13gj5iro,1,gallery,true,(image-based block — checked separately via image-binding §5d),
hotel-page,mlf06rncnd1pmb4t3t6uvy21,0,rich-text,false,"Our Hotels Agra Golden Tulip, Agra Golden Tulip, Agra Visit ",block_content_not_found_in_rendered_page (path=/hotels/sarovar-portico-hanumangarh/amenities)
hotel-page,mlf06rncnd1pmb4t3t6uvy21,1,gallery,true,(image-based block — checked separately via image-binding §5d),
hotel-page,q9l2b73s4ta8n4jzbehmp6v2,0,rich-text,false,"Our Hotels Agra Golden Tulip, Agra Golden Tulip, Agra Visit ",block_content_not_found_in_rendered_page (path=/hotels/sarovar-portico-jaipur/amenities)
hotel-page,q9l2b73s4ta8n4jzbehmp6v2,1,gallery,true,(image-based block — checked separately via image-binding §5d),
hotel-page,fb8c50lcqoae92hm6eezm16r,0,rich-text,false,"Our Hotels Agra Golden Tulip, Agra Golden Tulip, Agra Visit ",block_content_not_found_in_rendered_page (path=/hotels/sarovar-portico-jalandhar/amenities)
hotel-page,fb8c50lcqoae92hm6eezm16r,1,gallery,true,(image-based block — checked separately via image-binding §5d),
hotel-page,m4kv0lt58qbyil569kgvkpxu,0,rich-text,false,"Our Hotels Agra Golden Tulip, Agra Golden Tulip, Agra Visit ",block_content_not_found_in_rendered_page (path=/hotels/sarovar-portico-kolkata-rajarhat/amenities)
hotel-page,m4kv0lt58qbyil569kgvkpxu,1,gallery,true,(image-based block — checked separately via image-binding §5d),
hotel-page,vfdaa3siw2u841kfogcj7mzs,0,rich-text,false,"Our Hotels Agra Golden Tulip, Agra Golden Tulip, Agra Visit ",block_content_not_found_in_rendered_page (path=/hotels/sarovar-portico-naraina-new-delhi/amenities)
hotel-page,vfdaa3siw2u841kfogcj7mzs,1,gallery,true,(image-based block — checked separately via image-binding §5d),
hotel-page,xyh4oitxtjit29ozokrbnute,0,rich-text,false,"Our Hotels Agra Golden Tulip, Agra Golden Tulip, Agra Visit ",block_content_not_found_in_rendered_page (path=/hotels/sarovar-portico-saharanpur/amenities)
hotel-page,xyh4oitxtjit29ozokrbnute,1,gallery,true,(image-based block — checked separately via image-binding §5d),
hotel-page,ffhee9r6db800u103rvk4s25,0,rich-text,false,"Our Hotels Agra Golden Tulip, Agra Golden Tulip, Agra Visit ",block_content_not_found_in_rendered_page (path=/hotels/sarovar-portico-somnath/amenities)
hotel-page,ffhee9r6db800u103rvk4s25,1,gallery,true,(image-based block — checked separately via image-binding §5d),
hotel-page,w9ilj6z1y7qx6ekx0qk3edp9,0,rich-text,false,"Our Hotels Agra Golden Tulip, Agra Golden Tulip, Agra Visit ",block_content_not_found_in_rendered_page (path=/hotels/sarovar-portico-sonipat/amenities)
hotel-page,w9ilj6z1y7qx6ekx0qk3edp9,1,gallery,true,(image-based block — checked separately via image-binding §5d),
hotel-page,v3oylknj0cgm3513r0yk5i1f,0,rich-text,false,"Our Hotels Agra Golden Tulip, Agra Golden Tulip, Agra Visit ",block_content_not_found_in_rendered_page (path=/hotels/sarovar-portico-srinagar/amenities)
hotel-page,v3oylknj0cgm3513r0yk5i1f,1,gallery,true,(image-based block — checked separately via image-binding §5d),
hotel-page,zzk0h3kkedw46v1kznvuj2tz,0,rich-text,false,"Our Hotels Agra Golden Tulip, Agra Golden Tulip, Agra Visit ",block_content_not_found_in_rendered_page (path=/hotels/sarovar-portico-sriperumbudur/amenities)
hotel-page,zzk0h3kkedw46v1kznvuj2tz,1,gallery,true,(image-based block — checked separately via image-binding §5d),
hotel-page,w8jpx7jw1ge0k3edzqd2crx4,0,rich-text,false,"Our Hotels Agra Golden Tulip, Agra Golden Tulip, Agra Visit ",block_content_not_found_in_rendered_page (path=/hotels/sarovar-portico-surajkund/amenities)
hotel-page,w8jpx7jw1ge0k3edzqd2crx4,1,gallery,true,(image-based block — checked separately via image-binding §5d),
hotel-page,f3t9vqtmm2k01snw9tl2z0j9,0,rich-text,false,"Our Hotels Agra Golden Tulip, Agra Golden Tulip, Agra Visit ",block_content_not_found_in_rendered_page (path=/hotels/sarovar-premiere-alwar/amenities)
hotel-page,f3t9vqtmm2k01snw9tl2z0j9,1,gallery,true,(image-based block — checked separately via image-binding §5d),
hotel-page,yvije1vurti7hv5q0sm6903v,0,rich-text,false,"Our Hotels Agra Golden Tulip, Agra Golden Tulip, Agra Visit ",block_content_not_found_in_rendered_page (path=/hotels/sarovar-premiere-amritsar/amenities)
hotel-page,yvije1vurti7hv5q0sm6903v,1,gallery,true,(image-based block — checked separately via image-binding §5d),
hotel-page,xlw1ez3uch10a3sm02v92ekn,0,rich-text,false,"Our Hotels Agra Golden Tulip, Agra Golden Tulip, Agra Visit ",block_content_not_found_in_rendered_page (path=/hotels/sarovar-premiere-jaipur/amenities)
hotel-page,xlw1ez3uch10a3sm02v92ekn,1,gallery,true,(image-based block — checked separately via image-binding §5d),
hotel-page,d5cr5riyyami15eer80fwi7v,0,rich-text,false,"Our Hotels Agra Golden Tulip, Agra Golden Tulip, Agra Visit ",block_content_not_found_in_rendered_page (path=/hotels/sarovar-premiere-srinagar/amenities)
hotel-page,d5cr5riyyami15eer80fwi7v,1,gallery,true,(image-based block — checked separately via image-binding §5d),
hotel-page,vdt911oq9dv2pp1jtes2dejp,0,rich-text,false,"Our Hotels Agra Golden Tulip, Agra Golden Tulip, Agra Visit ",block_content_not_found_in_rendered_page (path=/hotels/sea-breeze-sarovar-portico-varca-goa/amenities)
hotel-page,vdt911oq9dv2pp1jtes2dejp,1,gallery,true,(image-based block — checked separately via image-binding §5d),
hotel-page,jg7jdsezheo8l9mvaguflt65,0,rich-text,false,"Our Hotels Agra Golden Tulip, Agra Golden Tulip, Agra Visit ",block_content_not_found_in_rendered_page (path=/hotels/serene-premiere-hargeisa/amenities)
hotel-page,jg7jdsezheo8l9mvaguflt65,1,gallery,true,(image-based block — checked separately via image-binding §5d),
hotel-page,wzb6bdkkdk6fowpmoa39zsbm,0,rich-text,false,"Our Hotels Agra Golden Tulip, Agra Golden Tulip, Agra Visit ",block_content_not_found_in_rendered_page (path=/hotels/shravanthi-sarovar-portico-bengaluru/amenities)
hotel-page,wzb6bdkkdk6fowpmoa39zsbm,1,gallery,true,(image-based block — checked separately via image-binding §5d),
hotel-page,zqyoquy10hjv8cnklv90nd56,0,rich-text,false,"Our Hotels Agra Golden Tulip, Agra Golden Tulip, Agra Visit ",block_content_not_found_in_rendered_page (path=/hotels/shyama-sarovar-portico-orai/amenities)
hotel-page,zqyoquy10hjv8cnklv90nd56,1,gallery,true,(image-based block — checked separately via image-binding §5d),
hotel-page,zul9gu2mwrqw116595twu9wk,0,rich-text,false,"Our Hotels Agra Golden Tulip, Agra Golden Tulip, Agra Visit ",block_content_not_found_in_rendered_page (path=/hotels/singhania-sarovar-portico-raipur/amenities)
hotel-page,zul9gu2mwrqw116595twu9wk,1,gallery,true,(image-based block — checked separately via image-binding §5d),
hotel-page,yohnaam034n0ew2zq85yoc48,0,rich-text,false,"Our Hotels Agra Golden Tulip, Agra Golden Tulip, Agra Visit ",block_content_not_found_in_rendered_page (path=/hotels/skywings-sarovar-portico-mathura/amenities)
hotel-page,yohnaam034n0ew2zq85yoc48,1,gallery,true,(image-based block — checked separately via image-binding §5d),
hotel-page,f4tu9dpueht9rz3ebvswfv63,0,rich-text,false,"Our Hotels Agra Golden Tulip, Agra Golden Tulip, Agra Visit ",block_content_not_found_in_rendered_page (path=/hotels/sobit-sarovar-portico-palolem-beach-hotel-goa/amenities)
hotel-page,f4tu9dpueht9rz3ebvswfv63,1,gallery,true,(image-based block — checked separately via image-binding §5d),
hotel-page,xg3x0269swd351z2n9o9nxhz,0,rich-text,false,"Our Hotels Agra Golden Tulip, Agra Golden Tulip, Agra Visit ",block_content_not_found_in_rendered_page (path=/hotels/taurus-hotel-mahipalpur-new-delhi/amenities)
hotel-page,xg3x0269swd351z2n9o9nxhz,1,gallery,true,(image-based block — checked separately via image-binding §5d),
hotel-page,ufk3thd0pps69lxr2umagogf,0,rich-text,false,"Our Hotels Agra Golden Tulip, Agra Golden Tulip, Agra Visit ",block_content_not_found_in_rendered_page (path=/hotels/the-gokulam-park-kochi/amenities)
hotel-page,ufk3thd0pps69lxr2umagogf,1,gallery,true,(image-based block — checked separately via image-binding §5d),
hotel-page,p1b2zt8kyivbvxljvrhf2ozr,0,rich-text,false,"Our Hotels Agra Golden Tulip, Agra Golden Tulip, Agra Visit ",block_content_not_found_in_rendered_page (path=/hotels/the-heron-portico-nairobi/amenities)
hotel-page,p1b2zt8kyivbvxljvrhf2ozr,1,gallery,true,(image-based block — checked separately via image-binding §5d),
hotel-page,wta1ezbtuaptriw57u8a18tp,0,rich-text,false,"Our Hotels Agra Golden Tulip, Agra Golden Tulip, Agra Visit ",block_content_not_found_in_rendered_page (path=/hotels/the-muse-sarovar-portico-nehru-place-new-delhi/amenities)
hotel-page,wta1ezbtuaptriw57u8a18tp,1,gallery,true,(image-based block — checked separately via image-binding §5d),
hotel-page,ul60nmy22tm6gg1pmbjtuijv,0,rich-text,false,"Our Hotels Agra Golden Tulip, Agra Golden Tulip, Agra Visit ",block_content_not_found_in_rendered_page (path=/hotels/the-promenade-pondicherry/amenities)
hotel-page,ul60nmy22tm6gg1pmbjtuijv,1,gallery,true,(image-based block — checked separately via image-binding §5d),
hotel-page,neglh8u2uf6y94whpvyh9wo4,0,rich-text,false,"Our Hotels Agra Golden Tulip, Agra Golden Tulip, Agra Visit ",block_content_not_found_in_rendered_page (path=/hotels/tulip-inn-bhopal/amenities)
hotel-page,neglh8u2uf6y94whpvyh9wo4,1,gallery,true,(image-based block — checked separately via image-binding §5d),
hotel-page,rjie5dgajzeb73ydjtylap8q,0,rich-text,false,"Our Hotels Agra Golden Tulip, Agra Golden Tulip, Agra Visit ",block_content_not_found_in_rendered_page (path=/hotels/tulip-inn-gurugram-near-medanta/amenities)
hotel-page,rjie5dgajzeb73ydjtylap8q,1,gallery,true,(image-based block — checked separately via image-binding §5d),
hotel-page,agjk90hjd3ryjudb6mdqv2pp,0,rich-text,false,"Our Hotels Agra Golden Tulip, Agra Golden Tulip, Agra Visit ",block_content_not_found_in_rendered_page (path=/hotels/tulip-inn-koramangala/amenities)
hotel-page,agjk90hjd3ryjudb6mdqv2pp,1,gallery,true,(image-based block — checked separately via image-binding §5d),
hotel-page,q1s5mcu1ut0djbhl2utg9ko9,0,rich-text,false,"Our Hotels Agra Golden Tulip, Agra Golden Tulip, Agra Visit ",block_content_not_found_in_rendered_page (path=/hotels/tulip-inn-zirakpur/amenities)
hotel-page,q1s5mcu1ut0djbhl2utg9ko9,1,gallery,true,(image-based block — checked separately via image-binding §5d),
hotel-page,ii92phvrtdg7kq7tmaifaxwz,0,rich-text,false,"Our Hotels Agra Golden Tulip, Agra Golden Tulip, Agra Visit ",block_content_not_found_in_rendered_page (path=/hotels/v-sarovar-portico-mi-road-jaipur/amenities)
hotel-page,ii92phvrtdg7kq7tmaifaxwz,1,gallery,true,(image-based block — checked separately via image-binding §5d),
hotel-page,avdwk0hdu909ha19bvznv6m9,0,rich-text,false,"Our Hotels Agra Golden Tulip, Agra Golden Tulip, Agra Visit ",block_content_not_found_in_rendered_page (path=/hotels/vaishnodevi-portico-katra/amenities)
hotel-page,avdwk0hdu909ha19bvznv6m9,1,gallery,true,(image-based block — checked separately via image-binding §5d),
hotel-page,uj3r7ebkkvk1d8incrrv8fnu,0,rich-text,false,"Our Hotels Agra Golden Tulip, Agra Golden Tulip, Agra Visit ",block_content_not_found_in_rendered_page (path=/hotels/vandhara-sarovar-premiere-patkote/amenities)
hotel-page,uj3r7ebkkvk1d8incrrv8fnu,1,gallery,true,(image-based block — checked separately via image-binding §5d),
hotel-page,qxi5n8iu0pkpseno4db1ys71,0,rich-text,false,"Our Hotels Agra Golden Tulip, Agra Golden Tulip, Agra Visit ",block_content_not_found_in_rendered_page (path=/hotels/viraj-sarovar-portico-jammu/amenities)
hotel-page,qxi5n8iu0pkpseno4db1ys71,1,gallery,true,(image-based block — checked separately via image-binding §5d),
hotel-page,en2tt3t9wry9k2r1mw6n4xjd,0,rich-text,false,"Our Hotels Agra Golden Tulip, Agra Golden Tulip, Agra Visit ",block_content_not_found_in_rendered_page (path=/hotels/aditya-hometel-hyderabad/legal)
hotel-page,en2tt3t9wry9k2r1mw6n4xjd,1,gallery,true,(image-based block — checked separately via image-binding §5d),
hotel-page,bcx3xwzojy8risjn7kj06dtb,0,rich-text,false,"Our Hotels Agra Golden Tulip, Agra Golden Tulip, Agra Visit ",block_content_not_found_in_rendered_page (path=/hotels/aditya-park-hyderabad/legal)
hotel-page,bcx3xwzojy8risjn7kj06dtb,1,gallery,true,(image-based block — checked separately via image-binding §5d),
hotel-page,ni0njrua1sdlo243vzbw4jk5,0,rich-text,false,"Our Hotels Agra Golden Tulip, Agra Golden Tulip, Agra Visit ",block_content_not_found_in_rendered_page (path=/hotels/ambar-sarovar-portico-gandhidham-hotel/legal)
hotel-page,ni0njrua1sdlo243vzbw4jk5,1,gallery,true,(image-based block — checked separately via image-binding §5d),
hotel-page,fc2tgv84hju0j9z1qejdy2cg,0,rich-text,false,"Our Hotels Agra Golden Tulip, Agra Golden Tulip, Agra Visit ",block_content_not_found_in_rendered_page (path=/hotels/ambrosia-sarovar-portico-haridwar/legal)
hotel-page,fc2tgv84hju0j9z1qejdy2cg,1,gallery,true,(image-based block — checked separately via image-binding §5d),
hotel-page,m6davkeg5tl9m7m1df3mv8ha,0,rich-text,false,"Our Hotels Agra Golden Tulip, Agra Golden Tulip, Agra Visit ",block_content_not_found_in_rendered_page (path=/hotels/balaji-sarovar-premiere-solapur/legal)
hotel-page,m6davkeg5tl9m7m1df3mv8ha,1,gallery,true,(image-based block — checked separately via image-binding §5d),
hotel-page,f889abnm29luo4p16q3tuwrb,0,rich-text,false,"Our Hotels Agra Golden Tulip, Agra Golden Tulip, Agra Visit ",block_content_not_found_in_rendered_page (path=/hotels/bellevue-sarovar-premiere-junagadh/legal)
hotel-page,f889abnm29luo4p16q3tuwrb,1,gallery,true,(image-based block — checked separately via image-binding §5d),
hotel-page,g29mnyw6twek1k4abmpfx1h4,0,rich-text,false,"Our Hotels Agra Golden Tulip, Agra Golden Tulip, Agra Visit ",block_content_not_found_in_rendered_page (path=/hotels/classic-sarovar-portico-thiruvananthapuram/legal)
hotel-page,g29mnyw6twek1k4abmpfx1h4,1,gallery,true,(image-based block — checked separately via image-binding §5d),
hotel-page,il6q3hs738vpocjlzke2bssr,0,rich-text,false,"Our Hotels Agra Golden Tulip, Agra Golden Tulip, Agra Visit ",block_content_not_found_in_rendered_page (path=/hotels/davanam-sarovar-portico-suites-bangalore/legal)
hotel-page,il6q3hs738vpocjlzke2bssr,1,gallery,true,(image-based block — checked separately via image-binding §5d),
hotel-page,wortvduczcye4w4bpcaagt2g,0,rich-text,false,"Our Hotels Agra Golden Tulip, Agra Golden Tulip, Agra Visit ",block_content_not_found_in_rendered_page (path=/hotels/deventure-sarovar-portico--kapashera-new-delhi/legal)
hotel-page,wortvduczcye4w4bpcaagt2g,1,gallery,true,(image-based block — checked separately via image-binding §5d),
hotel-page,ekbvgoylkrl8yrj1ytvvez0c,0,rich-text,false,"Our Hotels Agra Golden Tulip, Agra Golden Tulip, Agra Visit ",block_content_not_found_in_rendered_page (path=/hotels/efcee-sarovar-portico-bhavnagar/legal)
hotel-page,ekbvgoylkrl8yrj1ytvvez0c,1,gallery,true,(image-based block — checked separately via image-binding §5d),
hotel-page,hwukkne91tgo6x80tgyn4wey,0,rich-text,false,"Our Hotels Agra Golden Tulip, Agra Golden Tulip, Agra Visit ",block_content_not_found_in_rendered_page (path=/hotels/estuary-sarovar-Premiere-poovar/legal)
hotel-page,hwukkne91tgo6x80tgyn4wey,1,gallery,true,(image-based block — checked separately via image-binding §5d),
hotel-page,xnhuhxr1vm26jywh3drnkjen,0,rich-text,false,"Our Hotels Agra Golden Tulip, Agra Golden Tulip, Agra Visit ",block_content_not_found_in_rendered_page (path=/hotels/golden-sarovar-portico-amritsar/legal)
hotel-page,xnhuhxr1vm26jywh3drnkjen,1,gallery,true,(image-based block — checked separately via image-binding §5d),
hotel-page,x0eipeek7flgpgtw7cdyrfgr,0,rich-text,false,"Our Hotels Agra Golden Tulip, Agra Golden Tulip, Agra Visit ",block_content_not_found_in_rendered_page (path=/hotels/golden-tulip-lucknow/legal)
hotel-page,x0eipeek7flgpgtw7cdyrfgr,1,gallery,true,(image-based block — checked separately via image-binding §5d),
hotel-page,du2ylm3cbko9fv5hzyapbq0t,0,rich-text,false,"Our Hotels Agra Golden Tulip, Agra Golden Tulip, Agra Visit ",block_content_not_found_in_rendered_page (path=/hotels/golden-tulip-srinagar/legal)
hotel-page,du2ylm3cbko9fv5hzyapbq0t,1,gallery,true,(image-based block — checked separately via image-binding §5d),
hotel-page,agf22u7dx7je9uwj6tv42usn,0,rich-text,false,"Our Hotels Agra Golden Tulip, Agra Golden Tulip, Agra Visit ",block_content_not_found_in_rendered_page (path=/hotels/hometel-chandigarh/legal)
hotel-page,agf22u7dx7je9uwj6tv42usn,1,gallery,true,(image-based block — checked separately via image-binding §5d),
hotel-page,vyhlire234dft21e7lo2g0vf,0,rich-text,false,"Our Hotels Agra Golden Tulip, Agra Golden Tulip, Agra Visit ",block_content_not_found_in_rendered_page (path=/hotels/hometel-roorkee/legal)
hotel-page,vyhlire234dft21e7lo2g0vf,1,gallery,true,(image-based block — checked separately via image-binding §5d),
hotel-page,twk67y3qoe59n3cyypg0y5uh,0,rich-text,false,"Our Hotels Agra Golden Tulip, Agra Golden Tulip, Agra Visit ",block_content_not_found_in_rendered_page (path=/hotels/la-place-sarovar-portico-lucknow/legal)
hotel-page,twk67y3qoe59n3cyypg0y5uh,1,gallery,true,(image-based block — checked separately via image-binding §5d),
hotel-page,c3cvvtrfvn6ojxb6c8c77fed,0,rich-text,false,"Our Hotels Agra Golden Tulip, Agra Golden Tulip, Agra Visit ",block_content_not_found_in_rendered_page (path=/hotels/le-dupleix-pondicherry/legal)
hotel-page,c3cvvtrfvn6ojxb6c8c77fed,1,gallery,true,(image-based block — checked separately via image-binding §5d),
hotel-page,mxej0hlx6qzyqflw4erum1sp,0,rich-text,false,"Our Hotels Agra Golden Tulip, Agra Golden Tulip, Agra Visit ",block_content_not_found_in_rendered_page (path=/hotels/le-lac-sarovar-ranchi/legal)
hotel-page,mxej0hlx6qzyqflw4erum1sp,1,gallery,true,(image-based block — checked separately via image-binding §5d),
hotel-page,yxyh6d9tpq53othtr3qley9x,0,rich-text,false,"Our Hotels Agra Golden Tulip, Agra Golden Tulip, Agra Visit ",block_content_not_found_in_rendered_page (path=/hotels/legend-sarovar-portico/legal)
hotel-page,yxyh6d9tpq53othtr3qley9x,1,gallery,true,(image-based block — checked separately via image-binding §5d),
hotel-page,g66rp30744b52wb6sxj7rd01,0,rich-text,false,"Our Hotels Agra Golden Tulip, Agra Golden Tulip, Agra Visit ",block_content_not_found_in_rendered_page (path=/hotels/mahagun-sarovar-portico-suites-vaishali/legal)
hotel-page,g66rp30744b52wb6sxj7rd01,1,gallery,true,(image-based block — checked separately via image-binding §5d),
hotel-page,pi6oiwtngr1wjsni1h8re9q8,0,rich-text,false,"Our Hotels Agra Golden Tulip, Agra Golden Tulip, Agra Visit ",block_content_not_found_in_rendered_page (path=/hotels/majestic-court-sarovar-portico-navi-mumbai/legal)
hotel-page,pi6oiwtngr1wjsni1h8re9q8,1,gallery,true,(image-based block — checked separately via image-binding §5d),
hotel-page,t2ebhgfk6arvnfumaql69im1,0,rich-text,false,"Our Hotels Agra Golden Tulip, Agra Golden Tulip, Agra Visit ",block_content_not_found_in_rendered_page (path=/hotels/marasa-sarovar-portico-rajkot/legal)
hotel-page,t2ebhgfk6arvnfumaql69im1,1,gallery,true,(image-based block — checked separately via image-binding §5d),
hotel-page,qov2dhkbewc1b7n3vj2s0vhl,0,rich-text,false,"Our Hotels Agra Golden Tulip, Agra Golden Tulip, Agra Visit ",block_content_not_found_in_rendered_page (path=/hotels/marasa-sarovar-premiere-bodhgaya/legal)
hotel-page,qov2dhkbewc1b7n3vj2s0vhl,1,gallery,true,(image-based block — checked separately via image-binding §5d),
hotel-page,g74j7601y2qp2ahguy23xaa9,0,rich-text,false,"Our Hotels Agra Golden Tulip, Agra Golden Tulip, Agra Visit ",block_content_not_found_in_rendered_page (path=n/a)
hotel-page,g74j7601y2qp2ahguy23xaa9,1,gallery,false,(image-based block — checked separately via image-binding §5d),block_content_not_found_in_rendered_page (path=n/a)
hotel-page,jc58csfovbbjy8uucjzq7d3c,0,rich-text,false,"Our Hotels Agra Golden Tulip, Agra Golden Tulip, Agra Visit ",block_content_not_found_in_rendered_page (path=/hotels/marasa-sarovar-premiere-tirupati-hotels/legal)
hotel-page,jc58csfovbbjy8uucjzq7d3c,1,gallery,true,(image-based block — checked separately via image-binding §5d),
hotel-page,k8roqgy5t88wn8cy4cymh2m8,0,rich-text,false,"Our Hotels Agra Golden Tulip, Agra Golden Tulip, Agra Visit ",block_content_not_found_in_rendered_page (path=/hotels/marigold-sarovar-portico-mashobra-shimla/legal)
hotel-page,k8roqgy5t88wn8cy4cymh2m8,1,gallery,true,(image-based block — checked separately via image-binding §5d),
hotel-page,p2i1ced9uupt1ogeag38mkuz,0,rich-text,false,"Our Hotels Agra Golden Tulip, Agra Golden Tulip, Agra Visit ",block_content_not_found_in_rendered_page (path=/hotels/marine-plaza-mumbai/legal)
hotel-page,p2i1ced9uupt1ogeag38mkuz,1,gallery,true,(image-based block — checked separately via image-binding §5d),
hotel-page,k9xh2hg85kagg6oufwve2ax1,0,rich-text,false,"Our Hotels Agra Golden Tulip, Agra Golden Tulip, Agra Visit ",block_content_not_found_in_rendered_page (path=/hotels/nataraj-sarovar-portico-jhansi/legal)
hotel-page,k9xh2hg85kagg6oufwve2ax1,1,gallery,true,(image-based block — checked separately via image-binding §5d),
hotel-page,scu35yu0rm8y8vm74xnt6dr5,0,rich-text,false,"Our Hotels Agra Golden Tulip, Agra Golden Tulip, Agra Visit ",block_content_not_found_in_rendered_page (path=/hotels/neelkanth-sarovar-premiere-lusaka/legal)
hotel-page,scu35yu0rm8y8vm74xnt6dr5,1,gallery,true,(image-based block — checked separately via image-binding §5d),
hotel-page,fmprmhrhgz2usg73c6c3ryvh,0,rich-text,false,"Our Hotels Agra Golden Tulip, Agra Golden Tulip, Agra Visit ",block_content_not_found_in_rendered_page (path=/hotels/nidhivan-sarovar-portico-vrindavan/legal)
hotel-page,fmprmhrhgz2usg73c6c3ryvh,1,gallery,true,(image-based block — checked separately via image-binding §5d),
hotel-page,mnj8p3nnxdggvtcirdzv5u4w,0,rich-text,false,"Our Hotels Agra Golden Tulip, Agra Golden Tulip, Agra Visit ",block_content_not_found_in_rendered_page (path=/hotels/nirvana-sarovar-portico-gorakhpur/legal)
hotel-page,mnj8p3nnxdggvtcirdzv5u4w,1,gallery,true,(image-based block — checked separately via image-binding §5d),
hotel-page,t9n1m10zghuzt4jjubhj48lz,0,rich-text,false,"Our Hotels Agra Golden Tulip, Agra Golden Tulip, Agra Visit ",block_content_not_found_in_rendered_page (path=/hotels/nirwana-hometel-jaipur-sarovar/legal)
hotel-page,t9n1m10zghuzt4jjubhj48lz,1,gallery,true,(image-based block — checked separately via image-binding §5d),
hotel-page,i949gd4e0n0kowkxmbubcdsy,0,rich-text,false,"Our Hotels Agra Golden Tulip, Agra Golden Tulip, Agra Visit ",block_content_not_found_in_rendered_page (path=/hotels/paradigm-sarovar-kakinada/legal)
hotel-page,i949gd4e0n0kowkxmbubcdsy,1,gallery,true,(image-based block — checked separately via image-binding §5d),
hotel-page,raqogn5pq8gfy0rhr6jl1xxg,0,rich-text,false,"Our Hotels Agra Golden Tulip, Agra Golden Tulip, Agra Visit ",block_content_not_found_in_rendered_page (path=/hotels/park-inn-gurgaon/legal)
hotel-page,raqogn5pq8gfy0rhr6jl1xxg,1,gallery,true,(image-based block — checked separately via image-binding §5d),
hotel-page,tz56okdfae9haqv7lr4y20rd,0,rich-text,false,"Our Hotels Agra Golden Tulip, Agra Golden Tulip, Agra Visit ",block_content_not_found_in_rendered_page (path=/hotels/Park-Inn-Radisson-Goa-Candolim/legal)
hotel-page,tz56okdfae9haqv7lr4y20rd,1,gallery,true,(image-based block — checked separately via image-binding §5d),
hotel-page,znrmt4rgmv39ml8164zh5r7r,0,rich-text,false,"Our Hotels Agra Golden Tulip, Agra Golden Tulip, Agra Visit ",block_content_not_found_in_rendered_page (path=/hotels/park-plaza-faridabad/legal)
hotel-page,znrmt4rgmv39ml8164zh5r7r,1,gallery,true,(image-based block — checked separately via image-binding §5d),
hotel-page,b2z2isfph7chg3leef0u8uty,0,rich-text,false,"Our Hotels Agra Golden Tulip, Agra Golden Tulip, Agra Visit ",block_content_not_found_in_rendered_page (path=/hotels/park-plaza-jodhpur/legal)
hotel-page,b2z2isfph7chg3leef0u8uty,1,gallery,true,(image-based block — checked separately via image-binding §5d),
hotel-page,u2tvq0wbev1z0a922slee9dk,0,rich-text,false,"Our Hotels Agra Golden Tulip, Agra Golden Tulip, Agra Visit ",block_content_not_found_in_rendered_page (path=/hotels/park-plaza-ludhiana/legal)
hotel-page,u2tvq0wbev1z0a922slee9dk,1,gallery,true,(image-based block — checked separately via image-binding §5d),
hotel-page,seqwphifb34phjb1xpk1k50v,0,rich-text,false,"Our Hotels Agra Golden Tulip, Agra Golden Tulip, Agra Visit ",block_content_not_found_in_rendered_page (path=/hotels/park-plaza-shahadra--east-delhi/legal)
hotel-page,seqwphifb34phjb1xpk1k50v,1,gallery,true,(image-based block — checked separately via image-binding §5d),
hotel-page,w2q36xfpkrvfp5auybmuc9u8,0,rich-text,false,"Our Hotels Agra Golden Tulip, Agra Golden Tulip, Agra Visit ",block_content_not_found_in_rendered_page (path=/hotels/park-plaza-zirakpur/legal)
hotel-page,w2q36xfpkrvfp5auybmuc9u8,1,gallery,true,(image-based block — checked separately via image-binding §5d),
hotel-page,o41ro6z1qpo4g65u2544uc5a,0,rich-text,false,"Our Hotels Agra Golden Tulip, Agra Golden Tulip, Agra Visit ",block_content_not_found_in_rendered_page (path=/hotels/radha-hometel-bangalore/legal)
hotel-page,o41ro6z1qpo4g65u2544uc5a,1,gallery,true,(image-based block — checked separately via image-binding §5d),
hotel-page,vjl56kczcg4lihtk16l9ogcc,0,rich-text,false,"Our Hotels Agra Golden Tulip, Agra Golden Tulip, Agra Visit ",block_content_not_found_in_rendered_page (path=/hotels/radha-regent-chennai/legal)
hotel-page,vjl56kczcg4lihtk16l9ogcc,1,gallery,true,(image-based block — checked separately via image-binding §5d),
hotel-page,kaghsv0jpksv0f5oka2z7s2i,0,rich-text,false,"Our Hotels Agra Golden Tulip, Agra Golden Tulip, Agra Visit ",block_content_not_found_in_rendered_page (path=/hotels/radisson-blu--bengaluru-outer-ring-road/legal)
hotel-page,kaghsv0jpksv0f5oka2z7s2i,1,gallery,true,(image-based block — checked separately via image-binding §5d),
hotel-page,kq7uj4l9ym51hikz92m7ywdn,0,rich-text,false,"Our Hotels Agra Golden Tulip, Agra Golden Tulip, Agra Visit ",block_content_not_found_in_rendered_page (path=/hotels/radisson-hyderabad--hitec/legal)
hotel-page,kq7uj4l9ym51hikz92m7ywdn,1,gallery,true,(image-based block — checked separately via image-binding §5d),
hotel-page,sfr9o6d1crk5k58ntelq4qmh,0,rich-text,false,"Our Hotels Agra Golden Tulip, Agra Golden Tulip, Agra Visit ",block_content_not_found_in_rendered_page (path=/hotels/radisson-mumbai-goregaon/legal)
hotel-page,sfr9o6d1crk5k58ntelq4qmh,1,gallery,true,(image-based block — checked separately via image-binding §5d),
hotel-page,zsghy33mi8qqjqf0yw9ukbjz,0,rich-text,false,"Our Hotels Agra Golden Tulip, Agra Golden Tulip, Agra Visit ",block_content_not_found_in_rendered_page (path=/hotels/rbd-sarovar-portico-outer-ring-road-bengaluru/legal)
hotel-page,zsghy33mi8qqjqf0yw9ukbjz,1,gallery,true,(image-based block — checked separately via image-binding §5d),
hotel-page,ycnm2i3ieew3ow0jozg36aue,0,rich-text,false,"Our Hotels Agra Golden Tulip, Agra Golden Tulip, Agra Visit ",block_content_not_found_in_rendered_page (path=/hotels/residency-sarovar-portico-mumbai/legal)
hotel-page,ycnm2i3ieew3ow0jozg36aue,1,gallery,true,(image-based block — checked separately via image-binding §5d),
hotel-page,azynmlb33duh1arirplxisin,0,rich-text,false,"Our Hotels Agra Golden Tulip, Agra Golden Tulip, Agra Visit ",block_content_not_found_in_rendered_page (path=/hotels/rivera-sarovar-portico-ahmedabad/legal)
hotel-page,azynmlb33duh1arirplxisin,1,gallery,true,(image-based block — checked separately via image-binding §5d),
hotel-page,e5odi24nyun6xjku50z4wfvn,0,rich-text,false,"Our Hotels Agra Golden Tulip, Agra Golden Tulip, Agra Visit ",block_content_not_found_in_rendered_page (path=/hotels/royal-hometel-suites-dahisar-mumbai/legal)
hotel-page,e5odi24nyun6xjku50z4wfvn,1,gallery,true,(image-based block — checked separately via image-binding §5d),
hotel-page,smmk62qvqr378gs27llgzy86,0,rich-text,false,"Our Hotels Agra Golden Tulip, Agra Golden Tulip, Agra Visit ",block_content_not_found_in_rendered_page (path=/hotels/royal-sarovar-portico-siliguri/legal)
hotel-page,smmk62qvqr378gs27llgzy86,1,gallery,true,(image-based block — checked separately via image-binding §5d),
hotel-page,x9qh2n2e3qicp2sjwmpk3rak,0,rich-text,false,"Our Hotels Agra Golden Tulip, Agra Golden Tulip, Agra Visit ",block_content_not_found_in_rendered_page (path=/hotels/royale-sarovar-portico-agra/legal)
hotel-page,x9qh2n2e3qicp2sjwmpk3rak,1,gallery,true,(image-based block — checked separately via image-binding §5d),
hotel-page,upkgy3vs8uilfsnl2u9tdwnr,0,rich-text,false,"Our Hotels Agra Golden Tulip, Agra Golden Tulip, Agra Visit ",block_content_not_found_in_rendered_page (path=n/a)
hotel-page,upkgy3vs8uilfsnl2u9tdwnr,1,gallery,false,(image-based block — checked separately via image-binding §5d),block_content_not_found_in_rendered_page (path=n/a)
hotel-page,tp6yhcu0avv6rr6p4d6ba0rz,0,rich-text,false,"Our Hotels Agra Golden Tulip, Agra Golden Tulip, Agra Visit ",block_content_not_found_in_rendered_page (path=/hotels/rs-sarovar-portico-palampur/legal)
hotel-page,tp6yhcu0avv6rr6p4d6ba0rz,1,gallery,true,(image-based block — checked separately via image-binding §5d),
hotel-page,zau0b1ss0dlakzcql0zp2vfj,0,rich-text,false,"Our Hotels Agra Golden Tulip, Agra Golden Tulip, Agra Visit ",block_content_not_found_in_rendered_page (path=/hotels/sairafort-sarovar-portico-jaisalmer/legal)
hotel-page,zau0b1ss0dlakzcql0zp2vfj,1,gallery,true,(image-based block — checked separately via image-binding §5d),
hotel-page,eneokivteem35o9yuv8ayvna,0,rich-text,false,"Our Hotels Agra Golden Tulip, Agra Golden Tulip, Agra Visit ",block_content_not_found_in_rendered_page (path=/hotels/sarovar-ahmedabad/legal)
hotel-page,eneokivteem35o9yuv8ayvna,1,gallery,true,(image-based block — checked separately via image-binding §5d),
hotel-page,nd2wyvk9vlwzwo0mnvfjr04i,0,rich-text,false,"Our Hotels Agra Golden Tulip, Agra Golden Tulip, Agra Visit ",block_content_not_found_in_rendered_page (path=n/a)
hotel-page,nd2wyvk9vlwzwo0mnvfjr04i,1,gallery,false,(image-based block — checked separately via image-binding §5d),block_content_not_found_in_rendered_page (path=n/a)
hotel-page,wvmalab8n1up39zoesztwbv9,0,rich-text,false,"Our Hotels Agra Golden Tulip, Agra Golden Tulip, Agra Visit ",block_content_not_found_in_rendered_page (path=/hotels/sarovar-portico-badrinath-uttarakhand/legal)
hotel-page,wvmalab8n1up39zoesztwbv9,1,gallery,true,(image-based block — checked separately via image-binding §5d),
hotel-page,u9eerkfw908kaiqm5j9b7tm5,0,rich-text,false,"Our Hotels Agra Golden Tulip, Agra Golden Tulip, Agra Visit ",block_content_not_found_in_rendered_page (path=/hotels/sarovar-portico-dehradun/legal)
hotel-page,u9eerkfw908kaiqm5j9b7tm5,1,gallery,true,(image-based block — checked separately via image-binding §5d),
hotel-page,l6k8svoj3qbyig8anmbmmatp,0,rich-text,false,"Our Hotels Agra Golden Tulip, Agra Golden Tulip, Agra Visit ",block_content_not_found_in_rendered_page (path=n/a)
hotel-page,l6k8svoj3qbyig8anmbmmatp,1,gallery,false,(image-based block — checked separately via image-binding §5d),block_content_not_found_in_rendered_page (path=n/a)
hotel-page,iznllopizsxczlq34e6ghh3f,0,rich-text,false,"Our Hotels Agra Golden Tulip, Agra Golden Tulip, Agra Visit ",block_content_not_found_in_rendered_page (path=/hotels/sarovar-portico-jaipur/legal)
hotel-page,iznllopizsxczlq34e6ghh3f,1,gallery,true,(image-based block — checked separately via image-binding §5d),
hotel-page,b56k3ytr8pv61dcyxdfnu5bs,0,rich-text,false,"Our Hotels Agra Golden Tulip, Agra Golden Tulip, Agra Visit ",block_content_not_found_in_rendered_page (path=/hotels/sarovar-portico-jalandhar/legal)
hotel-page,b56k3ytr8pv61dcyxdfnu5bs,1,gallery,true,(image-based block — checked separately via image-binding §5d),
hotel-page,xi7rhggmfgzu1bp7qtdxrdsi,0,rich-text,false,"Our Hotels Agra Golden Tulip, Agra Golden Tulip, Agra Visit ",block_content_not_found_in_rendered_page (path=/hotels/sarovar-portico-naraina-new-delhi/legal)
hotel-page,xi7rhggmfgzu1bp7qtdxrdsi,1,gallery,true,(image-based block — checked separately via image-binding §5d),
hotel-page,f4iq1pezcvwrmnfp9tciw9dp,0,rich-text,false,"Our Hotels Agra Golden Tulip, Agra Golden Tulip, Agra Visit ",block_content_not_found_in_rendered_page (path=/hotels/sarovar-portico-surajkund/legal)
hotel-page,f4iq1pezcvwrmnfp9tciw9dp,1,gallery,true,(image-based block — checked separately via image-binding §5d),
hotel-page,nkuq2aue92dym2qp8nx9kta2,0,rich-text,false,"Our Hotels Agra Golden Tulip, Agra Golden Tulip, Agra Visit ",block_content_not_found_in_rendered_page (path=/hotels/sarovar-premiere-jaipur/legal)
hotel-page,nkuq2aue92dym2qp8nx9kta2,1,gallery,true,(image-based block — checked separately via image-binding §5d),
hotel-page,ml981clgpqoq8ba3ks7nave7,0,rich-text,false,"Our Hotels Agra Golden Tulip, Agra Golden Tulip, Agra Visit ",block_content_not_found_in_rendered_page (path=/hotels/shravanthi-sarovar-portico-bengaluru/legal)
hotel-page,ml981clgpqoq8ba3ks7nave7,1,gallery,true,(image-based block — checked separately via image-binding §5d),
hotel-page,pazsnx8d4qzu9xfbffn6ux6v,0,rich-text,false,"Our Hotels Agra Golden Tulip, Agra Golden Tulip, Agra Visit ",block_content_not_found_in_rendered_page (path=n/a)
hotel-page,pazsnx8d4qzu9xfbffn6ux6v,1,gallery,false,(image-based block — checked separately via image-binding §5d),block_content_not_found_in_rendered_page (path=n/a)
hotel-page,oo2tfa12tghgha4ppdym5ua0,0,rich-text,false,"Our Hotels Agra Golden Tulip, Agra Golden Tulip, Agra Visit ",block_content_not_found_in_rendered_page (path=/hotels/singhania-sarovar-portico-raipur/legal)
hotel-page,oo2tfa12tghgha4ppdym5ua0,1,gallery,true,(image-based block — checked separately via image-binding §5d),
hotel-page,jrp51dzhhv25oirtiubwvscm,0,rich-text,false,"Our Hotels Agra Golden Tulip, Agra Golden Tulip, Agra Visit ",block_content_not_found_in_rendered_page (path=/hotels/sobit-sarovar-portico-palolem-beach-hotel-goa/legal)
hotel-page,jrp51dzhhv25oirtiubwvscm,1,gallery,true,(image-based block — checked separately via image-binding §5d),
hotel-page,kw7vkaya9v93kcsixtdu4tgx,0,rich-text,false,"Our Hotels Agra Golden Tulip, Agra Golden Tulip, Agra Visit ",block_content_not_found_in_rendered_page (path=/hotels/taurus-hotel-mahipalpur-new-delhi/legal)
hotel-page,kw7vkaya9v93kcsixtdu4tgx,1,gallery,true,(image-based block — checked separately via image-binding §5d),
hotel-page,gejqcr5sdffoaykwyklnbuh1,0,rich-text,false,"Our Hotels Agra Golden Tulip, Agra Golden Tulip, Agra Visit ",block_content_not_found_in_rendered_page (path=/hotels/the-ashtan-sarovar-portico-new-delhi/legal)
hotel-page,gejqcr5sdffoaykwyklnbuh1,1,gallery,true,(image-based block — checked separately via image-binding §5d),
hotel-page,ko54elp4jhrqpuef6jt2bx8u,0,rich-text,false,"Our Hotels Agra Golden Tulip, Agra Golden Tulip, Agra Visit ",block_content_not_found_in_rendered_page (path=n/a)
hotel-page,ko54elp4jhrqpuef6jt2bx8u,1,gallery,false,(image-based block — checked separately via image-binding §5d),block_content_not_found_in_rendered_page (path=n/a)
hotel-page,vdqto4s8vjb73h1vbm0xuzuf,0,rich-text,false,"Our Hotels Agra Golden Tulip, Agra Golden Tulip, Agra Visit ",block_content_not_found_in_rendered_page (path=/hotels/the-gokulam-park-kochi/legal)
hotel-page,vdqto4s8vjb73h1vbm0xuzuf,1,gallery,true,(image-based block — checked separately via image-binding §5d),
hotel-page,k3ls2tg4svragqgz46k5bgwj,0,rich-text,false,"Our Hotels Agra Golden Tulip, Agra Golden Tulip, Agra Visit ",block_content_not_found_in_rendered_page (path=/hotels/the-heron-portico-nairobi/legal)
hotel-page,k3ls2tg4svragqgz46k5bgwj,1,gallery,true,(image-based block — checked separately via image-binding §5d),
hotel-page,e92bcowbf2qfmx8icb1cr7ps,0,rich-text,false,"Our Hotels Agra Golden Tulip, Agra Golden Tulip, Agra Visit ",block_content_not_found_in_rendered_page (path=/hotels/the-muse-sarovar-portico-nehru-place-new-delhi/legal)
hotel-page,e92bcowbf2qfmx8icb1cr7ps,1,gallery,true,(image-based block — checked separately via image-binding §5d),
hotel-page,yaj3qaf3xq32vd9w3slv5a56,0,rich-text,false,"Our Hotels Agra Golden Tulip, Agra Golden Tulip, Agra Visit ",block_content_not_found_in_rendered_page (path=/hotels/the-promenade-pondicherry/legal)
hotel-page,yaj3qaf3xq32vd9w3slv5a56,1,gallery,true,(image-based block — checked separately via image-binding §5d),
hotel-page,dzutjj5m56cdagc5742n9jkh,0,rich-text,false,"Our Hotels Agra Golden Tulip, Agra Golden Tulip, Agra Visit ",block_content_not_found_in_rendered_page (path=/hotels/vaishnodevi-portico-katra/legal)
hotel-page,dzutjj5m56cdagc5742n9jkh,1,gallery,true,(image-based block — checked separately via image-binding §5d),
hotel-page,ycb3ir0u9lvydw7akli1n6y8,0,rich-text,false,"Our Hotels Agra Golden Tulip, Agra Golden Tulip, Agra Visit ",block_content_not_found_in_rendered_page (path=/hotels/viraj-sarovar-portico-jammu/legal)
hotel-page,ycb3ir0u9lvydw7akli1n6y8,1,gallery,true,(image-based block — checked separately via image-binding §5d),
hotel-page,oteblt6ecfngaw0rvxmsoud1,0,rich-text,false,"Our Hotels Agra Golden Tulip, Agra Golden Tulip, Agra Visit ",block_content_not_found_in_rendered_page (path=/hotels/ambrosia-sarovar-portico-haridwar/wellness)
hotel-page,oteblt6ecfngaw0rvxmsoud1,1,gallery,true,(image-based block — checked separately via image-binding §5d),
hotel-page,j0oyih4t7p4bkhfwr33oa2il,0,rich-text,false,"Our Hotels Agra Golden Tulip, Agra Golden Tulip, Agra Visit ",block_content_not_found_in_rendered_page (path=/hotels/balaji-sarovar-premiere-solapur/wellness)
hotel-page,j0oyih4t7p4bkhfwr33oa2il,1,gallery,true,(image-based block — checked separately via image-binding §5d),
hotel-page,asu39u7n6zmfj5fghm76w33d,0,rich-text,false,"Our Hotels Agra Golden Tulip, Agra Golden Tulip, Agra Visit ",block_content_not_found_in_rendered_page (path=/hotels/marasa-sarovar-premiere-bodhgaya/wellness)
hotel-page,asu39u7n6zmfj5fghm76w33d,1,gallery,true,(image-based block — checked separately via image-binding §5d),
hotel-page,na0wky71i8esqgprecls58pk,0,rich-text,false,"Our Hotels Agra Golden Tulip, Agra Golden Tulip, Agra Visit ",block_content_not_found_in_rendered_page (path=n/a)
hotel-page,na0wky71i8esqgprecls58pk,1,gallery,false,(image-based block — checked separately via image-binding §5d),block_content_not_found_in_rendered_page (path=n/a)
hotel-page,jvwz0ixef83r3poi26sycb8c,0,rich-text,false,"Our Hotels Agra Golden Tulip, Agra Golden Tulip, Agra Visit ",block_content_not_found_in_rendered_page (path=n/a)
hotel-page,jvwz0ixef83r3poi26sycb8c,1,gallery,false,(image-based block — checked separately via image-binding §5d),block_content_not_found_in_rendered_page (path=n/a)
hotel-page,s138s6mm8ahco6a75aj50ncu,0,rich-text,false,"Our Hotels Agra Golden Tulip, Agra Golden Tulip, Agra Visit ",block_content_not_found_in_rendered_page (path=n/a)
hotel-page,s138s6mm8ahco6a75aj50ncu,1,gallery,false,(image-based block — checked separately via image-binding §5d),block_content_not_found_in_rendered_page (path=n/a)
hotel-page,hkjrpekx1e45jtiutpu4k64w,0,rich-text,false,"Our Hotels Agra Golden Tulip, Agra Golden Tulip, Agra Visit ",block_content_not_found_in_rendered_page (path=n/a)
hotel-page,hkjrpekx1e45jtiutpu4k64w,1,gallery,false,(image-based block — checked separately via image-binding §5d),block_content_not_found_in_rendered_page (path=n/a)
hotel-page,rp1tnsanwiy5xjp6p7lni5l6,0,rich-text,false,"Our Hotels Agra Golden Tulip, Agra Golden Tulip, Agra Visit ",block_content_not_found_in_rendered_page (path=n/a)
hotel-page,rp1tnsanwiy5xjp6p7lni5l6,1,gallery,false,(image-based block — checked separately via image-binding §5d),block_content_not_found_in_rendered_page (path=n/a)
hotel-page,n996ltyzkdhb0p5a19lqrgvh,0,rich-text,false,"Our Hotels Agra Golden Tulip, Agra Golden Tulip, Agra Visit ",block_content_not_found_in_rendered_page (path=n/a)
hotel-page,n996ltyzkdhb0p5a19lqrgvh,1,gallery,false,(image-based block — checked separately via image-binding §5d),block_content_not_found_in_rendered_page (path=n/a)
hotel-page,qhgcujbkrzwnc2yr9zy0lza7,0,rich-text,false,"Our Hotels Agra Golden Tulip, Agra Golden Tulip, Agra Visit ",block_content_not_found_in_rendered_page (path=n/a)
hotel-page,qhgcujbkrzwnc2yr9zy0lza7,1,gallery,false,(image-based block — checked separately via image-binding §5d),block_content_not_found_in_rendered_page (path=n/a)
hotel-page,vk18yn8uiqzkqjofd577zqax,0,rich-text,false,"Our Hotels Agra Golden Tulip, Agra Golden Tulip, Agra Visit ",block_content_not_found_in_rendered_page (path=n/a)
hotel-page,vk18yn8uiqzkqjofd577zqax,1,gallery,false,(image-based block — checked separately via image-binding §5d),block_content_not_found_in_rendered_page (path=n/a)
hotel-page,al2x2i2g4ajn61rn4jgw5eoh,0,rich-text,false,"Our Hotels Agra Golden Tulip, Agra Golden Tulip, Agra Visit ",block_content_not_found_in_rendered_page (path=/hotels/marasa-sarovar-premiere-tirupati-hotels/wellness)
hotel-page,al2x2i2g4ajn61rn4jgw5eoh,1,gallery,true,(image-based block — checked separately via image-binding §5d),
hotel-page,u8sq6uefahnr1v91q7m38bxl,0,rich-text,false,"Our Hotels Agra Golden Tulip, Agra Golden Tulip, Agra Visit ",block_content_not_found_in_rendered_page (path=/hotels/sarovar-portico-somnath/wellness)
hotel-page,u8sq6uefahnr1v91q7m38bxl,1,gallery,true,(image-based block — checked separately via image-binding §5d),
hotel-page,i9rr7vupld4klfvrcnkyvmd6,0,rich-text,false,"Our Hotels Agra Golden Tulip, Agra Golden Tulip, Agra Visit ",block_content_not_found_in_rendered_page (path=/hotels/sarovar-portico-sonipat/wellness)
hotel-page,i9rr7vupld4klfvrcnkyvmd6,1,gallery,true,(image-based block — checked separately via image-binding §5d),
hotel-page,jtmo5y4qdknqpth2lqmoqjsv,0,rich-text,false,"Our Hotels Agra Golden Tulip, Agra Golden Tulip, Agra Visit ",block_content_not_found_in_rendered_page (path=/hotels/balaji-sarovar-premiere-solapur/home-delivery)
hotel-page,jtmo5y4qdknqpth2lqmoqjsv,1,gallery,true,(image-based block — checked separately via image-binding §5d),
hotel-page,xy1yz9l6liuvpwxb8vh1a0va,0,rich-text,false,"Our Hotels Agra Golden Tulip, Agra Golden Tulip, Agra Visit ",block_content_not_found_in_rendered_page (path=/hotels/davanam-sarovar-portico-suites-bangalore/home-delivery)
hotel-page,xy1yz9l6liuvpwxb8vh1a0va,1,gallery,true,(image-based block — checked separately via image-binding §5d),
hotel-page,j6buc6s3fd5dadgdk2e9ts5x,0,rich-text,false,"Our Hotels Agra Golden Tulip, Agra Golden Tulip, Agra Visit ",block_content_not_found_in_rendered_page (path=/hotels/golden-sarovar-portico-amritsar/home-delivery)
hotel-page,j6buc6s3fd5dadgdk2e9ts5x,1,gallery,true,(image-based block — checked separately via image-binding §5d),
hotel-page,x6sc7dp0xmsvtgsvb2rdio2y,0,rich-text,false,"Our Hotels Agra Golden Tulip, Agra Golden Tulip, Agra Visit ",block_content_not_found_in_rendered_page (path=/hotels/le-lac-sarovar-ranchi/home-delivery)
hotel-page,x6sc7dp0xmsvtgsvb2rdio2y,1,gallery,true,(image-based block — checked separately via image-binding §5d),
hotel-page,t3wgckrqsqekwhos07z60023,0,rich-text,false,"Our Hotels Agra Golden Tulip, Agra Golden Tulip, Agra Visit ",block_content_not_found_in_rendered_page (path=/hotels/nirvana-sarovar-portico-gorakhpur/home-delivery)
hotel-page,t3wgckrqsqekwhos07z60023,1,gallery,true,(image-based block — checked separately via image-binding §5d),
hotel-page,wgmzelkf5rvgwqscui3ih21y,0,rich-text,false,"Our Hotels Agra Golden Tulip, Agra Golden Tulip, Agra Visit ",block_content_not_found_in_rendered_page (path=/hotels/paradigm-sarovar-kakinada/home-delivery)
hotel-page,wgmzelkf5rvgwqscui3ih21y,1,gallery,true,(image-based block — checked separately via image-binding §5d),
hotel-page,x1kbeh3o8jf6httdw0e4mp13,0,rich-text,false,"Our Hotels Agra Golden Tulip, Agra Golden Tulip, Agra Visit ",block_content_not_found_in_rendered_page (path=/hotels/park-plaza-faridabad/home-delivery)
hotel-page,x1kbeh3o8jf6httdw0e4mp13,1,gallery,true,(image-based block — checked separately via image-binding §5d),
hotel-page,uk6q5k6sjljga84z4ec3p48z,0,rich-text,false,"Our Hotels Agra Golden Tulip, Agra Golden Tulip, Agra Visit ",block_content_not_found_in_rendered_page (path=/hotels/park-plaza-zirakpur/home-delivery)
hotel-page,uk6q5k6sjljga84z4ec3p48z,1,gallery,true,(image-based block — checked separately via image-binding §5d),
hotel-page,simcrmlyrjuxlqla50dom6xn,0,rich-text,false,"Our Hotels Agra Golden Tulip, Agra Golden Tulip, Agra Visit ",block_content_not_found_in_rendered_page (path=/hotels/golden-tulip-goa-mandrem/faqs)
hotel-page,simcrmlyrjuxlqla50dom6xn,1,gallery,true,(image-based block — checked separately via image-binding §5d),
hotel-page,pua7vp5ituysu9z72j311lxi,0,rich-text,false,"Our Hotels Agra Golden Tulip, Agra Golden Tulip, Agra Visit ",block_content_not_found_in_rendered_page (path=/hotels/golden-tulip-kukas-jaipur/faqs)
hotel-page,pua7vp5ituysu9z72j311lxi,1,gallery,true,(image-based block — checked separately via image-binding §5d),
hotel-page,lknqnr9nitt01whrcthio9fj,0,rich-text,false,"Our Hotels Agra Golden Tulip, Agra Golden Tulip, Agra Visit ",block_content_not_found_in_rendered_page (path=/hotels/golden-tulip-sector-80-gurugram/faqs)
hotel-page,lknqnr9nitt01whrcthio9fj,1,gallery,true,(image-based block — checked separately via image-binding §5d),
hotel-page,f2yezh0rextv9chvbffolmd3,0,rich-text,false,"Our Hotels Agra Golden Tulip, Agra Golden Tulip, Agra Visit ",block_content_not_found_in_rendered_page (path=/hotels/kpg-sarovar-portico-raj-nagar-extension-ghaziabad/faqs)
hotel-page,f2yezh0rextv9chvbffolmd3,1,gallery,true,(image-based block — checked separately via image-binding §5d),
hotel-page,hgs57rmr2g1z3qjlbxlz4q3p,0,rich-text,false,"Our Hotels Agra Golden Tulip, Agra Golden Tulip, Agra Visit ",block_content_not_found_in_rendered_page (path=/hotels/mountnoor-sarovar-premiere-pahalgam/faqs)
hotel-page,hgs57rmr2g1z3qjlbxlz4q3p,1,gallery,true,(image-based block — checked separately via image-binding §5d),
hotel-page,f2ohrhmoi4d3e9gtbk7jenh8,0,rich-text,false,"Our Hotels Agra Golden Tulip, Agra Golden Tulip, Agra Visit ",block_content_not_found_in_rendered_page (path=/hotels/mukundra-sarovar-premiere-kota/faqs)
hotel-page,f2ohrhmoi4d3e9gtbk7jenh8,1,gallery,true,(image-based block — checked separately via image-binding §5d),
hotel-page,kiamqxcxhqb21urzawby0nku,0,rich-text,false,"Our Hotels Agra Golden Tulip, Agra Golden Tulip, Agra Visit ",block_content_not_found_in_rendered_page (path=/hotels/prachi-sarovar-premiere-bhubaneswar/faqs)
hotel-page,kiamqxcxhqb21urzawby0nku,1,gallery,true,(image-based block — checked separately via image-binding §5d),
hotel-page,y9sn5icqr0u7a87s91u8gagv,0,rich-text,false,"Our Hotels Agra Golden Tulip, Agra Golden Tulip, Agra Visit ",block_content_not_found_in_rendered_page (path=/hotels/royal-tulip-kathmandu-shivapuri-national-park/faqs)
hotel-page,y9sn5icqr0u7a87s91u8gagv,1,gallery,true,(image-based block — checked separately via image-binding §5d),
hotel-page,jj5fq7ofu9estnp5auwj3v7k,0,rich-text,false,"Our Hotels Agra Golden Tulip, Agra Golden Tulip, Agra Visit ",block_content_not_found_in_rendered_page (path=/hotels/sarovar-portico-bhubaneswar/faqs)
hotel-page,jj5fq7ofu9estnp5auwj3v7k,1,gallery,true,(image-based block — checked separately via image-binding §5d),
hotel-page,g738kjm582w77nnn3ih95gi7,0,rich-text,false,"Our Hotels Agra Golden Tulip, Agra Golden Tulip, Agra Visit ",block_content_not_found_in_rendered_page (path=/hotels/tulip-inn-gurugram-near-medanta/faqs)
hotel-page,g738kjm582w77nnn3ih95gi7,1,gallery,true,(image-based block — checked separately via image-binding §5d),
hotel-page,cfnxwkl9gwu2djtuut3m2wa3,0,rich-text,false,"Our Hotels Agra Golden Tulip, Agra Golden Tulip, Agra Visit ",block_content_not_found_in_rendered_page (path=/hotels/estuary-sarovar-Premiere-poovar/contact)
hotel-page,cfnxwkl9gwu2djtuut3m2wa3,1,gallery,true,(image-based block — checked separately via image-binding §5d),
hotel-page,m1ujpnl0u49xjtjbufyzd2m8,0,rich-text,false,"Our Hotels Agra Golden Tulip, Agra Golden Tulip, Agra Visit ",block_content_not_found_in_rendered_page (path=/hotels/golden-tulip-essential-jaipur/contact)
hotel-page,m1ujpnl0u49xjtjbufyzd2m8,1,gallery,true,(image-based block — checked separately via image-binding §5d),
hotel-page,so4nthlz7pmrxl7mcrpoi24o,0,rich-text,false,"Our Hotels Agra Golden Tulip, Agra Golden Tulip, Agra Visit ",block_content_not_found_in_rendered_page (path=/hotels/golden-tulip/contact)
hotel-page,so4nthlz7pmrxl7mcrpoi24o,1,gallery,true,(image-based block — checked separately via image-binding §5d),
hotel-page,ysfabv9i4ahg0er9kv7mlal5,0,rich-text,false,"Our Hotels Agra Golden Tulip, Agra Golden Tulip, Agra Visit ",block_content_not_found_in_rendered_page (path=/hotels/lagoon-sarovar-premiere-pondicherry/contact)
hotel-page,ysfabv9i4ahg0er9kv7mlal5,1,gallery,true,(image-based block — checked separately via image-binding §5d),
hotel-page,mwm0aryqwpzd3w65pmkne2dy,0,rich-text,false,"Our Hotels Agra Golden Tulip, Agra Golden Tulip, Agra Visit ",block_content_not_found_in_rendered_page (path=/hotels/manjeera-international-convention-centre/contact)
hotel-page,mwm0aryqwpzd3w65pmkne2dy,1,gallery,true,(image-based block — checked separately via image-binding §5d),
hotel-page,r54pzsxodpf8mon5jlafbowo,0,rich-text,false,"Our Hotels Agra Golden Tulip, Agra Golden Tulip, Agra Visit ",block_content_not_found_in_rendered_page (path=/hotels/rosefinch-sarovar-portico-bhimtal/contact)
hotel-page,r54pzsxodpf8mon5jlafbowo,1,gallery,true,(image-based block — checked separately via image-binding §5d),
hotel-page,q5ixcg3x94db5d6qw75imszg,0,rich-text,false,"Our Hotels Agra Golden Tulip, Agra Golden Tulip, Agra Visit ",block_content_not_found_in_rendered_page (path=/hotels/sarovar-portico-bhubaneswar/contact)
hotel-page,q5ixcg3x94db5d6qw75imszg,1,gallery,true,(image-based block — checked separately via image-binding §5d),
hotel-page,mrvdy630xekmzgdpan3fffhv,0,rich-text,false,"Our Hotels Agra Golden Tulip, Agra Golden Tulip, Agra Visit ",block_content_not_found_in_rendered_page (path=/hotels/lagoon-sarovar-premiere-pondicherry/pay-us)
hotel-page,mrvdy630xekmzgdpan3fffhv,1,gallery,true,(image-based block — checked separately via image-binding §5d),
hotel-page,tcri2kvcjk7d8w6509n98ddm,0,rich-text,false,"Our Hotels Agra Golden Tulip, Agra Golden Tulip, Agra Visit ",block_content_not_found_in_rendered_page (path=/hotels/sarovar-portico-sonipat/pay-us)
hotel-page,tcri2kvcjk7d8w6509n98ddm,1,gallery,true,(image-based block — checked separately via image-binding §5d),
hotel-page,msr0a9lok7sbaxwraj7qb2zp,0,rich-text,false,"Our Hotels Agra Golden Tulip, Agra Golden Tulip, Agra Visit ",block_content_not_found_in_rendered_page (path=/hotels/efcee-sarovar-portico-bhavnagar/awards)
hotel-page,msr0a9lok7sbaxwraj7qb2zp,1,gallery,true,(image-based block — checked separately via image-binding §5d),
hotel-page,xdg0ehbzu85bkzgpo6llvkof,0,rich-text,false,"Our Hotels Agra Golden Tulip, Agra Golden Tulip, Agra Visit ",block_content_not_found_in_rendered_page (path=/hotels/aditya-park-hyderabad/meeting-events)
hotel-page,xdg0ehbzu85bkzgpo6llvkof,1,gallery,true,(image-based block — checked separately via image-binding §5d),
hotel-page,iogni9vobngzmsfz0e5ema9u,0,rich-text,false,"Our Hotels Agra Golden Tulip, Agra Golden Tulip, Agra Visit ",block_content_not_found_in_rendered_page (path=/hotels/ambar-sarovar-portico-gandhidham-hotel/promotions)
hotel-page,iogni9vobngzmsfz0e5ema9u,1,gallery,true,(image-based block — checked separately via image-binding §5d),
hotel-page,ztq99m7wyfwfmgc2f4eel6tl,0,rich-text,false,"Our Hotels Agra Golden Tulip, Agra Golden Tulip, Agra Visit ",block_content_not_found_in_rendered_page (path=/hotels/ambrosia-sarovar-portico-haridwar/meetings-events)
hotel-page,ztq99m7wyfwfmgc2f4eel6tl,1,gallery,true,(image-based block — checked separately via image-binding §5d),
hotel-page,xuq1dcd2ickwy65plrcxsaxn,0,rich-text,false,"Our Hotels Agra Golden Tulip, Agra Golden Tulip, Agra Visit ",block_content_not_found_in_rendered_page (path=/hotels/bellevue-sarovar-premiere-junagadh/banquet-conference)
hotel-page,xuq1dcd2ickwy65plrcxsaxn,1,gallery,true,(image-based block — checked separately via image-binding §5d),
hotel-page,sfloxyb40p3nixcxk7xa6shn,0,rich-text,false,"Our Hotels Agra Golden Tulip, Agra Golden Tulip, Agra Visit ",block_content_not_found_in_rendered_page (path=/hotels/bellevue-sarovar-premiere-junagadh/emerald-conference-hall)
hotel-page,sfloxyb40p3nixcxk7xa6shn,1,gallery,true,(image-based block — checked separately via image-binding §5d),
hotel-page,ckgmt8zuqf1zemrm7hiwcq6w,0,rich-text,false,"Our Hotels Agra Golden Tulip, Agra Golden Tulip, Agra Visit ",block_content_not_found_in_rendered_page (path=/hotels/bellevue-sarovar-premiere-junagadh/grand-crystal---banquet-hall)
hotel-page,ckgmt8zuqf1zemrm7hiwcq6w,1,gallery,true,(image-based block — checked separately via image-binding §5d),
hotel-page,x42fjpxk9tpq9s4wmupza4fx,0,rich-text,false,"Our Hotels Agra Golden Tulip, Agra Golden Tulip, Agra Visit ",block_content_not_found_in_rendered_page (path=/hotels/bellevue-sarovar-premiere-junagadh/opal-conference-hall)
hotel-page,x42fjpxk9tpq9s4wmupza4fx,1,gallery,true,(image-based block — checked separately via image-binding §5d),
hotel-page,xsybf2cdm2hzgu8kq0qjrrns,0,rich-text,false,"Our Hotels Agra Golden Tulip, Agra Golden Tulip, Agra Visit ",block_content_not_found_in_rendered_page (path=/hotels/citadel-sarovar-portico-bangalore/events)
hotel-page,xsybf2cdm2hzgu8kq0qjrrns,1,gallery,true,(image-based block — checked separately via image-binding §5d),
hotel-page,be981v685bm1afqr7r9965cj,0,rich-text,false,"Our Hotels Agra Golden Tulip, Agra Golden Tulip, Agra Visit ",block_content_not_found_in_rendered_page (path=/hotels/deventure-sarovar-portico-patel-nagar/oasis-hall)
hotel-page,be981v685bm1afqr7r9965cj,1,gallery,true,(image-based block — checked separately via image-binding §5d),
hotel-page,j13n44uyu86q731bw6ep7nk0,0,rich-text,false,"Our Hotels Agra Golden Tulip, Agra Golden Tulip, Agra Visit ",block_content_not_found_in_rendered_page (path=/hotels/efcee-sarovar-portico-bhavnagar/meeting-events)
hotel-page,j13n44uyu86q731bw6ep7nk0,1,gallery,true,(image-based block — checked separately via image-binding §5d),
hotel-page,byq5g6o5bstjp2wgjnii2k3o,0,rich-text,false,"Our Hotels Agra Golden Tulip, Agra Golden Tulip, Agra Visit ",block_content_not_found_in_rendered_page (path=/hotels/estuary-sarovar-Premiere-poovar/about-us)
hotel-page,byq5g6o5bstjp2wgjnii2k3o,1,gallery,true,(image-based block — checked separately via image-binding §5d),
hotel-page,cmav17nsn14i3ckfzt566iw0,0,rich-text,false,"Our Hotels Agra Golden Tulip, Agra Golden Tulip, Agra Visit ",block_content_not_found_in_rendered_page (path=/hotels/estuary-sarovar-Premiere-poovar/ayurveda-facility)
hotel-page,cmav17nsn14i3ckfzt566iw0,1,gallery,true,(image-based block — checked separately via image-binding §5d),
hotel-page,x0c8ce6ow65ow8buhyxymuab,0,rich-text,false,"Our Hotels Agra Golden Tulip, Agra Golden Tulip, Agra Visit ",block_content_not_found_in_rendered_page (path=/hotels/estuary-sarovar-Premiere-poovar/marma-spine-care)
hotel-page,x0c8ce6ow65ow8buhyxymuab,1,gallery,true,(image-based block — checked separately via image-binding §5d),
hotel-page,f6c85dleuu21nhx7oykcc91q,0,rich-text,false,"Our Hotels Agra Golden Tulip, Agra Golden Tulip, Agra Visit ",block_content_not_found_in_rendered_page (path=/hotels/estuary-sarovar-Premiere-poovar/panchakarma-detox)
hotel-page,f6c85dleuu21nhx7oykcc91q,1,gallery,true,(image-based block — checked separately via image-binding §5d),
hotel-page,jo9fup4kse66iwwc7f3vmyb5,0,rich-text,false,"Our Hotels Agra Golden Tulip, Agra Golden Tulip, Agra Visit ",block_content_not_found_in_rendered_page (path=/hotels/estuary-sarovar-Premiere-poovar/rasayanam-rejuvenation)
hotel-page,jo9fup4kse66iwwc7f3vmyb5,1,gallery,true,(image-based block — checked separately via image-binding §5d),
hotel-page,a4mv2j2ydt4ncry2lyh2kexb,0,rich-text,false,"Our Hotels Agra Golden Tulip, Agra Golden Tulip, Agra Visit ",block_content_not_found_in_rendered_page (path=/hotels/estuary-sarovar-Premiere-poovar/sanjeevani-destress)
hotel-page,a4mv2j2ydt4ncry2lyh2kexb,1,gallery,true,(image-based block — checked separately via image-binding §5d),
hotel-page,sggqbs6a8hblup9vaxb61ol1,0,rich-text,false,"Our Hotels Agra Golden Tulip, Agra Golden Tulip, Agra Visit ",block_content_not_found_in_rendered_page (path=/hotels/estuary-sarovar-Premiere-poovar/soundarya-skin-hair-care)
hotel-page,sggqbs6a8hblup9vaxb61ol1,1,gallery,true,(image-based block — checked separately via image-binding §5d),
hotel-page,k2r3ejlucadffonr8tz02knv,0,rich-text,false,"Our Hotels Agra Golden Tulip, Agra Golden Tulip, Agra Visit ",block_content_not_found_in_rendered_page (path=/hotels/estuary-sarovar-Premiere-poovar/sthoulya-slimming-programme)
hotel-page,k2r3ejlucadffonr8tz02knv,1,gallery,true,(image-based block — checked separately via image-binding §5d),
hotel-page,wsrktc2zaffxr4i784so47kx,0,rich-text,false,"Our Hotels Agra Golden Tulip, Agra Golden Tulip, Agra Visit ",block_content_not_found_in_rendered_page (path=/hotels/estuary-sarovar-Premiere-poovar/ayurveda-summary-page)
hotel-page,wsrktc2zaffxr4i784so47kx,1,gallery,true,(image-based block — checked separately via image-binding §5d),
hotel-page,kt19j7ngl8vl0y0pw0li6hce,0,rich-text,false,"Our Hotels Agra Golden Tulip, Agra Golden Tulip, Agra Visit ",block_content_not_found_in_rendered_page (path=/hotels/estuary-sarovar-Premiere-poovar/ayurveda-packages)
hotel-page,kt19j7ngl8vl0y0pw0li6hce,1,gallery,true,(image-based block — checked separately via image-binding §5d),
hotel-page,axyvkjvs7lf49op760bhnq2h,0,rich-text,false,"Our Hotels Agra Golden Tulip, Agra Golden Tulip, Agra Visit ",block_content_not_found_in_rendered_page (path=/hotels/estuary-sarovar-Premiere-poovar/ayurveda-treatment)
hotel-page,axyvkjvs7lf49op760bhnq2h,1,gallery,true,(image-based block — checked separately via image-binding §5d),
hotel-page,pnw8ildqrhby2xk3eb81jlbb,0,rich-text,false,"Our Hotels Agra Golden Tulip, Agra Golden Tulip, Agra Visit ",block_content_not_found_in_rendered_page (path=/hotels/estuary-sarovar-Premiere-poovar/career)
hotel-page,pnw8ildqrhby2xk3eb81jlbb,1,gallery,true,(image-based block — checked separately via image-binding §5d),
hotel-page,u4o40y5rys9kwzgwz7cmbhco,0,rich-text,false,"Our Hotels Agra Golden Tulip, Agra Golden Tulip, Agra Visit ",block_content_not_found_in_rendered_page (path=/hotels/estuary-sarovar-Premiere-poovar/celebrations)
hotel-page,u4o40y5rys9kwzgwz7cmbhco,1,gallery,true,(image-based block — checked separately via image-binding §5d),
hotel-page,n8fpdebiwgegihkziwo09b43,0,rich-text,false,"Our Hotels Agra Golden Tulip, Agra Golden Tulip, Agra Visit ",block_content_not_found_in_rendered_page (path=/hotels/estuary-sarovar-Premiere-poovar/honeymoon)
hotel-page,n8fpdebiwgegihkziwo09b43,1,gallery,true,(image-based block — checked separately via image-binding §5d),
hotel-page,sqj7mtru350qnhatwe1uopi3,0,rich-text,false,"Our Hotels Agra Golden Tulip, Agra Golden Tulip, Agra Visit ",block_content_not_found_in_rendered_page (path=/hotels/estuary-sarovar-Premiere-poovar/weddings)
hotel-page,sqj7mtru350qnhatwe1uopi3,1,gallery,true,(image-based block — checked separately via image-binding §5d),
hotel-page,a8ouo8v7z8t7m1p8i5mfqvx7,0,rich-text,false,"Our Hotels Agra Golden Tulip, Agra Golden Tulip, Agra Visit ",block_content_not_found_in_rendered_page (path=/hotels/estuary-sarovar-Premiere-poovar/explore)
hotel-page,a8ouo8v7z8t7m1p8i5mfqvx7,1,gallery,true,(image-based block — checked separately via image-binding §5d),
hotel-page,f7wex3ogy1rn3u6wz9n861yg,0,rich-text,false,"Our Hotels Agra Golden Tulip, Agra Golden Tulip, Agra Visit ",block_content_not_found_in_rendered_page (path=/hotels/golden-sarovar-portico-amritsar/promotions)
hotel-page,f7wex3ogy1rn3u6wz9n861yg,1,gallery,true,(image-based block — checked separately via image-binding §5d),
hotel-page,f9vpty1sz6z4zuy1bx7u8biz,0,rich-text,false,"Our Hotels Agra Golden Tulip, Agra Golden Tulip, Agra Visit ",block_content_not_found_in_rendered_page (path=/hotels/golden-tulip-bdi-club-and-suite-bhiwadi/summit)
hotel-page,f9vpty1sz6z4zuy1bx7u8biz,1,gallery,true,(image-based block — checked separately via image-binding §5d),
hotel-page,ifrofguoefelbe13kgmmu3tp,0,rich-text,false,"Our Hotels Agra Golden Tulip, Agra Golden Tulip, Agra Visit ",block_content_not_found_in_rendered_page (path=/hotels/golden-tulip-bhopal/tulipe---multi-cuisine-restaurant)
hotel-page,ifrofguoefelbe13kgmmu3tp,1,gallery,true,(image-based block — checked separately via image-binding §5d),
hotel-page,z4dox9ga24dcz7sg8pwuk8dh,0,rich-text,false,"Our Hotels Agra Golden Tulip, Agra Golden Tulip, Agra Visit ",block_content_not_found_in_rendered_page (path=/hotels/golden-tulip-candolim-goa/special-offers)
hotel-page,z4dox9ga24dcz7sg8pwuk8dh,1,gallery,true,(image-based block — checked separately via image-binding §5d),
hotel-page,sgehkqbxbbfvciz8egvd2kcr,0,rich-text,false,"Our Hotels Agra Golden Tulip, Agra Golden Tulip, Agra Visit ",block_content_not_found_in_rendered_page (path=/hotels/golden-tulip-essential-jaipur/banquet-hall-conferences)
hotel-page,sgehkqbxbbfvciz8egvd2kcr,1,gallery,true,(image-based block — checked separately via image-binding §5d),
hotel-page,x4l7d06nikwwqyd2l8txq7bv,0,rich-text,false,"Our Hotels Agra Golden Tulip, Agra Golden Tulip, Agra Visit ",block_content_not_found_in_rendered_page (path=/hotels/golden-tulip-goa-mandrem/promotions)
hotel-page,x4l7d06nikwwqyd2l8txq7bv,1,gallery,true,(image-based block — checked separately via image-binding §5d),
hotel-page,tg38bhn2f1j9vkrqf7qzx05y,0,rich-text,false,"Our Hotels Agra Golden Tulip, Agra Golden Tulip, Agra Visit ",block_content_not_found_in_rendered_page (path=/hotels/golden-tulip-lucknow/promotions)
hotel-page,tg38bhn2f1j9vkrqf7qzx05y,1,gallery,true,(image-based block — checked separately via image-binding §5d),
hotel-page,ii8ye1x8fpyqn6ln39ridxa1,0,rich-text,false,"Our Hotels Agra Golden Tulip, Agra Golden Tulip, Agra Visit ",block_content_not_found_in_rendered_page (path=/hotels/golden-tulip-srinagar/spa-and-hamam)
hotel-page,ii8ye1x8fpyqn6ln39ridxa1,1,gallery,true,(image-based block — checked separately via image-binding §5d),
hotel-page,smnhgid5imd2c8yuh8yyt7ro,0,rich-text,false,"Our Hotels Agra Golden Tulip, Agra Golden Tulip, Agra Visit ",block_content_not_found_in_rendered_page (path=/hotels/golden-tulip-srinagar/spa)
hotel-page,smnhgid5imd2c8yuh8yyt7ro,1,gallery,true,(image-based block — checked separately via image-binding §5d),
hotel-page,ny8vou6nudpo8pp27hwhd2vh,0,rich-text,false,"Our Hotels Agra Golden Tulip, Agra Golden Tulip, Agra Visit ",block_content_not_found_in_rendered_page (path=/hotels/golden-tulip-srinagar/turkish-hamam)
hotel-page,ny8vou6nudpo8pp27hwhd2vh,1,gallery,true,(image-based block — checked separately via image-binding §5d),
hotel-page,fm1b1pwna12iznjyi8frnv00,0,rich-text,false,"Our Hotels Agra Golden Tulip, Agra Golden Tulip, Agra Visit ",block_content_not_found_in_rendered_page (path=/hotels/golden-tulip-tirupati/flavours)
hotel-page,fm1b1pwna12iznjyi8frnv00,1,gallery,true,(image-based block — checked separately via image-binding §5d),
hotel-page,jk3wov8pyh51ceh2za6rwfwn,0,rich-text,false,"Our Hotels Agra Golden Tulip, Agra Golden Tulip, Agra Visit ",block_content_not_found_in_rendered_page (path=/hotels/golden-tulip/meetings-events)
hotel-page,jk3wov8pyh51ceh2za6rwfwn,1,gallery,true,(image-based block — checked separately via image-binding §5d),
hotel-page,xbvym9jndy3t9b8dsebhual6,0,rich-text,false,"Our Hotels Agra Golden Tulip, Agra Golden Tulip, Agra Visit ",block_content_not_found_in_rendered_page (path=/hotels/grand-continent-anjuna/special-offers)
hotel-page,xbvym9jndy3t9b8dsebhual6,1,gallery,true,(image-based block — checked separately via image-binding §5d),
hotel-page,zyv9ap1j395i15asra53yv6h,0,rich-text,false,"Our Hotels Agra Golden Tulip, Agra Golden Tulip, Agra Visit ",block_content_not_found_in_rendered_page (path=/hotels/grand-continent-brookefield-bengaluru/banquet-halls)
hotel-page,zyv9ap1j395i15asra53yv6h,1,gallery,true,(image-based block — checked separately via image-binding §5d),
hotel-page,e1z2eymhijqbn7xoka70dl98,0,rich-text,false,"Our Hotels Agra Golden Tulip, Agra Golden Tulip, Agra Visit ",block_content_not_found_in_rendered_page (path=/hotels/grand-continent-brookefield-bengaluru/blossom)
hotel-page,e1z2eymhijqbn7xoka70dl98,1,gallery,true,(image-based block — checked separately via image-binding §5d),
hotel-page,ic27l6u9sg3x3vjrj98qql2s,0,rich-text,false,"Our Hotels Agra Golden Tulip, Agra Golden Tulip, Agra Visit ",block_content_not_found_in_rendered_page (path=/hotels/grand-continent-brookefield-bengaluru/the-alfresco-open-air)
hotel-page,ic27l6u9sg3x3vjrj98qql2s,1,gallery,true,(image-based block — checked separately via image-binding §5d),
hotel-page,x262ogw7kvxccpkfql2de7ye,0,rich-text,false,"Our Hotels Agra Golden Tulip, Agra Golden Tulip, Agra Visit ",block_content_not_found_in_rendered_page (path=/hotels/grand-continent-mysore/blossom-banquet-hall)
hotel-page,x262ogw7kvxccpkfql2de7ye,1,gallery,true,(image-based block — checked separately via image-binding §5d),
hotel-page,fr1kfihsyzxnflfhqz9ruzyy,0,rich-text,false,"Our Hotels Agra Golden Tulip, Agra Golden Tulip, Agra Visit ",block_content_not_found_in_rendered_page (path=/hotels/highland-sarovar-portico-sindhudurg/book-your-stay-at-highland-sarovar-portico-sindhudurg)
hotel-page,fr1kfihsyzxnflfhqz9ruzyy,1,gallery,true,(image-based block — checked separately via image-binding §5d),
hotel-page,ruu88nrd7ex2hjl8lzmv23qp,0,rich-text,false,"Our Hotels Agra Golden Tulip, Agra Golden Tulip, Agra Visit ",block_content_not_found_in_rendered_page (path=/hotels/highland-sarovar-portico-sindhudurg/explore-sindhudurg)
hotel-page,ruu88nrd7ex2hjl8lzmv23qp,1,gallery,true,(image-based block — checked separately via image-binding §5d),
hotel-page,ynw1hlvup56ne3cvoppg7g54,0,rich-text,false,"Our Hotels Agra Golden Tulip, Agra Golden Tulip, Agra Visit ",block_content_not_found_in_rendered_page (path=/hotels/hometel-alambagh-lucknow/explore-lucknow)
hotel-page,ynw1hlvup56ne3cvoppg7g54,1,gallery,true,(image-based block — checked separately via image-binding §5d),
hotel-page,gsdi3e6598w7hzud0tfigwvs,0,rich-text,false,"Our Hotels Agra Golden Tulip, Agra Golden Tulip, Agra Visit ",block_content_not_found_in_rendered_page (path=/hotels/hometel-chandigarh/promotions)
hotel-page,gsdi3e6598w7hzud0tfigwvs,1,gallery,true,(image-based block — checked separately via image-binding §5d),
hotel-page,i10alfp9qgdjuyump0e66wo8,0,rich-text,false,"Our Hotels Agra Golden Tulip, Agra Golden Tulip, Agra Visit ",block_content_not_found_in_rendered_page (path=/hotels/hometel-roorkee/meetings-events)
hotel-page,i10alfp9qgdjuyump0e66wo8,1,gallery,true,(image-based block — checked separately via image-binding §5d),
hotel-page,d85ii5cnol4uf69mfv3ll74j,0,rich-text,false,"Our Hotels Agra Golden Tulip, Agra Golden Tulip, Agra Visit ",block_content_not_found_in_rendered_page (path=/hotels/iris-sarovar-portico-gurugram/explore-gurugram)
hotel-page,d85ii5cnol4uf69mfv3ll74j,1,gallery,true,(image-based block — checked separately via image-binding §5d),
hotel-page,sumlehy7hgdjdppuyslh1ocw,0,rich-text,false,"Our Hotels Agra Golden Tulip, Agra Golden Tulip, Agra Visit ",block_content_not_found_in_rendered_page (path=/hotels/ishaan-sarovar-portico-deoghar/explore-deoghar)
hotel-page,sumlehy7hgdjdppuyslh1ocw,1,gallery,true,(image-based block — checked separately via image-binding §5d),
hotel-page,aqa1q3b7zku8uvwrvivbvlvf,0,rich-text,false,"Our Hotels Agra Golden Tulip, Agra Golden Tulip, Agra Visit ",block_content_not_found_in_rendered_page (path=/hotels/lagoon-sarovar-premiere-pondicherry/amenities)
hotel-page,aqa1q3b7zku8uvwrvivbvlvf,1,gallery,false,(image-based block — checked separately via image-binding §5d),block_content_not_found_in_rendered_page (path=/hotels/lagoon-sarovar-premiere-pondicherry/amenities)
hotel-page,aouk9sjx72pt9eg1vi34s7vh,0,rich-text,false,"Our Hotels Agra Golden Tulip, Agra Golden Tulip, Agra Visit ",block_content_not_found_in_rendered_page (path=/hotels/lagoon-sarovar-premiere-pondicherry/destination-wedding)
hotel-page,aouk9sjx72pt9eg1vi34s7vh,1,gallery,true,(image-based block — checked separately via image-binding §5d),
hotel-page,lsjtka7dis132v3w7dzp7lwa,0,rich-text,false,"Our Hotels Agra Golden Tulip, Agra Golden Tulip, Agra Visit ",block_content_not_found_in_rendered_page (path=/hotels/le-dupleix-pondicherry/courtyard-restaurant-menu)
hotel-page,lsjtka7dis132v3w7dzp7lwa,1,gallery,true,(image-based block — checked separately via image-binding §5d),
hotel-page,c1xei4x48711p6y3tro76edn,0,rich-text,false,"Our Hotels Agra Golden Tulip, Agra Golden Tulip, Agra Visit ",block_content_not_found_in_rendered_page (path=/hotels/le-dupleix-pondicherry/explore-pondicherry)
hotel-page,c1xei4x48711p6y3tro76edn,1,gallery,true,(image-based block — checked separately via image-binding §5d),
hotel-page,v3yzs9cysqw6e823j1n1c0kg,0,rich-text,false,"Our Hotels Agra Golden Tulip, Agra Golden Tulip, Agra Visit ",block_content_not_found_in_rendered_page (path=/hotels/le-lac-sarovar-ranchi/meetings-events)
hotel-page,v3yzs9cysqw6e823j1n1c0kg,1,gallery,true,(image-based block — checked separately via image-binding §5d),
hotel-page,ezkc50cbmu1johg4adzwv8qr,0,rich-text,false,"Our Hotels Agra Golden Tulip, Agra Golden Tulip, Agra Visit ",block_content_not_found_in_rendered_page (path=/hotels/legend-sarovar-portico/meetings-events)
hotel-page,ezkc50cbmu1johg4adzwv8qr,1,gallery,true,(image-based block — checked separately via image-binding §5d),
hotel-page,vyss3kj283pd1vv7flnnni5f,0,rich-text,false,"Our Hotels Agra Golden Tulip, Agra Golden Tulip, Agra Visit ",block_content_not_found_in_rendered_page (path=/hotels/mahagun-sarovar-portico-suites-vaishali/promotions)
hotel-page,vyss3kj283pd1vv7flnnni5f,1,gallery,true,(image-based block — checked separately via image-binding §5d),
hotel-page,w95g237eopd58242th2tjrzl,0,rich-text,false,"Our Hotels Agra Golden Tulip, Agra Golden Tulip, Agra Visit ",block_content_not_found_in_rendered_page (path=/hotels/manjeera-international-convention-centre/lawn)
hotel-page,w95g237eopd58242th2tjrzl,1,gallery,true,(image-based block — checked separately via image-binding §5d),
hotel-page,zaluehihpxg7rvf9o6fv8nyt,0,rich-text,false,"Our Hotels Agra Golden Tulip, Agra Golden Tulip, Agra Visit ",block_content_not_found_in_rendered_page (path=/hotels/manjeera-international-convention-centre/meetings-and-events)
hotel-page,zaluehihpxg7rvf9o6fv8nyt,1,gallery,true,(image-based block — checked separately via image-binding §5d),
hotel-page,kq55y531ltxe0f164vkl9jvw,0,rich-text,false,"Our Hotels Agra Golden Tulip, Agra Golden Tulip, Agra Visit ",block_content_not_found_in_rendered_page (path=/hotels/manjeera-international-convention-centre/ball-room-i)
hotel-page,kq55y531ltxe0f164vkl9jvw,1,gallery,true,(image-based block — checked separately via image-binding §5d),
hotel-page,npqt57vi7elwgtdcq4do26z9,0,rich-text,false,"Our Hotels Agra Golden Tulip, Agra Golden Tulip, Agra Visit ",block_content_not_found_in_rendered_page (path=/hotels/manjeera-international-convention-centre/ball-room-ii)
hotel-page,npqt57vi7elwgtdcq4do26z9,1,gallery,true,(image-based block — checked separately via image-binding §5d),
hotel-page,ebm723tqyp99yr61klmzn915,0,rich-text,false,"Our Hotels Agra Golden Tulip, Agra Golden Tulip, Agra Visit ",block_content_not_found_in_rendered_page (path=/hotels/manjeera-international-convention-centre/ball-room-iii)
hotel-page,ebm723tqyp99yr61klmzn915,1,gallery,true,(image-based block — checked separately via image-binding §5d),
hotel-page,kj7gz6w4dk6n0vmuqf2xjgyu,0,rich-text,false,"Our Hotels Agra Golden Tulip, Agra Golden Tulip, Agra Visit ",block_content_not_found_in_rendered_page (path=/hotels/manjeera-international-convention-centre/godavari-i)
hotel-page,kj7gz6w4dk6n0vmuqf2xjgyu,1,gallery,true,(image-based block — checked separately via image-binding §5d),
hotel-page,hpezqxtnpcidxy3def3n8kr4,0,rich-text,false,"Our Hotels Agra Golden Tulip, Agra Golden Tulip, Agra Visit ",block_content_not_found_in_rendered_page (path=/hotels/manjeera-international-convention-centre/godavari-ii)
hotel-page,hpezqxtnpcidxy3def3n8kr4,1,gallery,true,(image-based block — checked separately via image-binding §5d),
hotel-page,vvwo64wevkyakaf1kwjk95nx,0,rich-text,false,"Our Hotels Agra Golden Tulip, Agra Golden Tulip, Agra Visit ",block_content_not_found_in_rendered_page (path=/hotels/manjeera-international-convention-centre/grand-ball-room)
hotel-page,vvwo64wevkyakaf1kwjk95nx,1,gallery,true,(image-based block — checked separately via image-binding §5d),
hotel-page,bo51lxj2q82rvz04g7a6bk8h,0,rich-text,false,"Our Hotels Agra Golden Tulip, Agra Golden Tulip, Agra Visit ",block_content_not_found_in_rendered_page (path=/hotels/manjeera-sarovar-premiere-rajahmundry/banquet-halls)
hotel-page,bo51lxj2q82rvz04g7a6bk8h,1,gallery,true,(image-based block — checked separately via image-binding §5d),
hotel-page,llc9szut7ecc1603532obw7n,0,rich-text,false,"Our Hotels Agra Golden Tulip, Agra Golden Tulip, Agra Visit ",block_content_not_found_in_rendered_page (path=/hotels/manjeera-sarovar-premiere-rajahmundry/jade-banquet-hall)
hotel-page,llc9szut7ecc1603532obw7n,1,gallery,true,(image-based block — checked separately via image-binding §5d),
hotel-page,ijlkeew8wuzr0eyd3fcq4qq2,0,rich-text,false,"Our Hotels Agra Golden Tulip, Agra Golden Tulip, Agra Visit ",block_content_not_found_in_rendered_page (path=/hotels/manjeera-sarovar-premiere-rajahmundry/oval-banquet-hall)
hotel-page,ijlkeew8wuzr0eyd3fcq4qq2,1,gallery,true,(image-based block — checked separately via image-binding §5d),
hotel-page,ofu4tccrwv86xf3b8fzcfm8b,0,rich-text,false,"Our Hotels Agra Golden Tulip, Agra Golden Tulip, Agra Visit ",block_content_not_found_in_rendered_page (path=/hotels/manjeera-sarovar-premiere-rajahmundry/ruby-banquet-hall)
hotel-page,ofu4tccrwv86xf3b8fzcfm8b,1,gallery,true,(image-based block — checked separately via image-binding §5d),
hotel-page,dzxwunn149iikpxahflevtz8,0,rich-text,false,"Our Hotels Agra Golden Tulip, Agra Golden Tulip, Agra Visit ",block_content_not_found_in_rendered_page (path=/hotels/manjeera-sarovar-premiere-rajahmundry/convention-centres)
hotel-page,dzxwunn149iikpxahflevtz8,1,gallery,true,(image-based block — checked separately via image-binding §5d),
hotel-page,i4mqgdln1w4lvxxpm4rn7l8h,0,rich-text,false,"Our Hotels Agra Golden Tulip, Agra Golden Tulip, Agra Visit ",block_content_not_found_in_rendered_page (path=/hotels/manjeera-sarovar-premiere-rajahmundry/ball-room)
hotel-page,i4mqgdln1w4lvxxpm4rn7l8h,1,gallery,true,(image-based block — checked separately via image-binding §5d),
hotel-page,kf06cnjb6ha2gqmy18ocw79t,0,rich-text,false,"Our Hotels Agra Golden Tulip, Agra Golden Tulip, Agra Visit ",block_content_not_found_in_rendered_page (path=/hotels/manjeera-sarovar-premiere-rajahmundry/godavari-1)
hotel-page,kf06cnjb6ha2gqmy18ocw79t,1,gallery,true,(image-based block — checked separately via image-binding §5d),
hotel-page,d62o9guivmmw7xykaxbe4393,0,rich-text,false,"Our Hotels Agra Golden Tulip, Agra Golden Tulip, Agra Visit ",block_content_not_found_in_rendered_page (path=/hotels/manjeera-sarovar-premiere-rajahmundry/godavari-2)
hotel-page,d62o9guivmmw7xykaxbe4393,1,gallery,true,(image-based block — checked separately via image-binding §5d),
hotel-page,yfv80cibw49ykmr66zrdsk6z,0,rich-text,false,"Our Hotels Agra Golden Tulip, Agra Golden Tulip, Agra Visit ",block_content_not_found_in_rendered_page (path=/hotels/manjeera-sarovar-premiere-rajahmundry/lawns)
hotel-page,yfv80cibw49ykmr66zrdsk6z,1,gallery,true,(image-based block — checked separately via image-binding §5d),
hotel-page,eqzbs87y8gopgiwh1t840t22,0,rich-text,false,"Our Hotels Agra Golden Tulip, Agra Golden Tulip, Agra Visit ",block_content_not_found_in_rendered_page (path=/hotels/marasa-sarovar-portico-rajkot/meetings-events)
hotel-page,eqzbs87y8gopgiwh1t840t22,1,gallery,true,(image-based block — checked separately via image-binding §5d),
hotel-page,tz6f5llp1yhyy1jii7va889q,0,rich-text,false,"Our Hotels Agra Golden Tulip, Agra Golden Tulip, Agra Visit ",block_content_not_found_in_rendered_page (path=/hotels/marasa-sarovar-premiere-bodhgaya/banquet-and-meeting-hall)
hotel-page,tz6f5llp1yhyy1jii7va889q,1,gallery,true,(image-based block — checked separately via image-binding §5d),
hotel-page,h0ijerghwnoeh4pizsptrvts,0,rich-text,false,"Our Hotels Agra Golden Tulip, Agra Golden Tulip, Agra Visit ",block_content_not_found_in_rendered_page (path=/hotels/marasa-sarovar-premiere-bodhgaya/a-journey-of-spiritual-awakening)
hotel-page,h0ijerghwnoeh4pizsptrvts,1,gallery,true,(image-based block — checked separately via image-binding §5d),
hotel-page,i1hs9115b3bsn3br8p9x7ktd,0,rich-text,false,"Our Hotels Agra Golden Tulip, Agra Golden Tulip, Agra Visit ",block_content_not_found_in_rendered_page (path=/hotels/marasa-sarovar-premiere-bodhgaya/deep-tissue-experience)
hotel-page,i1hs9115b3bsn3br8p9x7ktd,1,gallery,true,(image-based block — checked separately via image-binding §5d),
hotel-page,m06evnxby9rr6eiirz99ctl1,0,rich-text,false,"Our Hotels Agra Golden Tulip, Agra Golden Tulip, Agra Visit ",block_content_not_found_in_rendered_page (path=/hotels/marasa-sarovar-premiere-bodhgaya/fusion-of-self-realization)
hotel-page,m06evnxby9rr6eiirz99ctl1,1,gallery,true,(image-based block — checked separately via image-binding §5d),
hotel-page,jdz42rxx0pckvaq8u8w4fkyb,0,rich-text,false,"Our Hotels Agra Golden Tulip, Agra Golden Tulip, Agra Visit ",block_content_not_found_in_rendered_page (path=/hotels/marasa-sarovar-premiere-bodhgaya/holistic-aromatic-journey)
hotel-page,jdz42rxx0pckvaq8u8w4fkyb,1,gallery,true,(image-based block — checked separately via image-binding §5d),
hotel-page,er84fvr2gec6rvyju0ehetg5,0,rich-text,false,"Our Hotels Agra Golden Tulip, Agra Golden Tulip, Agra Visit ",block_content_not_found_in_rendered_page (path=/hotels/marasa-sarovar-premiere-bodhgaya/indian-fusion-head-massage)
hotel-page,er84fvr2gec6rvyju0ehetg5,1,gallery,true,(image-based block — checked separately via image-binding §5d),
hotel-page,if6o9mp0dlq84nalahon5jr5,0,rich-text,false,"Our Hotels Agra Golden Tulip, Agra Golden Tulip, Agra Visit ",block_content_not_found_in_rendered_page (path=/hotels/marasa-sarovar-premiere-bodhgaya/peace)
hotel-page,if6o9mp0dlq84nalahon5jr5,1,gallery,true,(image-based block — checked separately via image-binding §5d),
hotel-page,n1yz7w7fud52rggul6ywgvm3,0,rich-text,false,"Our Hotels Agra Golden Tulip, Agra Golden Tulip, Agra Visit ",block_content_not_found_in_rendered_page (path=/hotels/marasa-sarovar-premiere-bodhgaya/reflexology)
hotel-page,n1yz7w7fud52rggul6ywgvm3,1,gallery,true,(image-based block — checked separately via image-binding §5d),
hotel-page,miu2pls1630becifh81tx4f2,0,rich-text,false,"Our Hotels Agra Golden Tulip, Agra Golden Tulip, Agra Visit ",block_content_not_found_in_rendered_page (path=/hotels/marasa-sarovar-premiere-bodhgaya/tibetan-massage)
hotel-page,miu2pls1630becifh81tx4f2,1,gallery,true,(image-based block — checked separately via image-binding §5d),
hotel-page,w11l7jyk6sgicfx0k8wdmt1g,0,rich-text,false,"Our Hotels Agra Golden Tulip, Agra Golden Tulip, Agra Visit ",block_content_not_found_in_rendered_page (path=/hotels/marasa-sarovar-premiere-bodhgaya/bhumispasha-clay-envelopment)
hotel-page,w11l7jyk6sgicfx0k8wdmt1g,1,gallery,true,(image-based block — checked separately via image-binding §5d),
hotel-page,hukufo6twcxdcw27gd93qun6,0,rich-text,false,"Our Hotels Agra Golden Tulip, Agra Golden Tulip, Agra Visit ",block_content_not_found_in_rendered_page (path=/hotels/marasa-sarovar-premiere-bodhgaya/the-cocoon)
hotel-page,hukufo6twcxdcw27gd93qun6,1,gallery,true,(image-based block — checked separately via image-binding §5d),
hotel-page,eokx7vimxa7placrg2ree1ks,0,rich-text,false,"Our Hotels Agra Golden Tulip, Agra Golden Tulip, Agra Visit ",block_content_not_found_in_rendered_page (path=/hotels/marasa-sarovar-premiere-bodhgaya/peace-and-tranquility)
hotel-page,eokx7vimxa7placrg2ree1ks,1,gallery,true,(image-based block — checked separately via image-binding §5d),
hotel-page,y0y9gl9zs84319dfh9ws69op,0,rich-text,false,"Our Hotels Agra Golden Tulip, Agra Golden Tulip, Agra Visit ",block_content_not_found_in_rendered_page (path=/hotels/marasa-sarovar-premiere-bodhgaya/pollution-rescue)
hotel-page,y0y9gl9zs84319dfh9ws69op,1,gallery,true,(image-based block — checked separately via image-binding §5d),
hotel-page,rt2noz4xvlmipajm1c2ue007,0,rich-text,false,"Our Hotels Agra Golden Tulip, Agra Golden Tulip, Agra Visit ",block_content_not_found_in_rendered_page (path=/hotels/marasa-sarovar-premiere-bodhgaya/seabuckthorn-balance)
hotel-page,rt2noz4xvlmipajm1c2ue007,1,gallery,true,(image-based block — checked separately via image-binding §5d),
hotel-page,afgaujp4zkusnxhcyaopp3h7,0,rich-text,false,"Our Hotels Agra Golden Tulip, Agra Golden Tulip, Agra Visit ",block_content_not_found_in_rendered_page (path=/hotels/marasa-sarovar-premiere-bodhgaya/spiritual-mist)
hotel-page,afgaujp4zkusnxhcyaopp3h7,1,gallery,true,(image-based block — checked separately via image-binding §5d),
hotel-page,i0wvo0735u9neu8y383jqdpj,0,rich-text,false,"Our Hotels Agra Golden Tulip, Agra Golden Tulip, Agra Visit ",block_content_not_found_in_rendered_page (path=/hotels/marasa-sarovar-premiere-bodhgaya/meditatio-japa-japa)
hotel-page,i0wvo0735u9neu8y383jqdpj,1,gallery,true,(image-based block — checked separately via image-binding §5d),
hotel-page,bmbusnk55378xfd4hqxieh9m,0,rich-text,false,"Our Hotels Agra Golden Tulip, Agra Golden Tulip, Agra Visit ",block_content_not_found_in_rendered_page (path=/hotels/marasa-sarovar-premiere-bodhgaya/meditatio-ntar-mouna)
hotel-page,bmbusnk55378xfd4hqxieh9m,1,gallery,true,(image-based block — checked separately via image-binding §5d),
hotel-page,moxdvi2t7kb9h738zy6gd100,0,rich-text,false,"Our Hotels Agra Golden Tulip, Agra Golden Tulip, Agra Visit ",block_content_not_found_in_rendered_page (path=/hotels/marasa-sarovar-premiere-bodhgaya/chakra-shuddhi)
hotel-page,moxdvi2t7kb9h738zy6gd100,1,gallery,true,(image-based block — checked separately via image-binding §5d),
hotel-page,x54a6yyb0nhvbb173gsf6a6r,0,rich-text,false,"Our Hotels Agra Golden Tulip, Agra Golden Tulip, Agra Visit ",block_content_not_found_in_rendered_page (path=/hotels/marasa-sarovar-premiere-bodhgaya/chidakasha-dharana)
hotel-page,x54a6yyb0nhvbb173gsf6a6r,1,gallery,true,(image-based block — checked separately via image-binding §5d),
hotel-page,mg3vx51fn5n2phbg6g49xj8v,0,rich-text,false,"Our Hotels Agra Golden Tulip, Agra Golden Tulip, Agra Visit ",block_content_not_found_in_rendered_page (path=/hotels/marasa-sarovar-premiere-bodhgaya/hridayakasha-dharana)
hotel-page,mg3vx51fn5n2phbg6g49xj8v,1,gallery,true,(image-based block — checked separately via image-binding §5d),
hotel-page,xpvkcxd9fu9s70f9ci5wm5m6,0,rich-text,false,"Our Hotels Agra Golden Tulip, Agra Golden Tulip, Agra Visit ",block_content_not_found_in_rendered_page (path=/hotels/marasa-sarovar-premiere-bodhgaya/tibetan-chantsbuddhist-chants)
hotel-page,xpvkcxd9fu9s70f9ci5wm5m6,1,gallery,true,(image-based block — checked separately via image-binding §5d),
hotel-page,lexuwt99adlqaydjcvprhoym,0,rich-text,false,"Our Hotels Agra Golden Tulip, Agra Golden Tulip, Agra Visit ",block_content_not_found_in_rendered_page (path=/hotels/marasa-sarovar-premiere-bodhgaya/trataka-candle-meditation)
hotel-page,lexuwt99adlqaydjcvprhoym,1,gallery,true,(image-based block — checked separately via image-binding §5d),
hotel-page,b536oknzcrl7rx4jnfe0y81b,0,rich-text,false,"Our Hotels Agra Golden Tulip, Agra Golden Tulip, Agra Visit ",block_content_not_found_in_rendered_page (path=/hotels/marasa-sarovar-premiere-bodhgaya/yoga-nidra)
hotel-page,b536oknzcrl7rx4jnfe0y81b,1,gallery,true,(image-based block — checked separately via image-binding §5d),
hotel-page,vu4rr7lcy2xzhghm5o9d9752,0,rich-text,false,"Our Hotels Agra Golden Tulip, Agra Golden Tulip, Agra Visit ",block_content_not_found_in_rendered_page (path=/hotels/marasa-sarovar-premiere-bodhgaya/jal-neti)
hotel-page,vu4rr7lcy2xzhghm5o9d9752,1,gallery,true,(image-based block — checked separately via image-binding §5d),
hotel-page,g19f2ykhks56d3diy4mrmatw,0,rich-text,false,"Our Hotels Agra Golden Tulip, Agra Golden Tulip, Agra Visit ",block_content_not_found_in_rendered_page (path=/hotels/marasa-sarovar-premiere-bodhgaya/kunjal-kriya)
hotel-page,g19f2ykhks56d3diy4mrmatw,1,gallery,true,(image-based block — checked separately via image-binding §5d),
hotel-page,wdlreb2hn3x1srh95ro5mgzm,0,rich-text,false,"Our Hotels Agra Golden Tulip, Agra Golden Tulip, Agra Visit ",block_content_not_found_in_rendered_page (path=/hotels/marasa-sarovar-premiere-bodhgaya/himalayan-salt-scrub)
hotel-page,wdlreb2hn3x1srh95ro5mgzm,1,gallery,true,(image-based block — checked separately via image-binding §5d),
hotel-page,oln4pto7po7t9b2c19s5iap2,0,rich-text,false,"Our Hotels Agra Golden Tulip, Agra Golden Tulip, Agra Visit ",block_content_not_found_in_rendered_page (path=/hotels/marasa-sarovar-premiere-bodhgaya/tibetan-tsampa-body-scrub)
hotel-page,oln4pto7po7t9b2c19s5iap2,1,gallery,true,(image-based block — checked separately via image-binding §5d),
hotel-page,dxce4vyagev38bdo564rig5s,0,rich-text,false,"Our Hotels Agra Golden Tulip, Agra Golden Tulip, Agra Visit ",block_content_not_found_in_rendered_page (path=/hotels/marasa-sarovar-premiere-bodhgaya/advanced-pranayama-with-bandhas)
hotel-page,dxce4vyagev38bdo564rig5s,1,gallery,true,(image-based block — checked separately via image-binding §5d),
hotel-page,orx58gdquxe9tk0fdijy3qv2,0,rich-text,false,"Our Hotels Agra Golden Tulip, Agra Golden Tulip, Agra Visit ",block_content_not_found_in_rendered_page (path=/hotels/marasa-sarovar-premiere-bodhgaya/gatyatmak-yoga)
hotel-page,orx58gdquxe9tk0fdijy3qv2,1,gallery,true,(image-based block — checked separately via image-binding §5d),
hotel-page,emtqj5y6pfc4qma2k99lu6pv,0,rich-text,false,"Our Hotels Agra Golden Tulip, Agra Golden Tulip, Agra Visit ",block_content_not_found_in_rendered_page (path=/hotels/marasa-sarovar-premiere-bodhgaya/hatha-yoga)
hotel-page,emtqj5y6pfc4qma2k99lu6pv,1,gallery,true,(image-based block — checked separately via image-binding §5d),
hotel-page,uyeg8hnwmrvznazwdhrouz81,0,rich-text,false,"Our Hotels Agra Golden Tulip, Agra Golden Tulip, Agra Visit ",block_content_not_found_in_rendered_page (path=/hotels/marasa-sarovar-premiere-bodhgaya/kriya-yoga)
hotel-page,uyeg8hnwmrvznazwdhrouz81,1,gallery,true,(image-based block — checked separately via image-binding §5d),
hotel-page,pzske4k1evebq1dkx0d59lmq,0,rich-text,false,"Our Hotels Agra Golden Tulip, Agra Golden Tulip, Agra Visit ",block_content_not_found_in_rendered_page (path=/hotels/marasa-sarovar-premiere-bodhgaya/panayama)
hotel-page,pzske4k1evebq1dkx0d59lmq,1,gallery,true,(image-based block — checked separately via image-binding §5d),
hotel-page,x550dswjw4bi5y5bgykqgk7i,0,rich-text,false,"Our Hotels Agra Golden Tulip, Agra Golden Tulip, Agra Visit ",block_content_not_found_in_rendered_page (path=/hotels/marasa-sarovar-premiere-tirupati-hotels/experience)
hotel-page,x550dswjw4bi5y5bgykqgk7i,1,gallery,true,(image-based block — checked separately via image-binding §5d),
hotel-page,zb3ghfochr6uw16wwiebmhd4,0,rich-text,false,"Our Hotels Agra Golden Tulip, Agra Golden Tulip, Agra Visit ",block_content_not_found_in_rendered_page (path=/hotels/marasa-sarovar-premiere-tirupati-hotels/promotions)
hotel-page,zb3ghfochr6uw16wwiebmhd4,1,gallery,true,(image-based block — checked separately via image-binding §5d),
hotel-page,toymjprrdgxk1alnrknlnda1,0,rich-text,false,"Our Hotels Agra Golden Tulip, Agra Golden Tulip, Agra Visit ",block_content_not_found_in_rendered_page (path=/hotels/marigold-sarovar-portico-mashobra-shimla/special-offers)
hotel-page,toymjprrdgxk1alnrknlnda1,1,gallery,true,(image-based block — checked separately via image-binding §5d),
hotel-page,kwd1xg46ely7mu6gk97b4kex,0,rich-text,false,"Our Hotels Agra Golden Tulip, Agra Golden Tulip, Agra Visit ",block_content_not_found_in_rendered_page (path=/hotels/marigold-sarovar-portico-mashobra-shimla/weddings-at-sarovar-hotels-resorts)
hotel-page,kwd1xg46ely7mu6gk97b4kex,1,gallery,true,(image-based block — checked separately via image-binding §5d),
hotel-page,x5sruy3prf7q2ar4z5l1cex8,0,rich-text,false,"Our Hotels Agra Golden Tulip, Agra Golden Tulip, Agra Visit ",block_content_not_found_in_rendered_page (path=/hotels/mj-sarovar-portico-haridwar/explore-haridwar)
hotel-page,x5sruy3prf7q2ar4z5l1cex8,1,gallery,true,(image-based block — checked separately via image-binding §5d),
hotel-page,gf8bqvsd4yp8ppw7f8pcve1c,0,rich-text,false,"Our Hotels Agra Golden Tulip, Agra Golden Tulip, Agra Visit ",block_content_not_found_in_rendered_page (path=/hotels/mountnoor-sarovar-premiere-pahalgam/explore-pahalgam)
hotel-page,gf8bqvsd4yp8ppw7f8pcve1c,1,gallery,true,(image-based block — checked separately via image-binding §5d),
hotel-page,vfjq6qr9dkvc15h0kbjshjjq,0,rich-text,false,"Our Hotels Agra Golden Tulip, Agra Golden Tulip, Agra Visit ",block_content_not_found_in_rendered_page (path=/hotels/mukundra-sarovar-premiere-kota/explore-kota)
hotel-page,vfjq6qr9dkvc15h0kbjshjjq,1,gallery,true,(image-based block — checked separately via image-binding §5d),
hotel-page,uzsymmu5b8jw4iwf0g4bjruu,0,rich-text,false,"Our Hotels Agra Golden Tulip, Agra Golden Tulip, Agra Visit ",block_content_not_found_in_rendered_page (path=/hotels/nataraj-sarovar-portico-jhansi/meetings-events)
hotel-page,uzsymmu5b8jw4iwf0g4bjruu,1,gallery,true,(image-based block — checked separately via image-binding §5d),
hotel-page,uc965svc6mxnz4nfy9xe73xj,0,rich-text,false,"Our Hotels Agra Golden Tulip, Agra Golden Tulip, Agra Visit ",block_content_not_found_in_rendered_page (path=/hotels/nidhivan-sarovar-portico-vrindavan/destination-wedding-in-vrindavan)
hotel-page,uc965svc6mxnz4nfy9xe73xj,1,gallery,true,(image-based block — checked separately via image-binding §5d),
hotel-page,gl5tl6nskljpi46dv9t1dxvk,0,rich-text,false,"Our Hotels Agra Golden Tulip, Agra Golden Tulip, Agra Visit ",block_content_not_found_in_rendered_page (path=/hotels/nidhivan-sarovar-portico-vrindavan/places-to-visit-in-vrindavan)
hotel-page,gl5tl6nskljpi46dv9t1dxvk,1,gallery,true,(image-based block — checked separately via image-binding §5d),
hotel-page,zn4nkbuc807o2br0brwrvu4t,0,rich-text,false,"Our Hotels Agra Golden Tulip, Agra Golden Tulip, Agra Visit ",block_content_not_found_in_rendered_page (path=/hotels/nirvana-sarovar-portico-gorakhpur/meetings-events)
hotel-page,zn4nkbuc807o2br0brwrvu4t,1,gallery,true,(image-based block — checked separately via image-binding §5d),
hotel-page,r77ui3ckvcig2m8hiy7xq8wk,0,rich-text,false,"Our Hotels Agra Golden Tulip, Agra Golden Tulip, Agra Visit ",block_content_not_found_in_rendered_page (path=/hotels/nirvana-sarovar-portico-gorakhpur/promotions)
hotel-page,r77ui3ckvcig2m8hiy7xq8wk,1,gallery,true,(image-based block — checked separately via image-binding §5d),
hotel-page,skm2y8uscz8vp1v9bw35yvnl,0,rich-text,false,"Our Hotels Agra Golden Tulip, Agra Golden Tulip, Agra Visit ",block_content_not_found_in_rendered_page (path=/hotels/paradigm-sarovar-kakinada/meetings-events)
hotel-page,skm2y8uscz8vp1v9bw35yvnl,1,gallery,true,(image-based block — checked separately via image-binding §5d),
hotel-page,u5p46ysdzl24i7qks39hwnl9,0,rich-text,false,"Our Hotels Agra Golden Tulip, Agra Golden Tulip, Agra Visit ",block_content_not_found_in_rendered_page (path=/hotels/Park-Inn-Radisson-Goa-Candolim/meeting-events)
hotel-page,u5p46ysdzl24i7qks39hwnl9,1,gallery,true,(image-based block — checked separately via image-binding §5d),
hotel-page,flzlkh7kwyud87twe6q9203s,0,rich-text,false,"Our Hotels Agra Golden Tulip, Agra Golden Tulip, Agra Visit ",block_content_not_found_in_rendered_page (path=/hotels/park-plaza-ludhiana/promotions)
hotel-page,flzlkh7kwyud87twe6q9203s,1,gallery,true,(image-based block — checked separately via image-binding §5d),
hotel-page,vqyvghdmed00cn11bozkae4n,0,rich-text,false,"Our Hotels Agra Golden Tulip, Agra Golden Tulip, Agra Visit ",block_content_not_found_in_rendered_page (path=/hotels/park-plaza-zirakpur/meeting-events)
hotel-page,vqyvghdmed00cn11bozkae4n,1,gallery,true,(image-based block — checked separately via image-binding §5d),
hotel-page,qbqedik39853vomafvlnvo6i,0,rich-text,false,"Our Hotels Agra Golden Tulip, Agra Golden Tulip, Agra Visit ",block_content_not_found_in_rendered_page (path=/hotels/park-plaza-zirakpur/shaadi-saga)
hotel-page,qbqedik39853vomafvlnvo6i,1,gallery,true,(image-based block — checked separately via image-binding §5d),
hotel-page,eqzmiiudmq8k8i5o6iwpmvhr,0,rich-text,false,"Our Hotels Agra Golden Tulip, Agra Golden Tulip, Agra Visit ",block_content_not_found_in_rendered_page (path=/hotels/presidium-sarovar-premiere-dalhousie/events)
hotel-page,eqzmiiudmq8k8i5o6iwpmvhr,1,gallery,true,(image-based block — checked separately via image-binding §5d),
hotel-page,t20n9rtvdzhi0z1ljxjq9fil,0,rich-text,false,"Our Hotels Agra Golden Tulip, Agra Golden Tulip, Agra Visit ",block_content_not_found_in_rendered_page (path=/hotels/presidium-sarovar-premiere-dalhousie/the-den)
hotel-page,t20n9rtvdzhi0z1ljxjq9fil,1,gallery,true,(image-based block — checked separately via image-binding §5d),
hotel-page,xb8155zxopvot9ht13le5uar,0,rich-text,false,"Our Hotels Agra Golden Tulip, Agra Golden Tulip, Agra Visit ",block_content_not_found_in_rendered_page (path=/hotels/presidium-sarovar-premiere-dalhousie/the-reserve)
hotel-page,xb8155zxopvot9ht13le5uar,1,gallery,true,(image-based block — checked separately via image-binding §5d),
hotel-page,stjgavas6rqajlbea2bnlle9,0,rich-text,false,"Our Hotels Agra Golden Tulip, Agra Golden Tulip, Agra Visit ",block_content_not_found_in_rendered_page (path=/hotels/presidium-sarovar-premiere-dalhousie/experience)
hotel-page,stjgavas6rqajlbea2bnlle9,1,gallery,true,(image-based block — checked separately via image-binding §5d),
hotel-page,oh5v8m7bkhdhi2m8dlo2qiys,0,rich-text,false,"Our Hotels Agra Golden Tulip, Agra Golden Tulip, Agra Visit ",block_content_not_found_in_rendered_page (path=/hotels/radha-hometel-bangalore/promotions)
hotel-page,oh5v8m7bkhdhi2m8dlo2qiys,1,gallery,true,(image-based block — checked separately via image-binding §5d),
hotel-page,kvc4zgxpqboadcs7pvy6u6r8,0,rich-text,false,"Our Hotels Agra Golden Tulip, Agra Golden Tulip, Agra Visit ",block_content_not_found_in_rendered_page (path=/hotels/radha-regent-chennai/meeting-events)
hotel-page,kvc4zgxpqboadcs7pvy6u6r8,1,gallery,true,(image-based block — checked separately via image-binding §5d),
hotel-page,ph7kfrwhbj311ckp5a14rnhs,0,rich-text,false,"Our Hotels Agra Golden Tulip, Agra Golden Tulip, Agra Visit ",block_content_not_found_in_rendered_page (path=/hotels/radisson-blu--bengaluru-outer-ring-road/meetings-events)
hotel-page,ph7kfrwhbj311ckp5a14rnhs,1,gallery,true,(image-based block — checked separately via image-binding §5d),
hotel-page,n3nk7ka4t25o9vvogciaypr3,0,rich-text,false,"Our Hotels Agra Golden Tulip, Agra Golden Tulip, Agra Visit ",block_content_not_found_in_rendered_page (path=/hotels/rivera-sarovar-portico-ahmedabad/meetings-events)
hotel-page,n3nk7ka4t25o9vvogciaypr3,1,gallery,true,(image-based block — checked separately via image-binding §5d),
hotel-page,ps3xewzqrv1de3cuas3ybriw,0,rich-text,false,"Our Hotels Agra Golden Tulip, Agra Golden Tulip, Agra Visit ",block_content_not_found_in_rendered_page (path=/hotels/rosefinch-sarovar-portico-bhimtal/experiences)
hotel-page,ps3xewzqrv1de3cuas3ybriw,1,gallery,true,(image-based block — checked separately via image-binding §5d),
hotel-page,dwe6qbm778idy8f0v5dxbz8s,0,rich-text,false,"Our Hotels Agra Golden Tulip, Agra Golden Tulip, Agra Visit ",block_content_not_found_in_rendered_page (path=/hotels/rosefinch-sarovar-portico-bhimtal/conference-hall)
hotel-page,dwe6qbm778idy8f0v5dxbz8s,1,gallery,true,(image-based block — checked separately via image-binding §5d),
hotel-page,xyrpazh8hoqua0lu9jnasnmr,0,rich-text,false,"Our Hotels Agra Golden Tulip, Agra Golden Tulip, Agra Visit ",block_content_not_found_in_rendered_page (path=/hotels/royal-tulip-kathmandu-shivapuri-national-park/explore-kathmandu)
hotel-page,xyrpazh8hoqua0lu9jnasnmr,1,gallery,true,(image-based block — checked separately via image-binding §5d),
hotel-page,t5i9x0iqu9ls62pwroz4ag1o,0,rich-text,false,"Our Hotels Agra Golden Tulip, Agra Golden Tulip, Agra Visit ",block_content_not_found_in_rendered_page (path=/hotels/royale-sarovar-portico-agra/events)
hotel-page,t5i9x0iqu9ls62pwroz4ag1o,1,gallery,true,(image-based block — checked separately via image-binding §5d),
hotel-page,et39jrh8pdpjq4zaehwoxcyw,0,rich-text,false,"Our Hotels Agra Golden Tulip, Agra Golden Tulip, Agra Visit ",block_content_not_found_in_rendered_page (path=/hotels/royale-sarovar-portico-agra/explore-agra)
hotel-page,et39jrh8pdpjq4zaehwoxcyw,1,gallery,true,(image-based block — checked separately via image-binding §5d),
hotel-page,g53ecqr7m04u2rcabl5az1fs,0,rich-text,false,"Our Hotels Agra Golden Tulip, Agra Golden Tulip, Agra Visit ",block_content_not_found_in_rendered_page (path=/hotels/rs-sarovar-portico-palampur/meetings-events)
hotel-page,g53ecqr7m04u2rcabl5az1fs,1,gallery,true,(image-based block — checked separately via image-binding §5d),
hotel-page,mdheqbjpxkvvhpisyyhtk7b4,0,rich-text,false,"Our Hotels Agra Golden Tulip, Agra Golden Tulip, Agra Visit ",block_content_not_found_in_rendered_page (path=/hotels/sarovar-portico-gir/facilites)
hotel-page,mdheqbjpxkvvhpisyyhtk7b4,1,gallery,true,(image-based block — checked separately via image-binding §5d),
hotel-page,m0xvgw0wz9mzbtecdjf4uqc0,0,rich-text,false,"Our Hotels Agra Golden Tulip, Agra Golden Tulip, Agra Visit ",block_content_not_found_in_rendered_page (path=/hotels/sarovar-portico-hanumangarh/special-offers)
hotel-page,m0xvgw0wz9mzbtecdjf4uqc0,1,gallery,true,(image-based block — checked separately via image-binding §5d),
hotel-page,sg1m3yyz12ch43lainxx4w7o,0,rich-text,false,"Our Hotels Agra Golden Tulip, Agra Golden Tulip, Agra Visit ",block_content_not_found_in_rendered_page (path=/hotels/sarovar-portico-jaipur/meetings-conferences)
hotel-page,sg1m3yyz12ch43lainxx4w7o,1,gallery,true,(image-based block — checked separately via image-binding §5d),
hotel-page,yg2l1f3v3oed20ufvul39n6n,0,rich-text,false,"Our Hotels Agra Golden Tulip, Agra Golden Tulip, Agra Visit ",block_content_not_found_in_rendered_page (path=/hotels/sarovar-portico-jaipur/promotions)
hotel-page,yg2l1f3v3oed20ufvul39n6n,1,gallery,true,(image-based block — checked separately via image-binding §5d),
hotel-page,rydlhk34dsvms3mb839snjgj,0,rich-text,false,"Our Hotels Agra Golden Tulip, Agra Golden Tulip, Agra Visit ",block_content_not_found_in_rendered_page (path=/hotels/sarovar-portico-jalandhar/meetings-events)
hotel-page,rydlhk34dsvms3mb839snjgj,1,gallery,true,(image-based block — checked separately via image-binding §5d),
hotel-page,pn0u1zhpck81cumm2s9h2cey,0,rich-text,false,"Our Hotels Agra Golden Tulip, Agra Golden Tulip, Agra Visit ",block_content_not_found_in_rendered_page (path=/hotels/sarovar-portico-kolkata-rajarhat/conclave)
hotel-page,pn0u1zhpck81cumm2s9h2cey,1,gallery,true,(image-based block — checked separately via image-binding §5d),
hotel-page,cvs099g6zce7hid7ih7t8ylk,0,rich-text,false,"Our Hotels Agra Golden Tulip, Agra Golden Tulip, Agra Visit ",block_content_not_found_in_rendered_page (path=/hotels/sarovar-portico-morbi/facilities-at-sarovar-portico-morbi)
hotel-page,cvs099g6zce7hid7ih7t8ylk,1,gallery,true,(image-based block — checked separately via image-binding §5d),
hotel-page,ilzdl95k4q6cfl4jqjovgjb9,0,rich-text,false,"Our Hotels Agra Golden Tulip, Agra Golden Tulip, Agra Visit ",block_content_not_found_in_rendered_page (path=/hotels/sarovar-portico-morbi/meetings-conference-rooms-in-morbi)
hotel-page,ilzdl95k4q6cfl4jqjovgjb9,1,gallery,true,(image-based block — checked separately via image-binding §5d),
hotel-page,xoyiv6mlfenqgu2m6yy2r8md,0,rich-text,false,"Our Hotels Agra Golden Tulip, Agra Golden Tulip, Agra Visit ",block_content_not_found_in_rendered_page (path=/hotels/sarovar-portico-naraina-new-delhi/meetings-events)
hotel-page,xoyiv6mlfenqgu2m6yy2r8md,1,gallery,true,(image-based block — checked separately via image-binding §5d),
hotel-page,chta5ovq8fcksmd1kwnpm96l,0,rich-text,false,"Our Hotels Agra Golden Tulip, Agra Golden Tulip, Agra Visit ",block_content_not_found_in_rendered_page (path=/hotels/sarovar-portico-somnath/banquet-hall-conferences)
hotel-page,chta5ovq8fcksmd1kwnpm96l,1,gallery,true,(image-based block — checked separately via image-binding §5d),
hotel-page,lnozdi2i0t55l17zpd0rxspo,0,rich-text,false,"Our Hotels Agra Golden Tulip, Agra Golden Tulip, Agra Visit ",block_content_not_found_in_rendered_page (path=/hotels/sarovar-portico-srinagar/the-hub)
hotel-page,lnozdi2i0t55l17zpd0rxspo,1,gallery,true,(image-based block — checked separately via image-binding §5d),
hotel-page,bvgnxdod0hal5tz0lo6jgxq0,0,rich-text,false,"Our Hotels Agra Golden Tulip, Agra Golden Tulip, Agra Visit ",block_content_not_found_in_rendered_page (path=/hotels/sarovar-portico-surajkund/weddings)
hotel-page,bvgnxdod0hal5tz0lo6jgxq0,1,gallery,true,(image-based block — checked separately via image-binding §5d),
hotel-page,kiabu0asq5e6bo7rz9h0enku,0,rich-text,false,"Our Hotels Agra Golden Tulip, Agra Golden Tulip, Agra Visit ",block_content_not_found_in_rendered_page (path=/hotels/sarovar-premiere-alwar/destination-wedding-in-alwar)
hotel-page,kiabu0asq5e6bo7rz9h0enku,1,gallery,true,(image-based block — checked separately via image-binding §5d),
hotel-page,amtl1qws8gwv4w0lidzgmtln,0,rich-text,false,"Our Hotels Agra Golden Tulip, Agra Golden Tulip, Agra Visit ",block_content_not_found_in_rendered_page (path=/hotels/sarovar-premiere-alwar/explore-alwar)
hotel-page,amtl1qws8gwv4w0lidzgmtln,1,gallery,true,(image-based block — checked separately via image-binding §5d),
hotel-page,o06r3xh3ja6gqi779ic2swda,0,rich-text,false,"Our Hotels Agra Golden Tulip, Agra Golden Tulip, Agra Visit ",block_content_not_found_in_rendered_page (path=/hotels/sarovar-premiere-alwar/terms-conditions)
hotel-page,o06r3xh3ja6gqi779ic2swda,1,gallery,true,(image-based block — checked separately via image-binding §5d),
hotel-page,i7e288u9c0udbvl969tolboo,0,rich-text,false,"Our Hotels Agra Golden Tulip, Agra Golden Tulip, Agra Visit ",block_content_not_found_in_rendered_page (path=/hotels/sarovar-premiere-alwar/weddings-thank-you)
hotel-page,i7e288u9c0udbvl969tolboo,1,gallery,true,(image-based block — checked separately via image-binding §5d),
hotel-page,fzmy3paat5lr084skjkhhyoy,0,rich-text,false,"Our Hotels Agra Golden Tulip, Agra Golden Tulip, Agra Visit ",block_content_not_found_in_rendered_page (path=/hotels/sarovar-premiere-amritsar/activities-experiences)
hotel-page,fzmy3paat5lr084skjkhhyoy,1,gallery,true,(image-based block — checked separately via image-binding §5d),
hotel-page,uww5a6mg0xezynwa111p5fvz,0,rich-text,false,"Our Hotels Agra Golden Tulip, Agra Golden Tulip, Agra Visit ",block_content_not_found_in_rendered_page (path=/hotels/sarovar-premiere-amritsar/explore-amritsar)
hotel-page,uww5a6mg0xezynwa111p5fvz,1,gallery,true,(image-based block — checked separately via image-binding §5d),
hotel-page,ctsdk896pgnz7gza9xp5f7ys,0,rich-text,false,"Our Hotels Agra Golden Tulip, Agra Golden Tulip, Agra Visit ",block_content_not_found_in_rendered_page (path=/hotels/sarovar-premiere-jaipur/meetings-events)
hotel-page,ctsdk896pgnz7gza9xp5f7ys,1,gallery,true,(image-based block — checked separately via image-binding §5d),
hotel-page,zk38zj4zghrlqi9cq9yxj8yk,0,rich-text,false,"Our Hotels Agra Golden Tulip, Agra Golden Tulip, Agra Visit ",block_content_not_found_in_rendered_page (path=/hotels/sarovar-premiere-jaipur/promotions)
hotel-page,zk38zj4zghrlqi9cq9yxj8yk,1,gallery,true,(image-based block — checked separately via image-binding §5d),
hotel-page,uo6irzg2rmovih6amwbl7nj0,0,rich-text,false,"Our Hotels Agra Golden Tulip, Agra Golden Tulip, Agra Visit ",block_content_not_found_in_rendered_page (path=/hotels/sarovar-premiere-srinagar/explore-srinagar)
hotel-page,uo6irzg2rmovih6amwbl7nj0,1,gallery,true,(image-based block — checked separately via image-binding §5d),
hotel-page,ik2e19uvzn2ilodua7hj43to,0,rich-text,false,"Our Hotels Agra Golden Tulip, Agra Golden Tulip, Agra Visit ",block_content_not_found_in_rendered_page (path=/hotels/shravanthi-sarovar-portico-bengaluru/meetings-events)
hotel-page,ik2e19uvzn2ilodua7hj43to,1,gallery,true,(image-based block — checked separately via image-binding §5d),
hotel-page,h8s9rro1davwcj2bpv35phen,0,rich-text,false,"Our Hotels Agra Golden Tulip, Agra Golden Tulip, Agra Visit ",block_content_not_found_in_rendered_page (path=/hotels/skywings-sarovar-portico-mathura/explore-mathura)
hotel-page,h8s9rro1davwcj2bpv35phen,1,gallery,true,(image-based block — checked separately via image-binding §5d),
hotel-page,z0bn2ovyvydy4n25z3n9apk5,0,rich-text,false,"Our Hotels Agra Golden Tulip, Agra Golden Tulip, Agra Visit ",block_content_not_found_in_rendered_page (path=/hotels/skywings-sarovar-portico-mathura/special-offers)
hotel-page,z0bn2ovyvydy4n25z3n9apk5,1,gallery,true,(image-based block — checked separately via image-binding §5d),
hotel-page,vc733uplsca5mrne8sgq97g2,0,rich-text,false,"Our Hotels Agra Golden Tulip, Agra Golden Tulip, Agra Visit ",block_content_not_found_in_rendered_page (path=/hotels/sobit-sarovar-portico-palolem-beach-hotel-goa/promotions)
hotel-page,vc733uplsca5mrne8sgq97g2,1,gallery,true,(image-based block — checked separately via image-binding §5d),
hotel-page,n9eyzgisbowdbj0d91u5zsfr,0,rich-text,false,"Our Hotels Agra Golden Tulip, Agra Golden Tulip, Agra Visit ",block_content_not_found_in_rendered_page (path=/hotels/the-ashtan-sarovar-portico-new-delhi/virtual-tour)
hotel-page,n9eyzgisbowdbj0d91u5zsfr,1,gallery,true,(image-based block — checked separately via image-binding §5d),
hotel-page,yzkmqiwviwy5ddvxvjqkupie,0,rich-text,false,"Our Hotels Agra Golden Tulip, Agra Golden Tulip, Agra Visit ",block_content_not_found_in_rendered_page (path=/hotels/the-ashtan-sarovar-portico-new-delhi/meetings-events)
hotel-page,yzkmqiwviwy5ddvxvjqkupie,1,gallery,true,(image-based block — checked separately via image-binding §5d),
hotel-page,eu35dndd5hu2y7eznncdixd6,0,rich-text,false,"Our Hotels Agra Golden Tulip, Agra Golden Tulip, Agra Visit ",block_content_not_found_in_rendered_page (path=/hotels/the-ashtan-sarovar-portico-new-delhi/facilities-at-hotel-in-delhi-near-aiims)
hotel-page,eu35dndd5hu2y7eznncdixd6,1,gallery,true,(image-based block — checked separately via image-binding §5d),
hotel-page,m3henwzau3y8t6o2a0ucyza4,0,rich-text,false,"Our Hotels Agra Golden Tulip, Agra Golden Tulip, Agra Visit ",block_content_not_found_in_rendered_page (path=/hotels/the-gaurs-sarovar-premiere/facilities-at-the-gaurs-sarovar-premiere)
hotel-page,m3henwzau3y8t6o2a0ucyza4,1,gallery,true,(image-based block — checked separately via image-binding §5d),
hotel-page,fhdg965djpp0li3dwljjizah,0,rich-text,false,"Our Hotels Agra Golden Tulip, Agra Golden Tulip, Agra Visit ",block_content_not_found_in_rendered_page (path=/hotels/the-gaurs-sarovar-premiere/wedding-saga)
hotel-page,fhdg965djpp0li3dwljjizah,1,gallery,true,(image-based block — checked separately via image-binding §5d),
hotel-page,havoigjc2nr7nd66sdqcyt4h,0,rich-text,false,"Our Hotels Agra Golden Tulip, Agra Golden Tulip, Agra Visit ",block_content_not_found_in_rendered_page (path=/hotels/the-gokulam-park-kochi/star-classification)
hotel-page,havoigjc2nr7nd66sdqcyt4h,1,gallery,true,(image-based block — checked separately via image-binding §5d),
hotel-page,vsplz9dfv0ouqgrmvqmg4h0n,0,rich-text,false,"Our Hotels Agra Golden Tulip, Agra Golden Tulip, Agra Visit ",block_content_not_found_in_rendered_page (path=/hotels/the-heron-portico-nairobi/meetings-events)
hotel-page,vsplz9dfv0ouqgrmvqmg4h0n,1,gallery,true,(image-based block — checked separately via image-binding §5d),
hotel-page,mhl09bowodwl41dp1komvufk,0,rich-text,false,"Our Hotels Agra Golden Tulip, Agra Golden Tulip, Agra Visit ",block_content_not_found_in_rendered_page (path=/hotels/the-promenade-pondicherry/bay-of-buddha-menu)
hotel-page,mhl09bowodwl41dp1komvufk,1,gallery,true,(image-based block — checked separately via image-binding §5d),
hotel-page,t586ra4vc7y4x1fmt0m3bcq0,0,rich-text,false,"Our Hotels Agra Golden Tulip, Agra Golden Tulip, Agra Visit ",block_content_not_found_in_rendered_page (path=/hotels/the-promenade-pondicherry/explore-pondicherry)
hotel-page,t586ra4vc7y4x1fmt0m3bcq0,1,gallery,true,(image-based block — checked separately via image-binding §5d),
hotel-page,p2bzsr3ifongp3xi0l4cafa1,0,rich-text,false,"Our Hotels Agra Golden Tulip, Agra Golden Tulip, Agra Visit ",block_content_not_found_in_rendered_page (path=/hotels/the-promenade-pondicherry/the-blueline-menu)
hotel-page,p2bzsr3ifongp3xi0l4cafa1,1,gallery,true,(image-based block — checked separately via image-binding §5d),
hotel-page,u3itosbc30ni8p4zehs1uzah,0,rich-text,false,"Our Hotels Agra Golden Tulip, Agra Golden Tulip, Agra Visit ",block_content_not_found_in_rendered_page (path=/hotels/the-promenade-pondicherry/wildfish-bistro)
hotel-page,u3itosbc30ni8p4zehs1uzah,1,gallery,true,(image-based block — checked separately via image-binding §5d),
hotel-page,zty35i4nblojsi65seolr55b,0,rich-text,false,Free Wi-Fi Take Away Breakfast for Early Check-out Early Che,block_content_not_found_in_rendered_page (path=/hotels/tulip-inn-bhopal/explore-bhopal)
hotel-page,zty35i4nblojsi65seolr55b,1,gallery,true,(image-based block — checked separately via image-binding §5d),
hotel-page,y2t3icfpcncimltnpur4ayvu,0,rich-text,false,"Our Hotels Agra Golden Tulip, Agra Golden Tulip, Agra Visit ",block_content_not_found_in_rendered_page (path=/hotels/tulip-inn-gurugram-near-medanta/special-offers)
hotel-page,y2t3icfpcncimltnpur4ayvu,1,gallery,true,(image-based block — checked separately via image-binding §5d),
hotel-page,xan8xejuyuixemgmzg2p7wv8,0,rich-text,false,"Our Hotels Agra Golden Tulip, Agra Golden Tulip, Agra Visit ",block_content_not_found_in_rendered_page (path=/hotels/tulip-inn-shravasti/faciltiies)
hotel-page,xan8xejuyuixemgmzg2p7wv8,1,gallery,true,(image-based block — checked separately via image-binding §5d),
hotel-page,avsuqkbpm0ihtow3fq3n4tk4,0,rich-text,false,"Our Hotels Agra Golden Tulip, Agra Golden Tulip, Agra Visit ",block_content_not_found_in_rendered_page (path=/hotels/vandhara-sarovar-premiere-patkote/explore-jim-corbett)
hotel-page,avsuqkbpm0ihtow3fq3n4tk4,1,gallery,true,(image-based block — checked separately via image-binding §5d),
hotel-page,odunrbqxm700juksoxh6j9o3,0,rich-text,false,"Our Hotels Agra Golden Tulip, Agra Golden Tulip, Agra Visit ",block_content_not_found_in_rendered_page (path=/hotels/venizia-sarovar-portico-in-new-delhi/kids-zone)
hotel-page,odunrbqxm700juksoxh6j9o3,1,gallery,true,(image-based block — checked separately via image-binding §5d),
hotel-page,uuawaxq9wfv5vpe2efcyfzyq,0,rich-text,false,"Our Hotels Agra Golden Tulip, Agra Golden Tulip, Agra Visit ",block_content_not_found_in_rendered_page (path=/hotels/geeta-sarovar-portico-hotels-panipat/blogs)
hotel-page,uuawaxq9wfv5vpe2efcyfzyq,1,gallery,true,(image-based block — checked separately via image-binding §5d),
hotel-page,v1vkz8121vaxwggaa3muf59r,0,rich-text,false,"Our Hotels Agra Golden Tulip, Agra Golden Tulip, Agra Visit ",block_content_not_found_in_rendered_page (path=/hotels/geeta-sarovar-portico-hotels-panipat/destination-wedding-near-delhi-ncr)
hotel-page,v1vkz8121vaxwggaa3muf59r,1,gallery,true,(image-based block — checked separately via image-binding §5d),
hotel-page,cxptnjzr7x4kaddxutbdepw9,0,rich-text,false,"Our Hotels Agra Golden Tulip, Agra Golden Tulip, Agra Visit ",block_content_not_found_in_rendered_page (path=/hotels/geeta-sarovar-portico-hotels-panipat/wedding-venues-in-panipat)
hotel-page,cxptnjzr7x4kaddxutbdepw9,1,gallery,true,(image-based block — checked separately via image-binding §5d),
hotel-page,s0ggz0sgbxjwqnwz2se6mr0y,0,rich-text,false,"Our Hotels Agra Golden Tulip, Agra Golden Tulip, Agra Visit ",block_content_not_found_in_rendered_page (path=/hotels/marasa-sarovar-premiere-bodhgaya/blogs)
hotel-page,s0ggz0sgbxjwqnwz2se6mr0y,1,gallery,true,(image-based block — checked separately via image-binding §5d),
hotel-page,tgn648bs7l89kbgu6772kwhn,0,rich-text,false,"Our Hotels Agra Golden Tulip, Agra Golden Tulip, Agra Visit ",block_content_not_found_in_rendered_page (path=/hotels/marasa-sarovar-premiere-bodhgaya/bodh-gaya-seeking-nirvana)
hotel-page,tgn648bs7l89kbgu6772kwhn,1,gallery,true,(image-based block — checked separately via image-binding §5d),
hotel-page,w5qch61zzms1anvd4lllwx1j,0,rich-text,false,"Our Hotels Agra Golden Tulip, Agra Golden Tulip, Agra Visit ",block_content_not_found_in_rendered_page (path=/hotels/marasa-sarovar-premiere-bodhgaya/indias-best-50-new-hotels-digest---outlook-traveller)
hotel-page,w5qch61zzms1anvd4lllwx1j,1,gallery,true,(image-based block — checked separately via image-binding §5d),
hotel-page,u0leb1co95kco7tqjaiefccy,0,rich-text,false,"Our Hotels Agra Golden Tulip, Agra Golden Tulip, Agra Visit ",block_content_not_found_in_rendered_page (path=/hotels/marasa-sarovar-premiere-bodhgaya/luxury-and-spirituality-at-marasa-sarovar-premiere)
hotel-page,u0leb1co95kco7tqjaiefccy,1,gallery,true,(image-based block — checked separately via image-binding §5d),
hotel-page,vkjvierksx29o17xlfedqs0t,0,rich-text,false,"Our Hotels Agra Golden Tulip, Agra Golden Tulip, Agra Visit ",block_content_not_found_in_rendered_page (path=/hotels/marasa-sarovar-premiere-bodhgaya/marasa-sarovar-bodh-gaya-a-sanctuary-of-spiritual-enlightenment)
hotel-page,vkjvierksx29o17xlfedqs0t,1,gallery,true,(image-based block — checked separately via image-binding §5d),
hotel-page,ppsoiugl4iq0nvewbha9k41y,0,rich-text,false,"Our Hotels Agra Golden Tulip, Agra Golden Tulip, Agra Visit ",block_content_not_found_in_rendered_page (path=/hotels/marasa-sarovar-premiere-bodhgaya/more-hnis-family-offices-checking-into-hotels-business)
hotel-page,ppsoiugl4iq0nvewbha9k41y,1,gallery,true,(image-based block — checked separately via image-binding §5d),
hotel-page,q2lvl1nejjvk40kl4iy6p22s,0,rich-text,false,"Our Hotels Agra Golden Tulip, Agra Golden Tulip, Agra Visit ",block_content_not_found_in_rendered_page (path=/hotels/marasa-sarovar-premiere-bodhgaya/must-visit-tourist-places-in-bodh-gaya)
hotel-page,q2lvl1nejjvk40kl4iy6p22s,1,gallery,true,(image-based block — checked separately via image-binding §5d),
hotel-page,j1mltb4riw6k54xfeom5c1w6,0,rich-text,false,"Our Hotels Agra Golden Tulip, Agra Golden Tulip, Agra Visit ",block_content_not_found_in_rendered_page (path=/hotels/marasa-sarovar-premiere-bodhgaya/southeast-asia-building-coverage-for-marasa-sarovar-premiere)
hotel-page,j1mltb4riw6k54xfeom5c1w6,1,gallery,true,(image-based block — checked separately via image-binding §5d),
hotel-page,u55qzyag0csk1t9opzmsanq1,0,rich-text,false,"Our Hotels Agra Golden Tulip, Agra Golden Tulip, Agra Visit ",block_content_not_found_in_rendered_page (path=/hotels/marigold-sarovar-portico-mashobra-shimla/blogs)
hotel-page,u55qzyag0csk1t9opzmsanq1,1,gallery,true,(image-based block — checked separately via image-binding §5d),
hotel-page,cf2afk5qxn8ly97h1zl4eqot,0,rich-text,false,"Our Hotels Agra Golden Tulip, Agra Golden Tulip, Agra Visit ",block_content_not_found_in_rendered_page (path=/hotels/marigold-sarovar-portico-mashobra-shimla/explore-the-hidden-beauty-of-shimla)
hotel-page,cf2afk5qxn8ly97h1zl4eqot,1,gallery,true,(image-based block — checked separately via image-binding §5d),
hotel-page,mml462ovrn6gppp9sycq0y7d,0,rich-text,false,"Our Hotels Agra Golden Tulip, Agra Golden Tulip, Agra Visit ",block_content_not_found_in_rendered_page (path=/hotels/marigold-sarovar-portico-mashobra-shimla/shimla-in-the-summers)
hotel-page,mml462ovrn6gppp9sycq0y7d,1,gallery,true,(image-based block — checked separately via image-binding §5d),
hotel-page,k0b56t8vpty35gta9zl1mqb1,0,rich-text,false,"Our Hotels Agra Golden Tulip, Agra Golden Tulip, Agra Visit ",block_content_not_found_in_rendered_page (path=/hotels/marigold-sarovar-portico-mashobra-shimla/shimla-in-the-winters)
hotel-page,k0b56t8vpty35gta9zl1mqb1,1,gallery,true,(image-based block — checked separately via image-binding §5d),
hotel-page,kebq0ir6s3pdqn2i18c1krt6,0,rich-text,false,"Our Hotels Agra Golden Tulip, Agra Golden Tulip, Agra Visit ",block_content_not_found_in_rendered_page (path=/hotels/rosefinch-sarovar-portico-bhimtal/blogs)
hotel-page,kebq0ir6s3pdqn2i18c1krt6,1,gallery,true,(image-based block — checked separately via image-binding §5d),
hotel-page,ajp3do2r3e1o10kuan41d48p,0,rich-text,false,"Our Hotels Agra Golden Tulip, Agra Golden Tulip, Agra Visit ",block_content_not_found_in_rendered_page (path=/hotels/rosefinch-sarovar-portico-bhimtal/attractions-in-bhimtal)
hotel-page,ajp3do2r3e1o10kuan41d48p,1,gallery,true,(image-based block — checked separately via image-binding §5d),
