source_page,url,status,kind
/hotels/sarovar-premiere-delhi/rooms,/hotels/sarovar-premiere-delhi/location,404,internal
/hotels/sarovar-premiere-delhi/dining,/hotels/sarovar-premiere-delhi/location,404,internal
/hotels/sarovar-premiere-delhi/banquets,/hotels/sarovar-premiere-delhi/location,404,internal
/hotels/sarovar-premiere-delhi/rooms,/hotels/sarovar-premiere-delhi/amenities,404,internal
/hotels/sarovar-premiere-delhi/dining,/hotels/sarovar-premiere-delhi/amenities,404,internal
/hotels/sarovar-premiere-delhi/banquets,/hotels/sarovar-premiere-delhi/amenities,404,internal
/hotels/sarovar-premiere-delhi/rooms,/hotels/sarovar-premiere-delhi/faqs,404,internal
/hotels/sarovar-premiere-delhi/dining,/hotels/sarovar-premiere-delhi/faqs,404,internal
/hotels/sarovar-premiere-delhi/banquets,/hotels/sarovar-premiere-delhi/faqs,404,internal
/hotels/sarovar-premiere-delhi/rooms,/hotels/sarovar-premiere-delhi/contact,404,internal
/hotels/sarovar-premiere-delhi/dining,/hotels/sarovar-premiere-delhi/contact,404,internal
/hotels/sarovar-premiere-delhi/banquets,/hotels/sarovar-premiere-delhi/contact,404,internal
/hotels/sarovar-portico-jaipur/banquets,/hotels/sarovar-portico-jaipur/faqs,404,internal
/hotels/sarovar-portico-jaipur/dining,/hotels/sarovar-portico-jaipur/faqs,404,internal
/hotels/sarovar-portico-jaipur/rooms,/hotels/sarovar-portico-jaipur/faqs,404,internal
/hotels/sarovar-portico-jaipur/location,/hotels/sarovar-portico-jaipur/faqs,404,internal
/hotels/sarovar-portico-jaipur/amenities,/hotels/sarovar-portico-jaipur/faqs,404,internal
/hotels/sarovar-portico-jaipur/legal,/hotels/sarovar-portico-jaipur/faqs,404,internal
/hotels/sarovar-portico-jaipur/meetings-conferences,/hotels/sarovar-portico-jaipur/faqs,404,internal
/hotels/sarovar-portico-jaipur/promotions,/hotels/sarovar-portico-jaipur/faqs,404,internal
/hotels/sarovar-portico-jaipur/banquets,/hotels/sarovar-portico-jaipur/contact,404,internal
/hotels/sarovar-portico-jaipur/dining,/hotels/sarovar-portico-jaipur/contact,404,internal
/hotels/sarovar-portico-jaipur/rooms,/hotels/sarovar-portico-jaipur/contact,404,internal
/hotels/sarovar-portico-jaipur/location,/hotels/sarovar-portico-jaipur/contact,404,internal
/hotels/sarovar-portico-jaipur/amenities,/hotels/sarovar-portico-jaipur/contact,404,internal
/hotels/sarovar-portico-jaipur/legal,/hotels/sarovar-portico-jaipur/contact,404,internal
/hotels/sarovar-portico-jaipur/meetings-conferences,/hotels/sarovar-portico-jaipur/contact,404,internal
/hotels/sarovar-portico-jaipur/promotions,/hotels/sarovar-portico-jaipur/contact,404,internal
/hotels/sarovar-premiere-goa-beach-resort/rooms,/hotels/sarovar-premiere-goa-beach-resort/location,404,internal
/hotels/sarovar-premiere-goa-beach-resort/dining,/hotels/sarovar-premiere-goa-beach-resort/location,404,internal
/hotels/sarovar-premiere-goa-beach-resort/banquets,/hotels/sarovar-premiere-goa-beach-resort/location,404,internal
/hotels/sarovar-premiere-goa-beach-resort/rooms,/hotels/sarovar-premiere-goa-beach-resort/amenities,404,internal
/hotels/sarovar-premiere-goa-beach-resort/dining,/hotels/sarovar-premiere-goa-beach-resort/amenities,404,internal
/hotels/sarovar-premiere-goa-beach-resort/banquets,/hotels/sarovar-premiere-goa-beach-resort/amenities,404,internal
/hotels/sarovar-premiere-goa-beach-resort/rooms,/hotels/sarovar-premiere-goa-beach-resort/faqs,404,internal
/hotels/sarovar-premiere-goa-beach-resort/dining,/hotels/sarovar-premiere-goa-beach-resort/faqs,404,internal
/hotels/sarovar-premiere-goa-beach-resort/banquets,/hotels/sarovar-premiere-goa-beach-resort/faqs,404,internal
/hotels/sarovar-premiere-goa-beach-resort/rooms,/hotels/sarovar-premiere-goa-beach-resort/contact,404,internal
/hotels/sarovar-premiere-goa-beach-resort/dining,/hotels/sarovar-premiere-goa-beach-resort/contact,404,internal
/hotels/sarovar-premiere-goa-beach-resort/banquets,/hotels/sarovar-premiere-goa-beach-resort/contact,404,internal
/hotels/sarovar-portico-mumbai/rooms,/hotels/sarovar-portico-mumbai/location,404,internal
/hotels/sarovar-portico-mumbai/dining,/hotels/sarovar-portico-mumbai/location,404,internal
/hotels/sarovar-portico-mumbai/banquets,/hotels/sarovar-portico-mumbai/location,404,internal
/hotels/sarovar-portico-mumbai/rooms,/hotels/sarovar-portico-mumbai/amenities,404,internal
/hotels/sarovar-portico-mumbai/dining,/hotels/sarovar-portico-mumbai/amenities,404,internal
/hotels/sarovar-portico-mumbai/banquets,/hotels/sarovar-portico-mumbai/amenities,404,internal
/hotels/sarovar-portico-mumbai/rooms,/hotels/sarovar-portico-mumbai/faqs,404,internal
/hotels/sarovar-portico-mumbai/dining,/hotels/sarovar-portico-mumbai/faqs,404,internal
/hotels/sarovar-portico-mumbai/banquets,/hotels/sarovar-portico-mumbai/faqs,404,internal
/hotels/sarovar-portico-mumbai/rooms,/hotels/sarovar-portico-mumbai/contact,404,internal
/hotels/sarovar-portico-mumbai/dining,/hotels/sarovar-portico-mumbai/contact,404,internal
/hotels/sarovar-portico-mumbai/banquets,/hotels/sarovar-portico-mumbai/contact,404,internal
/hotels/sarovar-regency-shimla/dining,/hotels/sarovar-regency-shimla/location,404,internal
/hotels/sarovar-regency-shimla/rooms,/hotels/sarovar-regency-shimla/location,404,internal
/hotels/sarovar-regency-shimla/banquets,/hotels/sarovar-regency-shimla/location,404,internal
/hotels/sarovar-regency-shimla/dining,/hotels/sarovar-regency-shimla/amenities,404,internal
/hotels/sarovar-regency-shimla/rooms,/hotels/sarovar-regency-shimla/amenities,404,internal
/hotels/sarovar-regency-shimla/banquets,/hotels/sarovar-regency-shimla/amenities,404,internal
/hotels/sarovar-regency-shimla/dining,/hotels/sarovar-regency-shimla/faqs,404,internal
/hotels/sarovar-regency-shimla/rooms,/hotels/sarovar-regency-shimla/faqs,404,internal
/hotels/sarovar-regency-shimla/banquets,/hotels/sarovar-regency-shimla/faqs,404,internal
/hotels/sarovar-regency-shimla/dining,/hotels/sarovar-regency-shimla/contact,404,internal
/hotels/sarovar-regency-shimla/rooms,/hotels/sarovar-regency-shimla/contact,404,internal
/hotels/sarovar-regency-shimla/banquets,/hotels/sarovar-regency-shimla/contact,404,internal
/hotels/sarovar-regency-rishikesh/rooms,/hotels/sarovar-regency-rishikesh/location,404,internal
/hotels/sarovar-regency-rishikesh/dining,/hotels/sarovar-regency-rishikesh/location,404,internal
/hotels/sarovar-regency-rishikesh/banquets,/hotels/sarovar-regency-rishikesh/location,404,internal
/hotels/sarovar-regency-rishikesh/rooms,/hotels/sarovar-regency-rishikesh/amenities,404,internal
/hotels/sarovar-regency-rishikesh/dining,/hotels/sarovar-regency-rishikesh/amenities,404,internal
/hotels/sarovar-regency-rishikesh/banquets,/hotels/sarovar-regency-rishikesh/amenities,404,internal
/hotels/sarovar-regency-rishikesh/rooms,/hotels/sarovar-regency-rishikesh/faqs,404,internal
/hotels/sarovar-regency-rishikesh/dining,/hotels/sarovar-regency-rishikesh/faqs,404,internal
/hotels/sarovar-regency-rishikesh/banquets,/hotels/sarovar-regency-rishikesh/faqs,404,internal
/hotels/sarovar-regency-rishikesh/rooms,/hotels/sarovar-regency-rishikesh/contact,404,internal
/hotels/sarovar-regency-rishikesh/dining,/hotels/sarovar-regency-rishikesh/contact,404,internal
/hotels/sarovar-regency-rishikesh/banquets,/hotels/sarovar-regency-rishikesh/contact,404,internal
/hotels/sarovar-portico-delhi-aerocity/rooms,/hotels/sarovar-portico-delhi-aerocity/location,404,internal
/hotels/sarovar-portico-delhi-aerocity/dining,/hotels/sarovar-portico-delhi-aerocity/location,404,internal
/hotels/sarovar-portico-delhi-aerocity/banquets,/hotels/sarovar-portico-delhi-aerocity/location,404,internal
/hotels/sarovar-portico-delhi-aerocity/rooms,/hotels/sarovar-portico-delhi-aerocity/amenities,404,internal
/hotels/sarovar-portico-delhi-aerocity/dining,/hotels/sarovar-portico-delhi-aerocity/amenities,404,internal
/hotels/sarovar-portico-delhi-aerocity/banquets,/hotels/sarovar-portico-delhi-aerocity/amenities,404,internal
/hotels/sarovar-portico-delhi-aerocity/rooms,/hotels/sarovar-portico-delhi-aerocity/faqs,404,internal
/hotels/sarovar-portico-delhi-aerocity/dining,/hotels/sarovar-portico-delhi-aerocity/faqs,404,internal
/hotels/sarovar-portico-delhi-aerocity/banquets,/hotels/sarovar-portico-delhi-aerocity/faqs,404,internal
/hotels/sarovar-portico-delhi-aerocity/rooms,/hotels/sarovar-portico-delhi-aerocity/contact,404,internal
/hotels/sarovar-portico-delhi-aerocity/dining,/hotels/sarovar-portico-delhi-aerocity/contact,404,internal
/hotels/sarovar-portico-delhi-aerocity/banquets,/hotels/sarovar-portico-delhi-aerocity/contact,404,internal
/hotels/sarovar-premiere-jaipur-heritage/rooms,/hotels/sarovar-premiere-jaipur-heritage/location,404,internal
/hotels/sarovar-premiere-jaipur-heritage/banquets,/hotels/sarovar-premiere-jaipur-heritage/location,404,internal
/hotels/sarovar-premiere-jaipur-heritage/dining,/hotels/sarovar-premiere-jaipur-heritage/location,404,internal
/hotels/sarovar-premiere-jaipur-heritage/rooms,/hotels/sarovar-premiere-jaipur-heritage/amenities,404,internal
/hotels/sarovar-premiere-jaipur-heritage/banquets,/hotels/sarovar-premiere-jaipur-heritage/amenities,404,internal
/hotels/sarovar-premiere-jaipur-heritage/dining,/hotels/sarovar-premiere-jaipur-heritage/amenities,404,internal
/hotels/sarovar-premiere-jaipur-heritage/rooms,/hotels/sarovar-premiere-jaipur-heritage/faqs,404,internal
/hotels/sarovar-premiere-jaipur-heritage/banquets,/hotels/sarovar-premiere-jaipur-heritage/faqs,404,internal
/hotels/sarovar-premiere-jaipur-heritage/dining,/hotels/sarovar-premiere-jaipur-heritage/faqs,404,internal
/hotels/sarovar-premiere-jaipur-heritage/rooms,/hotels/sarovar-premiere-jaipur-heritage/contact,404,internal
/hotels/sarovar-premiere-jaipur-heritage/banquets,/hotels/sarovar-premiere-jaipur-heritage/contact,404,internal
/hotels/sarovar-premiere-jaipur-heritage/dining,/hotels/sarovar-premiere-jaipur-heritage/contact,404,internal
/hotels/abn-sarovar-portico-jim-corbett/rooms,/hotels/abn-sarovar-portico-jim-corbett/faqs,404,internal
/hotels/abn-sarovar-portico-jim-corbett/dining,/hotels/abn-sarovar-portico-jim-corbett/faqs,404,internal
/hotels/abn-sarovar-portico-jim-corbett/banquets,/hotels/abn-sarovar-portico-jim-corbett/faqs,404,internal
/hotels/abn-sarovar-portico-jim-corbett/location,/hotels/abn-sarovar-portico-jim-corbett/faqs,404,internal
/hotels/abn-sarovar-portico-jim-corbett/amenities,/hotels/abn-sarovar-portico-jim-corbett/faqs,404,internal
/hotels/abn-sarovar-portico-jim-corbett/rooms,/hotels/abn-sarovar-portico-jim-corbett/contact,404,internal
/hotels/abn-sarovar-portico-jim-corbett/dining,/hotels/abn-sarovar-portico-jim-corbett/contact,404,internal
/hotels/abn-sarovar-portico-jim-corbett/banquets,/hotels/abn-sarovar-portico-jim-corbett/contact,404,internal
/hotels/abn-sarovar-portico-jim-corbett/location,/hotels/abn-sarovar-portico-jim-corbett/contact,404,internal
/hotels/abn-sarovar-portico-jim-corbett/amenities,/hotels/abn-sarovar-portico-jim-corbett/contact,404,internal
/hotels/nidhivan-sarovar-portico-vrindavan/rooms,/hotels/nidhivan-sarovar-portico-vrindavan/faqs,404,internal
/hotels/nidhivan-sarovar-portico-vrindavan/dining,/hotels/nidhivan-sarovar-portico-vrindavan/faqs,404,internal
/hotels/nidhivan-sarovar-portico-vrindavan/banquets,/hotels/nidhivan-sarovar-portico-vrindavan/faqs,404,internal
/hotels/nidhivan-sarovar-portico-vrindavan/location,/hotels/nidhivan-sarovar-portico-vrindavan/faqs,404,internal
/hotels/nidhivan-sarovar-portico-vrindavan/amenities,/hotels/nidhivan-sarovar-portico-vrindavan/faqs,404,internal
/hotels/nidhivan-sarovar-portico-vrindavan/legal,/hotels/nidhivan-sarovar-portico-vrindavan/faqs,404,internal
/hotels/nidhivan-sarovar-portico-vrindavan/destination-wedding-in-vrindavan,/hotels/nidhivan-sarovar-portico-vrindavan/faqs,404,internal
/hotels/nidhivan-sarovar-portico-vrindavan/places-to-visit-in-vrindavan,/hotels/nidhivan-sarovar-portico-vrindavan/faqs,404,internal
/hotels/nidhivan-sarovar-portico-vrindavan/rooms,/hotels/nidhivan-sarovar-portico-vrindavan/contact,404,internal
/hotels/nidhivan-sarovar-portico-vrindavan/dining,/hotels/nidhivan-sarovar-portico-vrindavan/contact,404,internal
/hotels/nidhivan-sarovar-portico-vrindavan/banquets,/hotels/nidhivan-sarovar-portico-vrindavan/contact,404,internal
/hotels/nidhivan-sarovar-portico-vrindavan/location,/hotels/nidhivan-sarovar-portico-vrindavan/contact,404,internal
/hotels/nidhivan-sarovar-portico-vrindavan/amenities,/hotels/nidhivan-sarovar-portico-vrindavan/contact,404,internal
/hotels/nidhivan-sarovar-portico-vrindavan/legal,/hotels/nidhivan-sarovar-portico-vrindavan/contact,404,internal
/hotels/nidhivan-sarovar-portico-vrindavan/destination-wedding-in-vrindavan,/hotels/nidhivan-sarovar-portico-vrindavan/contact,404,internal
/hotels/nidhivan-sarovar-portico-vrindavan/places-to-visit-in-vrindavan,/hotels/nidhivan-sarovar-portico-vrindavan/contact,404,internal
/hotels/marigold-sarovar-portico-mashobra-shimla/rooms,/hotels/marigold-sarovar-portico-mashobra-shimla/faqs,404,internal
/hotels/marigold-sarovar-portico-mashobra-shimla/banquets,/hotels/marigold-sarovar-portico-mashobra-shimla/faqs,404,internal
/hotels/marigold-sarovar-portico-mashobra-shimla/dining,/hotels/marigold-sarovar-portico-mashobra-shimla/faqs,404,internal
/hotels/marigold-sarovar-portico-mashobra-shimla/location,/hotels/marigold-sarovar-portico-mashobra-shimla/faqs,404,internal
/hotels/marigold-sarovar-portico-mashobra-shimla/amenities,/hotels/marigold-sarovar-portico-mashobra-shimla/faqs,404,internal
/hotels/marigold-sarovar-portico-mashobra-shimla/legal,/hotels/marigold-sarovar-portico-mashobra-shimla/faqs,404,internal
/hotels/marigold-sarovar-portico-mashobra-shimla/special-offers,/hotels/marigold-sarovar-portico-mashobra-shimla/faqs,404,internal
/hotels/marigold-sarovar-portico-mashobra-shimla/weddings-at-sarovar-hotels-resorts,/hotels/marigold-sarovar-portico-mashobra-shimla/faqs,404,internal
/hotels/marigold-sarovar-portico-mashobra-shimla/blogs,/hotels/marigold-sarovar-portico-mashobra-shimla/faqs,404,internal
/hotels/marigold-sarovar-portico-mashobra-shimla/explore-the-hidden-beauty-of-shimla,/hotels/marigold-sarovar-portico-mashobra-shimla/faqs,404,internal
/hotels/marigold-sarovar-portico-mashobra-shimla/shimla-in-the-summers,/hotels/marigold-sarovar-portico-mashobra-shimla/faqs,404,internal
/hotels/marigold-sarovar-portico-mashobra-shimla/shimla-in-the-winters,/hotels/marigold-sarovar-portico-mashobra-shimla/faqs,404,internal
/hotels/marigold-sarovar-portico-mashobra-shimla/rooms,/hotels/marigold-sarovar-portico-mashobra-shimla/contact,404,internal
/hotels/marigold-sarovar-portico-mashobra-shimla/banquets,/hotels/marigold-sarovar-portico-mashobra-shimla/contact,404,internal
/hotels/marigold-sarovar-portico-mashobra-shimla/dining,/hotels/marigold-sarovar-portico-mashobra-shimla/contact,404,internal
/hotels/marigold-sarovar-portico-mashobra-shimla/location,/hotels/marigold-sarovar-portico-mashobra-shimla/contact,404,internal
/hotels/marigold-sarovar-portico-mashobra-shimla/amenities,/hotels/marigold-sarovar-portico-mashobra-shimla/contact,404,internal
/hotels/marigold-sarovar-portico-mashobra-shimla/legal,/hotels/marigold-sarovar-portico-mashobra-shimla/contact,404,internal
/hotels/marigold-sarovar-portico-mashobra-shimla/special-offers,/hotels/marigold-sarovar-portico-mashobra-shimla/contact,404,internal
/hotels/marigold-sarovar-portico-mashobra-shimla/weddings-at-sarovar-hotels-resorts,/hotels/marigold-sarovar-portico-mashobra-shimla/contact,404,internal
/hotels/marigold-sarovar-portico-mashobra-shimla/blogs,/hotels/marigold-sarovar-portico-mashobra-shimla/contact,404,internal
/hotels/marigold-sarovar-portico-mashobra-shimla/explore-the-hidden-beauty-of-shimla,/hotels/marigold-sarovar-portico-mashobra-shimla/contact,404,internal
/hotels/marigold-sarovar-portico-mashobra-shimla/shimla-in-the-summers,/hotels/marigold-sarovar-portico-mashobra-shimla/contact,404,internal
/hotels/marigold-sarovar-portico-mashobra-shimla/shimla-in-the-winters,/hotels/marigold-sarovar-portico-mashobra-shimla/contact,404,internal
/hotels/vandhara-sarovar-premiere-patkote/rooms,/hotels/vandhara-sarovar-premiere-patkote/faqs,404,internal
/hotels/vandhara-sarovar-premiere-patkote/dining,/hotels/vandhara-sarovar-premiere-patkote/faqs,404,internal
/hotels/vandhara-sarovar-premiere-patkote/banquets,/hotels/vandhara-sarovar-premiere-patkote/faqs,404,internal
/hotels/vandhara-sarovar-premiere-patkote/location,/hotels/vandhara-sarovar-premiere-patkote/faqs,404,internal
/hotels/vandhara-sarovar-premiere-patkote/amenities,/hotels/vandhara-sarovar-premiere-patkote/faqs,404,internal
/hotels/vandhara-sarovar-premiere-patkote/explore-jim-corbett,/hotels/vandhara-sarovar-premiere-patkote/faqs,404,internal
/hotels/vandhara-sarovar-premiere-patkote/rooms,/hotels/vandhara-sarovar-premiere-patkote/contact,404,internal
/hotels/vandhara-sarovar-premiere-patkote/dining,/hotels/vandhara-sarovar-premiere-patkote/contact,404,internal
/hotels/vandhara-sarovar-premiere-patkote/banquets,/hotels/vandhara-sarovar-premiere-patkote/contact,404,internal
/hotels/vandhara-sarovar-premiere-patkote/location,/hotels/vandhara-sarovar-premiere-patkote/contact,404,internal
/hotels/vandhara-sarovar-premiere-patkote/amenities,/hotels/vandhara-sarovar-premiere-patkote/contact,404,internal
/hotels/vandhara-sarovar-premiere-patkote/explore-jim-corbett,/hotels/vandhara-sarovar-premiere-patkote/contact,404,internal
/hotels/aditya-hometel-hyderabad/rooms,/hotels/aditya-hometel-hyderabad/faqs,404,internal
/hotels/aditya-hometel-hyderabad/dining,/hotels/aditya-hometel-hyderabad/faqs,404,internal
/hotels/aditya-hometel-hyderabad/banquets,/hotels/aditya-hometel-hyderabad/faqs,404,internal
/hotels/aditya-hometel-hyderabad/location,/hotels/aditya-hometel-hyderabad/faqs,404,internal
/hotels/aditya-hometel-hyderabad/amenities,/hotels/aditya-hometel-hyderabad/faqs,404,internal
/hotels/aditya-hometel-hyderabad/legal,/hotels/aditya-hometel-hyderabad/faqs,404,internal
/hotels/aditya-hometel-hyderabad/rooms,/hotels/aditya-hometel-hyderabad/contact,404,internal
/hotels/aditya-hometel-hyderabad/dining,/hotels/aditya-hometel-hyderabad/contact,404,internal
/hotels/aditya-hometel-hyderabad/banquets,/hotels/aditya-hometel-hyderabad/contact,404,internal
/hotels/aditya-hometel-hyderabad/location,/hotels/aditya-hometel-hyderabad/contact,404,internal
/hotels/aditya-hometel-hyderabad/amenities,/hotels/aditya-hometel-hyderabad/contact,404,internal
/hotels/aditya-hometel-hyderabad/legal,/hotels/aditya-hometel-hyderabad/contact,404,internal
/hotels/aditya-park-hyderabad/rooms,/hotels/aditya-park-hyderabad/faqs,404,internal
/hotels/aditya-park-hyderabad/banquets,/hotels/aditya-park-hyderabad/faqs,404,internal
/hotels/aditya-park-hyderabad/dining,/hotels/aditya-park-hyderabad/faqs,404,internal
/hotels/aditya-park-hyderabad/location,/hotels/aditya-park-hyderabad/faqs,404,internal
/hotels/aditya-park-hyderabad/amenities,/hotels/aditya-park-hyderabad/faqs,404,internal
/hotels/aditya-park-hyderabad/legal,/hotels/aditya-park-hyderabad/faqs,404,internal
/hotels/aditya-park-hyderabad/meeting-events,/hotels/aditya-park-hyderabad/faqs,404,internal
/hotels/aditya-park-hyderabad/rooms,/hotels/aditya-park-hyderabad/contact,404,internal
/hotels/aditya-park-hyderabad/banquets,/hotels/aditya-park-hyderabad/contact,404,internal
/hotels/aditya-park-hyderabad/dining,/hotels/aditya-park-hyderabad/contact,404,internal
/hotels/aditya-park-hyderabad/location,/hotels/aditya-park-hyderabad/contact,404,internal
/hotels/aditya-park-hyderabad/amenities,/hotels/aditya-park-hyderabad/contact,404,internal
/hotels/aditya-park-hyderabad/legal,/hotels/aditya-park-hyderabad/contact,404,internal
/hotels/aditya-park-hyderabad/meeting-events,/hotels/aditya-park-hyderabad/contact,404,internal
/hotels/ambrosia-sarovar-portico-haridwar/rooms,/hotels/ambrosia-sarovar-portico-haridwar/faqs,404,internal
/hotels/ambrosia-sarovar-portico-haridwar/dining,/hotels/ambrosia-sarovar-portico-haridwar/faqs,404,internal
/hotels/ambrosia-sarovar-portico-haridwar/banquets,/hotels/ambrosia-sarovar-portico-haridwar/faqs,404,internal
/hotels/ambrosia-sarovar-portico-haridwar/location,/hotels/ambrosia-sarovar-portico-haridwar/faqs,404,internal
/hotels/ambrosia-sarovar-portico-haridwar/amenities,/hotels/ambrosia-sarovar-portico-haridwar/faqs,404,internal
/hotels/ambrosia-sarovar-portico-haridwar/legal,/hotels/ambrosia-sarovar-portico-haridwar/faqs,404,internal
/hotels/ambrosia-sarovar-portico-haridwar/wellness,/hotels/ambrosia-sarovar-portico-haridwar/faqs,404,internal
/hotels/ambrosia-sarovar-portico-haridwar/meetings-events,/hotels/ambrosia-sarovar-portico-haridwar/faqs,404,internal
/hotels/ambrosia-sarovar-portico-haridwar/rooms,/hotels/ambrosia-sarovar-portico-haridwar/contact,404,internal
/hotels/ambrosia-sarovar-portico-haridwar/dining,/hotels/ambrosia-sarovar-portico-haridwar/contact,404,internal
/hotels/ambrosia-sarovar-portico-haridwar/banquets,/hotels/ambrosia-sarovar-portico-haridwar/contact,404,internal
/hotels/ambrosia-sarovar-portico-haridwar/location,/hotels/ambrosia-sarovar-portico-haridwar/contact,404,internal
/hotels/ambrosia-sarovar-portico-haridwar/amenities,/hotels/ambrosia-sarovar-portico-haridwar/contact,404,internal
/hotels/ambrosia-sarovar-portico-haridwar/legal,/hotels/ambrosia-sarovar-portico-haridwar/contact,404,internal
/hotels/ambrosia-sarovar-portico-haridwar/wellness,/hotels/ambrosia-sarovar-portico-haridwar/contact,404,internal
/hotels/ambrosia-sarovar-portico-haridwar/meetings-events,/hotels/ambrosia-sarovar-portico-haridwar/contact,404,internal
/hotels/ambar-sarovar-portico-gandhidham-hotel/rooms,/hotels/ambar-sarovar-portico-gandhidham-hotel/faqs,404,internal
/hotels/ambar-sarovar-portico-gandhidham-hotel/dining,/hotels/ambar-sarovar-portico-gandhidham-hotel/faqs,404,internal
/hotels/ambar-sarovar-portico-gandhidham-hotel/banquets,/hotels/ambar-sarovar-portico-gandhidham-hotel/faqs,404,internal
/hotels/ambar-sarovar-portico-gandhidham-hotel/location,/hotels/ambar-sarovar-portico-gandhidham-hotel/faqs,404,internal
/hotels/ambar-sarovar-portico-gandhidham-hotel/amenities,/hotels/ambar-sarovar-portico-gandhidham-hotel/faqs,404,internal
/hotels/ambar-sarovar-portico-gandhidham-hotel/legal,/hotels/ambar-sarovar-portico-gandhidham-hotel/faqs,404,internal
/hotels/ambar-sarovar-portico-gandhidham-hotel/promotions,/hotels/ambar-sarovar-portico-gandhidham-hotel/faqs,404,internal
/hotels/ambar-sarovar-portico-gandhidham-hotel/rooms,/hotels/ambar-sarovar-portico-gandhidham-hotel/contact,404,internal
/hotels/ambar-sarovar-portico-gandhidham-hotel/dining,/hotels/ambar-sarovar-portico-gandhidham-hotel/contact,404,internal
/hotels/ambar-sarovar-portico-gandhidham-hotel/banquets,/hotels/ambar-sarovar-portico-gandhidham-hotel/contact,404,internal
/hotels/ambar-sarovar-portico-gandhidham-hotel/location,/hotels/ambar-sarovar-portico-gandhidham-hotel/contact,404,internal
/hotels/ambar-sarovar-portico-gandhidham-hotel/amenities,/hotels/ambar-sarovar-portico-gandhidham-hotel/contact,404,internal
/hotels/ambar-sarovar-portico-gandhidham-hotel/legal,/hotels/ambar-sarovar-portico-gandhidham-hotel/contact,404,internal
/hotels/ambar-sarovar-portico-gandhidham-hotel/promotions,/hotels/ambar-sarovar-portico-gandhidham-hotel/contact,404,internal
/hotels/balaji-sarovar-premiere-solapur/rooms,/hotels/balaji-sarovar-premiere-solapur/faqs,404,internal
/hotels/balaji-sarovar-premiere-solapur/dining,/hotels/balaji-sarovar-premiere-solapur/faqs,404,internal
/hotels/balaji-sarovar-premiere-solapur/banquets,/hotels/balaji-sarovar-premiere-solapur/faqs,404,internal
/hotels/balaji-sarovar-premiere-solapur/location,/hotels/balaji-sarovar-premiere-solapur/faqs,404,internal
/hotels/balaji-sarovar-premiere-solapur/amenities,/hotels/balaji-sarovar-premiere-solapur/faqs,404,internal
/hotels/balaji-sarovar-premiere-solapur/legal,/hotels/balaji-sarovar-premiere-solapur/faqs,404,internal
/hotels/balaji-sarovar-premiere-solapur/wellness,/hotels/balaji-sarovar-premiere-solapur/faqs,404,internal
/hotels/balaji-sarovar-premiere-solapur/home-delivery,/hotels/balaji-sarovar-premiere-solapur/faqs,404,internal
/hotels/balaji-sarovar-premiere-solapur/rooms,/hotels/balaji-sarovar-premiere-solapur/contact,404,internal
/hotels/balaji-sarovar-premiere-solapur/dining,/hotels/balaji-sarovar-premiere-solapur/contact,404,internal
/hotels/balaji-sarovar-premiere-solapur/banquets,/hotels/balaji-sarovar-premiere-solapur/contact,404,internal
/hotels/balaji-sarovar-premiere-solapur/location,/hotels/balaji-sarovar-premiere-solapur/contact,404,internal
/hotels/balaji-sarovar-premiere-solapur/amenities,/hotels/balaji-sarovar-premiere-solapur/contact,404,internal
/hotels/balaji-sarovar-premiere-solapur/legal,/hotels/balaji-sarovar-premiere-solapur/contact,404,internal
/hotels/balaji-sarovar-premiere-solapur/wellness,/hotels/balaji-sarovar-premiere-solapur/contact,404,internal
/hotels/balaji-sarovar-premiere-solapur/home-delivery,/hotels/balaji-sarovar-premiere-solapur/contact,404,internal
/hotels/bamus-sarovar-portico-kampala/rooms,/hotels/bamus-sarovar-portico-kampala/faqs,404,internal
/hotels/bamus-sarovar-portico-kampala/dining,/hotels/bamus-sarovar-portico-kampala/faqs,404,internal
/hotels/bamus-sarovar-portico-kampala/banquets,/hotels/bamus-sarovar-portico-kampala/faqs,404,internal
/hotels/bamus-sarovar-portico-kampala/location,/hotels/bamus-sarovar-portico-kampala/faqs,404,internal
/hotels/bamus-sarovar-portico-kampala/amenities,/hotels/bamus-sarovar-portico-kampala/faqs,404,internal
/hotels/bamus-sarovar-portico-kampala/rooms,/hotels/bamus-sarovar-portico-kampala/contact,404,internal
/hotels/bamus-sarovar-portico-kampala/dining,/hotels/bamus-sarovar-portico-kampala/contact,404,internal
/hotels/bamus-sarovar-portico-kampala/banquets,/hotels/bamus-sarovar-portico-kampala/contact,404,internal
/hotels/bamus-sarovar-portico-kampala/location,/hotels/bamus-sarovar-portico-kampala/contact,404,internal
/hotels/bamus-sarovar-portico-kampala/amenities,/hotels/bamus-sarovar-portico-kampala/contact,404,internal
/hotels/bellevue-sarovar-premiere-junagadh/rooms,/hotels/bellevue-sarovar-premiere-junagadh/faqs,404,internal
/hotels/bellevue-sarovar-premiere-junagadh/banquets,/hotels/bellevue-sarovar-premiere-junagadh/faqs,404,internal
/hotels/bellevue-sarovar-premiere-junagadh/dining,/hotels/bellevue-sarovar-premiere-junagadh/faqs,404,internal
/hotels/bellevue-sarovar-premiere-junagadh/location,/hotels/bellevue-sarovar-premiere-junagadh/faqs,404,internal
/hotels/bellevue-sarovar-premiere-junagadh/amenities,/hotels/bellevue-sarovar-premiere-junagadh/faqs,404,internal
/hotels/bellevue-sarovar-premiere-junagadh/legal,/hotels/bellevue-sarovar-premiere-junagadh/faqs,404,internal
/hotels/bellevue-sarovar-premiere-junagadh/banquet-conference,/hotels/bellevue-sarovar-premiere-junagadh/faqs,404,internal
/hotels/bellevue-sarovar-premiere-junagadh/emerald-conference-hall,/hotels/bellevue-sarovar-premiere-junagadh/faqs,404,internal
/hotels/bellevue-sarovar-premiere-junagadh/grand-crystal---banquet-hall,/hotels/bellevue-sarovar-premiere-junagadh/faqs,404,internal
/hotels/bellevue-sarovar-premiere-junagadh/opal-conference-hall,/hotels/bellevue-sarovar-premiere-junagadh/faqs,404,internal
/hotels/bellevue-sarovar-premiere-junagadh/rooms,/hotels/bellevue-sarovar-premiere-junagadh/contact,404,internal
/hotels/bellevue-sarovar-premiere-junagadh/banquets,/hotels/bellevue-sarovar-premiere-junagadh/contact,404,internal
/hotels/bellevue-sarovar-premiere-junagadh/dining,/hotels/bellevue-sarovar-premiere-junagadh/contact,404,internal
/hotels/bellevue-sarovar-premiere-junagadh/location,/hotels/bellevue-sarovar-premiere-junagadh/contact,404,internal
/hotels/bellevue-sarovar-premiere-junagadh/amenities,/hotels/bellevue-sarovar-premiere-junagadh/contact,404,internal
/hotels/bellevue-sarovar-premiere-junagadh/legal,/hotels/bellevue-sarovar-premiere-junagadh/contact,404,internal
/hotels/bellevue-sarovar-premiere-junagadh/banquet-conference,/hotels/bellevue-sarovar-premiere-junagadh/contact,404,internal
/hotels/bellevue-sarovar-premiere-junagadh/emerald-conference-hall,/hotels/bellevue-sarovar-premiere-junagadh/contact,404,internal
/hotels/bellevue-sarovar-premiere-junagadh/grand-crystal---banquet-hall,/hotels/bellevue-sarovar-premiere-junagadh/contact,404,internal
/hotels/bellevue-sarovar-premiere-junagadh/opal-conference-hall,/hotels/bellevue-sarovar-premiere-junagadh/contact,404,internal
/hotels/citadel-sarovar-portico-bangalore/rooms,/hotels/citadel-sarovar-portico-bangalore/faqs,404,internal
/hotels/citadel-sarovar-portico-bangalore/dining,/hotels/citadel-sarovar-portico-bangalore/faqs,404,internal
/hotels/citadel-sarovar-portico-bangalore/banquets,/hotels/citadel-sarovar-portico-bangalore/faqs,404,internal
/hotels/citadel-sarovar-portico-bangalore/location,/hotels/citadel-sarovar-portico-bangalore/faqs,404,internal
/hotels/citadel-sarovar-portico-bangalore/amenities,/hotels/citadel-sarovar-portico-bangalore/faqs,404,internal
/hotels/citadel-sarovar-portico-bangalore/events,/hotels/citadel-sarovar-portico-bangalore/faqs,404,internal
/hotels/citadel-sarovar-portico-bangalore/rooms,/hotels/citadel-sarovar-portico-bangalore/contact,404,internal
/hotels/citadel-sarovar-portico-bangalore/dining,/hotels/citadel-sarovar-portico-bangalore/contact,404,internal
/hotels/citadel-sarovar-portico-bangalore/banquets,/hotels/citadel-sarovar-portico-bangalore/contact,404,internal
/hotels/citadel-sarovar-portico-bangalore/location,/hotels/citadel-sarovar-portico-bangalore/contact,404,internal
/hotels/citadel-sarovar-portico-bangalore/amenities,/hotels/citadel-sarovar-portico-bangalore/contact,404,internal
/hotels/citadel-sarovar-portico-bangalore/events,/hotels/citadel-sarovar-portico-bangalore/contact,404,internal
/hotels/davanam-sarovar-portico-suites-bangalore/rooms,/hotels/davanam-sarovar-portico-suites-bangalore/faqs,404,internal
/hotels/davanam-sarovar-portico-suites-bangalore/dining,/hotels/davanam-sarovar-portico-suites-bangalore/faqs,404,internal
/hotels/davanam-sarovar-portico-suites-bangalore/banquets,/hotels/davanam-sarovar-portico-suites-bangalore/faqs,404,internal
/hotels/davanam-sarovar-portico-suites-bangalore/location,/hotels/davanam-sarovar-portico-suites-bangalore/faqs,404,internal
/hotels/davanam-sarovar-portico-suites-bangalore/amenities,/hotels/davanam-sarovar-portico-suites-bangalore/faqs,404,internal
/hotels/davanam-sarovar-portico-suites-bangalore/legal,/hotels/davanam-sarovar-portico-suites-bangalore/faqs,404,internal
/hotels/davanam-sarovar-portico-suites-bangalore/home-delivery,/hotels/davanam-sarovar-portico-suites-bangalore/faqs,404,internal
/hotels/davanam-sarovar-portico-suites-bangalore/rooms,/hotels/davanam-sarovar-portico-suites-bangalore/contact,404,internal
/hotels/davanam-sarovar-portico-suites-bangalore/dining,/hotels/davanam-sarovar-portico-suites-bangalore/contact,404,internal
/hotels/davanam-sarovar-portico-suites-bangalore/banquets,/hotels/davanam-sarovar-portico-suites-bangalore/contact,404,internal
/hotels/davanam-sarovar-portico-suites-bangalore/location,/hotels/davanam-sarovar-portico-suites-bangalore/contact,404,internal
/hotels/davanam-sarovar-portico-suites-bangalore/amenities,/hotels/davanam-sarovar-portico-suites-bangalore/contact,404,internal
/hotels/davanam-sarovar-portico-suites-bangalore/legal,/hotels/davanam-sarovar-portico-suites-bangalore/contact,404,internal
/hotels/davanam-sarovar-portico-suites-bangalore/home-delivery,/hotels/davanam-sarovar-portico-suites-bangalore/contact,404,internal
/hotels/classic-sarovar-portico-thiruvananthapuram/rooms,/hotels/classic-sarovar-portico-thiruvananthapuram/faqs,404,internal
/hotels/classic-sarovar-portico-thiruvananthapuram/dining,/hotels/classic-sarovar-portico-thiruvananthapuram/faqs,404,internal
/hotels/classic-sarovar-portico-thiruvananthapuram/banquets,/hotels/classic-sarovar-portico-thiruvananthapuram/faqs,404,internal
/hotels/classic-sarovar-portico-thiruvananthapuram/location,/hotels/classic-sarovar-portico-thiruvananthapuram/faqs,404,internal
/hotels/classic-sarovar-portico-thiruvananthapuram/amenities,/hotels/classic-sarovar-portico-thiruvananthapuram/faqs,404,internal
/hotels/classic-sarovar-portico-thiruvananthapuram/legal,/hotels/classic-sarovar-portico-thiruvananthapuram/faqs,404,internal
/hotels/classic-sarovar-portico-thiruvananthapuram/rooms,/hotels/classic-sarovar-portico-thiruvananthapuram/contact,404,internal
/hotels/classic-sarovar-portico-thiruvananthapuram/dining,/hotels/classic-sarovar-portico-thiruvananthapuram/contact,404,internal
/hotels/classic-sarovar-portico-thiruvananthapuram/banquets,/hotels/classic-sarovar-portico-thiruvananthapuram/contact,404,internal
/hotels/classic-sarovar-portico-thiruvananthapuram/location,/hotels/classic-sarovar-portico-thiruvananthapuram/contact,404,internal
/hotels/classic-sarovar-portico-thiruvananthapuram/amenities,/hotels/classic-sarovar-portico-thiruvananthapuram/contact,404,internal
/hotels/classic-sarovar-portico-thiruvananthapuram/legal,/hotels/classic-sarovar-portico-thiruvananthapuram/contact,404,internal
/hotels/delite-sarovar-portico-faridabad/rooms,/hotels/delite-sarovar-portico-faridabad/faqs,404,internal
/hotels/delite-sarovar-portico-faridabad/dining,/hotels/delite-sarovar-portico-faridabad/faqs,404,internal
/hotels/delite-sarovar-portico-faridabad/banquets,/hotels/delite-sarovar-portico-faridabad/faqs,404,internal
/hotels/delite-sarovar-portico-faridabad/location,/hotels/delite-sarovar-portico-faridabad/faqs,404,internal
/hotels/delite-sarovar-portico-faridabad/amenities,/hotels/delite-sarovar-portico-faridabad/faqs,404,internal
/hotels/delite-sarovar-portico-faridabad/rooms,/hotels/delite-sarovar-portico-faridabad/contact,404,internal
/hotels/delite-sarovar-portico-faridabad/dining,/hotels/delite-sarovar-portico-faridabad/contact,404,internal
/hotels/delite-sarovar-portico-faridabad/banquets,/hotels/delite-sarovar-portico-faridabad/contact,404,internal
/hotels/delite-sarovar-portico-faridabad/location,/hotels/delite-sarovar-portico-faridabad/contact,404,internal
/hotels/delite-sarovar-portico-faridabad/amenities,/hotels/delite-sarovar-portico-faridabad/contact,404,internal
/hotels/deventure-sarovar-portico-patel-nagar/rooms,/hotels/deventure-sarovar-portico-patel-nagar/faqs,404,internal
/hotels/deventure-sarovar-portico-patel-nagar/dining,/hotels/deventure-sarovar-portico-patel-nagar/faqs,404,internal
/hotels/deventure-sarovar-portico-patel-nagar/banquets,/hotels/deventure-sarovar-portico-patel-nagar/faqs,404,internal
/hotels/deventure-sarovar-portico-patel-nagar/location,/hotels/deventure-sarovar-portico-patel-nagar/faqs,404,internal
/hotels/deventure-sarovar-portico-patel-nagar/amenities,/hotels/deventure-sarovar-portico-patel-nagar/faqs,404,internal
/hotels/deventure-sarovar-portico-patel-nagar/oasis-hall,/hotels/deventure-sarovar-portico-patel-nagar/faqs,404,internal
/hotels/deventure-sarovar-portico-patel-nagar/rooms,/hotels/deventure-sarovar-portico-patel-nagar/contact,404,internal
/hotels/deventure-sarovar-portico-patel-nagar/dining,/hotels/deventure-sarovar-portico-patel-nagar/contact,404,internal
/hotels/deventure-sarovar-portico-patel-nagar/banquets,/hotels/deventure-sarovar-portico-patel-nagar/contact,404,internal
/hotels/deventure-sarovar-portico-patel-nagar/location,/hotels/deventure-sarovar-portico-patel-nagar/contact,404,internal
/hotels/deventure-sarovar-portico-patel-nagar/amenities,/hotels/deventure-sarovar-portico-patel-nagar/contact,404,internal
/hotels/deventure-sarovar-portico-patel-nagar/oasis-hall,/hotels/deventure-sarovar-portico-patel-nagar/contact,404,internal
/hotels/deventure-sarovar-portico--kapashera-new-delhi/rooms,/hotels/deventure-sarovar-portico--kapashera-new-delhi/faqs,404,internal
/hotels/deventure-sarovar-portico--kapashera-new-delhi/dining,/hotels/deventure-sarovar-portico--kapashera-new-delhi/faqs,404,internal
/hotels/deventure-sarovar-portico--kapashera-new-delhi/banquets,/hotels/deventure-sarovar-portico--kapashera-new-delhi/faqs,404,internal
/hotels/deventure-sarovar-portico--kapashera-new-delhi/location,/hotels/deventure-sarovar-portico--kapashera-new-delhi/faqs,404,internal
/hotels/deventure-sarovar-portico--kapashera-new-delhi/amenities,/hotels/deventure-sarovar-portico--kapashera-new-delhi/faqs,404,internal
/hotels/deventure-sarovar-portico--kapashera-new-delhi/legal,/hotels/deventure-sarovar-portico--kapashera-new-delhi/faqs,404,internal
/hotels/deventure-sarovar-portico--kapashera-new-delhi/rooms,/hotels/deventure-sarovar-portico--kapashera-new-delhi/contact,404,internal
/hotels/deventure-sarovar-portico--kapashera-new-delhi/dining,/hotels/deventure-sarovar-portico--kapashera-new-delhi/contact,404,internal
/hotels/deventure-sarovar-portico--kapashera-new-delhi/banquets,/hotels/deventure-sarovar-portico--kapashera-new-delhi/contact,404,internal
/hotels/deventure-sarovar-portico--kapashera-new-delhi/location,/hotels/deventure-sarovar-portico--kapashera-new-delhi/contact,404,internal
/hotels/deventure-sarovar-portico--kapashera-new-delhi/amenities,/hotels/deventure-sarovar-portico--kapashera-new-delhi/contact,404,internal
/hotels/deventure-sarovar-portico--kapashera-new-delhi/legal,/hotels/deventure-sarovar-portico--kapashera-new-delhi/contact,404,internal
/hotels/efcee-sarovar-portico-bhavnagar/dining,/hotels/efcee-sarovar-portico-bhavnagar/faqs,404,internal
/hotels/efcee-sarovar-portico-bhavnagar/rooms,/hotels/efcee-sarovar-portico-bhavnagar/faqs,404,internal
/hotels/efcee-sarovar-portico-bhavnagar/banquets,/hotels/efcee-sarovar-portico-bhavnagar/faqs,404,internal
/hotels/efcee-sarovar-portico-bhavnagar/location,/hotels/efcee-sarovar-portico-bhavnagar/faqs,404,internal
/hotels/efcee-sarovar-portico-bhavnagar/amenities,/hotels/efcee-sarovar-portico-bhavnagar/faqs,404,internal
/hotels/efcee-sarovar-portico-bhavnagar/legal,/hotels/efcee-sarovar-portico-bhavnagar/faqs,404,internal
/hotels/efcee-sarovar-portico-bhavnagar/awards,/hotels/efcee-sarovar-portico-bhavnagar/faqs,404,internal
/hotels/efcee-sarovar-portico-bhavnagar/meeting-events,/hotels/efcee-sarovar-portico-bhavnagar/faqs,404,internal
/hotels/efcee-sarovar-portico-bhavnagar/dining,/hotels/efcee-sarovar-portico-bhavnagar/contact,404,internal
/hotels/efcee-sarovar-portico-bhavnagar/rooms,/hotels/efcee-sarovar-portico-bhavnagar/contact,404,internal
/hotels/efcee-sarovar-portico-bhavnagar/banquets,/hotels/efcee-sarovar-portico-bhavnagar/contact,404,internal
/hotels/efcee-sarovar-portico-bhavnagar/location,/hotels/efcee-sarovar-portico-bhavnagar/contact,404,internal
/hotels/efcee-sarovar-portico-bhavnagar/amenities,/hotels/efcee-sarovar-portico-bhavnagar/contact,404,internal
/hotels/efcee-sarovar-portico-bhavnagar/legal,/hotels/efcee-sarovar-portico-bhavnagar/contact,404,internal
/hotels/efcee-sarovar-portico-bhavnagar/awards,/hotels/efcee-sarovar-portico-bhavnagar/contact,404,internal
/hotels/efcee-sarovar-portico-bhavnagar/meeting-events,/hotels/efcee-sarovar-portico-bhavnagar/contact,404,internal
/hotels/estuary-sarovar-Premiere-poovar/rooms,/hotels/estuary-sarovar-Premiere-poovar/faqs,404,internal
/hotels/estuary-sarovar-Premiere-poovar/dining,/hotels/estuary-sarovar-Premiere-poovar/faqs,404,internal
/hotels/estuary-sarovar-Premiere-poovar/banquets,/hotels/estuary-sarovar-Premiere-poovar/faqs,404,internal
/hotels/estuary-sarovar-Premiere-poovar/location,/hotels/estuary-sarovar-Premiere-poovar/faqs,404,internal
/hotels/estuary-sarovar-Premiere-poovar/amenities,/hotels/estuary-sarovar-Premiere-poovar/faqs,404,internal
/hotels/estuary-sarovar-Premiere-poovar/legal,/hotels/estuary-sarovar-Premiere-poovar/faqs,404,internal
/hotels/estuary-sarovar-Premiere-poovar/contact,/hotels/estuary-sarovar-Premiere-poovar/faqs,404,internal
/hotels/estuary-sarovar-Premiere-poovar/about-us,/hotels/estuary-sarovar-Premiere-poovar/faqs,404,internal
/hotels/estuary-sarovar-Premiere-poovar/ayurveda-facility,/hotels/estuary-sarovar-Premiere-poovar/faqs,404,internal
/hotels/estuary-sarovar-Premiere-poovar/marma-spine-care,/hotels/estuary-sarovar-Premiere-poovar/faqs,404,internal
/hotels/estuary-sarovar-Premiere-poovar/panchakarma-detox,/hotels/estuary-sarovar-Premiere-poovar/faqs,404,internal
/hotels/estuary-sarovar-Premiere-poovar/rasayanam-rejuvenation,/hotels/estuary-sarovar-Premiere-poovar/faqs,404,internal
/hotels/estuary-sarovar-Premiere-poovar/sthoulya-slimming-programme,/hotels/estuary-sarovar-Premiere-poovar/faqs,404,internal
/hotels/estuary-sarovar-Premiere-poovar/soundarya-skin-hair-care,/hotels/estuary-sarovar-Premiere-poovar/faqs,404,internal
/hotels/estuary-sarovar-Premiere-poovar/sanjeevani-destress,/hotels/estuary-sarovar-Premiere-poovar/faqs,404,internal
/hotels/estuary-sarovar-Premiere-poovar/ayurveda-summary-page,/hotels/estuary-sarovar-Premiere-poovar/faqs,404,internal
/hotels/estuary-sarovar-Premiere-poovar/ayurveda-packages,/hotels/estuary-sarovar-Premiere-poovar/faqs,404,internal
/hotels/estuary-sarovar-Premiere-poovar/career,/hotels/estuary-sarovar-Premiere-poovar/faqs,404,internal
/hotels/estuary-sarovar-Premiere-poovar/ayurveda-treatment,/hotels/estuary-sarovar-Premiere-poovar/faqs,404,internal
/hotels/estuary-sarovar-Premiere-poovar/celebrations,/hotels/estuary-sarovar-Premiere-poovar/faqs,404,internal
/hotels/estuary-sarovar-Premiere-poovar/honeymoon,/hotels/estuary-sarovar-Premiere-poovar/faqs,404,internal
/hotels/estuary-sarovar-Premiere-poovar/weddings,/hotels/estuary-sarovar-Premiere-poovar/faqs,404,internal
/hotels/estuary-sarovar-Premiere-poovar/explore,/hotels/estuary-sarovar-Premiere-poovar/faqs,404,internal
/hotels/geeta-sarovar-portico-hotels-panipat/rooms,/hotels/geeta-sarovar-portico-hotels-panipat/faqs,404,internal
/hotels/geeta-sarovar-portico-hotels-panipat/dining,/hotels/geeta-sarovar-portico-hotels-panipat/faqs,404,internal
/hotels/geeta-sarovar-portico-hotels-panipat/banquets,/hotels/geeta-sarovar-portico-hotels-panipat/faqs,404,internal
/hotels/geeta-sarovar-portico-hotels-panipat/location,/hotels/geeta-sarovar-portico-hotels-panipat/faqs,404,internal
/hotels/geeta-sarovar-portico-hotels-panipat/amenities,/hotels/geeta-sarovar-portico-hotels-panipat/faqs,404,internal
/hotels/geeta-sarovar-portico-hotels-panipat/destination-wedding-near-delhi-ncr,/hotels/geeta-sarovar-portico-hotels-panipat/faqs,404,internal
/hotels/geeta-sarovar-portico-hotels-panipat/wedding-venues-in-panipat,/hotels/geeta-sarovar-portico-hotels-panipat/faqs,404,internal
/hotels/geeta-sarovar-portico-hotels-panipat/blogs,/hotels/geeta-sarovar-portico-hotels-panipat/faqs,404,internal
/hotels/geeta-sarovar-portico-hotels-panipat/rooms,/hotels/geeta-sarovar-portico-hotels-panipat/contact,404,internal
/hotels/geeta-sarovar-portico-hotels-panipat/dining,/hotels/geeta-sarovar-portico-hotels-panipat/contact,404,internal
/hotels/geeta-sarovar-portico-hotels-panipat/banquets,/hotels/geeta-sarovar-portico-hotels-panipat/contact,404,internal
/hotels/geeta-sarovar-portico-hotels-panipat/location,/hotels/geeta-sarovar-portico-hotels-panipat/contact,404,internal
/hotels/geeta-sarovar-portico-hotels-panipat/amenities,/hotels/geeta-sarovar-portico-hotels-panipat/contact,404,internal
/hotels/geeta-sarovar-portico-hotels-panipat/destination-wedding-near-delhi-ncr,/hotels/geeta-sarovar-portico-hotels-panipat/contact,404,internal
/hotels/geeta-sarovar-portico-hotels-panipat/wedding-venues-in-panipat,/hotels/geeta-sarovar-portico-hotels-panipat/contact,404,internal
/hotels/geeta-sarovar-portico-hotels-panipat/blogs,/hotels/geeta-sarovar-portico-hotels-panipat/contact,404,internal
/hotels/golden-sarovar-portico-amritsar/rooms,/hotels/golden-sarovar-portico-amritsar/faqs,404,internal
/hotels/golden-sarovar-portico-amritsar/dining,/hotels/golden-sarovar-portico-amritsar/faqs,404,internal
/hotels/golden-sarovar-portico-amritsar/banquets,/hotels/golden-sarovar-portico-amritsar/faqs,404,internal
/hotels/golden-sarovar-portico-amritsar/location,/hotels/golden-sarovar-portico-amritsar/faqs,404,internal
/hotels/golden-sarovar-portico-amritsar/amenities,/hotels/golden-sarovar-portico-amritsar/faqs,404,internal
/hotels/golden-sarovar-portico-amritsar/legal,/hotels/golden-sarovar-portico-amritsar/faqs,404,internal
/hotels/golden-sarovar-portico-amritsar/home-delivery,/hotels/golden-sarovar-portico-amritsar/faqs,404,internal
/hotels/golden-sarovar-portico-amritsar/promotions,/hotels/golden-sarovar-portico-amritsar/faqs,404,internal
/hotels/golden-sarovar-portico-amritsar/rooms,/hotels/golden-sarovar-portico-amritsar/contact,404,internal
/hotels/golden-sarovar-portico-amritsar/dining,/hotels/golden-sarovar-portico-amritsar/contact,404,internal
/hotels/golden-sarovar-portico-amritsar/banquets,/hotels/golden-sarovar-portico-amritsar/contact,404,internal
/hotels/golden-sarovar-portico-amritsar/location,/hotels/golden-sarovar-portico-amritsar/contact,404,internal
/hotels/golden-sarovar-portico-amritsar/amenities,/hotels/golden-sarovar-portico-amritsar/contact,404,internal
/hotels/golden-sarovar-portico-amritsar/legal,/hotels/golden-sarovar-portico-amritsar/contact,404,internal
/hotels/golden-sarovar-portico-amritsar/home-delivery,/hotels/golden-sarovar-portico-amritsar/contact,404,internal
/hotels/golden-sarovar-portico-amritsar/promotions,/hotels/golden-sarovar-portico-amritsar/contact,404,internal
/hotels/golden-tulip-agra/rooms,/hotels/golden-tulip-agra/faqs,404,internal
/hotels/golden-tulip-agra/dining,/hotels/golden-tulip-agra/faqs,404,internal
/hotels/golden-tulip-agra/banquets,/hotels/golden-tulip-agra/faqs,404,internal
/hotels/golden-tulip-agra/location,/hotels/golden-tulip-agra/faqs,404,internal
/hotels/golden-tulip-agra/amenities,/hotels/golden-tulip-agra/faqs,404,internal
/hotels/golden-tulip-agra/rooms,/hotels/golden-tulip-agra/contact,404,internal
/hotels/golden-tulip-agra/dining,/hotels/golden-tulip-agra/contact,404,internal
/hotels/golden-tulip-agra/banquets,/hotels/golden-tulip-agra/contact,404,internal
/hotels/golden-tulip-agra/location,/hotels/golden-tulip-agra/contact,404,internal
/hotels/golden-tulip-agra/amenities,/hotels/golden-tulip-agra/contact,404,internal
/hotels/golden-tulip-bdi-club-and-suite-bhiwadi/rooms,/hotels/golden-tulip-bdi-club-and-suite-bhiwadi/faqs,404,internal
/hotels/golden-tulip-bdi-club-and-suite-bhiwadi/dining,/hotels/golden-tulip-bdi-club-and-suite-bhiwadi/faqs,404,internal
/hotels/golden-tulip-bdi-club-and-suite-bhiwadi/banquets,/hotels/golden-tulip-bdi-club-and-suite-bhiwadi/faqs,404,internal
/hotels/golden-tulip-bdi-club-and-suite-bhiwadi/location,/hotels/golden-tulip-bdi-club-and-suite-bhiwadi/faqs,404,internal
/hotels/golden-tulip-bdi-club-and-suite-bhiwadi/amenities,/hotels/golden-tulip-bdi-club-and-suite-bhiwadi/faqs,404,internal
/hotels/golden-tulip-bdi-club-and-suite-bhiwadi/summit,/hotels/golden-tulip-bdi-club-and-suite-bhiwadi/faqs,404,internal
/hotels/golden-tulip-bdi-club-and-suite-bhiwadi/rooms,/hotels/golden-tulip-bdi-club-and-suite-bhiwadi/contact,404,internal
/hotels/golden-tulip-bdi-club-and-suite-bhiwadi/dining,/hotels/golden-tulip-bdi-club-and-suite-bhiwadi/contact,404,internal
/hotels/golden-tulip-bdi-club-and-suite-bhiwadi/banquets,/hotels/golden-tulip-bdi-club-and-suite-bhiwadi/contact,404,internal
/hotels/golden-tulip-bdi-club-and-suite-bhiwadi/location,/hotels/golden-tulip-bdi-club-and-suite-bhiwadi/contact,404,internal
/hotels/golden-tulip-bdi-club-and-suite-bhiwadi/amenities,/hotels/golden-tulip-bdi-club-and-suite-bhiwadi/contact,404,internal
/hotels/golden-tulip-bdi-club-and-suite-bhiwadi/summit,/hotels/golden-tulip-bdi-club-and-suite-bhiwadi/contact,404,internal
/hotels/golden-tulip-bhopal/rooms,/hotels/golden-tulip-bhopal/faqs,404,internal
/hotels/golden-tulip-bhopal/dining,/hotels/golden-tulip-bhopal/faqs,404,internal
/hotels/golden-tulip-bhopal/banquets,/hotels/golden-tulip-bhopal/faqs,404,internal
/hotels/golden-tulip-bhopal/location,/hotels/golden-tulip-bhopal/faqs,404,internal
/hotels/golden-tulip-bhopal/amenities,/hotels/golden-tulip-bhopal/faqs,404,internal
/hotels/golden-tulip-bhopal/tulipe---multi-cuisine-restaurant,/hotels/golden-tulip-bhopal/faqs,404,internal
/hotels/golden-tulip-bhopal/rooms,/hotels/golden-tulip-bhopal/contact,404,internal
/hotels/golden-tulip-bhopal/dining,/hotels/golden-tulip-bhopal/contact,404,internal
/hotels/golden-tulip-bhopal/banquets,/hotels/golden-tulip-bhopal/contact,404,internal
/hotels/golden-tulip-bhopal/location,/hotels/golden-tulip-bhopal/contact,404,internal
/hotels/golden-tulip-bhopal/amenities,/hotels/golden-tulip-bhopal/contact,404,internal
/hotels/golden-tulip-bhopal/tulipe---multi-cuisine-restaurant,/hotels/golden-tulip-bhopal/contact,404,internal
/hotels/golden-tulip-candolim-goa/rooms,/hotels/golden-tulip-candolim-goa/faqs,404,internal
/hotels/golden-tulip-candolim-goa/dining,/hotels/golden-tulip-candolim-goa/faqs,404,internal
/hotels/golden-tulip-candolim-goa/banquets,/hotels/golden-tulip-candolim-goa/faqs,404,internal
/hotels/golden-tulip-candolim-goa/location,/hotels/golden-tulip-candolim-goa/faqs,404,internal
/hotels/golden-tulip-candolim-goa/amenities,/hotels/golden-tulip-candolim-goa/faqs,404,internal
/hotels/golden-tulip-candolim-goa/special-offers,/hotels/golden-tulip-candolim-goa/faqs,404,internal
/hotels/golden-tulip-candolim-goa/rooms,/hotels/golden-tulip-candolim-goa/contact,404,internal
/hotels/golden-tulip-candolim-goa/dining,/hotels/golden-tulip-candolim-goa/contact,404,internal
/hotels/golden-tulip-candolim-goa/banquets,/hotels/golden-tulip-candolim-goa/contact,404,internal
/hotels/golden-tulip-candolim-goa/location,/hotels/golden-tulip-candolim-goa/contact,404,internal
/hotels/golden-tulip-candolim-goa/amenities,/hotels/golden-tulip-candolim-goa/contact,404,internal
/hotels/golden-tulip-candolim-goa/special-offers,/hotels/golden-tulip-candolim-goa/contact,404,internal
/hotels/golden-tulip-essential-jaipur/rooms,/hotels/golden-tulip-essential-jaipur/faqs,404,internal
/hotels/golden-tulip-essential-jaipur/dining,/hotels/golden-tulip-essential-jaipur/faqs,404,internal
/hotels/golden-tulip-essential-jaipur/banquets,/hotels/golden-tulip-essential-jaipur/faqs,404,internal
/hotels/golden-tulip-essential-jaipur/location,/hotels/golden-tulip-essential-jaipur/faqs,404,internal
/hotels/golden-tulip-essential-jaipur/amenities,/hotels/golden-tulip-essential-jaipur/faqs,404,internal
/hotels/golden-tulip-essential-jaipur/contact,/hotels/golden-tulip-essential-jaipur/faqs,404,internal
/hotels/golden-tulip-essential-jaipur/banquet-hall-conferences,/hotels/golden-tulip-essential-jaipur/faqs,404,internal
/hotels/golden-tulip-goa-mandrem/rooms,/hotels/golden-tulip-goa-mandrem/contact,404,internal
/hotels/golden-tulip-goa-mandrem/dining,/hotels/golden-tulip-goa-mandrem/contact,404,internal
/hotels/golden-tulip-goa-mandrem/banquets,/hotels/golden-tulip-goa-mandrem/contact,404,internal
/hotels/golden-tulip-goa-mandrem/location,/hotels/golden-tulip-goa-mandrem/contact,404,internal
/hotels/golden-tulip-goa-mandrem/amenities,/hotels/golden-tulip-goa-mandrem/contact,404,internal
/hotels/golden-tulip-goa-mandrem/faqs,/hotels/golden-tulip-goa-mandrem/contact,404,internal
/hotels/golden-tulip-goa-mandrem/promotions,/hotels/golden-tulip-goa-mandrem/contact,404,internal
/hotels/golden-tulip-goa-vagator/rooms,/hotels/golden-tulip-goa-vagator/faqs,404,internal
/hotels/golden-tulip-goa-vagator/dining,/hotels/golden-tulip-goa-vagator/faqs,404,internal
/hotels/golden-tulip-goa-vagator/banquets,/hotels/golden-tulip-goa-vagator/faqs,404,internal
/hotels/golden-tulip-goa-vagator/location,/hotels/golden-tulip-goa-vagator/faqs,404,internal
/hotels/golden-tulip-goa-vagator/amenities,/hotels/golden-tulip-goa-vagator/faqs,404,internal
/hotels/golden-tulip-goa-vagator/rooms,/hotels/golden-tulip-goa-vagator/contact,404,internal
/hotels/golden-tulip-goa-vagator/dining,/hotels/golden-tulip-goa-vagator/contact,404,internal
/hotels/golden-tulip-goa-vagator/banquets,/hotels/golden-tulip-goa-vagator/contact,404,internal
/hotels/golden-tulip-goa-vagator/location,/hotels/golden-tulip-goa-vagator/contact,404,internal
/hotels/golden-tulip-goa-vagator/amenities,/hotels/golden-tulip-goa-vagator/contact,404,internal
/hotels/golden-tulip-hari-nagar/rooms,/hotels/golden-tulip-hari-nagar/faqs,404,internal
/hotels/golden-tulip-hari-nagar/dining,/hotels/golden-tulip-hari-nagar/faqs,404,internal
/hotels/golden-tulip-hari-nagar/banquets,/hotels/golden-tulip-hari-nagar/faqs,404,internal
/hotels/golden-tulip-hari-nagar/location,/hotels/golden-tulip-hari-nagar/faqs,404,internal
/hotels/golden-tulip-hari-nagar/amenities,/hotels/golden-tulip-hari-nagar/faqs,404,internal
/hotels/golden-tulip-hari-nagar/rooms,/hotels/golden-tulip-hari-nagar/contact,404,internal
/hotels/golden-tulip-hari-nagar/dining,/hotels/golden-tulip-hari-nagar/contact,404,internal
/hotels/golden-tulip-hari-nagar/banquets,/hotels/golden-tulip-hari-nagar/contact,404,internal
/hotels/golden-tulip-hari-nagar/location,/hotels/golden-tulip-hari-nagar/contact,404,internal
/hotels/golden-tulip-hari-nagar/amenities,/hotels/golden-tulip-hari-nagar/contact,404,internal
/hotels/golden-tulip-hotel-in-jaipur/rooms,/hotels/golden-tulip-hotel-in-jaipur/faqs,404,internal
/hotels/golden-tulip-hotel-in-jaipur/dining,/hotels/golden-tulip-hotel-in-jaipur/faqs,404,internal
/hotels/golden-tulip-hotel-in-jaipur/banquets,/hotels/golden-tulip-hotel-in-jaipur/faqs,404,internal
/hotels/golden-tulip-hotel-in-jaipur/location,/hotels/golden-tulip-hotel-in-jaipur/faqs,404,internal
/hotels/golden-tulip-hotel-in-jaipur/amenities,/hotels/golden-tulip-hotel-in-jaipur/faqs,404,internal
/hotels/golden-tulip-hotel-in-jaipur/rooms,/hotels/golden-tulip-hotel-in-jaipur/contact,404,internal
/hotels/golden-tulip-hotel-in-jaipur/dining,/hotels/golden-tulip-hotel-in-jaipur/contact,404,internal
/hotels/golden-tulip-hotel-in-jaipur/banquets,/hotels/golden-tulip-hotel-in-jaipur/contact,404,internal
/hotels/golden-tulip-hotel-in-jaipur/location,/hotels/golden-tulip-hotel-in-jaipur/contact,404,internal
/hotels/golden-tulip-hotel-in-jaipur/amenities,/hotels/golden-tulip-hotel-in-jaipur/contact,404,internal
/hotels/golden-tulip-jalandhar/rooms,/hotels/golden-tulip-jalandhar/faqs,404,internal
/hotels/golden-tulip-jalandhar/dining,/hotels/golden-tulip-jalandhar/faqs,404,internal
/hotels/golden-tulip-jalandhar/banquets,/hotels/golden-tulip-jalandhar/faqs,404,internal
/hotels/golden-tulip-jalandhar/location,/hotels/golden-tulip-jalandhar/faqs,404,internal
/hotels/golden-tulip-jalandhar/amenities,/hotels/golden-tulip-jalandhar/faqs,404,internal
/hotels/golden-tulip-jalandhar/rooms,/hotels/golden-tulip-jalandhar/contact,404,internal
/hotels/golden-tulip-jalandhar/dining,/hotels/golden-tulip-jalandhar/contact,404,internal
/hotels/golden-tulip-jalandhar/banquets,/hotels/golden-tulip-jalandhar/contact,404,internal
/hotels/golden-tulip-jalandhar/location,/hotels/golden-tulip-jalandhar/contact,404,internal
/hotels/golden-tulip-jalandhar/amenities,/hotels/golden-tulip-jalandhar/contact,404,internal
/hotels/golden-tulip-kukas-jaipur/rooms,/hotels/golden-tulip-kukas-jaipur/contact,404,internal
/hotels/golden-tulip-kukas-jaipur/dining,/hotels/golden-tulip-kukas-jaipur/contact,404,internal
/hotels/golden-tulip-kukas-jaipur/banquets,/hotels/golden-tulip-kukas-jaipur/contact,404,internal
/hotels/golden-tulip-kukas-jaipur/location,/hotels/golden-tulip-kukas-jaipur/contact,404,internal
/hotels/golden-tulip-kukas-jaipur/amenities,/hotels/golden-tulip-kukas-jaipur/contact,404,internal
/hotels/golden-tulip-kukas-jaipur/faqs,/hotels/golden-tulip-kukas-jaipur/contact,404,internal
/hotels/golden-tulip-lucknow/rooms,/hotels/golden-tulip-lucknow/faqs,404,internal
/hotels/golden-tulip-lucknow/dining,/hotels/golden-tulip-lucknow/faqs,404,internal
/hotels/golden-tulip-lucknow/banquets,/hotels/golden-tulip-lucknow/faqs,404,internal
/hotels/golden-tulip-lucknow/location,/hotels/golden-tulip-lucknow/faqs,404,internal
/hotels/golden-tulip-lucknow/amenities,/hotels/golden-tulip-lucknow/faqs,404,internal
/hotels/golden-tulip-lucknow/legal,/hotels/golden-tulip-lucknow/faqs,404,internal
/hotels/golden-tulip-lucknow/promotions,/hotels/golden-tulip-lucknow/faqs,404,internal
/hotels/golden-tulip-lucknow/rooms,/hotels/golden-tulip-lucknow/contact,404,internal
/hotels/golden-tulip-lucknow/dining,/hotels/golden-tulip-lucknow/contact,404,internal
/hotels/golden-tulip-lucknow/banquets,/hotels/golden-tulip-lucknow/contact,404,internal
/hotels/golden-tulip-lucknow/location,/hotels/golden-tulip-lucknow/contact,404,internal
/hotels/golden-tulip-lucknow/amenities,/hotels/golden-tulip-lucknow/contact,404,internal
/hotels/golden-tulip-lucknow/legal,/hotels/golden-tulip-lucknow/contact,404,internal
/hotels/golden-tulip-lucknow/promotions,/hotels/golden-tulip-lucknow/contact,404,internal
/hotels/golden-tulip-sector-80-gurugram/rooms,/hotels/golden-tulip-sector-80-gurugram/contact,404,internal
/hotels/golden-tulip-sector-80-gurugram/dining,/hotels/golden-tulip-sector-80-gurugram/contact,404,internal
/hotels/golden-tulip-sector-80-gurugram/banquets,/hotels/golden-tulip-sector-80-gurugram/contact,404,internal
/hotels/golden-tulip-sector-80-gurugram/location,/hotels/golden-tulip-sector-80-gurugram/contact,404,internal
/hotels/golden-tulip-sector-80-gurugram/amenities,/hotels/golden-tulip-sector-80-gurugram/contact,404,internal
/hotels/golden-tulip-sector-80-gurugram/faqs,/hotels/golden-tulip-sector-80-gurugram/contact,404,internal
/hotels/golden-tulip-srinagar/rooms,/hotels/golden-tulip-srinagar/faqs,404,internal
/hotels/golden-tulip-srinagar/dining,/hotels/golden-tulip-srinagar/faqs,404,internal
/hotels/golden-tulip-srinagar/banquets,/hotels/golden-tulip-srinagar/faqs,404,internal
/hotels/golden-tulip-srinagar/location,/hotels/golden-tulip-srinagar/faqs,404,internal
/hotels/golden-tulip-srinagar/amenities,/hotels/golden-tulip-srinagar/faqs,404,internal
/hotels/golden-tulip-srinagar/legal,/hotels/golden-tulip-srinagar/faqs,404,internal
/hotels/golden-tulip-srinagar/spa,/hotels/golden-tulip-srinagar/faqs,404,internal
/hotels/golden-tulip-srinagar/spa-and-hamam,/hotels/golden-tulip-srinagar/faqs,404,internal
/hotels/golden-tulip-srinagar/turkish-hamam,/hotels/golden-tulip-srinagar/faqs,404,internal
/hotels/golden-tulip-srinagar/rooms,/hotels/golden-tulip-srinagar/contact,404,internal
/hotels/golden-tulip-srinagar/dining,/hotels/golden-tulip-srinagar/contact,404,internal
/hotels/golden-tulip-srinagar/banquets,/hotels/golden-tulip-srinagar/contact,404,internal
/hotels/golden-tulip-srinagar/location,/hotels/golden-tulip-srinagar/contact,404,internal
/hotels/golden-tulip-srinagar/amenities,/hotels/golden-tulip-srinagar/contact,404,internal
/hotels/golden-tulip-srinagar/legal,/hotels/golden-tulip-srinagar/contact,404,internal
/hotels/golden-tulip-srinagar/spa,/hotels/golden-tulip-srinagar/contact,404,internal
/hotels/golden-tulip-srinagar/spa-and-hamam,/hotels/golden-tulip-srinagar/contact,404,internal
/hotels/golden-tulip-srinagar/turkish-hamam,/hotels/golden-tulip-srinagar/contact,404,internal
/hotels/royal-hometel-suites-dahisar-mumbai/rooms,/hotels/royal-hometel-suites-dahisar-mumbai/faqs,404,internal
/hotels/royal-hometel-suites-dahisar-mumbai/banquets,/hotels/royal-hometel-suites-dahisar-mumbai/faqs,404,internal
/hotels/royal-hometel-suites-dahisar-mumbai/dining,/hotels/royal-hometel-suites-dahisar-mumbai/faqs,404,internal
/hotels/royal-hometel-suites-dahisar-mumbai/location,/hotels/royal-hometel-suites-dahisar-mumbai/faqs,404,internal
/hotels/royal-hometel-suites-dahisar-mumbai/amenities,/hotels/royal-hometel-suites-dahisar-mumbai/faqs,404,internal
/hotels/royal-hometel-suites-dahisar-mumbai/legal,/hotels/royal-hometel-suites-dahisar-mumbai/faqs,404,internal
/hotels/royal-hometel-suites-dahisar-mumbai/rooms,/hotels/royal-hometel-suites-dahisar-mumbai/contact,404,internal
/hotels/royal-hometel-suites-dahisar-mumbai/banquets,/hotels/royal-hometel-suites-dahisar-mumbai/contact,404,internal
/hotels/royal-hometel-suites-dahisar-mumbai/dining,/hotels/royal-hometel-suites-dahisar-mumbai/contact,404,internal
/hotels/royal-hometel-suites-dahisar-mumbai/location,/hotels/royal-hometel-suites-dahisar-mumbai/contact,404,internal
/hotels/royal-hometel-suites-dahisar-mumbai/amenities,/hotels/royal-hometel-suites-dahisar-mumbai/contact,404,internal
/hotels/royal-hometel-suites-dahisar-mumbai/legal,/hotels/royal-hometel-suites-dahisar-mumbai/contact,404,internal
/hotels/royal-sarovar-portico-siliguri/rooms,/hotels/royal-sarovar-portico-siliguri/faqs,404,internal
/hotels/royal-sarovar-portico-siliguri/dining,/hotels/royal-sarovar-portico-siliguri/faqs,404,internal
/hotels/royal-sarovar-portico-siliguri/banquets,/hotels/royal-sarovar-portico-siliguri/faqs,404,internal
/hotels/royal-sarovar-portico-siliguri/location,/hotels/royal-sarovar-portico-siliguri/faqs,404,internal
/hotels/royal-sarovar-portico-siliguri/amenities,/hotels/royal-sarovar-portico-siliguri/faqs,404,internal
/hotels/royal-sarovar-portico-siliguri/legal,/hotels/royal-sarovar-portico-siliguri/faqs,404,internal
/hotels/royal-sarovar-portico-siliguri/rooms,/hotels/royal-sarovar-portico-siliguri/contact,404,internal
/hotels/royal-sarovar-portico-siliguri/dining,/hotels/royal-sarovar-portico-siliguri/contact,404,internal
/hotels/royal-sarovar-portico-siliguri/banquets,/hotels/royal-sarovar-portico-siliguri/contact,404,internal
/hotels/royal-sarovar-portico-siliguri/location,/hotels/royal-sarovar-portico-siliguri/contact,404,internal
/hotels/royal-sarovar-portico-siliguri/amenities,/hotels/royal-sarovar-portico-siliguri/contact,404,internal
/hotels/royal-sarovar-portico-siliguri/legal,/hotels/royal-sarovar-portico-siliguri/contact,404,internal
/hotels/royal-tulip-chitwan/rooms,/hotels/royal-tulip-chitwan/faqs,404,internal
/hotels/royal-tulip-chitwan/dining,/hotels/royal-tulip-chitwan/faqs,404,internal
/hotels/royal-tulip-chitwan/banquets,/hotels/royal-tulip-chitwan/faqs,404,internal
/hotels/royal-tulip-chitwan/location,/hotels/royal-tulip-chitwan/faqs,404,internal
/hotels/royal-tulip-chitwan/amenities,/hotels/royal-tulip-chitwan/faqs,404,internal
/hotels/royal-tulip-chitwan/rooms,/hotels/royal-tulip-chitwan/contact,404,internal
/hotels/royal-tulip-chitwan/dining,/hotels/royal-tulip-chitwan/contact,404,internal
/hotels/royal-tulip-chitwan/banquets,/hotels/royal-tulip-chitwan/contact,404,internal
/hotels/royal-tulip-chitwan/location,/hotels/royal-tulip-chitwan/contact,404,internal
/hotels/royal-tulip-chitwan/amenities,/hotels/royal-tulip-chitwan/contact,404,internal
/hotels/royal-tulip-kathmandu-shivapuri-national-park/rooms,/hotels/royal-tulip-kathmandu-shivapuri-national-park/contact,404,internal
/hotels/royal-tulip-kathmandu-shivapuri-national-park/dining,/hotels/royal-tulip-kathmandu-shivapuri-national-park/contact,404,internal
/hotels/royal-tulip-kathmandu-shivapuri-national-park/banquets,/hotels/royal-tulip-kathmandu-shivapuri-national-park/contact,404,internal
/hotels/royal-tulip-kathmandu-shivapuri-national-park/location,/hotels/royal-tulip-kathmandu-shivapuri-national-park/contact,404,internal
/hotels/royal-tulip-kathmandu-shivapuri-national-park/amenities,/hotels/royal-tulip-kathmandu-shivapuri-national-park/contact,404,internal
/hotels/royal-tulip-kathmandu-shivapuri-national-park/faqs,/hotels/royal-tulip-kathmandu-shivapuri-national-park/contact,404,internal
/hotels/royal-tulip-kathmandu-shivapuri-national-park/explore-kathmandu,/hotels/royal-tulip-kathmandu-shivapuri-national-park/contact,404,internal
/hotels/royal-tulip-kathmandu/rooms,/hotels/royal-tulip-kathmandu/faqs,404,internal
/hotels/royal-tulip-kathmandu/dining,/hotels/royal-tulip-kathmandu/faqs,404,internal
/hotels/royal-tulip-kathmandu/banquets,/hotels/royal-tulip-kathmandu/faqs,404,internal
/hotels/royal-tulip-kathmandu/location,/hotels/royal-tulip-kathmandu/faqs,404,internal
/hotels/royal-tulip-kathmandu/amenities,/hotels/royal-tulip-kathmandu/faqs,404,internal
/hotels/royal-tulip-kathmandu/rooms,/hotels/royal-tulip-kathmandu/contact,404,internal
/hotels/royal-tulip-kathmandu/dining,/hotels/royal-tulip-kathmandu/contact,404,internal
/hotels/royal-tulip-kathmandu/banquets,/hotels/royal-tulip-kathmandu/contact,404,internal
/hotels/royal-tulip-kathmandu/location,/hotels/royal-tulip-kathmandu/contact,404,internal
/hotels/royal-tulip-kathmandu/amenities,/hotels/royal-tulip-kathmandu/contact,404,internal
/hotels/royale-sarovar-portico-agra/rooms,/hotels/royale-sarovar-portico-agra/faqs,404,internal
/hotels/royale-sarovar-portico-agra/dining,/hotels/royale-sarovar-portico-agra/faqs,404,internal
/hotels/royale-sarovar-portico-agra/banquets,/hotels/royale-sarovar-portico-agra/faqs,404,internal
/hotels/royale-sarovar-portico-agra/location,/hotels/royale-sarovar-portico-agra/faqs,404,internal
/hotels/royale-sarovar-portico-agra/amenities,/hotels/royale-sarovar-portico-agra/faqs,404,internal
/hotels/royale-sarovar-portico-agra/legal,/hotels/royale-sarovar-portico-agra/faqs,404,internal
/hotels/royale-sarovar-portico-agra/events,/hotels/royale-sarovar-portico-agra/faqs,404,internal
/hotels/royale-sarovar-portico-agra/explore-agra,/hotels/royale-sarovar-portico-agra/faqs,404,internal
/hotels/royale-sarovar-portico-agra/rooms,/hotels/royale-sarovar-portico-agra/contact,404,internal
/hotels/royale-sarovar-portico-agra/dining,/hotels/royale-sarovar-portico-agra/contact,404,internal
/hotels/royale-sarovar-portico-agra/banquets,/hotels/royale-sarovar-portico-agra/contact,404,internal
/hotels/royale-sarovar-portico-agra/location,/hotels/royale-sarovar-portico-agra/contact,404,internal
/hotels/royale-sarovar-portico-agra/amenities,/hotels/royale-sarovar-portico-agra/contact,404,internal
/hotels/royale-sarovar-portico-agra/legal,/hotels/royale-sarovar-portico-agra/contact,404,internal
/hotels/royale-sarovar-portico-agra/events,/hotels/royale-sarovar-portico-agra/contact,404,internal
/hotels/royale-sarovar-portico-agra/explore-agra,/hotels/royale-sarovar-portico-agra/contact,404,internal
/hotels/rs-sarovar-portico-palampur/rooms,/hotels/rs-sarovar-portico-palampur/faqs,404,internal
/hotels/rs-sarovar-portico-palampur/dining,/hotels/rs-sarovar-portico-palampur/faqs,404,internal
/hotels/rs-sarovar-portico-palampur/banquets,/hotels/rs-sarovar-portico-palampur/faqs,404,internal
/hotels/rs-sarovar-portico-palampur/location,/hotels/rs-sarovar-portico-palampur/faqs,404,internal
/hotels/rs-sarovar-portico-palampur/amenities,/hotels/rs-sarovar-portico-palampur/faqs,404,internal
/hotels/rs-sarovar-portico-palampur/legal,/hotels/rs-sarovar-portico-palampur/faqs,404,internal
/hotels/rs-sarovar-portico-palampur/meetings-events,/hotels/rs-sarovar-portico-palampur/faqs,404,internal
/hotels/rs-sarovar-portico-palampur/rooms,/hotels/rs-sarovar-portico-palampur/contact,404,internal
/hotels/rs-sarovar-portico-palampur/dining,/hotels/rs-sarovar-portico-palampur/contact,404,internal
/hotels/rs-sarovar-portico-palampur/banquets,/hotels/rs-sarovar-portico-palampur/contact,404,internal
/hotels/rs-sarovar-portico-palampur/location,/hotels/rs-sarovar-portico-palampur/contact,404,internal
/hotels/rs-sarovar-portico-palampur/amenities,/hotels/rs-sarovar-portico-palampur/contact,404,internal
/hotels/rs-sarovar-portico-palampur/legal,/hotels/rs-sarovar-portico-palampur/contact,404,internal
/hotels/rs-sarovar-portico-palampur/meetings-events,/hotels/rs-sarovar-portico-palampur/contact,404,internal
/hotels/sairafort-sarovar-portico-jaisalmer/rooms,/hotels/sairafort-sarovar-portico-jaisalmer/faqs,404,internal
/hotels/sairafort-sarovar-portico-jaisalmer/banquets,/hotels/sairafort-sarovar-portico-jaisalmer/faqs,404,internal
/hotels/sairafort-sarovar-portico-jaisalmer/dining,/hotels/sairafort-sarovar-portico-jaisalmer/faqs,404,internal
/hotels/sairafort-sarovar-portico-jaisalmer/location,/hotels/sairafort-sarovar-portico-jaisalmer/faqs,404,internal
/hotels/sairafort-sarovar-portico-jaisalmer/amenities,/hotels/sairafort-sarovar-portico-jaisalmer/faqs,404,internal
/hotels/sairafort-sarovar-portico-jaisalmer/legal,/hotels/sairafort-sarovar-portico-jaisalmer/faqs,404,internal
/hotels/sairafort-sarovar-portico-jaisalmer/rooms,/hotels/sairafort-sarovar-portico-jaisalmer/contact,404,internal
/hotels/sairafort-sarovar-portico-jaisalmer/banquets,/hotels/sairafort-sarovar-portico-jaisalmer/contact,404,internal
/hotels/sairafort-sarovar-portico-jaisalmer/dining,/hotels/sairafort-sarovar-portico-jaisalmer/contact,404,internal
/hotels/sairafort-sarovar-portico-jaisalmer/location,/hotels/sairafort-sarovar-portico-jaisalmer/contact,404,internal
/hotels/sairafort-sarovar-portico-jaisalmer/amenities,/hotels/sairafort-sarovar-portico-jaisalmer/contact,404,internal
/hotels/sairafort-sarovar-portico-jaisalmer/legal,/hotels/sairafort-sarovar-portico-jaisalmer/contact,404,internal
/hotels/sarovar-ahmedabad/rooms,/hotels/sarovar-ahmedabad/faqs,404,internal
/hotels/sarovar-ahmedabad/dining,/hotels/sarovar-ahmedabad/faqs,404,internal
/hotels/sarovar-ahmedabad/banquets,/hotels/sarovar-ahmedabad/faqs,404,internal
/hotels/sarovar-ahmedabad/location,/hotels/sarovar-ahmedabad/faqs,404,internal
/hotels/sarovar-ahmedabad/amenities,/hotels/sarovar-ahmedabad/faqs,404,internal
/hotels/sarovar-ahmedabad/legal,/hotels/sarovar-ahmedabad/faqs,404,internal
/hotels/sarovar-ahmedabad/rooms,/hotels/sarovar-ahmedabad/contact,404,internal
/hotels/sarovar-ahmedabad/dining,/hotels/sarovar-ahmedabad/contact,404,internal
/hotels/sarovar-ahmedabad/banquets,/hotels/sarovar-ahmedabad/contact,404,internal
/hotels/sarovar-ahmedabad/location,/hotels/sarovar-ahmedabad/contact,404,internal
/hotels/sarovar-ahmedabad/amenities,/hotels/sarovar-ahmedabad/contact,404,internal
/hotels/sarovar-ahmedabad/legal,/hotels/sarovar-ahmedabad/contact,404,internal
/hotels/sarovar-portico-ajmer/rooms,/hotels/sarovar-portico-ajmer/faqs,404,internal
/hotels/sarovar-portico-ajmer/dining,/hotels/sarovar-portico-ajmer/faqs,404,internal
/hotels/sarovar-portico-ajmer/banquets,/hotels/sarovar-portico-ajmer/faqs,404,internal
/hotels/sarovar-portico-ajmer/location,/hotels/sarovar-portico-ajmer/faqs,404,internal
/hotels/sarovar-portico-ajmer/amenities,/hotels/sarovar-portico-ajmer/faqs,404,internal
/hotels/sarovar-portico-ajmer/rooms,/hotels/sarovar-portico-ajmer/contact,404,internal
/hotels/sarovar-portico-ajmer/dining,/hotels/sarovar-portico-ajmer/contact,404,internal
/hotels/sarovar-portico-ajmer/banquets,/hotels/sarovar-portico-ajmer/contact,404,internal
/hotels/sarovar-portico-ajmer/location,/hotels/sarovar-portico-ajmer/contact,404,internal
/hotels/sarovar-portico-ajmer/amenities,/hotels/sarovar-portico-ajmer/contact,404,internal
/hotels/sarovar-portico-badrinath-uttarakhand/rooms,/hotels/sarovar-portico-badrinath-uttarakhand/faqs,404,internal
/hotels/sarovar-portico-badrinath-uttarakhand/dining,/hotels/sarovar-portico-badrinath-uttarakhand/faqs,404,internal
/hotels/sarovar-portico-badrinath-uttarakhand/banquets,/hotels/sarovar-portico-badrinath-uttarakhand/faqs,404,internal
/hotels/sarovar-portico-badrinath-uttarakhand/location,/hotels/sarovar-portico-badrinath-uttarakhand/faqs,404,internal
/hotels/sarovar-portico-badrinath-uttarakhand/amenities,/hotels/sarovar-portico-badrinath-uttarakhand/faqs,404,internal
/hotels/sarovar-portico-badrinath-uttarakhand/legal,/hotels/sarovar-portico-badrinath-uttarakhand/faqs,404,internal
/hotels/sarovar-portico-badrinath-uttarakhand/rooms,/hotels/sarovar-portico-badrinath-uttarakhand/contact,404,internal
/hotels/sarovar-portico-badrinath-uttarakhand/dining,/hotels/sarovar-portico-badrinath-uttarakhand/contact,404,internal
/hotels/sarovar-portico-badrinath-uttarakhand/banquets,/hotels/sarovar-portico-badrinath-uttarakhand/contact,404,internal
/hotels/sarovar-portico-badrinath-uttarakhand/location,/hotels/sarovar-portico-badrinath-uttarakhand/contact,404,internal
/hotels/sarovar-portico-badrinath-uttarakhand/amenities,/hotels/sarovar-portico-badrinath-uttarakhand/contact,404,internal
/hotels/sarovar-portico-badrinath-uttarakhand/legal,/hotels/sarovar-portico-badrinath-uttarakhand/contact,404,internal
/hotels/sarovar-portico-birgunj/dining,/hotels/sarovar-portico-birgunj/faqs,404,internal
/hotels/sarovar-portico-birgunj/rooms,/hotels/sarovar-portico-birgunj/faqs,404,internal
/hotels/sarovar-portico-birgunj/banquets,/hotels/sarovar-portico-birgunj/faqs,404,internal
/hotels/sarovar-portico-birgunj/location,/hotels/sarovar-portico-birgunj/faqs,404,internal
/hotels/sarovar-portico-birgunj/amenities,/hotels/sarovar-portico-birgunj/faqs,404,internal
/hotels/sarovar-portico-birgunj/dining,/hotels/sarovar-portico-birgunj/contact,404,internal
/hotels/sarovar-portico-birgunj/rooms,/hotels/sarovar-portico-birgunj/contact,404,internal
/hotels/sarovar-portico-birgunj/banquets,/hotels/sarovar-portico-birgunj/contact,404,internal
/hotels/sarovar-portico-birgunj/location,/hotels/sarovar-portico-birgunj/contact,404,internal
/hotels/sarovar-portico-birgunj/amenities,/hotels/sarovar-portico-birgunj/contact,404,internal
/hotels/sarovar-portico-dehradun/rooms,/hotels/sarovar-portico-dehradun/faqs,404,internal
/hotels/sarovar-portico-dehradun/dining,/hotels/sarovar-portico-dehradun/faqs,404,internal
/hotels/sarovar-portico-dehradun/banquets,/hotels/sarovar-portico-dehradun/faqs,404,internal
/hotels/sarovar-portico-dehradun/location,/hotels/sarovar-portico-dehradun/faqs,404,internal
/hotels/sarovar-portico-dehradun/amenities,/hotels/sarovar-portico-dehradun/faqs,404,internal
/hotels/sarovar-portico-dehradun/legal,/hotels/sarovar-portico-dehradun/faqs,404,internal
/hotels/sarovar-portico-dehradun/rooms,/hotels/sarovar-portico-dehradun/contact,404,internal
/hotels/sarovar-portico-dehradun/dining,/hotels/sarovar-portico-dehradun/contact,404,internal
/hotels/sarovar-portico-dehradun/banquets,/hotels/sarovar-portico-dehradun/contact,404,internal
/hotels/sarovar-portico-dehradun/location,/hotels/sarovar-portico-dehradun/contact,404,internal
/hotels/sarovar-portico-dehradun/amenities,/hotels/sarovar-portico-dehradun/contact,404,internal
/hotels/sarovar-portico-dehradun/legal,/hotels/sarovar-portico-dehradun/contact,404,internal
/hotels/sarovar-portico-gir/rooms,/hotels/sarovar-portico-gir/amenities,404,internal
/hotels/sarovar-portico-gir/dining,/hotels/sarovar-portico-gir/amenities,404,internal
/hotels/sarovar-portico-gir/banquets,/hotels/sarovar-portico-gir/amenities,404,internal
/hotels/sarovar-portico-gir/location,/hotels/sarovar-portico-gir/amenities,404,internal
/hotels/sarovar-portico-gir/facilites,/hotels/sarovar-portico-gir/amenities,404,internal
/hotels/sarovar-portico-gir/rooms,/hotels/sarovar-portico-gir/faqs,404,internal
/hotels/sarovar-portico-gir/dining,/hotels/sarovar-portico-gir/faqs,404,internal
/hotels/sarovar-portico-gir/banquets,/hotels/sarovar-portico-gir/faqs,404,internal
/hotels/sarovar-portico-gir/location,/hotels/sarovar-portico-gir/faqs,404,internal
/hotels/sarovar-portico-gir/facilites,/hotels/sarovar-portico-gir/faqs,404,internal
/hotels/sarovar-portico-gir/rooms,/hotels/sarovar-portico-gir/contact,404,internal
/hotels/sarovar-portico-gir/dining,/hotels/sarovar-portico-gir/contact,404,internal
/hotels/sarovar-portico-gir/banquets,/hotels/sarovar-portico-gir/contact,404,internal
/hotels/sarovar-portico-gir/location,/hotels/sarovar-portico-gir/contact,404,internal
/hotels/sarovar-portico-gir/facilites,/hotels/sarovar-portico-gir/contact,404,internal
/hotels/sarovar-portico-hanumangarh/rooms,/hotels/sarovar-portico-hanumangarh/faqs,404,internal
/hotels/sarovar-portico-hanumangarh/dining,/hotels/sarovar-portico-hanumangarh/faqs,404,internal
/hotels/sarovar-portico-hanumangarh/banquets,/hotels/sarovar-portico-hanumangarh/faqs,404,internal
/hotels/sarovar-portico-hanumangarh/location,/hotels/sarovar-portico-hanumangarh/faqs,404,internal
/hotels/sarovar-portico-hanumangarh/amenities,/hotels/sarovar-portico-hanumangarh/faqs,404,internal
/hotels/sarovar-portico-hanumangarh/special-offers,/hotels/sarovar-portico-hanumangarh/faqs,404,internal
/hotels/sarovar-portico-hanumangarh/rooms,/hotels/sarovar-portico-hanumangarh/contact,404,internal
/hotels/sarovar-portico-hanumangarh/dining,/hotels/sarovar-portico-hanumangarh/contact,404,internal
/hotels/sarovar-portico-hanumangarh/banquets,/hotels/sarovar-portico-hanumangarh/contact,404,internal
/hotels/sarovar-portico-hanumangarh/location,/hotels/sarovar-portico-hanumangarh/contact,404,internal
/hotels/sarovar-portico-hanumangarh/amenities,/hotels/sarovar-portico-hanumangarh/contact,404,internal
/hotels/sarovar-portico-hanumangarh/special-offers,/hotels/sarovar-portico-hanumangarh/contact,404,internal
/hotels/sarovar-portico-jalandhar/rooms,/hotels/sarovar-portico-jalandhar/faqs,404,internal
/hotels/sarovar-portico-jalandhar/dining,/hotels/sarovar-portico-jalandhar/faqs,404,internal
/hotels/sarovar-portico-jalandhar/banquets,/hotels/sarovar-portico-jalandhar/faqs,404,internal
/hotels/sarovar-portico-jalandhar/location,/hotels/sarovar-portico-jalandhar/faqs,404,internal
/hotels/sarovar-portico-jalandhar/amenities,/hotels/sarovar-portico-jalandhar/faqs,404,internal
/hotels/sarovar-portico-jalandhar/legal,/hotels/sarovar-portico-jalandhar/faqs,404,internal
/hotels/sarovar-portico-jalandhar/meetings-events,/hotels/sarovar-portico-jalandhar/faqs,404,internal
/hotels/sarovar-portico-jalandhar/rooms,/hotels/sarovar-portico-jalandhar/contact,404,internal
/hotels/sarovar-portico-jalandhar/dining,/hotels/sarovar-portico-jalandhar/contact,404,internal
/hotels/sarovar-portico-jalandhar/banquets,/hotels/sarovar-portico-jalandhar/contact,404,internal
/hotels/sarovar-portico-jalandhar/location,/hotels/sarovar-portico-jalandhar/contact,404,internal
/hotels/sarovar-portico-jalandhar/amenities,/hotels/sarovar-portico-jalandhar/contact,404,internal
/hotels/sarovar-portico-jalandhar/legal,/hotels/sarovar-portico-jalandhar/contact,404,internal
/hotels/sarovar-portico-jalandhar/meetings-events,/hotels/sarovar-portico-jalandhar/contact,404,internal
/hotels/sarovar-portico-kolkata-rajarhat/rooms,/hotels/sarovar-portico-kolkata-rajarhat/faqs,404,internal
/hotels/sarovar-portico-kolkata-rajarhat/dining,/hotels/sarovar-portico-kolkata-rajarhat/faqs,404,internal
/hotels/sarovar-portico-kolkata-rajarhat/banquets,/hotels/sarovar-portico-kolkata-rajarhat/faqs,404,internal
/hotels/sarovar-portico-kolkata-rajarhat/location,/hotels/sarovar-portico-kolkata-rajarhat/faqs,404,internal
/hotels/sarovar-portico-kolkata-rajarhat/amenities,/hotels/sarovar-portico-kolkata-rajarhat/faqs,404,internal
/hotels/sarovar-portico-kolkata-rajarhat/conclave,/hotels/sarovar-portico-kolkata-rajarhat/faqs,404,internal
/hotels/sarovar-portico-kolkata-rajarhat/rooms,/hotels/sarovar-portico-kolkata-rajarhat/contact,404,internal
/hotels/sarovar-portico-kolkata-rajarhat/dining,/hotels/sarovar-portico-kolkata-rajarhat/contact,404,internal
/hotels/sarovar-portico-kolkata-rajarhat/banquets,/hotels/sarovar-portico-kolkata-rajarhat/contact,404,internal
/hotels/sarovar-portico-kolkata-rajarhat/location,/hotels/sarovar-portico-kolkata-rajarhat/contact,404,internal
/hotels/sarovar-portico-kolkata-rajarhat/amenities,/hotels/sarovar-portico-kolkata-rajarhat/contact,404,internal
/hotels/sarovar-portico-kolkata-rajarhat/conclave,/hotels/sarovar-portico-kolkata-rajarhat/contact,404,internal
/hotels/sarovar-portico-morbi/rooms,/hotels/sarovar-portico-morbi/amenities,404,internal
/hotels/sarovar-portico-morbi/dining,/hotels/sarovar-portico-morbi/amenities,404,internal
/hotels/sarovar-portico-morbi/banquets,/hotels/sarovar-portico-morbi/amenities,404,internal
/hotels/sarovar-portico-morbi/location,/hotels/sarovar-portico-morbi/amenities,404,internal
/hotels/sarovar-portico-morbi/facilities-at-sarovar-portico-morbi,/hotels/sarovar-portico-morbi/amenities,404,internal
/hotels/sarovar-portico-morbi/meetings-conference-rooms-in-morbi,/hotels/sarovar-portico-morbi/amenities,404,internal
/hotels/sarovar-portico-morbi/rooms,/hotels/sarovar-portico-morbi/faqs,404,internal
/hotels/sarovar-portico-morbi/dining,/hotels/sarovar-portico-morbi/faqs,404,internal
/hotels/sarovar-portico-morbi/banquets,/hotels/sarovar-portico-morbi/faqs,404,internal
/hotels/sarovar-portico-morbi/location,/hotels/sarovar-portico-morbi/faqs,404,internal
/hotels/sarovar-portico-morbi/facilities-at-sarovar-portico-morbi,/hotels/sarovar-portico-morbi/faqs,404,internal
/hotels/sarovar-portico-morbi/meetings-conference-rooms-in-morbi,/hotels/sarovar-portico-morbi/faqs,404,internal
/hotels/sarovar-portico-morbi/rooms,/hotels/sarovar-portico-morbi/contact,404,internal
/hotels/sarovar-portico-morbi/dining,/hotels/sarovar-portico-morbi/contact,404,internal
/hotels/sarovar-portico-morbi/banquets,/hotels/sarovar-portico-morbi/contact,404,internal
/hotels/sarovar-portico-morbi/location,/hotels/sarovar-portico-morbi/contact,404,internal
/hotels/sarovar-portico-morbi/facilities-at-sarovar-portico-morbi,/hotels/sarovar-portico-morbi/contact,404,internal
/hotels/sarovar-portico-morbi/meetings-conference-rooms-in-morbi,/hotels/sarovar-portico-morbi/contact,404,internal
/hotels/sarovar-portico-naraina-new-delhi/rooms,/hotels/sarovar-portico-naraina-new-delhi/faqs,404,internal
/hotels/sarovar-portico-naraina-new-delhi/dining,/hotels/sarovar-portico-naraina-new-delhi/faqs,404,internal
/hotels/sarovar-portico-naraina-new-delhi/banquets,/hotels/sarovar-portico-naraina-new-delhi/faqs,404,internal
/hotels/sarovar-portico-naraina-new-delhi/location,/hotels/sarovar-portico-naraina-new-delhi/faqs,404,internal
/hotels/sarovar-portico-naraina-new-delhi/amenities,/hotels/sarovar-portico-naraina-new-delhi/faqs,404,internal
/hotels/sarovar-portico-naraina-new-delhi/legal,/hotels/sarovar-portico-naraina-new-delhi/faqs,404,internal
/hotels/sarovar-portico-naraina-new-delhi/meetings-events,/hotels/sarovar-portico-naraina-new-delhi/faqs,404,internal
/hotels/sarovar-portico-naraina-new-delhi/rooms,/hotels/sarovar-portico-naraina-new-delhi/contact,404,internal
/hotels/sarovar-portico-naraina-new-delhi/dining,/hotels/sarovar-portico-naraina-new-delhi/contact,404,internal
/hotels/sarovar-portico-naraina-new-delhi/banquets,/hotels/sarovar-portico-naraina-new-delhi/contact,404,internal
/hotels/sarovar-portico-naraina-new-delhi/location,/hotels/sarovar-portico-naraina-new-delhi/contact,404,internal
/hotels/sarovar-portico-naraina-new-delhi/amenities,/hotels/sarovar-portico-naraina-new-delhi/contact,404,internal
/hotels/sarovar-portico-naraina-new-delhi/legal,/hotels/sarovar-portico-naraina-new-delhi/contact,404,internal
/hotels/sarovar-portico-naraina-new-delhi/meetings-events,/hotels/sarovar-portico-naraina-new-delhi/contact,404,internal
/hotels/sarovar-portico-saharanpur/rooms,/hotels/sarovar-portico-saharanpur/faqs,404,internal
/hotels/sarovar-portico-saharanpur/dining,/hotels/sarovar-portico-saharanpur/faqs,404,internal
/hotels/sarovar-portico-saharanpur/banquets,/hotels/sarovar-portico-saharanpur/faqs,404,internal
/hotels/sarovar-portico-saharanpur/location,/hotels/sarovar-portico-saharanpur/faqs,404,internal
/hotels/sarovar-portico-saharanpur/amenities,/hotels/sarovar-portico-saharanpur/faqs,404,internal
/hotels/sarovar-portico-saharanpur/rooms,/hotels/sarovar-portico-saharanpur/contact,404,internal
/hotels/sarovar-portico-saharanpur/dining,/hotels/sarovar-portico-saharanpur/contact,404,internal
/hotels/sarovar-portico-saharanpur/banquets,/hotels/sarovar-portico-saharanpur/contact,404,internal
/hotels/sarovar-portico-saharanpur/location,/hotels/sarovar-portico-saharanpur/contact,404,internal
/hotels/sarovar-portico-saharanpur/amenities,/hotels/sarovar-portico-saharanpur/contact,404,internal
/hotels/sarovar-portico-somnath/rooms,/hotels/sarovar-portico-somnath/faqs,404,internal
/hotels/sarovar-portico-somnath/dining,/hotels/sarovar-portico-somnath/faqs,404,internal
/hotels/sarovar-portico-somnath/banquets,/hotels/sarovar-portico-somnath/faqs,404,internal
/hotels/sarovar-portico-somnath/location,/hotels/sarovar-portico-somnath/faqs,404,internal
/hotels/sarovar-portico-somnath/amenities,/hotels/sarovar-portico-somnath/faqs,404,internal
/hotels/sarovar-portico-somnath/wellness,/hotels/sarovar-portico-somnath/faqs,404,internal
/hotels/sarovar-portico-somnath/banquet-hall-conferences,/hotels/sarovar-portico-somnath/faqs,404,internal
/hotels/sarovar-portico-somnath/rooms,/hotels/sarovar-portico-somnath/contact,404,internal
/hotels/sarovar-portico-somnath/dining,/hotels/sarovar-portico-somnath/contact,404,internal
/hotels/sarovar-portico-somnath/banquets,/hotels/sarovar-portico-somnath/contact,404,internal
/hotels/sarovar-portico-somnath/location,/hotels/sarovar-portico-somnath/contact,404,internal
/hotels/sarovar-portico-somnath/amenities,/hotels/sarovar-portico-somnath/contact,404,internal
/hotels/sarovar-portico-somnath/wellness,/hotels/sarovar-portico-somnath/contact,404,internal
/hotels/sarovar-portico-somnath/banquet-hall-conferences,/hotels/sarovar-portico-somnath/contact,404,internal
/hotels/sarovar-portico-sonipat/rooms,/hotels/sarovar-portico-sonipat/faqs,404,internal
/hotels/sarovar-portico-sonipat/dining,/hotels/sarovar-portico-sonipat/faqs,404,internal
/hotels/sarovar-portico-sonipat/banquets,/hotels/sarovar-portico-sonipat/faqs,404,internal
/hotels/sarovar-portico-sonipat/location,/hotels/sarovar-portico-sonipat/faqs,404,internal
/hotels/sarovar-portico-sonipat/amenities,/hotels/sarovar-portico-sonipat/faqs,404,internal
/hotels/sarovar-portico-sonipat/wellness,/hotels/sarovar-portico-sonipat/faqs,404,internal
/hotels/sarovar-portico-sonipat/pay-us,/hotels/sarovar-portico-sonipat/faqs,404,internal
/hotels/sarovar-portico-sonipat/rooms,/hotels/sarovar-portico-sonipat/contact,404,internal
/hotels/sarovar-portico-sonipat/dining,/hotels/sarovar-portico-sonipat/contact,404,internal
/hotels/sarovar-portico-sonipat/banquets,/hotels/sarovar-portico-sonipat/contact,404,internal
/hotels/sarovar-portico-sonipat/location,/hotels/sarovar-portico-sonipat/contact,404,internal
/hotels/sarovar-portico-sonipat/amenities,/hotels/sarovar-portico-sonipat/contact,404,internal
/hotels/sarovar-portico-sonipat/wellness,/hotels/sarovar-portico-sonipat/contact,404,internal
/hotels/sarovar-portico-sonipat/pay-us,/hotels/sarovar-portico-sonipat/contact,404,internal
/hotels/sarovar-portico-srinagar/rooms,/hotels/sarovar-portico-srinagar/faqs,404,internal
/hotels/sarovar-portico-srinagar/dining,/hotels/sarovar-portico-srinagar/faqs,404,internal
/hotels/sarovar-portico-srinagar/banquets,/hotels/sarovar-portico-srinagar/faqs,404,internal
/hotels/sarovar-portico-srinagar/location,/hotels/sarovar-portico-srinagar/faqs,404,internal
/hotels/sarovar-portico-srinagar/amenities,/hotels/sarovar-portico-srinagar/faqs,404,internal
/hotels/sarovar-portico-srinagar/the-hub,/hotels/sarovar-portico-srinagar/faqs,404,internal
/hotels/sarovar-portico-srinagar/rooms,/hotels/sarovar-portico-srinagar/contact,404,internal
/hotels/sarovar-portico-srinagar/dining,/hotels/sarovar-portico-srinagar/contact,404,internal
/hotels/sarovar-portico-srinagar/banquets,/hotels/sarovar-portico-srinagar/contact,404,internal
/hotels/sarovar-portico-srinagar/location,/hotels/sarovar-portico-srinagar/contact,404,internal
/hotels/sarovar-portico-srinagar/amenities,/hotels/sarovar-portico-srinagar/contact,404,internal
/hotels/sarovar-portico-srinagar/the-hub,/hotels/sarovar-portico-srinagar/contact,404,internal
/hotels/sarovar-portico-surajkund/rooms,/hotels/sarovar-portico-surajkund/faqs,404,internal
/hotels/sarovar-portico-surajkund/dining,/hotels/sarovar-portico-surajkund/faqs,404,internal
/hotels/sarovar-portico-surajkund/banquets,/hotels/sarovar-portico-surajkund/faqs,404,internal
/hotels/sarovar-portico-surajkund/location,/hotels/sarovar-portico-surajkund/faqs,404,internal
/hotels/sarovar-portico-surajkund/amenities,/hotels/sarovar-portico-surajkund/faqs,404,internal
/hotels/sarovar-portico-surajkund/legal,/hotels/sarovar-portico-surajkund/faqs,404,internal
/hotels/sarovar-portico-surajkund/weddings,/hotels/sarovar-portico-surajkund/faqs,404,internal
/hotels/sarovar-portico-surajkund/rooms,/hotels/sarovar-portico-surajkund/contact,404,internal
/hotels/sarovar-portico-surajkund/dining,/hotels/sarovar-portico-surajkund/contact,404,internal
/hotels/sarovar-portico-surajkund/banquets,/hotels/sarovar-portico-surajkund/contact,404,internal
/hotels/sarovar-portico-surajkund/location,/hotels/sarovar-portico-surajkund/contact,404,internal
/hotels/sarovar-portico-surajkund/amenities,/hotels/sarovar-portico-surajkund/contact,404,internal
/hotels/sarovar-portico-surajkund/legal,/hotels/sarovar-portico-surajkund/contact,404,internal
/hotels/sarovar-portico-surajkund/weddings,/hotels/sarovar-portico-surajkund/contact,404,internal
/hotels/sarovar-premiere-amritsar/rooms,/hotels/sarovar-premiere-amritsar/faqs,404,internal
/hotels/sarovar-premiere-amritsar/dining,/hotels/sarovar-premiere-amritsar/faqs,404,internal
/hotels/sarovar-premiere-amritsar/banquets,/hotels/sarovar-premiere-amritsar/faqs,404,internal
/hotels/sarovar-premiere-amritsar/location,/hotels/sarovar-premiere-amritsar/faqs,404,internal
/hotels/sarovar-premiere-amritsar/amenities,/hotels/sarovar-premiere-amritsar/faqs,404,internal
/hotels/sarovar-premiere-amritsar/activities-experiences,/hotels/sarovar-premiere-amritsar/faqs,404,internal
/hotels/sarovar-premiere-amritsar/explore-amritsar,/hotels/sarovar-premiere-amritsar/faqs,404,internal
/hotels/sarovar-premiere-amritsar/rooms,/hotels/sarovar-premiere-amritsar/contact,404,internal
/hotels/sarovar-premiere-amritsar/dining,/hotels/sarovar-premiere-amritsar/contact,404,internal
/hotels/sarovar-premiere-amritsar/banquets,/hotels/sarovar-premiere-amritsar/contact,404,internal
/hotels/sarovar-premiere-amritsar/location,/hotels/sarovar-premiere-amritsar/contact,404,internal
/hotels/sarovar-premiere-amritsar/amenities,/hotels/sarovar-premiere-amritsar/contact,404,internal
/hotels/sarovar-premiere-amritsar/activities-experiences,/hotels/sarovar-premiere-amritsar/contact,404,internal
/hotels/sarovar-premiere-amritsar/explore-amritsar,/hotels/sarovar-premiere-amritsar/contact,404,internal
/hotels/sarovar-premiere-alwar/rooms,/hotels/sarovar-premiere-alwar/faqs,404,internal
/hotels/sarovar-premiere-alwar/dining,/hotels/sarovar-premiere-alwar/faqs,404,internal
/hotels/sarovar-premiere-alwar/banquets,/hotels/sarovar-premiere-alwar/faqs,404,internal
/hotels/sarovar-premiere-alwar/location,/hotels/sarovar-premiere-alwar/faqs,404,internal
/hotels/sarovar-premiere-alwar/amenities,/hotels/sarovar-premiere-alwar/faqs,404,internal
/hotels/sarovar-premiere-alwar/destination-wedding-in-alwar,/hotels/sarovar-premiere-alwar/faqs,404,internal
/hotels/sarovar-premiere-alwar/explore-alwar,/hotels/sarovar-premiere-alwar/faqs,404,internal
/hotels/sarovar-premiere-alwar/terms-conditions,/hotels/sarovar-premiere-alwar/faqs,404,internal
/hotels/sarovar-premiere-alwar/weddings-thank-you,/hotels/sarovar-premiere-alwar/faqs,404,internal
/hotels/sarovar-premiere-alwar/rooms,/hotels/sarovar-premiere-alwar/contact,404,internal
/hotels/sarovar-premiere-alwar/dining,/hotels/sarovar-premiere-alwar/contact,404,internal
/hotels/sarovar-premiere-alwar/banquets,/hotels/sarovar-premiere-alwar/contact,404,internal
/hotels/sarovar-premiere-alwar/location,/hotels/sarovar-premiere-alwar/contact,404,internal
/hotels/sarovar-premiere-alwar/amenities,/hotels/sarovar-premiere-alwar/contact,404,internal
/hotels/sarovar-premiere-alwar/destination-wedding-in-alwar,/hotels/sarovar-premiere-alwar/contact,404,internal
/hotels/sarovar-premiere-alwar/explore-alwar,/hotels/sarovar-premiere-alwar/contact,404,internal
/hotels/sarovar-premiere-alwar/terms-conditions,/hotels/sarovar-premiere-alwar/contact,404,internal
/hotels/sarovar-premiere-alwar/weddings-thank-you,/hotels/sarovar-premiere-alwar/contact,404,internal
/hotels/sarovar-premiere-jaipur/rooms,/hotels/sarovar-premiere-jaipur/faqs,404,internal
/hotels/sarovar-premiere-jaipur/dining,/hotels/sarovar-premiere-jaipur/faqs,404,internal
/hotels/sarovar-premiere-jaipur/banquets,/hotels/sarovar-premiere-jaipur/faqs,404,internal
/hotels/sarovar-premiere-jaipur/location,/hotels/sarovar-premiere-jaipur/faqs,404,internal
/hotels/sarovar-premiere-jaipur/amenities,/hotels/sarovar-premiere-jaipur/faqs,404,internal
/hotels/sarovar-premiere-jaipur/legal,/hotels/sarovar-premiere-jaipur/faqs,404,internal
/hotels/sarovar-premiere-jaipur/promotions,/hotels/sarovar-premiere-jaipur/faqs,404,internal
/hotels/sarovar-premiere-jaipur/meetings-events,/hotels/sarovar-premiere-jaipur/faqs,404,internal
/hotels/sarovar-premiere-jaipur/rooms,/hotels/sarovar-premiere-jaipur/contact,404,internal
/hotels/sarovar-premiere-jaipur/dining,/hotels/sarovar-premiere-jaipur/contact,404,internal
/hotels/sarovar-premiere-jaipur/banquets,/hotels/sarovar-premiere-jaipur/contact,404,internal
/hotels/sarovar-premiere-jaipur/location,/hotels/sarovar-premiere-jaipur/contact,404,internal
/hotels/sarovar-premiere-jaipur/amenities,/hotels/sarovar-premiere-jaipur/contact,404,internal
/hotels/sarovar-premiere-jaipur/legal,/hotels/sarovar-premiere-jaipur/contact,404,internal
/hotels/sarovar-premiere-jaipur/promotions,/hotels/sarovar-premiere-jaipur/contact,404,internal
/hotels/sarovar-premiere-jaipur/meetings-events,/hotels/sarovar-premiere-jaipur/contact,404,internal
/hotels/sarovar-premiere-srinagar/rooms,/hotels/sarovar-premiere-srinagar/faqs,404,internal
/hotels/sarovar-premiere-srinagar/dining,/hotels/sarovar-premiere-srinagar/faqs,404,internal
/hotels/sarovar-premiere-srinagar/banquets,/hotels/sarovar-premiere-srinagar/faqs,404,internal
/hotels/sarovar-premiere-srinagar/location,/hotels/sarovar-premiere-srinagar/faqs,404,internal
/hotels/sarovar-premiere-srinagar/amenities,/hotels/sarovar-premiere-srinagar/faqs,404,internal
/hotels/sarovar-premiere-srinagar/explore-srinagar,/hotels/sarovar-premiere-srinagar/faqs,404,internal
/hotels/sarovar-premiere-srinagar/rooms,/hotels/sarovar-premiere-srinagar/contact,404,internal
/hotels/sarovar-premiere-srinagar/dining,/hotels/sarovar-premiere-srinagar/contact,404,internal
/hotels/sarovar-premiere-srinagar/banquets,/hotels/sarovar-premiere-srinagar/contact,404,internal
/hotels/sarovar-premiere-srinagar/location,/hotels/sarovar-premiere-srinagar/contact,404,internal
/hotels/sarovar-premiere-srinagar/amenities,/hotels/sarovar-premiere-srinagar/contact,404,internal
/hotels/sarovar-premiere-srinagar/explore-srinagar,/hotels/sarovar-premiere-srinagar/contact,404,internal
/hotels/sea-breeze-sarovar-portico-varca-goa/rooms,/hotels/sea-breeze-sarovar-portico-varca-goa/faqs,404,internal
/hotels/sea-breeze-sarovar-portico-varca-goa/dining,/hotels/sea-breeze-sarovar-portico-varca-goa/faqs,404,internal
/hotels/sea-breeze-sarovar-portico-varca-goa/banquets,/hotels/sea-breeze-sarovar-portico-varca-goa/faqs,404,internal
/hotels/sea-breeze-sarovar-portico-varca-goa/location,/hotels/sea-breeze-sarovar-portico-varca-goa/faqs,404,internal
/hotels/sea-breeze-sarovar-portico-varca-goa/amenities,/hotels/sea-breeze-sarovar-portico-varca-goa/faqs,404,internal
/hotels/sea-breeze-sarovar-portico-varca-goa/rooms,/hotels/sea-breeze-sarovar-portico-varca-goa/contact,404,internal
/hotels/sea-breeze-sarovar-portico-varca-goa/dining,/hotels/sea-breeze-sarovar-portico-varca-goa/contact,404,internal
/hotels/sea-breeze-sarovar-portico-varca-goa/banquets,/hotels/sea-breeze-sarovar-portico-varca-goa/contact,404,internal
/hotels/sea-breeze-sarovar-portico-varca-goa/location,/hotels/sea-breeze-sarovar-portico-varca-goa/contact,404,internal
/hotels/sea-breeze-sarovar-portico-varca-goa/amenities,/hotels/sea-breeze-sarovar-portico-varca-goa/contact,404,internal
/hotels/serene-premiere-hargeisa/rooms,/hotels/serene-premiere-hargeisa/faqs,404,internal
/hotels/serene-premiere-hargeisa/dining,/hotels/serene-premiere-hargeisa/faqs,404,internal
/hotels/serene-premiere-hargeisa/banquets,/hotels/serene-premiere-hargeisa/faqs,404,internal
/hotels/serene-premiere-hargeisa/location,/hotels/serene-premiere-hargeisa/faqs,404,internal
/hotels/serene-premiere-hargeisa/amenities,/hotels/serene-premiere-hargeisa/faqs,404,internal
/hotels/serene-premiere-hargeisa/rooms,/hotels/serene-premiere-hargeisa/contact,404,internal
/hotels/serene-premiere-hargeisa/dining,/hotels/serene-premiere-hargeisa/contact,404,internal
/hotels/serene-premiere-hargeisa/banquets,/hotels/serene-premiere-hargeisa/contact,404,internal
/hotels/serene-premiere-hargeisa/location,/hotels/serene-premiere-hargeisa/contact,404,internal
/hotels/serene-premiere-hargeisa/amenities,/hotels/serene-premiere-hargeisa/contact,404,internal
/hotels/shravanthi-sarovar-portico-bengaluru/rooms,/hotels/shravanthi-sarovar-portico-bengaluru/faqs,404,internal
/hotels/shravanthi-sarovar-portico-bengaluru/dining,/hotels/shravanthi-sarovar-portico-bengaluru/faqs,404,internal
/hotels/shravanthi-sarovar-portico-bengaluru/banquets,/hotels/shravanthi-sarovar-portico-bengaluru/faqs,404,internal
/hotels/shravanthi-sarovar-portico-bengaluru/location,/hotels/shravanthi-sarovar-portico-bengaluru/faqs,404,internal
/hotels/shravanthi-sarovar-portico-bengaluru/amenities,/hotels/shravanthi-sarovar-portico-bengaluru/faqs,404,internal
/hotels/shravanthi-sarovar-portico-bengaluru/legal,/hotels/shravanthi-sarovar-portico-bengaluru/faqs,404,internal
/hotels/shravanthi-sarovar-portico-bengaluru/meetings-events,/hotels/shravanthi-sarovar-portico-bengaluru/faqs,404,internal
/hotels/shravanthi-sarovar-portico-bengaluru/rooms,/hotels/shravanthi-sarovar-portico-bengaluru/contact,404,internal
/hotels/shravanthi-sarovar-portico-bengaluru/dining,/hotels/shravanthi-sarovar-portico-bengaluru/contact,404,internal
/hotels/shravanthi-sarovar-portico-bengaluru/banquets,/hotels/shravanthi-sarovar-portico-bengaluru/contact,404,internal
/hotels/shravanthi-sarovar-portico-bengaluru/location,/hotels/shravanthi-sarovar-portico-bengaluru/contact,404,internal
/hotels/shravanthi-sarovar-portico-bengaluru/amenities,/hotels/shravanthi-sarovar-portico-bengaluru/contact,404,internal
/hotels/shravanthi-sarovar-portico-bengaluru/legal,/hotels/shravanthi-sarovar-portico-bengaluru/contact,404,internal
/hotels/shravanthi-sarovar-portico-bengaluru/meetings-events,/hotels/shravanthi-sarovar-portico-bengaluru/contact,404,internal
/hotels/shyama-sarovar-portico-orai/rooms,/hotels/shyama-sarovar-portico-orai/faqs,404,internal
/hotels/shyama-sarovar-portico-orai/dining,/hotels/shyama-sarovar-portico-orai/faqs,404,internal
/hotels/shyama-sarovar-portico-orai/banquets,/hotels/shyama-sarovar-portico-orai/faqs,404,internal
/hotels/shyama-sarovar-portico-orai/location,/hotels/shyama-sarovar-portico-orai/faqs,404,internal
/hotels/shyama-sarovar-portico-orai/amenities,/hotels/shyama-sarovar-portico-orai/faqs,404,internal
/hotels/shyama-sarovar-portico-orai/rooms,/hotels/shyama-sarovar-portico-orai/contact,404,internal
/hotels/shyama-sarovar-portico-orai/dining,/hotels/shyama-sarovar-portico-orai/contact,404,internal
/hotels/shyama-sarovar-portico-orai/banquets,/hotels/shyama-sarovar-portico-orai/contact,404,internal
/hotels/shyama-sarovar-portico-orai/location,/hotels/shyama-sarovar-portico-orai/contact,404,internal
/hotels/shyama-sarovar-portico-orai/amenities,/hotels/shyama-sarovar-portico-orai/contact,404,internal
/hotels/singhania-sarovar-portico-raipur/rooms,/hotels/singhania-sarovar-portico-raipur/faqs,404,internal
/hotels/singhania-sarovar-portico-raipur/dining,/hotels/singhania-sarovar-portico-raipur/faqs,404,internal
/hotels/singhania-sarovar-portico-raipur/banquets,/hotels/singhania-sarovar-portico-raipur/faqs,404,internal
/hotels/singhania-sarovar-portico-raipur/location,/hotels/singhania-sarovar-portico-raipur/faqs,404,internal
/hotels/singhania-sarovar-portico-raipur/amenities,/hotels/singhania-sarovar-portico-raipur/faqs,404,internal
/hotels/singhania-sarovar-portico-raipur/legal,/hotels/singhania-sarovar-portico-raipur/faqs,404,internal
/hotels/singhania-sarovar-portico-raipur/rooms,/hotels/singhania-sarovar-portico-raipur/contact,404,internal
/hotels/singhania-sarovar-portico-raipur/dining,/hotels/singhania-sarovar-portico-raipur/contact,404,internal
/hotels/singhania-sarovar-portico-raipur/banquets,/hotels/singhania-sarovar-portico-raipur/contact,404,internal
/hotels/singhania-sarovar-portico-raipur/location,/hotels/singhania-sarovar-portico-raipur/contact,404,internal
/hotels/singhania-sarovar-portico-raipur/amenities,/hotels/singhania-sarovar-portico-raipur/contact,404,internal
/hotels/singhania-sarovar-portico-raipur/legal,/hotels/singhania-sarovar-portico-raipur/contact,404,internal
/hotels/skywings-sarovar-portico-mathura/rooms,/hotels/skywings-sarovar-portico-mathura/faqs,404,internal
/hotels/skywings-sarovar-portico-mathura/dining,/hotels/skywings-sarovar-portico-mathura/faqs,404,internal
/hotels/skywings-sarovar-portico-mathura/banquets,/hotels/skywings-sarovar-portico-mathura/faqs,404,internal
/hotels/skywings-sarovar-portico-mathura/location,/hotels/skywings-sarovar-portico-mathura/faqs,404,internal
/hotels/skywings-sarovar-portico-mathura/amenities,/hotels/skywings-sarovar-portico-mathura/faqs,404,internal
/hotels/skywings-sarovar-portico-mathura/special-offers,/hotels/skywings-sarovar-portico-mathura/faqs,404,internal
/hotels/skywings-sarovar-portico-mathura/explore-mathura,/hotels/skywings-sarovar-portico-mathura/faqs,404,internal
/hotels/skywings-sarovar-portico-mathura/rooms,/hotels/skywings-sarovar-portico-mathura/contact,404,internal
/hotels/skywings-sarovar-portico-mathura/dining,/hotels/skywings-sarovar-portico-mathura/contact,404,internal
/hotels/skywings-sarovar-portico-mathura/banquets,/hotels/skywings-sarovar-portico-mathura/contact,404,internal
/hotels/skywings-sarovar-portico-mathura/location,/hotels/skywings-sarovar-portico-mathura/contact,404,internal
/hotels/skywings-sarovar-portico-mathura/amenities,/hotels/skywings-sarovar-portico-mathura/contact,404,internal
/hotels/skywings-sarovar-portico-mathura/special-offers,/hotels/skywings-sarovar-portico-mathura/contact,404,internal
/hotels/skywings-sarovar-portico-mathura/explore-mathura,/hotels/skywings-sarovar-portico-mathura/contact,404,internal
/hotels/sobit-sarovar-portico-palolem-beach-hotel-goa/rooms,/hotels/sobit-sarovar-portico-palolem-beach-hotel-goa/faqs,404,internal
/hotels/sobit-sarovar-portico-palolem-beach-hotel-goa/dining,/hotels/sobit-sarovar-portico-palolem-beach-hotel-goa/faqs,404,internal
/hotels/sobit-sarovar-portico-palolem-beach-hotel-goa/banquets,/hotels/sobit-sarovar-portico-palolem-beach-hotel-goa/faqs,404,internal
/hotels/sobit-sarovar-portico-palolem-beach-hotel-goa/location,/hotels/sobit-sarovar-portico-palolem-beach-hotel-goa/faqs,404,internal
/hotels/sobit-sarovar-portico-palolem-beach-hotel-goa/amenities,/hotels/sobit-sarovar-portico-palolem-beach-hotel-goa/faqs,404,internal
/hotels/sobit-sarovar-portico-palolem-beach-hotel-goa/legal,/hotels/sobit-sarovar-portico-palolem-beach-hotel-goa/faqs,404,internal
/hotels/sobit-sarovar-portico-palolem-beach-hotel-goa/promotions,/hotels/sobit-sarovar-portico-palolem-beach-hotel-goa/faqs,404,internal
/hotels/sobit-sarovar-portico-palolem-beach-hotel-goa/rooms,/hotels/sobit-sarovar-portico-palolem-beach-hotel-goa/contact,404,internal
/hotels/sobit-sarovar-portico-palolem-beach-hotel-goa/dining,/hotels/sobit-sarovar-portico-palolem-beach-hotel-goa/contact,404,internal
/hotels/sobit-sarovar-portico-palolem-beach-hotel-goa/banquets,/hotels/sobit-sarovar-portico-palolem-beach-hotel-goa/contact,404,internal
/hotels/sobit-sarovar-portico-palolem-beach-hotel-goa/location,/hotels/sobit-sarovar-portico-palolem-beach-hotel-goa/contact,404,internal
/hotels/sobit-sarovar-portico-palolem-beach-hotel-goa/amenities,/hotels/sobit-sarovar-portico-palolem-beach-hotel-goa/contact,404,internal
/hotels/sobit-sarovar-portico-palolem-beach-hotel-goa/legal,/hotels/sobit-sarovar-portico-palolem-beach-hotel-goa/contact,404,internal
/hotels/sobit-sarovar-portico-palolem-beach-hotel-goa/promotions,/hotels/sobit-sarovar-portico-palolem-beach-hotel-goa/contact,404,internal
/hotels/taurus-hotel-mahipalpur-new-delhi/rooms,/hotels/taurus-hotel-mahipalpur-new-delhi/faqs,404,internal
/hotels/taurus-hotel-mahipalpur-new-delhi/dining,/hotels/taurus-hotel-mahipalpur-new-delhi/faqs,404,internal
/hotels/taurus-hotel-mahipalpur-new-delhi/banquets,/hotels/taurus-hotel-mahipalpur-new-delhi/faqs,404,internal
/hotels/taurus-hotel-mahipalpur-new-delhi/location,/hotels/taurus-hotel-mahipalpur-new-delhi/faqs,404,internal
/hotels/taurus-hotel-mahipalpur-new-delhi/amenities,/hotels/taurus-hotel-mahipalpur-new-delhi/faqs,404,internal
/hotels/taurus-hotel-mahipalpur-new-delhi/legal,/hotels/taurus-hotel-mahipalpur-new-delhi/faqs,404,internal
/hotels/taurus-hotel-mahipalpur-new-delhi/rooms,/hotels/taurus-hotel-mahipalpur-new-delhi/contact,404,internal
/hotels/taurus-hotel-mahipalpur-new-delhi/dining,/hotels/taurus-hotel-mahipalpur-new-delhi/contact,404,internal
/hotels/taurus-hotel-mahipalpur-new-delhi/banquets,/hotels/taurus-hotel-mahipalpur-new-delhi/contact,404,internal
/hotels/taurus-hotel-mahipalpur-new-delhi/location,/hotels/taurus-hotel-mahipalpur-new-delhi/contact,404,internal
/hotels/taurus-hotel-mahipalpur-new-delhi/amenities,/hotels/taurus-hotel-mahipalpur-new-delhi/contact,404,internal
/hotels/taurus-hotel-mahipalpur-new-delhi/legal,/hotels/taurus-hotel-mahipalpur-new-delhi/contact,404,internal
/hotels/the-ashtan-sarovar-portico-new-delhi/rooms,/hotels/the-ashtan-sarovar-portico-new-delhi/amenities,404,internal
/hotels/the-ashtan-sarovar-portico-new-delhi/dining,/hotels/the-ashtan-sarovar-portico-new-delhi/amenities,404,internal
/hotels/the-ashtan-sarovar-portico-new-delhi/banquets,/hotels/the-ashtan-sarovar-portico-new-delhi/amenities,404,internal
/hotels/the-ashtan-sarovar-portico-new-delhi/location,/hotels/the-ashtan-sarovar-portico-new-delhi/amenities,404,internal
/hotels/the-ashtan-sarovar-portico-new-delhi/legal,/hotels/the-ashtan-sarovar-portico-new-delhi/amenities,404,internal
/hotels/the-ashtan-sarovar-portico-new-delhi/meetings-events,/hotels/the-ashtan-sarovar-portico-new-delhi/amenities,404,internal
/hotels/the-ashtan-sarovar-portico-new-delhi/virtual-tour,/hotels/the-ashtan-sarovar-portico-new-delhi/amenities,404,internal
/hotels/the-ashtan-sarovar-portico-new-delhi/facilities-at-hotel-in-delhi-near-aiims,/hotels/the-ashtan-sarovar-portico-new-delhi/amenities,404,internal
/hotels/the-ashtan-sarovar-portico-new-delhi/rooms,/hotels/the-ashtan-sarovar-portico-new-delhi/faqs,404,internal
/hotels/the-ashtan-sarovar-portico-new-delhi/dining,/hotels/the-ashtan-sarovar-portico-new-delhi/faqs,404,internal
/hotels/the-ashtan-sarovar-portico-new-delhi/banquets,/hotels/the-ashtan-sarovar-portico-new-delhi/faqs,404,internal
/hotels/the-ashtan-sarovar-portico-new-delhi/location,/hotels/the-ashtan-sarovar-portico-new-delhi/faqs,404,internal
/hotels/the-ashtan-sarovar-portico-new-delhi/legal,/hotels/the-ashtan-sarovar-portico-new-delhi/faqs,404,internal
/hotels/the-ashtan-sarovar-portico-new-delhi/meetings-events,/hotels/the-ashtan-sarovar-portico-new-delhi/faqs,404,internal
/hotels/the-ashtan-sarovar-portico-new-delhi/virtual-tour,/hotels/the-ashtan-sarovar-portico-new-delhi/faqs,404,internal
/hotels/the-ashtan-sarovar-portico-new-delhi/facilities-at-hotel-in-delhi-near-aiims,/hotels/the-ashtan-sarovar-portico-new-delhi/faqs,404,internal
/hotels/the-ashtan-sarovar-portico-new-delhi/rooms,/hotels/the-ashtan-sarovar-portico-new-delhi/contact,404,internal
/hotels/the-ashtan-sarovar-portico-new-delhi/dining,/hotels/the-ashtan-sarovar-portico-new-delhi/contact,404,internal
/hotels/the-ashtan-sarovar-portico-new-delhi/banquets,/hotels/the-ashtan-sarovar-portico-new-delhi/contact,404,internal
/hotels/the-ashtan-sarovar-portico-new-delhi/location,/hotels/the-ashtan-sarovar-portico-new-delhi/contact,404,internal
/hotels/the-ashtan-sarovar-portico-new-delhi/legal,/hotels/the-ashtan-sarovar-portico-new-delhi/contact,404,internal
/hotels/the-ashtan-sarovar-portico-new-delhi/meetings-events,/hotels/the-ashtan-sarovar-portico-new-delhi/contact,404,internal
/hotels/the-ashtan-sarovar-portico-new-delhi/virtual-tour,/hotels/the-ashtan-sarovar-portico-new-delhi/contact,404,internal
/hotels/the-ashtan-sarovar-portico-new-delhi/facilities-at-hotel-in-delhi-near-aiims,/hotels/the-ashtan-sarovar-portico-new-delhi/contact,404,internal
/hotels/the-gaurs-sarovar-premiere/rooms,/hotels/the-gaurs-sarovar-premiere/amenities,404,internal
/hotels/the-gaurs-sarovar-premiere/dining,/hotels/the-gaurs-sarovar-premiere/amenities,404,internal
/hotels/the-gaurs-sarovar-premiere/banquets,/hotels/the-gaurs-sarovar-premiere/amenities,404,internal
/hotels/the-gaurs-sarovar-premiere/location,/hotels/the-gaurs-sarovar-premiere/amenities,404,internal
/hotels/the-gaurs-sarovar-premiere/facilities-at-the-gaurs-sarovar-premiere,/hotels/the-gaurs-sarovar-premiere/amenities,404,internal
/hotels/the-gaurs-sarovar-premiere/wedding-saga,/hotels/the-gaurs-sarovar-premiere/amenities,404,internal
/hotels/the-gaurs-sarovar-premiere/rooms,/hotels/the-gaurs-sarovar-premiere/faqs,404,internal
/hotels/the-gaurs-sarovar-premiere/dining,/hotels/the-gaurs-sarovar-premiere/faqs,404,internal
/hotels/the-gaurs-sarovar-premiere/banquets,/hotels/the-gaurs-sarovar-premiere/faqs,404,internal
/hotels/the-gaurs-sarovar-premiere/location,/hotels/the-gaurs-sarovar-premiere/faqs,404,internal
/hotels/the-gaurs-sarovar-premiere/facilities-at-the-gaurs-sarovar-premiere,/hotels/the-gaurs-sarovar-premiere/faqs,404,internal
/hotels/the-gaurs-sarovar-premiere/wedding-saga,/hotels/the-gaurs-sarovar-premiere/faqs,404,internal
/hotels/the-gaurs-sarovar-premiere/rooms,/hotels/the-gaurs-sarovar-premiere/contact,404,internal
/hotels/the-gaurs-sarovar-premiere/dining,/hotels/the-gaurs-sarovar-premiere/contact,404,internal
/hotels/the-gaurs-sarovar-premiere/banquets,/hotels/the-gaurs-sarovar-premiere/contact,404,internal
/hotels/the-gaurs-sarovar-premiere/location,/hotels/the-gaurs-sarovar-premiere/contact,404,internal
/hotels/the-gaurs-sarovar-premiere/facilities-at-the-gaurs-sarovar-premiere,/hotels/the-gaurs-sarovar-premiere/contact,404,internal
/hotels/the-gaurs-sarovar-premiere/wedding-saga,/hotels/the-gaurs-sarovar-premiere/contact,404,internal
/hotels/the-heron-portico-nairobi/rooms,/hotels/the-heron-portico-nairobi/faqs,404,internal
/hotels/the-heron-portico-nairobi/dining,/hotels/the-heron-portico-nairobi/faqs,404,internal
/hotels/the-heron-portico-nairobi/banquets,/hotels/the-heron-portico-nairobi/faqs,404,internal
/hotels/the-heron-portico-nairobi/location,/hotels/the-heron-portico-nairobi/faqs,404,internal
/hotels/the-heron-portico-nairobi/amenities,/hotels/the-heron-portico-nairobi/faqs,404,internal
/hotels/the-heron-portico-nairobi/legal,/hotels/the-heron-portico-nairobi/faqs,404,internal
/hotels/the-heron-portico-nairobi/meetings-events,/hotels/the-heron-portico-nairobi/faqs,404,internal
/hotels/the-heron-portico-nairobi/rooms,/hotels/the-heron-portico-nairobi/contact,404,internal
/hotels/the-heron-portico-nairobi/dining,/hotels/the-heron-portico-nairobi/contact,404,internal
/hotels/the-heron-portico-nairobi/banquets,/hotels/the-heron-portico-nairobi/contact,404,internal
/hotels/the-heron-portico-nairobi/location,/hotels/the-heron-portico-nairobi/contact,404,internal
/hotels/the-heron-portico-nairobi/amenities,/hotels/the-heron-portico-nairobi/contact,404,internal
/hotels/the-heron-portico-nairobi/legal,/hotels/the-heron-portico-nairobi/contact,404,internal
/hotels/the-heron-portico-nairobi/meetings-events,/hotels/the-heron-portico-nairobi/contact,404,internal
/hotels/the-gokulam-park-kochi/rooms,/hotels/the-gokulam-park-kochi/faqs,404,internal
/hotels/the-gokulam-park-kochi/dining,/hotels/the-gokulam-park-kochi/faqs,404,internal
/hotels/the-gokulam-park-kochi/banquets,/hotels/the-gokulam-park-kochi/faqs,404,internal
/hotels/the-gokulam-park-kochi/location,/hotels/the-gokulam-park-kochi/faqs,404,internal
/hotels/the-gokulam-park-kochi/amenities,/hotels/the-gokulam-park-kochi/faqs,404,internal
/hotels/the-gokulam-park-kochi/legal,/hotels/the-gokulam-park-kochi/faqs,404,internal
/hotels/the-gokulam-park-kochi/star-classification,/hotels/the-gokulam-park-kochi/faqs,404,internal
/hotels/the-gokulam-park-kochi/rooms,/hotels/the-gokulam-park-kochi/contact,404,internal
/hotels/the-gokulam-park-kochi/dining,/hotels/the-gokulam-park-kochi/contact,404,internal
/hotels/the-gokulam-park-kochi/banquets,/hotels/the-gokulam-park-kochi/contact,404,internal
/hotels/the-gokulam-park-kochi/location,/hotels/the-gokulam-park-kochi/contact,404,internal
/hotels/the-gokulam-park-kochi/amenities,/hotels/the-gokulam-park-kochi/contact,404,internal
/hotels/the-gokulam-park-kochi/legal,/hotels/the-gokulam-park-kochi/contact,404,internal
/hotels/the-gokulam-park-kochi/star-classification,/hotels/the-gokulam-park-kochi/contact,404,internal
/hotels/the-muse-sarovar-portico-nehru-place-new-delhi/rooms,/hotels/the-muse-sarovar-portico-nehru-place-new-delhi/faqs,404,internal
/hotels/the-muse-sarovar-portico-nehru-place-new-delhi/dining,/hotels/the-muse-sarovar-portico-nehru-place-new-delhi/faqs,404,internal
/hotels/the-muse-sarovar-portico-nehru-place-new-delhi/banquets,/hotels/the-muse-sarovar-portico-nehru-place-new-delhi/faqs,404,internal
/hotels/the-muse-sarovar-portico-nehru-place-new-delhi/location,/hotels/the-muse-sarovar-portico-nehru-place-new-delhi/faqs,404,internal
/hotels/the-muse-sarovar-portico-nehru-place-new-delhi/amenities,/hotels/the-muse-sarovar-portico-nehru-place-new-delhi/faqs,404,internal
/hotels/the-muse-sarovar-portico-nehru-place-new-delhi/legal,/hotels/the-muse-sarovar-portico-nehru-place-new-delhi/faqs,404,internal
/hotels/the-muse-sarovar-portico-nehru-place-new-delhi/rooms,/hotels/the-muse-sarovar-portico-nehru-place-new-delhi/contact,404,internal
/hotels/the-muse-sarovar-portico-nehru-place-new-delhi/dining,/hotels/the-muse-sarovar-portico-nehru-place-new-delhi/contact,404,internal
/hotels/the-muse-sarovar-portico-nehru-place-new-delhi/banquets,/hotels/the-muse-sarovar-portico-nehru-place-new-delhi/contact,404,internal
/hotels/the-muse-sarovar-portico-nehru-place-new-delhi/location,/hotels/the-muse-sarovar-portico-nehru-place-new-delhi/contact,404,internal
/hotels/the-muse-sarovar-portico-nehru-place-new-delhi/amenities,/hotels/the-muse-sarovar-portico-nehru-place-new-delhi/contact,404,internal
/hotels/the-muse-sarovar-portico-nehru-place-new-delhi/legal,/hotels/the-muse-sarovar-portico-nehru-place-new-delhi/contact,404,internal
/hotels/the-promenade-pondicherry/rooms,/hotels/the-promenade-pondicherry/faqs,404,internal
/hotels/the-promenade-pondicherry/dining,/hotels/the-promenade-pondicherry/faqs,404,internal
/hotels/the-promenade-pondicherry/banquets,/hotels/the-promenade-pondicherry/faqs,404,internal
/hotels/the-promenade-pondicherry/location,/hotels/the-promenade-pondicherry/faqs,404,internal
/hotels/the-promenade-pondicherry/amenities,/hotels/the-promenade-pondicherry/faqs,404,internal
/hotels/the-promenade-pondicherry/legal,/hotels/the-promenade-pondicherry/faqs,404,internal
/hotels/the-promenade-pondicherry/explore-pondicherry,/hotels/the-promenade-pondicherry/faqs,404,internal
/hotels/the-promenade-pondicherry/bay-of-buddha-menu,/hotels/the-promenade-pondicherry/faqs,404,internal
/hotels/the-promenade-pondicherry/the-blueline-menu,/hotels/the-promenade-pondicherry/faqs,404,internal
/hotels/the-promenade-pondicherry/wildfish-bistro,/hotels/the-promenade-pondicherry/faqs,404,internal
/hotels/the-promenade-pondicherry/rooms,/hotels/the-promenade-pondicherry/contact,404,internal
/hotels/the-promenade-pondicherry/dining,/hotels/the-promenade-pondicherry/contact,404,internal
/hotels/the-promenade-pondicherry/banquets,/hotels/the-promenade-pondicherry/contact,404,internal
/hotels/the-promenade-pondicherry/location,/hotels/the-promenade-pondicherry/contact,404,internal
/hotels/the-promenade-pondicherry/amenities,/hotels/the-promenade-pondicherry/contact,404,internal
/hotels/the-promenade-pondicherry/legal,/hotels/the-promenade-pondicherry/contact,404,internal
/hotels/the-promenade-pondicherry/explore-pondicherry,/hotels/the-promenade-pondicherry/contact,404,internal
/hotels/the-promenade-pondicherry/bay-of-buddha-menu,/hotels/the-promenade-pondicherry/contact,404,internal
/hotels/the-promenade-pondicherry/the-blueline-menu,/hotels/the-promenade-pondicherry/contact,404,internal
/hotels/the-promenade-pondicherry/wildfish-bistro,/hotels/the-promenade-pondicherry/contact,404,internal
/hotels/tulip-inn-bhopal/rooms,/hotels/tulip-inn-bhopal/faqs,404,internal
/hotels/tulip-inn-bhopal/dining,/hotels/tulip-inn-bhopal/faqs,404,internal
/hotels/tulip-inn-bhopal/banquets,/hotels/tulip-inn-bhopal/faqs,404,internal
/hotels/tulip-inn-bhopal/location,/hotels/tulip-inn-bhopal/faqs,404,internal
/hotels/tulip-inn-bhopal/amenities,/hotels/tulip-inn-bhopal/faqs,404,internal
/hotels/tulip-inn-bhopal/explore-bhopal,/hotels/tulip-inn-bhopal/faqs,404,internal
/hotels/tulip-inn-bhopal/rooms,/hotels/tulip-inn-bhopal/contact,404,internal
/hotels/tulip-inn-bhopal/dining,/hotels/tulip-inn-bhopal/contact,404,internal
/hotels/tulip-inn-bhopal/banquets,/hotels/tulip-inn-bhopal/contact,404,internal
/hotels/tulip-inn-bhopal/location,/hotels/tulip-inn-bhopal/contact,404,internal
/hotels/tulip-inn-bhopal/amenities,/hotels/tulip-inn-bhopal/contact,404,internal
/hotels/tulip-inn-bhopal/explore-bhopal,/hotels/tulip-inn-bhopal/contact,404,internal
/hotels/tulip-inn-gurugram-near-medanta/rooms,/hotels/tulip-inn-gurugram-near-medanta/contact,404,internal
/hotels/tulip-inn-gurugram-near-medanta/dining,/hotels/tulip-inn-gurugram-near-medanta/contact,404,internal
/hotels/tulip-inn-gurugram-near-medanta/banquets,/hotels/tulip-inn-gurugram-near-medanta/contact,404,internal
/hotels/tulip-inn-gurugram-near-medanta/location,/hotels/tulip-inn-gurugram-near-medanta/contact,404,internal
/hotels/tulip-inn-gurugram-near-medanta/amenities,/hotels/tulip-inn-gurugram-near-medanta/contact,404,internal
/hotels/tulip-inn-gurugram-near-medanta/faqs,/hotels/tulip-inn-gurugram-near-medanta/contact,404,internal
/hotels/tulip-inn-gurugram-near-medanta/special-offers,/hotels/tulip-inn-gurugram-near-medanta/contact,404,internal
/hotels/tulip-inn-koramangala/rooms,/hotels/tulip-inn-koramangala/faqs,404,internal
/hotels/tulip-inn-koramangala/dining,/hotels/tulip-inn-koramangala/faqs,404,internal
/hotels/tulip-inn-koramangala/banquets,/hotels/tulip-inn-koramangala/faqs,404,internal
/hotels/tulip-inn-koramangala/location,/hotels/tulip-inn-koramangala/faqs,404,internal
/hotels/tulip-inn-koramangala/amenities,/hotels/tulip-inn-koramangala/faqs,404,internal
/hotels/tulip-inn-koramangala/rooms,/hotels/tulip-inn-koramangala/contact,404,internal
/hotels/tulip-inn-koramangala/dining,/hotels/tulip-inn-koramangala/contact,404,internal
/hotels/tulip-inn-koramangala/banquets,/hotels/tulip-inn-koramangala/contact,404,internal
/hotels/tulip-inn-koramangala/location,/hotels/tulip-inn-koramangala/contact,404,internal
/hotels/tulip-inn-koramangala/amenities,/hotels/tulip-inn-koramangala/contact,404,internal
/hotels/tulip-inn-shravasti/rooms,/hotels/tulip-inn-shravasti/amenities,404,internal
/hotels/tulip-inn-shravasti/dining,/hotels/tulip-inn-shravasti/amenities,404,internal
/hotels/tulip-inn-shravasti/banquets,/hotels/tulip-inn-shravasti/amenities,404,internal
/hotels/tulip-inn-shravasti/location,/hotels/tulip-inn-shravasti/amenities,404,internal
/hotels/tulip-inn-shravasti/faciltiies,/hotels/tulip-inn-shravasti/amenities,404,internal
/hotels/tulip-inn-shravasti/rooms,/hotels/tulip-inn-shravasti/faqs,404,internal
/hotels/tulip-inn-shravasti/dining,/hotels/tulip-inn-shravasti/faqs,404,internal
/hotels/tulip-inn-shravasti/banquets,/hotels/tulip-inn-shravasti/faqs,404,internal
/hotels/tulip-inn-shravasti/location,/hotels/tulip-inn-shravasti/faqs,404,internal
/hotels/tulip-inn-shravasti/faciltiies,/hotels/tulip-inn-shravasti/faqs,404,internal
/hotels/tulip-inn-shravasti/rooms,/hotels/tulip-inn-shravasti/contact,404,internal
/hotels/tulip-inn-shravasti/dining,/hotels/tulip-inn-shravasti/contact,404,internal
/hotels/tulip-inn-shravasti/banquets,/hotels/tulip-inn-shravasti/contact,404,internal
/hotels/tulip-inn-shravasti/location,/hotels/tulip-inn-shravasti/contact,404,internal
/hotels/tulip-inn-shravasti/faciltiies,/hotels/tulip-inn-shravasti/contact,404,internal
/hotels/tulip-inn-zirakpur/dining,/hotels/tulip-inn-zirakpur/faqs,404,internal
/hotels/tulip-inn-zirakpur/rooms,/hotels/tulip-inn-zirakpur/faqs,404,internal
/hotels/tulip-inn-zirakpur/banquets,/hotels/tulip-inn-zirakpur/faqs,404,internal
/hotels/tulip-inn-zirakpur/location,/hotels/tulip-inn-zirakpur/faqs,404,internal
/hotels/tulip-inn-zirakpur/amenities,/hotels/tulip-inn-zirakpur/faqs,404,internal
/hotels/tulip-inn-zirakpur/dining,/hotels/tulip-inn-zirakpur/contact,404,internal
/hotels/tulip-inn-zirakpur/rooms,/hotels/tulip-inn-zirakpur/contact,404,internal
/hotels/tulip-inn-zirakpur/banquets,/hotels/tulip-inn-zirakpur/contact,404,internal
/hotels/tulip-inn-zirakpur/location,/hotels/tulip-inn-zirakpur/contact,404,internal
/hotels/tulip-inn-zirakpur/amenities,/hotels/tulip-inn-zirakpur/contact,404,internal
/hotels/v-sarovar-portico-mi-road-jaipur/rooms,/hotels/v-sarovar-portico-mi-road-jaipur/faqs,404,internal
/hotels/v-sarovar-portico-mi-road-jaipur/dining,/hotels/v-sarovar-portico-mi-road-jaipur/faqs,404,internal
/hotels/v-sarovar-portico-mi-road-jaipur/banquets,/hotels/v-sarovar-portico-mi-road-jaipur/faqs,404,internal
/hotels/v-sarovar-portico-mi-road-jaipur/location,/hotels/v-sarovar-portico-mi-road-jaipur/faqs,404,internal
/hotels/v-sarovar-portico-mi-road-jaipur/amenities,/hotels/v-sarovar-portico-mi-road-jaipur/faqs,404,internal
/hotels/v-sarovar-portico-mi-road-jaipur/rooms,/hotels/v-sarovar-portico-mi-road-jaipur/contact,404,internal
/hotels/v-sarovar-portico-mi-road-jaipur/dining,/hotels/v-sarovar-portico-mi-road-jaipur/contact,404,internal
/hotels/v-sarovar-portico-mi-road-jaipur/banquets,/hotels/v-sarovar-portico-mi-road-jaipur/contact,404,internal
/hotels/v-sarovar-portico-mi-road-jaipur/location,/hotels/v-sarovar-portico-mi-road-jaipur/contact,404,internal
/hotels/v-sarovar-portico-mi-road-jaipur/amenities,/hotels/v-sarovar-portico-mi-road-jaipur/contact,404,internal
/hotels/vaishnodevi-portico-katra/rooms,/hotels/vaishnodevi-portico-katra/faqs,404,internal
/hotels/vaishnodevi-portico-katra/dining,/hotels/vaishnodevi-portico-katra/faqs,404,internal
/hotels/vaishnodevi-portico-katra/banquets,/hotels/vaishnodevi-portico-katra/faqs,404,internal
/hotels/vaishnodevi-portico-katra/location,/hotels/vaishnodevi-portico-katra/faqs,404,internal
/hotels/vaishnodevi-portico-katra/amenities,/hotels/vaishnodevi-portico-katra/faqs,404,internal
/hotels/vaishnodevi-portico-katra/legal,/hotels/vaishnodevi-portico-katra/faqs,404,internal
/hotels/vaishnodevi-portico-katra/rooms,/hotels/vaishnodevi-portico-katra/contact,404,internal
/hotels/vaishnodevi-portico-katra/dining,/hotels/vaishnodevi-portico-katra/contact,404,internal
/hotels/vaishnodevi-portico-katra/banquets,/hotels/vaishnodevi-portico-katra/contact,404,internal
/hotels/vaishnodevi-portico-katra/location,/hotels/vaishnodevi-portico-katra/contact,404,internal
/hotels/vaishnodevi-portico-katra/amenities,/hotels/vaishnodevi-portico-katra/contact,404,internal
/hotels/vaishnodevi-portico-katra/legal,/hotels/vaishnodevi-portico-katra/contact,404,internal
/hotels/venizia-sarovar-portico-in-new-delhi/dining,/hotels/venizia-sarovar-portico-in-new-delhi/amenities,404,internal
/hotels/venizia-sarovar-portico-in-new-delhi/rooms,/hotels/venizia-sarovar-portico-in-new-delhi/amenities,404,internal
/hotels/venizia-sarovar-portico-in-new-delhi/banquets,/hotels/venizia-sarovar-portico-in-new-delhi/amenities,404,internal
/hotels/venizia-sarovar-portico-in-new-delhi/location,/hotels/venizia-sarovar-portico-in-new-delhi/amenities,404,internal
/hotels/venizia-sarovar-portico-in-new-delhi/kids-zone,/hotels/venizia-sarovar-portico-in-new-delhi/amenities,404,internal
/hotels/venizia-sarovar-portico-in-new-delhi/dining,/hotels/venizia-sarovar-portico-in-new-delhi/faqs,404,internal
/hotels/venizia-sarovar-portico-in-new-delhi/rooms,/hotels/venizia-sarovar-portico-in-new-delhi/faqs,404,internal
/hotels/venizia-sarovar-portico-in-new-delhi/banquets,/hotels/venizia-sarovar-portico-in-new-delhi/faqs,404,internal
/hotels/venizia-sarovar-portico-in-new-delhi/location,/hotels/venizia-sarovar-portico-in-new-delhi/faqs,404,internal
/hotels/venizia-sarovar-portico-in-new-delhi/kids-zone,/hotels/venizia-sarovar-portico-in-new-delhi/faqs,404,internal
/hotels/venizia-sarovar-portico-in-new-delhi/dining,/hotels/venizia-sarovar-portico-in-new-delhi/contact,404,internal
/hotels/venizia-sarovar-portico-in-new-delhi/rooms,/hotels/venizia-sarovar-portico-in-new-delhi/contact,404,internal
/hotels/venizia-sarovar-portico-in-new-delhi/banquets,/hotels/venizia-sarovar-portico-in-new-delhi/contact,404,internal
/hotels/venizia-sarovar-portico-in-new-delhi/location,/hotels/venizia-sarovar-portico-in-new-delhi/contact,404,internal
/hotels/venizia-sarovar-portico-in-new-delhi/kids-zone,/hotels/venizia-sarovar-portico-in-new-delhi/contact,404,internal
/hotels/viraj-sarovar-portico-jammu/rooms,/hotels/viraj-sarovar-portico-jammu/faqs,404,internal
/hotels/viraj-sarovar-portico-jammu/dining,/hotels/viraj-sarovar-portico-jammu/faqs,404,internal
/hotels/viraj-sarovar-portico-jammu/banquets,/hotels/viraj-sarovar-portico-jammu/faqs,404,internal
/hotels/viraj-sarovar-portico-jammu/location,/hotels/viraj-sarovar-portico-jammu/faqs,404,internal
/hotels/viraj-sarovar-portico-jammu/amenities,/hotels/viraj-sarovar-portico-jammu/faqs,404,internal
/hotels/viraj-sarovar-portico-jammu/legal,/hotels/viraj-sarovar-portico-jammu/faqs,404,internal
/hotels/viraj-sarovar-portico-jammu/rooms,/hotels/viraj-sarovar-portico-jammu/contact,404,internal
/hotels/viraj-sarovar-portico-jammu/dining,/hotels/viraj-sarovar-portico-jammu/contact,404,internal
/hotels/viraj-sarovar-portico-jammu/banquets,/hotels/viraj-sarovar-portico-jammu/contact,404,internal
/hotels/viraj-sarovar-portico-jammu/location,/hotels/viraj-sarovar-portico-jammu/contact,404,internal
/hotels/viraj-sarovar-portico-jammu/amenities,/hotels/viraj-sarovar-portico-jammu/contact,404,internal
/hotels/viraj-sarovar-portico-jammu/legal,/hotels/viraj-sarovar-portico-jammu/contact,404,internal
/hotels/golden-tulip-udaipur/rooms,/hotels/golden-tulip-udaipur/faqs,404,internal
/hotels/golden-tulip-udaipur/dining,/hotels/golden-tulip-udaipur/faqs,404,internal
/hotels/golden-tulip-udaipur/banquets,/hotels/golden-tulip-udaipur/faqs,404,internal
/hotels/golden-tulip-udaipur/location,/hotels/golden-tulip-udaipur/faqs,404,internal
/hotels/golden-tulip-udaipur/amenities,/hotels/golden-tulip-udaipur/faqs,404,internal
/hotels/golden-tulip-udaipur/rooms,/hotels/golden-tulip-udaipur/contact,404,internal
/hotels/golden-tulip-udaipur/dining,/hotels/golden-tulip-udaipur/contact,404,internal
/hotels/golden-tulip-udaipur/banquets,/hotels/golden-tulip-udaipur/contact,404,internal
/hotels/golden-tulip-udaipur/location,/hotels/golden-tulip-udaipur/contact,404,internal
/hotels/golden-tulip-udaipur/amenities,/hotels/golden-tulip-udaipur/contact,404,internal
/hotels/golden-tulip-tirupati/rooms,/hotels/golden-tulip-tirupati/faqs,404,internal
/hotels/golden-tulip-tirupati/dining,/hotels/golden-tulip-tirupati/faqs,404,internal
/hotels/golden-tulip-tirupati/banquets,/hotels/golden-tulip-tirupati/faqs,404,internal
/hotels/golden-tulip-tirupati/location,/hotels/golden-tulip-tirupati/faqs,404,internal
/hotels/golden-tulip-tirupati/amenities,/hotels/golden-tulip-tirupati/faqs,404,internal
/hotels/golden-tulip-tirupati/flavours,/hotels/golden-tulip-tirupati/faqs,404,internal
/hotels/golden-tulip-tirupati/rooms,/hotels/golden-tulip-tirupati/contact,404,internal
/hotels/golden-tulip-tirupati/dining,/hotels/golden-tulip-tirupati/contact,404,internal
/hotels/golden-tulip-tirupati/banquets,/hotels/golden-tulip-tirupati/contact,404,internal
/hotels/golden-tulip-tirupati/location,/hotels/golden-tulip-tirupati/contact,404,internal
/hotels/golden-tulip-tirupati/amenities,/hotels/golden-tulip-tirupati/contact,404,internal
/hotels/golden-tulip-tirupati/flavours,/hotels/golden-tulip-tirupati/contact,404,internal
/hotels/golden-tulip/rooms,/hotels/golden-tulip/faqs,404,internal
/hotels/golden-tulip/dining,/hotels/golden-tulip/faqs,404,internal
/hotels/golden-tulip/banquets,/hotels/golden-tulip/faqs,404,internal
/hotels/golden-tulip/location,/hotels/golden-tulip/faqs,404,internal
/hotels/golden-tulip/amenities,/hotels/golden-tulip/faqs,404,internal
/hotels/golden-tulip/contact,/hotels/golden-tulip/faqs,404,internal
/hotels/golden-tulip/meetings-events,/hotels/golden-tulip/faqs,404,internal
/hotels/grand-continent-anjuna/rooms,/hotels/grand-continent-anjuna/faqs,404,internal
/hotels/grand-continent-anjuna/dining,/hotels/grand-continent-anjuna/faqs,404,internal
/hotels/grand-continent-anjuna/banquets,/hotels/grand-continent-anjuna/faqs,404,internal
/hotels/grand-continent-anjuna/location,/hotels/grand-continent-anjuna/faqs,404,internal
/hotels/grand-continent-anjuna/amenities,/hotels/grand-continent-anjuna/faqs,404,internal
/hotels/grand-continent-anjuna/special-offers,/hotels/grand-continent-anjuna/faqs,404,internal
/hotels/grand-continent-anjuna/rooms,/hotels/grand-continent-anjuna/contact,404,internal
/hotels/grand-continent-anjuna/dining,/hotels/grand-continent-anjuna/contact,404,internal
/hotels/grand-continent-anjuna/banquets,/hotels/grand-continent-anjuna/contact,404,internal
/hotels/grand-continent-anjuna/location,/hotels/grand-continent-anjuna/contact,404,internal
/hotels/grand-continent-anjuna/amenities,/hotels/grand-continent-anjuna/contact,404,internal
/hotels/grand-continent-anjuna/special-offers,/hotels/grand-continent-anjuna/contact,404,internal
/hotels/grand-continent-brookefield-bengaluru/rooms,/hotels/grand-continent-brookefield-bengaluru/faqs,404,internal
/hotels/grand-continent-brookefield-bengaluru/dining,/hotels/grand-continent-brookefield-bengaluru/faqs,404,internal
/hotels/grand-continent-brookefield-bengaluru/banquets,/hotels/grand-continent-brookefield-bengaluru/faqs,404,internal
/hotels/grand-continent-brookefield-bengaluru/location,/hotels/grand-continent-brookefield-bengaluru/faqs,404,internal
/hotels/grand-continent-brookefield-bengaluru/amenities,/hotels/grand-continent-brookefield-bengaluru/faqs,404,internal
/hotels/grand-continent-brookefield-bengaluru/banquet-halls,/hotels/grand-continent-brookefield-bengaluru/faqs,404,internal
/hotels/grand-continent-brookefield-bengaluru/blossom,/hotels/grand-continent-brookefield-bengaluru/faqs,404,internal
/hotels/grand-continent-brookefield-bengaluru/the-alfresco-open-air,/hotels/grand-continent-brookefield-bengaluru/faqs,404,internal
/hotels/grand-continent-brookefield-bengaluru/rooms,/hotels/grand-continent-brookefield-bengaluru/contact,404,internal
/hotels/grand-continent-brookefield-bengaluru/dining,/hotels/grand-continent-brookefield-bengaluru/contact,404,internal
/hotels/grand-continent-brookefield-bengaluru/banquets,/hotels/grand-continent-brookefield-bengaluru/contact,404,internal
/hotels/grand-continent-brookefield-bengaluru/location,/hotels/grand-continent-brookefield-bengaluru/contact,404,internal
/hotels/grand-continent-brookefield-bengaluru/amenities,/hotels/grand-continent-brookefield-bengaluru/contact,404,internal
/hotels/grand-continent-brookefield-bengaluru/banquet-halls,/hotels/grand-continent-brookefield-bengaluru/contact,404,internal
/hotels/grand-continent-brookefield-bengaluru/blossom,/hotels/grand-continent-brookefield-bengaluru/contact,404,internal
/hotels/grand-continent-brookefield-bengaluru/the-alfresco-open-air,/hotels/grand-continent-brookefield-bengaluru/contact,404,internal
/hotels/grand-continent-hebbal-bangalore/rooms,/hotels/grand-continent-hebbal-bangalore/faqs,404,internal
/hotels/grand-continent-hebbal-bangalore/dining,/hotels/grand-continent-hebbal-bangalore/faqs,404,internal
/hotels/grand-continent-hebbal-bangalore/banquets,/hotels/grand-continent-hebbal-bangalore/faqs,404,internal
/hotels/grand-continent-hebbal-bangalore/location,/hotels/grand-continent-hebbal-bangalore/faqs,404,internal
/hotels/grand-continent-hebbal-bangalore/amenities,/hotels/grand-continent-hebbal-bangalore/faqs,404,internal
/hotels/grand-continent-hebbal-bangalore/rooms,/hotels/grand-continent-hebbal-bangalore/contact,404,internal
/hotels/grand-continent-hebbal-bangalore/dining,/hotels/grand-continent-hebbal-bangalore/contact,404,internal
/hotels/grand-continent-hebbal-bangalore/banquets,/hotels/grand-continent-hebbal-bangalore/contact,404,internal
/hotels/grand-continent-hebbal-bangalore/location,/hotels/grand-continent-hebbal-bangalore/contact,404,internal
/hotels/grand-continent-hebbal-bangalore/amenities,/hotels/grand-continent-hebbal-bangalore/contact,404,internal
/hotels/grand-continent-hosur/rooms,/hotels/grand-continent-hosur/faqs,404,internal
/hotels/grand-continent-hosur/dining,/hotels/grand-continent-hosur/faqs,404,internal
/hotels/grand-continent-hosur/banquets,/hotels/grand-continent-hosur/faqs,404,internal
/hotels/grand-continent-hosur/location,/hotels/grand-continent-hosur/faqs,404,internal
/hotels/grand-continent-hosur/amenities,/hotels/grand-continent-hosur/faqs,404,internal
/hotels/grand-continent-hosur/rooms,/hotels/grand-continent-hosur/contact,404,internal
/hotels/grand-continent-hosur/dining,/hotels/grand-continent-hosur/contact,404,internal
/hotels/grand-continent-hosur/banquets,/hotels/grand-continent-hosur/contact,404,internal
/hotels/grand-continent-hosur/location,/hotels/grand-continent-hosur/contact,404,internal
/hotels/grand-continent-hosur/amenities,/hotels/grand-continent-hosur/contact,404,internal
/hotels/grand-continent-malleshwaram-bangalore/rooms,/hotels/grand-continent-malleshwaram-bangalore/faqs,404,internal
/hotels/grand-continent-malleshwaram-bangalore/dining,/hotels/grand-continent-malleshwaram-bangalore/faqs,404,internal
/hotels/grand-continent-malleshwaram-bangalore/banquets,/hotels/grand-continent-malleshwaram-bangalore/faqs,404,internal
/hotels/grand-continent-malleshwaram-bangalore/location,/hotels/grand-continent-malleshwaram-bangalore/faqs,404,internal
/hotels/grand-continent-malleshwaram-bangalore/amenities,/hotels/grand-continent-malleshwaram-bangalore/faqs,404,internal
/hotels/grand-continent-malleshwaram-bangalore/rooms,/hotels/grand-continent-malleshwaram-bangalore/contact,404,internal
/hotels/grand-continent-malleshwaram-bangalore/dining,/hotels/grand-continent-malleshwaram-bangalore/contact,404,internal
/hotels/grand-continent-malleshwaram-bangalore/banquets,/hotels/grand-continent-malleshwaram-bangalore/contact,404,internal
/hotels/grand-continent-malleshwaram-bangalore/location,/hotels/grand-continent-malleshwaram-bangalore/contact,404,internal
/hotels/grand-continent-malleshwaram-bangalore/amenities,/hotels/grand-continent-malleshwaram-bangalore/contact,404,internal
/hotels/grand-continent-mahabalipuram/rooms,/hotels/grand-continent-mahabalipuram/faqs,404,internal
/hotels/grand-continent-mahabalipuram/dining,/hotels/grand-continent-mahabalipuram/faqs,404,internal
/hotels/grand-continent-mahabalipuram/banquets,/hotels/grand-continent-mahabalipuram/faqs,404,internal
/hotels/grand-continent-mahabalipuram/location,/hotels/grand-continent-mahabalipuram/faqs,404,internal
/hotels/grand-continent-mahabalipuram/amenities,/hotels/grand-continent-mahabalipuram/faqs,404,internal
/hotels/grand-continent-mahabalipuram/rooms,/hotels/grand-continent-mahabalipuram/contact,404,internal
/hotels/grand-continent-mahabalipuram/dining,/hotels/grand-continent-mahabalipuram/contact,404,internal
/hotels/grand-continent-mahabalipuram/banquets,/hotels/grand-continent-mahabalipuram/contact,404,internal
/hotels/grand-continent-mahabalipuram/location,/hotels/grand-continent-mahabalipuram/contact,404,internal
/hotels/grand-continent-mahabalipuram/amenities,/hotels/grand-continent-mahabalipuram/contact,404,internal
/hotels/grand-continent-mysore/rooms,/hotels/grand-continent-mysore/faqs,404,internal
/hotels/grand-continent-mysore/dining,/hotels/grand-continent-mysore/faqs,404,internal
/hotels/grand-continent-mysore/banquets,/hotels/grand-continent-mysore/faqs,404,internal
/hotels/grand-continent-mysore/location,/hotels/grand-continent-mysore/faqs,404,internal
/hotels/grand-continent-mysore/amenities,/hotels/grand-continent-mysore/faqs,404,internal
/hotels/grand-continent-mysore/blossom-banquet-hall,/hotels/grand-continent-mysore/faqs,404,internal
/hotels/grand-continent-mysore/rooms,/hotels/grand-continent-mysore/contact,404,internal
/hotels/grand-continent-mysore/dining,/hotels/grand-continent-mysore/contact,404,internal
/hotels/grand-continent-mysore/banquets,/hotels/grand-continent-mysore/contact,404,internal
/hotels/grand-continent-mysore/location,/hotels/grand-continent-mysore/contact,404,internal
/hotels/grand-continent-mysore/amenities,/hotels/grand-continent-mysore/contact,404,internal
/hotels/grand-continent-mysore/blossom-banquet-hall,/hotels/grand-continent-mysore/contact,404,internal
/hotels/grand-continent-secunderabad/rooms,/hotels/grand-continent-secunderabad/faqs,404,internal
/hotels/grand-continent-secunderabad/dining,/hotels/grand-continent-secunderabad/faqs,404,internal
/hotels/grand-continent-secunderabad/banquets,/hotels/grand-continent-secunderabad/faqs,404,internal
/hotels/grand-continent-secunderabad/location,/hotels/grand-continent-secunderabad/faqs,404,internal
/hotels/grand-continent-secunderabad/amenities,/hotels/grand-continent-secunderabad/faqs,404,internal
/hotels/grand-continent-secunderabad/rooms,/hotels/grand-continent-secunderabad/contact,404,internal
/hotels/grand-continent-secunderabad/dining,/hotels/grand-continent-secunderabad/contact,404,internal
/hotels/grand-continent-secunderabad/banquets,/hotels/grand-continent-secunderabad/contact,404,internal
/hotels/grand-continent-secunderabad/location,/hotels/grand-continent-secunderabad/contact,404,internal
/hotels/grand-continent-secunderabad/amenities,/hotels/grand-continent-secunderabad/contact,404,internal
/hotels/grand-portico-hotel-in-latur/rooms,/hotels/grand-portico-hotel-in-latur/faqs,404,internal
/hotels/grand-portico-hotel-in-latur/dining,/hotels/grand-portico-hotel-in-latur/faqs,404,internal
/hotels/grand-portico-hotel-in-latur/banquets,/hotels/grand-portico-hotel-in-latur/faqs,404,internal
/hotels/grand-portico-hotel-in-latur/location,/hotels/grand-portico-hotel-in-latur/faqs,404,internal
/hotels/grand-portico-hotel-in-latur/amenities,/hotels/grand-portico-hotel-in-latur/faqs,404,internal
/hotels/grand-portico-hotel-in-latur/rooms,/hotels/grand-portico-hotel-in-latur/contact,404,internal
/hotels/grand-portico-hotel-in-latur/dining,/hotels/grand-portico-hotel-in-latur/contact,404,internal
/hotels/grand-portico-hotel-in-latur/banquets,/hotels/grand-portico-hotel-in-latur/contact,404,internal
/hotels/grand-portico-hotel-in-latur/location,/hotels/grand-portico-hotel-in-latur/contact,404,internal
/hotels/grand-portico-hotel-in-latur/amenities,/hotels/grand-portico-hotel-in-latur/contact,404,internal
/hotels/highland-sarovar-portico-sindhudurg/rooms,/hotels/highland-sarovar-portico-sindhudurg/faqs,404,internal
/hotels/highland-sarovar-portico-sindhudurg/dining,/hotels/highland-sarovar-portico-sindhudurg/faqs,404,internal
/hotels/highland-sarovar-portico-sindhudurg/banquets,/hotels/highland-sarovar-portico-sindhudurg/faqs,404,internal
/hotels/highland-sarovar-portico-sindhudurg/location,/hotels/highland-sarovar-portico-sindhudurg/faqs,404,internal
/hotels/highland-sarovar-portico-sindhudurg/amenities,/hotels/highland-sarovar-portico-sindhudurg/faqs,404,internal
/hotels/highland-sarovar-portico-sindhudurg/explore-sindhudurg,/hotels/highland-sarovar-portico-sindhudurg/faqs,404,internal
/hotels/highland-sarovar-portico-sindhudurg/book-your-stay-at-highland-sarovar-portico-sindhudurg,/hotels/highland-sarovar-portico-sindhudurg/faqs,404,internal
/hotels/highland-sarovar-portico-sindhudurg/rooms,/hotels/highland-sarovar-portico-sindhudurg/contact,404,internal
/hotels/highland-sarovar-portico-sindhudurg/dining,/hotels/highland-sarovar-portico-sindhudurg/contact,404,internal
/hotels/highland-sarovar-portico-sindhudurg/banquets,/hotels/highland-sarovar-portico-sindhudurg/contact,404,internal
/hotels/highland-sarovar-portico-sindhudurg/location,/hotels/highland-sarovar-portico-sindhudurg/contact,404,internal
/hotels/highland-sarovar-portico-sindhudurg/amenities,/hotels/highland-sarovar-portico-sindhudurg/contact,404,internal
/hotels/highland-sarovar-portico-sindhudurg/explore-sindhudurg,/hotels/highland-sarovar-portico-sindhudurg/contact,404,internal
/hotels/highland-sarovar-portico-sindhudurg/book-your-stay-at-highland-sarovar-portico-sindhudurg,/hotels/highland-sarovar-portico-sindhudurg/contact,404,internal
/hotels/hometel-alambagh-lucknow/rooms,/hotels/hometel-alambagh-lucknow/faqs,404,internal
/hotels/hometel-alambagh-lucknow/dining,/hotels/hometel-alambagh-lucknow/faqs,404,internal
/hotels/hometel-alambagh-lucknow/banquets,/hotels/hometel-alambagh-lucknow/faqs,404,internal
/hotels/hometel-alambagh-lucknow/location,/hotels/hometel-alambagh-lucknow/faqs,404,internal
/hotels/hometel-alambagh-lucknow/amenities,/hotels/hometel-alambagh-lucknow/faqs,404,internal
/hotels/hometel-alambagh-lucknow/explore-lucknow,/hotels/hometel-alambagh-lucknow/faqs,404,internal
/hotels/hometel-alambagh-lucknow/rooms,/hotels/hometel-alambagh-lucknow/contact,404,internal
/hotels/hometel-alambagh-lucknow/dining,/hotels/hometel-alambagh-lucknow/contact,404,internal
/hotels/hometel-alambagh-lucknow/banquets,/hotels/hometel-alambagh-lucknow/contact,404,internal
/hotels/hometel-alambagh-lucknow/location,/hotels/hometel-alambagh-lucknow/contact,404,internal
/hotels/hometel-alambagh-lucknow/amenities,/hotels/hometel-alambagh-lucknow/contact,404,internal
/hotels/hometel-alambagh-lucknow/explore-lucknow,/hotels/hometel-alambagh-lucknow/contact,404,internal
/hotels/hometel-roorkee/rooms,/hotels/hometel-roorkee/faqs,404,internal
/hotels/hometel-roorkee/dining,/hotels/hometel-roorkee/faqs,404,internal
/hotels/hometel-roorkee/banquets,/hotels/hometel-roorkee/faqs,404,internal
/hotels/hometel-roorkee/location,/hotels/hometel-roorkee/faqs,404,internal
/hotels/hometel-roorkee/amenities,/hotels/hometel-roorkee/faqs,404,internal
/hotels/hometel-roorkee/legal,/hotels/hometel-roorkee/faqs,404,internal
/hotels/hometel-roorkee/meetings-events,/hotels/hometel-roorkee/faqs,404,internal
/hotels/hometel-roorkee/rooms,/hotels/hometel-roorkee/contact,404,internal
/hotels/hometel-roorkee/dining,/hotels/hometel-roorkee/contact,404,internal
/hotels/hometel-roorkee/banquets,/hotels/hometel-roorkee/contact,404,internal
/hotels/hometel-roorkee/location,/hotels/hometel-roorkee/contact,404,internal
/hotels/hometel-roorkee/amenities,/hotels/hometel-roorkee/contact,404,internal
/hotels/hometel-roorkee/legal,/hotels/hometel-roorkee/contact,404,internal
/hotels/hometel-roorkee/meetings-events,/hotels/hometel-roorkee/contact,404,internal
/hotels/hometel-chandigarh/rooms,/hotels/hometel-chandigarh/faqs,404,internal
/hotels/hometel-chandigarh/dining,/hotels/hometel-chandigarh/faqs,404,internal
/hotels/hometel-chandigarh/banquets,/hotels/hometel-chandigarh/faqs,404,internal
/hotels/hometel-chandigarh/location,/hotels/hometel-chandigarh/faqs,404,internal
/hotels/hometel-chandigarh/amenities,/hotels/hometel-chandigarh/faqs,404,internal
/hotels/hometel-chandigarh/legal,/hotels/hometel-chandigarh/faqs,404,internal
/hotels/hometel-chandigarh/promotions,/hotels/hometel-chandigarh/faqs,404,internal
/hotels/hometel-chandigarh/rooms,/hotels/hometel-chandigarh/contact,404,internal
/hotels/hometel-chandigarh/dining,/hotels/hometel-chandigarh/contact,404,internal
/hotels/hometel-chandigarh/banquets,/hotels/hometel-chandigarh/contact,404,internal
/hotels/hometel-chandigarh/location,/hotels/hometel-chandigarh/contact,404,internal
/hotels/hometel-chandigarh/amenities,/hotels/hometel-chandigarh/contact,404,internal
/hotels/hometel-chandigarh/legal,/hotels/hometel-chandigarh/contact,404,internal
/hotels/hometel-chandigarh/promotions,/hotels/hometel-chandigarh/contact,404,internal
/hotels/hrj-sarovar-portico-indore/rooms,/hotels/hrj-sarovar-portico-indore/faqs,404,internal
/hotels/hrj-sarovar-portico-indore/dining,/hotels/hrj-sarovar-portico-indore/faqs,404,internal
/hotels/hrj-sarovar-portico-indore/banquets,/hotels/hrj-sarovar-portico-indore/faqs,404,internal
/hotels/hrj-sarovar-portico-indore/location,/hotels/hrj-sarovar-portico-indore/faqs,404,internal
/hotels/hrj-sarovar-portico-indore/amenities,/hotels/hrj-sarovar-portico-indore/faqs,404,internal
/hotels/hrj-sarovar-portico-indore/rooms,/hotels/hrj-sarovar-portico-indore/contact,404,internal
/hotels/hrj-sarovar-portico-indore/dining,/hotels/hrj-sarovar-portico-indore/contact,404,internal
/hotels/hrj-sarovar-portico-indore/banquets,/hotels/hrj-sarovar-portico-indore/contact,404,internal
/hotels/hrj-sarovar-portico-indore/location,/hotels/hrj-sarovar-portico-indore/contact,404,internal
/hotels/hrj-sarovar-portico-indore/amenities,/hotels/hrj-sarovar-portico-indore/contact,404,internal
/hotels/iris-sarovar-portico-gurugram/rooms,/hotels/iris-sarovar-portico-gurugram/faqs,404,internal
/hotels/iris-sarovar-portico-gurugram/dining,/hotels/iris-sarovar-portico-gurugram/faqs,404,internal
/hotels/iris-sarovar-portico-gurugram/banquets,/hotels/iris-sarovar-portico-gurugram/faqs,404,internal
/hotels/iris-sarovar-portico-gurugram/location,/hotels/iris-sarovar-portico-gurugram/faqs,404,internal
/hotels/iris-sarovar-portico-gurugram/amenities,/hotels/iris-sarovar-portico-gurugram/faqs,404,internal
/hotels/iris-sarovar-portico-gurugram/explore-gurugram,/hotels/iris-sarovar-portico-gurugram/faqs,404,internal
/hotels/iris-sarovar-portico-gurugram/rooms,/hotels/iris-sarovar-portico-gurugram/contact,404,internal
/hotels/iris-sarovar-portico-gurugram/dining,/hotels/iris-sarovar-portico-gurugram/contact,404,internal
/hotels/iris-sarovar-portico-gurugram/banquets,/hotels/iris-sarovar-portico-gurugram/contact,404,internal
/hotels/iris-sarovar-portico-gurugram/location,/hotels/iris-sarovar-portico-gurugram/contact,404,internal
/hotels/iris-sarovar-portico-gurugram/amenities,/hotels/iris-sarovar-portico-gurugram/contact,404,internal
/hotels/iris-sarovar-portico-gurugram/explore-gurugram,/hotels/iris-sarovar-portico-gurugram/contact,404,internal
/hotels/ishaan-sarovar-portico-deoghar/rooms,/hotels/ishaan-sarovar-portico-deoghar/faqs,404,internal
/hotels/ishaan-sarovar-portico-deoghar/dining,/hotels/ishaan-sarovar-portico-deoghar/faqs,404,internal
/hotels/ishaan-sarovar-portico-deoghar/banquets,/hotels/ishaan-sarovar-portico-deoghar/faqs,404,internal
/hotels/ishaan-sarovar-portico-deoghar/location,/hotels/ishaan-sarovar-portico-deoghar/faqs,404,internal
/hotels/ishaan-sarovar-portico-deoghar/amenities,/hotels/ishaan-sarovar-portico-deoghar/faqs,404,internal
/hotels/ishaan-sarovar-portico-deoghar/explore-deoghar,/hotels/ishaan-sarovar-portico-deoghar/faqs,404,internal
/hotels/ishaan-sarovar-portico-deoghar/rooms,/hotels/ishaan-sarovar-portico-deoghar/contact,404,internal
/hotels/ishaan-sarovar-portico-deoghar/dining,/hotels/ishaan-sarovar-portico-deoghar/contact,404,internal
/hotels/ishaan-sarovar-portico-deoghar/banquets,/hotels/ishaan-sarovar-portico-deoghar/contact,404,internal
/hotels/ishaan-sarovar-portico-deoghar/location,/hotels/ishaan-sarovar-portico-deoghar/contact,404,internal
/hotels/ishaan-sarovar-portico-deoghar/amenities,/hotels/ishaan-sarovar-portico-deoghar/contact,404,internal
/hotels/ishaan-sarovar-portico-deoghar/explore-deoghar,/hotels/ishaan-sarovar-portico-deoghar/contact,404,internal
/hotels/kpg-sarovar-portico-raj-nagar-extension-ghaziabad/rooms,/hotels/kpg-sarovar-portico-raj-nagar-extension-ghaziabad/contact,404,internal
/hotels/kpg-sarovar-portico-raj-nagar-extension-ghaziabad/dining,/hotels/kpg-sarovar-portico-raj-nagar-extension-ghaziabad/contact,404,internal
/hotels/kpg-sarovar-portico-raj-nagar-extension-ghaziabad/banquets,/hotels/kpg-sarovar-portico-raj-nagar-extension-ghaziabad/contact,404,internal
/hotels/kpg-sarovar-portico-raj-nagar-extension-ghaziabad/location,/hotels/kpg-sarovar-portico-raj-nagar-extension-ghaziabad/contact,404,internal
/hotels/kpg-sarovar-portico-raj-nagar-extension-ghaziabad/amenities,/hotels/kpg-sarovar-portico-raj-nagar-extension-ghaziabad/contact,404,internal
/hotels/kpg-sarovar-portico-raj-nagar-extension-ghaziabad/faqs,/hotels/kpg-sarovar-portico-raj-nagar-extension-ghaziabad/contact,404,internal
/hotels/lagoon-sarovar-premiere-pondicherry/rooms,/hotels/lagoon-sarovar-premiere-pondicherry/amenities,404,internal
/hotels/lagoon-sarovar-premiere-pondicherry/dining,/hotels/lagoon-sarovar-premiere-pondicherry/amenities,404,internal
/hotels/lagoon-sarovar-premiere-pondicherry/banquets,/hotels/lagoon-sarovar-premiere-pondicherry/amenities,404,internal
/hotels/lagoon-sarovar-premiere-pondicherry/location,/hotels/lagoon-sarovar-premiere-pondicherry/amenities,404,internal
/hotels/lagoon-sarovar-premiere-pondicherry/contact,/hotels/lagoon-sarovar-premiere-pondicherry/amenities,404,internal
/hotels/lagoon-sarovar-premiere-pondicherry/pay-us,/hotels/lagoon-sarovar-premiere-pondicherry/amenities,404,internal
/hotels/lagoon-sarovar-premiere-pondicherry/destination-wedding,/hotels/lagoon-sarovar-premiere-pondicherry/amenities,404,internal
/hotels/lagoon-sarovar-premiere-pondicherry/rooms,/hotels/lagoon-sarovar-premiere-pondicherry/faqs,404,internal
/hotels/lagoon-sarovar-premiere-pondicherry/dining,/hotels/lagoon-sarovar-premiere-pondicherry/faqs,404,internal
/hotels/lagoon-sarovar-premiere-pondicherry/banquets,/hotels/lagoon-sarovar-premiere-pondicherry/faqs,404,internal
/hotels/lagoon-sarovar-premiere-pondicherry/location,/hotels/lagoon-sarovar-premiere-pondicherry/faqs,404,internal
/hotels/lagoon-sarovar-premiere-pondicherry/contact,/hotels/lagoon-sarovar-premiere-pondicherry/faqs,404,internal
/hotels/lagoon-sarovar-premiere-pondicherry/pay-us,/hotels/lagoon-sarovar-premiere-pondicherry/faqs,404,internal
/hotels/lagoon-sarovar-premiere-pondicherry/destination-wedding,/hotels/lagoon-sarovar-premiere-pondicherry/faqs,404,internal
/hotels/la-place-sarovar-portico-lucknow/rooms,/hotels/la-place-sarovar-portico-lucknow/faqs,404,internal
/hotels/la-place-sarovar-portico-lucknow/dining,/hotels/la-place-sarovar-portico-lucknow/faqs,404,internal
/hotels/la-place-sarovar-portico-lucknow/banquets,/hotels/la-place-sarovar-portico-lucknow/faqs,404,internal
/hotels/la-place-sarovar-portico-lucknow/location,/hotels/la-place-sarovar-portico-lucknow/faqs,404,internal
/hotels/la-place-sarovar-portico-lucknow/amenities,/hotels/la-place-sarovar-portico-lucknow/faqs,404,internal
/hotels/la-place-sarovar-portico-lucknow/legal,/hotels/la-place-sarovar-portico-lucknow/faqs,404,internal
/hotels/la-place-sarovar-portico-lucknow/rooms,/hotels/la-place-sarovar-portico-lucknow/contact,404,internal
/hotels/la-place-sarovar-portico-lucknow/dining,/hotels/la-place-sarovar-portico-lucknow/contact,404,internal
/hotels/la-place-sarovar-portico-lucknow/banquets,/hotels/la-place-sarovar-portico-lucknow/contact,404,internal
/hotels/la-place-sarovar-portico-lucknow/location,/hotels/la-place-sarovar-portico-lucknow/contact,404,internal
/hotels/la-place-sarovar-portico-lucknow/amenities,/hotels/la-place-sarovar-portico-lucknow/contact,404,internal
/hotels/la-place-sarovar-portico-lucknow/legal,/hotels/la-place-sarovar-portico-lucknow/contact,404,internal
/hotels/le-dupleix-pondicherry/dining,/hotels/le-dupleix-pondicherry/faqs,404,internal
/hotels/le-dupleix-pondicherry/rooms,/hotels/le-dupleix-pondicherry/faqs,404,internal
/hotels/le-dupleix-pondicherry/banquets,/hotels/le-dupleix-pondicherry/faqs,404,internal
/hotels/le-dupleix-pondicherry/location,/hotels/le-dupleix-pondicherry/faqs,404,internal
/hotels/le-dupleix-pondicherry/amenities,/hotels/le-dupleix-pondicherry/faqs,404,internal
/hotels/le-dupleix-pondicherry/legal,/hotels/le-dupleix-pondicherry/faqs,404,internal
/hotels/le-dupleix-pondicherry/courtyard-restaurant-menu,/hotels/le-dupleix-pondicherry/faqs,404,internal
/hotels/le-dupleix-pondicherry/explore-pondicherry,/hotels/le-dupleix-pondicherry/faqs,404,internal
/hotels/le-dupleix-pondicherry/dining,/hotels/le-dupleix-pondicherry/contact,404,internal
/hotels/le-dupleix-pondicherry/rooms,/hotels/le-dupleix-pondicherry/contact,404,internal
/hotels/le-dupleix-pondicherry/banquets,/hotels/le-dupleix-pondicherry/contact,404,internal
/hotels/le-dupleix-pondicherry/location,/hotels/le-dupleix-pondicherry/contact,404,internal
/hotels/le-dupleix-pondicherry/amenities,/hotels/le-dupleix-pondicherry/contact,404,internal
/hotels/le-dupleix-pondicherry/legal,/hotels/le-dupleix-pondicherry/contact,404,internal
/hotels/le-dupleix-pondicherry/courtyard-restaurant-menu,/hotels/le-dupleix-pondicherry/contact,404,internal
/hotels/le-dupleix-pondicherry/explore-pondicherry,/hotels/le-dupleix-pondicherry/contact,404,internal
/hotels/le-lac-sarovar-ranchi/rooms,/hotels/le-lac-sarovar-ranchi/faqs,404,internal
/hotels/le-lac-sarovar-ranchi/dining,/hotels/le-lac-sarovar-ranchi/faqs,404,internal
/hotels/le-lac-sarovar-ranchi/banquets,/hotels/le-lac-sarovar-ranchi/faqs,404,internal
/hotels/le-lac-sarovar-ranchi/location,/hotels/le-lac-sarovar-ranchi/faqs,404,internal
/hotels/le-lac-sarovar-ranchi/amenities,/hotels/le-lac-sarovar-ranchi/faqs,404,internal
/hotels/le-lac-sarovar-ranchi/legal,/hotels/le-lac-sarovar-ranchi/faqs,404,internal
/hotels/le-lac-sarovar-ranchi/home-delivery,/hotels/le-lac-sarovar-ranchi/faqs,404,internal
/hotels/le-lac-sarovar-ranchi/meetings-events,/hotels/le-lac-sarovar-ranchi/faqs,404,internal
/hotels/le-lac-sarovar-ranchi/rooms,/hotels/le-lac-sarovar-ranchi/contact,404,internal
/hotels/le-lac-sarovar-ranchi/dining,/hotels/le-lac-sarovar-ranchi/contact,404,internal
/hotels/le-lac-sarovar-ranchi/banquets,/hotels/le-lac-sarovar-ranchi/contact,404,internal
/hotels/le-lac-sarovar-ranchi/location,/hotels/le-lac-sarovar-ranchi/contact,404,internal
/hotels/le-lac-sarovar-ranchi/amenities,/hotels/le-lac-sarovar-ranchi/contact,404,internal
/hotels/le-lac-sarovar-ranchi/legal,/hotels/le-lac-sarovar-ranchi/contact,404,internal
/hotels/le-lac-sarovar-ranchi/home-delivery,/hotels/le-lac-sarovar-ranchi/contact,404,internal
/hotels/le-lac-sarovar-ranchi/meetings-events,/hotels/le-lac-sarovar-ranchi/contact,404,internal
/hotels/madhuban-sarovar-portico-mussorie/rooms,/hotels/madhuban-sarovar-portico-mussorie/faqs,404,internal
/hotels/madhuban-sarovar-portico-mussorie/dining,/hotels/madhuban-sarovar-portico-mussorie/faqs,404,internal
/hotels/madhuban-sarovar-portico-mussorie/banquets,/hotels/madhuban-sarovar-portico-mussorie/faqs,404,internal
/hotels/madhuban-sarovar-portico-mussorie/location,/hotels/madhuban-sarovar-portico-mussorie/faqs,404,internal
/hotels/madhuban-sarovar-portico-mussorie/amenities,/hotels/madhuban-sarovar-portico-mussorie/faqs,404,internal
/hotels/madhuban-sarovar-portico-mussorie/rooms,/hotels/madhuban-sarovar-portico-mussorie/contact,404,internal
/hotels/madhuban-sarovar-portico-mussorie/dining,/hotels/madhuban-sarovar-portico-mussorie/contact,404,internal
/hotels/madhuban-sarovar-portico-mussorie/banquets,/hotels/madhuban-sarovar-portico-mussorie/contact,404,internal
/hotels/madhuban-sarovar-portico-mussorie/location,/hotels/madhuban-sarovar-portico-mussorie/contact,404,internal
/hotels/madhuban-sarovar-portico-mussorie/amenities,/hotels/madhuban-sarovar-portico-mussorie/contact,404,internal
/hotels/legend-sarovar-portico/rooms,/hotels/legend-sarovar-portico/faqs,404,internal
/hotels/legend-sarovar-portico/banquets,/hotels/legend-sarovar-portico/faqs,404,internal
/hotels/legend-sarovar-portico/dining,/hotels/legend-sarovar-portico/faqs,404,internal
/hotels/legend-sarovar-portico/location,/hotels/legend-sarovar-portico/faqs,404,internal
/hotels/legend-sarovar-portico/amenities,/hotels/legend-sarovar-portico/faqs,404,internal
/hotels/legend-sarovar-portico/legal,/hotels/legend-sarovar-portico/faqs,404,internal
/hotels/legend-sarovar-portico/meetings-events,/hotels/legend-sarovar-portico/faqs,404,internal
/hotels/legend-sarovar-portico/rooms,/hotels/legend-sarovar-portico/contact,404,internal
/hotels/legend-sarovar-portico/banquets,/hotels/legend-sarovar-portico/contact,404,internal
/hotels/legend-sarovar-portico/dining,/hotels/legend-sarovar-portico/contact,404,internal
/hotels/legend-sarovar-portico/location,/hotels/legend-sarovar-portico/contact,404,internal
/hotels/legend-sarovar-portico/amenities,/hotels/legend-sarovar-portico/contact,404,internal
/hotels/legend-sarovar-portico/legal,/hotels/legend-sarovar-portico/contact,404,internal
/hotels/legend-sarovar-portico/meetings-events,/hotels/legend-sarovar-portico/contact,404,internal
/hotels/mahagun-sarovar-portico-suites-vaishali/rooms,/hotels/mahagun-sarovar-portico-suites-vaishali/faqs,404,internal
/hotels/mahagun-sarovar-portico-suites-vaishali/dining,/hotels/mahagun-sarovar-portico-suites-vaishali/faqs,404,internal
/hotels/mahagun-sarovar-portico-suites-vaishali/banquets,/hotels/mahagun-sarovar-portico-suites-vaishali/faqs,404,internal
/hotels/mahagun-sarovar-portico-suites-vaishali/location,/hotels/mahagun-sarovar-portico-suites-vaishali/faqs,404,internal
/hotels/mahagun-sarovar-portico-suites-vaishali/amenities,/hotels/mahagun-sarovar-portico-suites-vaishali/faqs,404,internal
/hotels/mahagun-sarovar-portico-suites-vaishali/legal,/hotels/mahagun-sarovar-portico-suites-vaishali/faqs,404,internal
/hotels/mahagun-sarovar-portico-suites-vaishali/promotions,/hotels/mahagun-sarovar-portico-suites-vaishali/faqs,404,internal
/hotels/mahagun-sarovar-portico-suites-vaishali/rooms,/hotels/mahagun-sarovar-portico-suites-vaishali/contact,404,internal
/hotels/mahagun-sarovar-portico-suites-vaishali/dining,/hotels/mahagun-sarovar-portico-suites-vaishali/contact,404,internal
/hotels/mahagun-sarovar-portico-suites-vaishali/banquets,/hotels/mahagun-sarovar-portico-suites-vaishali/contact,404,internal
/hotels/mahagun-sarovar-portico-suites-vaishali/location,/hotels/mahagun-sarovar-portico-suites-vaishali/contact,404,internal
/hotels/mahagun-sarovar-portico-suites-vaishali/amenities,/hotels/mahagun-sarovar-portico-suites-vaishali/contact,404,internal
/hotels/mahagun-sarovar-portico-suites-vaishali/legal,/hotels/mahagun-sarovar-portico-suites-vaishali/contact,404,internal
/hotels/mahagun-sarovar-portico-suites-vaishali/promotions,/hotels/mahagun-sarovar-portico-suites-vaishali/contact,404,internal
/hotels/majestic-court-sarovar-portico-navi-mumbai/rooms,/hotels/majestic-court-sarovar-portico-navi-mumbai/faqs,404,internal
/hotels/majestic-court-sarovar-portico-navi-mumbai/dining,/hotels/majestic-court-sarovar-portico-navi-mumbai/faqs,404,internal
/hotels/majestic-court-sarovar-portico-navi-mumbai/banquets,/hotels/majestic-court-sarovar-portico-navi-mumbai/faqs,404,internal
/hotels/majestic-court-sarovar-portico-navi-mumbai/location,/hotels/majestic-court-sarovar-portico-navi-mumbai/faqs,404,internal
/hotels/majestic-court-sarovar-portico-navi-mumbai/amenities,/hotels/majestic-court-sarovar-portico-navi-mumbai/faqs,404,internal
/hotels/majestic-court-sarovar-portico-navi-mumbai/legal,/hotels/majestic-court-sarovar-portico-navi-mumbai/faqs,404,internal
/hotels/majestic-court-sarovar-portico-navi-mumbai/rooms,/hotels/majestic-court-sarovar-portico-navi-mumbai/contact,404,internal
/hotels/majestic-court-sarovar-portico-navi-mumbai/dining,/hotels/majestic-court-sarovar-portico-navi-mumbai/contact,404,internal
/hotels/majestic-court-sarovar-portico-navi-mumbai/banquets,/hotels/majestic-court-sarovar-portico-navi-mumbai/contact,404,internal
/hotels/majestic-court-sarovar-portico-navi-mumbai/location,/hotels/majestic-court-sarovar-portico-navi-mumbai/contact,404,internal
/hotels/majestic-court-sarovar-portico-navi-mumbai/amenities,/hotels/majestic-court-sarovar-portico-navi-mumbai/contact,404,internal
/hotels/majestic-court-sarovar-portico-navi-mumbai/legal,/hotels/majestic-court-sarovar-portico-navi-mumbai/contact,404,internal
/hotels/manjeera-international-convention-centre/rooms,/hotels/manjeera-international-convention-centre/amenities,404,internal
/hotels/manjeera-international-convention-centre/dining,/hotels/manjeera-international-convention-centre/amenities,404,internal
/hotels/manjeera-international-convention-centre/banquets,/hotels/manjeera-international-convention-centre/amenities,404,internal
/hotels/manjeera-international-convention-centre/location,/hotels/manjeera-international-convention-centre/amenities,404,internal
/hotels/manjeera-international-convention-centre/contact,/hotels/manjeera-international-convention-centre/amenities,404,internal
/hotels/manjeera-international-convention-centre/lawn,/hotels/manjeera-international-convention-centre/amenities,404,internal
/hotels/manjeera-international-convention-centre/ball-room-i,/hotels/manjeera-international-convention-centre/amenities,404,internal
/hotels/manjeera-international-convention-centre/meetings-and-events,/hotels/manjeera-international-convention-centre/amenities,404,internal
/hotels/manjeera-international-convention-centre/ball-room-ii,/hotels/manjeera-international-convention-centre/amenities,404,internal
/hotels/manjeera-international-convention-centre/ball-room-iii,/hotels/manjeera-international-convention-centre/amenities,404,internal
/hotels/manjeera-international-convention-centre/godavari-ii,/hotels/manjeera-international-convention-centre/amenities,404,internal
/hotels/manjeera-international-convention-centre/grand-ball-room,/hotels/manjeera-international-convention-centre/amenities,404,internal
/hotels/manjeera-international-convention-centre/godavari-i,/hotels/manjeera-international-convention-centre/amenities,404,internal
/hotels/manjeera-international-convention-centre/rooms,/hotels/manjeera-international-convention-centre/faqs,404,internal
/hotels/manjeera-international-convention-centre/dining,/hotels/manjeera-international-convention-centre/faqs,404,internal
/hotels/manjeera-international-convention-centre/banquets,/hotels/manjeera-international-convention-centre/faqs,404,internal
/hotels/manjeera-international-convention-centre/location,/hotels/manjeera-international-convention-centre/faqs,404,internal
/hotels/manjeera-international-convention-centre/contact,/hotels/manjeera-international-convention-centre/faqs,404,internal
/hotels/manjeera-international-convention-centre/lawn,/hotels/manjeera-international-convention-centre/faqs,404,internal
/hotels/manjeera-international-convention-centre/ball-room-i,/hotels/manjeera-international-convention-centre/faqs,404,internal
/hotels/manjeera-international-convention-centre/meetings-and-events,/hotels/manjeera-international-convention-centre/faqs,404,internal
/hotels/manjeera-international-convention-centre/ball-room-ii,/hotels/manjeera-international-convention-centre/faqs,404,internal
/hotels/manjeera-international-convention-centre/ball-room-iii,/hotels/manjeera-international-convention-centre/faqs,404,internal
/hotels/manjeera-international-convention-centre/godavari-ii,/hotels/manjeera-international-convention-centre/faqs,404,internal
/hotels/manjeera-international-convention-centre/grand-ball-room,/hotels/manjeera-international-convention-centre/faqs,404,internal
/hotels/manjeera-international-convention-centre/godavari-i,/hotels/manjeera-international-convention-centre/faqs,404,internal
/hotels/manjeera-sarovar-premiere-rajahmundry/rooms,/hotels/manjeera-sarovar-premiere-rajahmundry/faqs,404,internal
/hotels/manjeera-sarovar-premiere-rajahmundry/dining,/hotels/manjeera-sarovar-premiere-rajahmundry/faqs,404,internal
/hotels/manjeera-sarovar-premiere-rajahmundry/banquets,/hotels/manjeera-sarovar-premiere-rajahmundry/faqs,404,internal
/hotels/manjeera-sarovar-premiere-rajahmundry/location,/hotels/manjeera-sarovar-premiere-rajahmundry/faqs,404,internal
/hotels/manjeera-sarovar-premiere-rajahmundry/amenities,/hotels/manjeera-sarovar-premiere-rajahmundry/faqs,404,internal
/hotels/manjeera-sarovar-premiere-rajahmundry/jade-banquet-hall,/hotels/manjeera-sarovar-premiere-rajahmundry/faqs,404,internal
/hotels/manjeera-sarovar-premiere-rajahmundry/oval-banquet-hall,/hotels/manjeera-sarovar-premiere-rajahmundry/faqs,404,internal
/hotels/manjeera-sarovar-premiere-rajahmundry/ruby-banquet-hall,/hotels/manjeera-sarovar-premiere-rajahmundry/faqs,404,internal
/hotels/manjeera-sarovar-premiere-rajahmundry/banquet-halls,/hotels/manjeera-sarovar-premiere-rajahmundry/faqs,404,internal
/hotels/manjeera-sarovar-premiere-rajahmundry/convention-centres,/hotels/manjeera-sarovar-premiere-rajahmundry/faqs,404,internal
/hotels/manjeera-sarovar-premiere-rajahmundry/ball-room,/hotels/manjeera-sarovar-premiere-rajahmundry/faqs,404,internal
/hotels/manjeera-sarovar-premiere-rajahmundry/godavari-1,/hotels/manjeera-sarovar-premiere-rajahmundry/faqs,404,internal
/hotels/manjeera-sarovar-premiere-rajahmundry/godavari-2,/hotels/manjeera-sarovar-premiere-rajahmundry/faqs,404,internal
/hotels/manjeera-sarovar-premiere-rajahmundry/lawns,/hotels/manjeera-sarovar-premiere-rajahmundry/faqs,404,internal
/hotels/manjeera-sarovar-premiere-rajahmundry/rooms,/hotels/manjeera-sarovar-premiere-rajahmundry/contact,404,internal
/hotels/manjeera-sarovar-premiere-rajahmundry/dining,/hotels/manjeera-sarovar-premiere-rajahmundry/contact,404,internal
/hotels/manjeera-sarovar-premiere-rajahmundry/banquets,/hotels/manjeera-sarovar-premiere-rajahmundry/contact,404,internal
/hotels/manjeera-sarovar-premiere-rajahmundry/location,/hotels/manjeera-sarovar-premiere-rajahmundry/contact,404,internal
/hotels/manjeera-sarovar-premiere-rajahmundry/amenities,/hotels/manjeera-sarovar-premiere-rajahmundry/contact,404,internal
/hotels/manjeera-sarovar-premiere-rajahmundry/jade-banquet-hall,/hotels/manjeera-sarovar-premiere-rajahmundry/contact,404,internal
/hotels/manjeera-sarovar-premiere-rajahmundry/oval-banquet-hall,/hotels/manjeera-sarovar-premiere-rajahmundry/contact,404,internal
/hotels/manjeera-sarovar-premiere-rajahmundry/ruby-banquet-hall,/hotels/manjeera-sarovar-premiere-rajahmundry/contact,404,internal
/hotels/manjeera-sarovar-premiere-rajahmundry/banquet-halls,/hotels/manjeera-sarovar-premiere-rajahmundry/contact,404,internal
/hotels/manjeera-sarovar-premiere-rajahmundry/convention-centres,/hotels/manjeera-sarovar-premiere-rajahmundry/contact,404,internal
/hotels/manjeera-sarovar-premiere-rajahmundry/ball-room,/hotels/manjeera-sarovar-premiere-rajahmundry/contact,404,internal
/hotels/manjeera-sarovar-premiere-rajahmundry/godavari-1,/hotels/manjeera-sarovar-premiere-rajahmundry/contact,404,internal
/hotels/manjeera-sarovar-premiere-rajahmundry/godavari-2,/hotels/manjeera-sarovar-premiere-rajahmundry/contact,404,internal
/hotels/manjeera-sarovar-premiere-rajahmundry/lawns,/hotels/manjeera-sarovar-premiere-rajahmundry/contact,404,internal
/hotels/marasa-sarovar-portico-rajkot/dining,/hotels/marasa-sarovar-portico-rajkot/faqs,404,internal
/hotels/marasa-sarovar-portico-rajkot/rooms,/hotels/marasa-sarovar-portico-rajkot/faqs,404,internal
/hotels/marasa-sarovar-portico-rajkot/banquets,/hotels/marasa-sarovar-portico-rajkot/faqs,404,internal
/hotels/marasa-sarovar-portico-rajkot/location,/hotels/marasa-sarovar-portico-rajkot/faqs,404,internal
/hotels/marasa-sarovar-portico-rajkot/amenities,/hotels/marasa-sarovar-portico-rajkot/faqs,404,internal
/hotels/marasa-sarovar-portico-rajkot/legal,/hotels/marasa-sarovar-portico-rajkot/faqs,404,internal
/hotels/marasa-sarovar-portico-rajkot/meetings-events,/hotels/marasa-sarovar-portico-rajkot/faqs,404,internal
/hotels/marasa-sarovar-portico-rajkot/dining,/hotels/marasa-sarovar-portico-rajkot/contact,404,internal
/hotels/marasa-sarovar-portico-rajkot/rooms,/hotels/marasa-sarovar-portico-rajkot/contact,404,internal
/hotels/marasa-sarovar-portico-rajkot/banquets,/hotels/marasa-sarovar-portico-rajkot/contact,404,internal
/hotels/marasa-sarovar-portico-rajkot/location,/hotels/marasa-sarovar-portico-rajkot/contact,404,internal
/hotels/marasa-sarovar-portico-rajkot/amenities,/hotels/marasa-sarovar-portico-rajkot/contact,404,internal
/hotels/marasa-sarovar-portico-rajkot/legal,/hotels/marasa-sarovar-portico-rajkot/contact,404,internal
/hotels/marasa-sarovar-portico-rajkot/meetings-events,/hotels/marasa-sarovar-portico-rajkot/contact,404,internal
/hotels/marasa-sarovar-premiere-bodhgaya/dining,/hotels/marasa-sarovar-premiere-bodhgaya/faqs,404,internal
/hotels/marasa-sarovar-premiere-bodhgaya/rooms,/hotels/marasa-sarovar-premiere-bodhgaya/faqs,404,internal
/hotels/marasa-sarovar-premiere-bodhgaya/banquets,/hotels/marasa-sarovar-premiere-bodhgaya/faqs,404,internal
/hotels/marasa-sarovar-premiere-bodhgaya/location,/hotels/marasa-sarovar-premiere-bodhgaya/faqs,404,internal
/hotels/marasa-sarovar-premiere-bodhgaya/amenities,/hotels/marasa-sarovar-premiere-bodhgaya/faqs,404,internal
/hotels/marasa-sarovar-premiere-bodhgaya/legal,/hotels/marasa-sarovar-premiere-bodhgaya/faqs,404,internal
/hotels/marasa-sarovar-premiere-bodhgaya/wellness,/hotels/marasa-sarovar-premiere-bodhgaya/faqs,404,internal
/hotels/marasa-sarovar-premiere-bodhgaya/banquet-and-meeting-hall,/hotels/marasa-sarovar-premiere-bodhgaya/faqs,404,internal
/hotels/marasa-sarovar-premiere-bodhgaya/fusion-of-self-realization,/hotels/marasa-sarovar-premiere-bodhgaya/faqs,404,internal
/hotels/marasa-sarovar-premiere-bodhgaya/a-journey-of-spiritual-awakening,/hotels/marasa-sarovar-premiere-bodhgaya/faqs,404,internal
/hotels/marasa-sarovar-premiere-bodhgaya/deep-tissue-experience,/hotels/marasa-sarovar-premiere-bodhgaya/faqs,404,internal
/hotels/marasa-sarovar-premiere-bodhgaya/indian-fusion-head-massage,/hotels/marasa-sarovar-premiere-bodhgaya/faqs,404,internal
/hotels/marasa-sarovar-premiere-bodhgaya/holistic-aromatic-journey,/hotels/marasa-sarovar-premiere-bodhgaya/faqs,404,internal
/hotels/marasa-sarovar-premiere-bodhgaya/peace,/hotels/marasa-sarovar-premiere-bodhgaya/faqs,404,internal
/hotels/marasa-sarovar-premiere-bodhgaya/reflexology,/hotels/marasa-sarovar-premiere-bodhgaya/faqs,404,internal
/hotels/marasa-sarovar-premiere-bodhgaya/tibetan-massage,/hotels/marasa-sarovar-premiere-bodhgaya/faqs,404,internal
/hotels/marasa-sarovar-premiere-bodhgaya/bhumispasha-clay-envelopment,/hotels/marasa-sarovar-premiere-bodhgaya/faqs,404,internal
/hotels/marasa-sarovar-premiere-bodhgaya/the-cocoon,/hotels/marasa-sarovar-premiere-bodhgaya/faqs,404,internal
/hotels/marasa-sarovar-premiere-bodhgaya/peace-and-tranquility,/hotels/marasa-sarovar-premiere-bodhgaya/faqs,404,internal
/hotels/marasa-sarovar-premiere-bodhgaya/seabuckthorn-balance,/hotels/marasa-sarovar-premiere-bodhgaya/faqs,404,internal
/hotels/marasa-sarovar-premiere-bodhgaya/pollution-rescue,/hotels/marasa-sarovar-premiere-bodhgaya/faqs,404,internal
/hotels/marasa-sarovar-premiere-bodhgaya/spiritual-mist,/hotels/marasa-sarovar-premiere-bodhgaya/faqs,404,internal
/hotels/marasa-sarovar-premiere-bodhgaya/meditatio-japa-japa,/hotels/marasa-sarovar-premiere-bodhgaya/faqs,404,internal
/hotels/marasa-sarovar-premiere-bodhgaya/meditatio-ntar-mouna,/hotels/marasa-sarovar-premiere-bodhgaya/faqs,404,internal
/hotels/marasa-sarovar-premiere-bodhgaya/chakra-shuddhi,/hotels/marasa-sarovar-premiere-bodhgaya/faqs,404,internal
/hotels/marasa-sarovar-premiere-bodhgaya/chidakasha-dharana,/hotels/marasa-sarovar-premiere-bodhgaya/faqs,404,internal
/hotels/marasa-sarovar-premiere-bodhgaya/trataka-candle-meditation,/hotels/marasa-sarovar-premiere-bodhgaya/faqs,404,internal
/hotels/marasa-sarovar-premiere-bodhgaya/tibetan-chantsbuddhist-chants,/hotels/marasa-sarovar-premiere-bodhgaya/faqs,404,internal
/hotels/marasa-sarovar-premiere-bodhgaya/hridayakasha-dharana,/hotels/marasa-sarovar-premiere-bodhgaya/faqs,404,internal
/hotels/marasa-sarovar-premiere-bodhgaya/yoga-nidra,/hotels/marasa-sarovar-premiere-bodhgaya/faqs,404,internal
/hotels/marasa-sarovar-premiere-bodhgaya/jal-neti,/hotels/marasa-sarovar-premiere-bodhgaya/faqs,404,internal
/hotels/marasa-sarovar-premiere-bodhgaya/himalayan-salt-scrub,/hotels/marasa-sarovar-premiere-bodhgaya/faqs,404,internal
/hotels/marasa-sarovar-premiere-bodhgaya/kunjal-kriya,/hotels/marasa-sarovar-premiere-bodhgaya/faqs,404,internal
/hotels/marasa-sarovar-premiere-bodhgaya/tibetan-tsampa-body-scrub,/hotels/marasa-sarovar-premiere-bodhgaya/faqs,404,internal
/hotels/marasa-sarovar-premiere-bodhgaya/advanced-pranayama-with-bandhas,/hotels/marasa-sarovar-premiere-bodhgaya/faqs,404,internal
/hotels/marasa-sarovar-premiere-bodhgaya/gatyatmak-yoga,/hotels/marasa-sarovar-premiere-bodhgaya/faqs,404,internal
/hotels/marasa-sarovar-premiere-bodhgaya/hatha-yoga,/hotels/marasa-sarovar-premiere-bodhgaya/faqs,404,internal
/hotels/marasa-sarovar-premiere-bodhgaya/kriya-yoga,/hotels/marasa-sarovar-premiere-bodhgaya/faqs,404,internal
/hotels/marasa-sarovar-premiere-bodhgaya/panayama,/hotels/marasa-sarovar-premiere-bodhgaya/faqs,404,internal
/hotels/marasa-sarovar-premiere-bodhgaya/blogs,/hotels/marasa-sarovar-premiere-bodhgaya/faqs,404,internal
/hotels/marasa-sarovar-premiere-bodhgaya/bodh-gaya-seeking-nirvana,/hotels/marasa-sarovar-premiere-bodhgaya/faqs,404,internal
/hotels/marasa-sarovar-premiere-bodhgaya/luxury-and-spirituality-at-marasa-sarovar-premiere,/hotels/marasa-sarovar-premiere-bodhgaya/faqs,404,internal
/hotels/marasa-sarovar-premiere-bodhgaya/indias-best-50-new-hotels-digest---outlook-traveller,/hotels/marasa-sarovar-premiere-bodhgaya/faqs,404,internal
/hotels/marasa-sarovar-premiere-bodhgaya/marasa-sarovar-bodh-gaya-a-sanctuary-of-spiritual-enlightenment,/hotels/marasa-sarovar-premiere-bodhgaya/faqs,404,internal
/hotels/marasa-sarovar-premiere-bodhgaya/more-hnis-family-offices-checking-into-hotels-business,/hotels/marasa-sarovar-premiere-bodhgaya/faqs,404,internal
/hotels/marasa-sarovar-premiere-bodhgaya/southeast-asia-building-coverage-for-marasa-sarovar-premiere,/hotels/marasa-sarovar-premiere-bodhgaya/faqs,404,internal
/hotels/marasa-sarovar-premiere-bodhgaya/must-visit-tourist-places-in-bodh-gaya,/hotels/marasa-sarovar-premiere-bodhgaya/faqs,404,internal
/hotels/marasa-sarovar-premiere-bodhgaya/dining,/hotels/marasa-sarovar-premiere-bodhgaya/contact,404,internal
/hotels/marasa-sarovar-premiere-bodhgaya/rooms,/hotels/marasa-sarovar-premiere-bodhgaya/contact,404,internal
/hotels/marasa-sarovar-premiere-bodhgaya/banquets,/hotels/marasa-sarovar-premiere-bodhgaya/contact,404,internal
/hotels/marasa-sarovar-premiere-bodhgaya/location,/hotels/marasa-sarovar-premiere-bodhgaya/contact,404,internal
/hotels/marasa-sarovar-premiere-bodhgaya/amenities,/hotels/marasa-sarovar-premiere-bodhgaya/contact,404,internal
/hotels/marasa-sarovar-premiere-bodhgaya/legal,/hotels/marasa-sarovar-premiere-bodhgaya/contact,404,internal
/hotels/marasa-sarovar-premiere-bodhgaya/wellness,/hotels/marasa-sarovar-premiere-bodhgaya/contact,404,internal
/hotels/marasa-sarovar-premiere-bodhgaya/banquet-and-meeting-hall,/hotels/marasa-sarovar-premiere-bodhgaya/contact,404,internal
/hotels/marasa-sarovar-premiere-bodhgaya/fusion-of-self-realization,/hotels/marasa-sarovar-premiere-bodhgaya/contact,404,internal
/hotels/marasa-sarovar-premiere-bodhgaya/a-journey-of-spiritual-awakening,/hotels/marasa-sarovar-premiere-bodhgaya/contact,404,internal
/hotels/marasa-sarovar-premiere-bodhgaya/deep-tissue-experience,/hotels/marasa-sarovar-premiere-bodhgaya/contact,404,internal
/hotels/marasa-sarovar-premiere-bodhgaya/indian-fusion-head-massage,/hotels/marasa-sarovar-premiere-bodhgaya/contact,404,internal
/hotels/marasa-sarovar-premiere-bodhgaya/holistic-aromatic-journey,/hotels/marasa-sarovar-premiere-bodhgaya/contact,404,internal
/hotels/marasa-sarovar-premiere-bodhgaya/peace,/hotels/marasa-sarovar-premiere-bodhgaya/contact,404,internal
/hotels/marasa-sarovar-premiere-bodhgaya/reflexology,/hotels/marasa-sarovar-premiere-bodhgaya/contact,404,internal
/hotels/marasa-sarovar-premiere-bodhgaya/tibetan-massage,/hotels/marasa-sarovar-premiere-bodhgaya/contact,404,internal
/hotels/marasa-sarovar-premiere-bodhgaya/bhumispasha-clay-envelopment,/hotels/marasa-sarovar-premiere-bodhgaya/contact,404,internal
/hotels/marasa-sarovar-premiere-bodhgaya/the-cocoon,/hotels/marasa-sarovar-premiere-bodhgaya/contact,404,internal
/hotels/marasa-sarovar-premiere-bodhgaya/peace-and-tranquility,/hotels/marasa-sarovar-premiere-bodhgaya/contact,404,internal
/hotels/marasa-sarovar-premiere-bodhgaya/seabuckthorn-balance,/hotels/marasa-sarovar-premiere-bodhgaya/contact,404,internal
/hotels/marasa-sarovar-premiere-bodhgaya/pollution-rescue,/hotels/marasa-sarovar-premiere-bodhgaya/contact,404,internal
/hotels/marasa-sarovar-premiere-bodhgaya/spiritual-mist,/hotels/marasa-sarovar-premiere-bodhgaya/contact,404,internal
/hotels/marasa-sarovar-premiere-bodhgaya/meditatio-japa-japa,/hotels/marasa-sarovar-premiere-bodhgaya/contact,404,internal
/hotels/marasa-sarovar-premiere-bodhgaya/meditatio-ntar-mouna,/hotels/marasa-sarovar-premiere-bodhgaya/contact,404,internal
/hotels/marasa-sarovar-premiere-bodhgaya/chakra-shuddhi,/hotels/marasa-sarovar-premiere-bodhgaya/contact,404,internal
/hotels/marasa-sarovar-premiere-bodhgaya/chidakasha-dharana,/hotels/marasa-sarovar-premiere-bodhgaya/contact,404,internal
/hotels/marasa-sarovar-premiere-bodhgaya/trataka-candle-meditation,/hotels/marasa-sarovar-premiere-bodhgaya/contact,404,internal
/hotels/marasa-sarovar-premiere-bodhgaya/tibetan-chantsbuddhist-chants,/hotels/marasa-sarovar-premiere-bodhgaya/contact,404,internal
/hotels/marasa-sarovar-premiere-bodhgaya/hridayakasha-dharana,/hotels/marasa-sarovar-premiere-bodhgaya/contact,404,internal
/hotels/marasa-sarovar-premiere-bodhgaya/yoga-nidra,/hotels/marasa-sarovar-premiere-bodhgaya/contact,404,internal
/hotels/marasa-sarovar-premiere-bodhgaya/jal-neti,/hotels/marasa-sarovar-premiere-bodhgaya/contact,404,internal
/hotels/marasa-sarovar-premiere-bodhgaya/himalayan-salt-scrub,/hotels/marasa-sarovar-premiere-bodhgaya/contact,404,internal
/hotels/marasa-sarovar-premiere-bodhgaya/kunjal-kriya,/hotels/marasa-sarovar-premiere-bodhgaya/contact,404,internal
/hotels/marasa-sarovar-premiere-bodhgaya/tibetan-tsampa-body-scrub,/hotels/marasa-sarovar-premiere-bodhgaya/contact,404,internal
/hotels/marasa-sarovar-premiere-bodhgaya/advanced-pranayama-with-bandhas,/hotels/marasa-sarovar-premiere-bodhgaya/contact,404,internal
/hotels/marasa-sarovar-premiere-bodhgaya/gatyatmak-yoga,/hotels/marasa-sarovar-premiere-bodhgaya/contact,404,internal
/hotels/marasa-sarovar-premiere-bodhgaya/hatha-yoga,/hotels/marasa-sarovar-premiere-bodhgaya/contact,404,internal
/hotels/marasa-sarovar-premiere-bodhgaya/kriya-yoga,/hotels/marasa-sarovar-premiere-bodhgaya/contact,404,internal
/hotels/marasa-sarovar-premiere-bodhgaya/panayama,/hotels/marasa-sarovar-premiere-bodhgaya/contact,404,internal
/hotels/marasa-sarovar-premiere-bodhgaya/blogs,/hotels/marasa-sarovar-premiere-bodhgaya/contact,404,internal
/hotels/marasa-sarovar-premiere-bodhgaya/bodh-gaya-seeking-nirvana,/hotels/marasa-sarovar-premiere-bodhgaya/contact,404,internal
/hotels/marasa-sarovar-premiere-bodhgaya/luxury-and-spirituality-at-marasa-sarovar-premiere,/hotels/marasa-sarovar-premiere-bodhgaya/contact,404,internal
/hotels/marasa-sarovar-premiere-bodhgaya/indias-best-50-new-hotels-digest---outlook-traveller,/hotels/marasa-sarovar-premiere-bodhgaya/contact,404,internal
/hotels/marasa-sarovar-premiere-bodhgaya/marasa-sarovar-bodh-gaya-a-sanctuary-of-spiritual-enlightenment,/hotels/marasa-sarovar-premiere-bodhgaya/contact,404,internal
/hotels/marasa-sarovar-premiere-bodhgaya/more-hnis-family-offices-checking-into-hotels-business,/hotels/marasa-sarovar-premiere-bodhgaya/contact,404,internal
/hotels/marasa-sarovar-premiere-bodhgaya/southeast-asia-building-coverage-for-marasa-sarovar-premiere,/hotels/marasa-sarovar-premiere-bodhgaya/contact,404,internal
/hotels/marasa-sarovar-premiere-bodhgaya/must-visit-tourist-places-in-bodh-gaya,/hotels/marasa-sarovar-premiere-bodhgaya/contact,404,internal
/hotels/marasa-sarovar-premiere-tirupati-hotels/rooms,/hotels/marasa-sarovar-premiere-tirupati-hotels/faqs,404,internal
/hotels/marasa-sarovar-premiere-tirupati-hotels/dining,/hotels/marasa-sarovar-premiere-tirupati-hotels/faqs,404,internal
/hotels/marasa-sarovar-premiere-tirupati-hotels/banquets,/hotels/marasa-sarovar-premiere-tirupati-hotels/faqs,404,internal
/hotels/marasa-sarovar-premiere-tirupati-hotels/location,/hotels/marasa-sarovar-premiere-tirupati-hotels/faqs,404,internal
/hotels/marasa-sarovar-premiere-tirupati-hotels/amenities,/hotels/marasa-sarovar-premiere-tirupati-hotels/faqs,404,internal
/hotels/marasa-sarovar-premiere-tirupati-hotels/legal,/hotels/marasa-sarovar-premiere-tirupati-hotels/faqs,404,internal
/hotels/marasa-sarovar-premiere-tirupati-hotels/wellness,/hotels/marasa-sarovar-premiere-tirupati-hotels/faqs,404,internal
/hotels/marasa-sarovar-premiere-tirupati-hotels/promotions,/hotels/marasa-sarovar-premiere-tirupati-hotels/faqs,404,internal
/hotels/marasa-sarovar-premiere-tirupati-hotels/experience,/hotels/marasa-sarovar-premiere-tirupati-hotels/faqs,404,internal
/hotels/marasa-sarovar-premiere-tirupati-hotels/rooms,/hotels/marasa-sarovar-premiere-tirupati-hotels/contact,404,internal
/hotels/marasa-sarovar-premiere-tirupati-hotels/dining,/hotels/marasa-sarovar-premiere-tirupati-hotels/contact,404,internal
/hotels/marasa-sarovar-premiere-tirupati-hotels/banquets,/hotels/marasa-sarovar-premiere-tirupati-hotels/contact,404,internal
/hotels/marasa-sarovar-premiere-tirupati-hotels/location,/hotels/marasa-sarovar-premiere-tirupati-hotels/contact,404,internal
/hotels/marasa-sarovar-premiere-tirupati-hotels/amenities,/hotels/marasa-sarovar-premiere-tirupati-hotels/contact,404,internal
/hotels/marasa-sarovar-premiere-tirupati-hotels/legal,/hotels/marasa-sarovar-premiere-tirupati-hotels/contact,404,internal
/hotels/marasa-sarovar-premiere-tirupati-hotels/wellness,/hotels/marasa-sarovar-premiere-tirupati-hotels/contact,404,internal
/hotels/marasa-sarovar-premiere-tirupati-hotels/promotions,/hotels/marasa-sarovar-premiere-tirupati-hotels/contact,404,internal
/hotels/marasa-sarovar-premiere-tirupati-hotels/experience,/hotels/marasa-sarovar-premiere-tirupati-hotels/contact,404,internal
/hotels/mj-sarovar-portico-haridwar/rooms,/hotels/mj-sarovar-portico-haridwar/faqs,404,internal
/hotels/mj-sarovar-portico-haridwar/dining,/hotels/mj-sarovar-portico-haridwar/faqs,404,internal
/hotels/mj-sarovar-portico-haridwar/banquets,/hotels/mj-sarovar-portico-haridwar/faqs,404,internal
/hotels/mj-sarovar-portico-haridwar/location,/hotels/mj-sarovar-portico-haridwar/faqs,404,internal
/hotels/mj-sarovar-portico-haridwar/amenities,/hotels/mj-sarovar-portico-haridwar/faqs,404,internal
/hotels/mj-sarovar-portico-haridwar/explore-haridwar,/hotels/mj-sarovar-portico-haridwar/faqs,404,internal
/hotels/mj-sarovar-portico-haridwar/rooms,/hotels/mj-sarovar-portico-haridwar/contact,404,internal
/hotels/mj-sarovar-portico-haridwar/dining,/hotels/mj-sarovar-portico-haridwar/contact,404,internal
/hotels/mj-sarovar-portico-haridwar/banquets,/hotels/mj-sarovar-portico-haridwar/contact,404,internal
/hotels/mj-sarovar-portico-haridwar/location,/hotels/mj-sarovar-portico-haridwar/contact,404,internal
/hotels/mj-sarovar-portico-haridwar/amenities,/hotels/mj-sarovar-portico-haridwar/contact,404,internal
/hotels/mj-sarovar-portico-haridwar/explore-haridwar,/hotels/mj-sarovar-portico-haridwar/contact,404,internal
/hotels/marine-plaza-mumbai/rooms,/hotels/marine-plaza-mumbai/faqs,404,internal
/hotels/marine-plaza-mumbai/dining,/hotels/marine-plaza-mumbai/faqs,404,internal
/hotels/marine-plaza-mumbai/banquets,/hotels/marine-plaza-mumbai/faqs,404,internal
/hotels/marine-plaza-mumbai/location,/hotels/marine-plaza-mumbai/faqs,404,internal
/hotels/marine-plaza-mumbai/amenities,/hotels/marine-plaza-mumbai/faqs,404,internal
/hotels/marine-plaza-mumbai/legal,/hotels/marine-plaza-mumbai/faqs,404,internal
/hotels/marine-plaza-mumbai/rooms,/hotels/marine-plaza-mumbai/contact,404,internal
/hotels/marine-plaza-mumbai/dining,/hotels/marine-plaza-mumbai/contact,404,internal
/hotels/marine-plaza-mumbai/banquets,/hotels/marine-plaza-mumbai/contact,404,internal
/hotels/marine-plaza-mumbai/location,/hotels/marine-plaza-mumbai/contact,404,internal
/hotels/marine-plaza-mumbai/amenities,/hotels/marine-plaza-mumbai/contact,404,internal
/hotels/marine-plaza-mumbai/legal,/hotels/marine-plaza-mumbai/contact,404,internal
/hotels/mountnoor-sarovar-premiere-pahalgam/rooms,/hotels/mountnoor-sarovar-premiere-pahalgam/contact,404,internal
/hotels/mountnoor-sarovar-premiere-pahalgam/dining,/hotels/mountnoor-sarovar-premiere-pahalgam/contact,404,internal
/hotels/mountnoor-sarovar-premiere-pahalgam/banquets,/hotels/mountnoor-sarovar-premiere-pahalgam/contact,404,internal
/hotels/mountnoor-sarovar-premiere-pahalgam/location,/hotels/mountnoor-sarovar-premiere-pahalgam/contact,404,internal
/hotels/mountnoor-sarovar-premiere-pahalgam/amenities,/hotels/mountnoor-sarovar-premiere-pahalgam/contact,404,internal
/hotels/mountnoor-sarovar-premiere-pahalgam/faqs,/hotels/mountnoor-sarovar-premiere-pahalgam/contact,404,internal
/hotels/mountnoor-sarovar-premiere-pahalgam/explore-pahalgam,/hotels/mountnoor-sarovar-premiere-pahalgam/contact,404,internal
/hotels/mukundra-sarovar-premiere-kota/dining,/hotels/mukundra-sarovar-premiere-kota/contact,404,internal
/hotels/mukundra-sarovar-premiere-kota/rooms,/hotels/mukundra-sarovar-premiere-kota/contact,404,internal
/hotels/mukundra-sarovar-premiere-kota/banquets,/hotels/mukundra-sarovar-premiere-kota/contact,404,internal
/hotels/mukundra-sarovar-premiere-kota/location,/hotels/mukundra-sarovar-premiere-kota/contact,404,internal
/hotels/mukundra-sarovar-premiere-kota/amenities,/hotels/mukundra-sarovar-premiere-kota/contact,404,internal
/hotels/mukundra-sarovar-premiere-kota/faqs,/hotels/mukundra-sarovar-premiere-kota/contact,404,internal
/hotels/mukundra-sarovar-premiere-kota/explore-kota,/hotels/mukundra-sarovar-premiere-kota/contact,404,internal
/hotels/nataraj-sarovar-portico-jhansi/rooms,/hotels/nataraj-sarovar-portico-jhansi/faqs,404,internal
/hotels/nataraj-sarovar-portico-jhansi/dining,/hotels/nataraj-sarovar-portico-jhansi/faqs,404,internal
/hotels/nataraj-sarovar-portico-jhansi/banquets,/hotels/nataraj-sarovar-portico-jhansi/faqs,404,internal
/hotels/nataraj-sarovar-portico-jhansi/location,/hotels/nataraj-sarovar-portico-jhansi/faqs,404,internal
/hotels/nataraj-sarovar-portico-jhansi/amenities,/hotels/nataraj-sarovar-portico-jhansi/faqs,404,internal
/hotels/nataraj-sarovar-portico-jhansi/legal,/hotels/nataraj-sarovar-portico-jhansi/faqs,404,internal
/hotels/nataraj-sarovar-portico-jhansi/meetings-events,/hotels/nataraj-sarovar-portico-jhansi/faqs,404,internal
/hotels/nataraj-sarovar-portico-jhansi/rooms,/hotels/nataraj-sarovar-portico-jhansi/contact,404,internal
/hotels/nataraj-sarovar-portico-jhansi/dining,/hotels/nataraj-sarovar-portico-jhansi/contact,404,internal
/hotels/nataraj-sarovar-portico-jhansi/banquets,/hotels/nataraj-sarovar-portico-jhansi/contact,404,internal
/hotels/nataraj-sarovar-portico-jhansi/location,/hotels/nataraj-sarovar-portico-jhansi/contact,404,internal
/hotels/nataraj-sarovar-portico-jhansi/amenities,/hotels/nataraj-sarovar-portico-jhansi/contact,404,internal
/hotels/nataraj-sarovar-portico-jhansi/legal,/hotels/nataraj-sarovar-portico-jhansi/contact,404,internal
/hotels/nataraj-sarovar-portico-jhansi/meetings-events,/hotels/nataraj-sarovar-portico-jhansi/contact,404,internal
/hotels/naturevilas-portico-manali/dining,/hotels/naturevilas-portico-manali/faqs,404,internal
/hotels/naturevilas-portico-manali/rooms,/hotels/naturevilas-portico-manali/faqs,404,internal
/hotels/naturevilas-portico-manali/banquets,/hotels/naturevilas-portico-manali/faqs,404,internal
/hotels/naturevilas-portico-manali/location,/hotels/naturevilas-portico-manali/faqs,404,internal
/hotels/naturevilas-portico-manali/amenities,/hotels/naturevilas-portico-manali/faqs,404,internal
/hotels/naturevilas-portico-manali/dining,/hotels/naturevilas-portico-manali/contact,404,internal
/hotels/naturevilas-portico-manali/rooms,/hotels/naturevilas-portico-manali/contact,404,internal
/hotels/naturevilas-portico-manali/banquets,/hotels/naturevilas-portico-manali/contact,404,internal
/hotels/naturevilas-portico-manali/location,/hotels/naturevilas-portico-manali/contact,404,internal
/hotels/naturevilas-portico-manali/amenities,/hotels/naturevilas-portico-manali/contact,404,internal
/hotels/nirvana-sarovar-portico-gorakhpur/rooms,/hotels/nirvana-sarovar-portico-gorakhpur/faqs,404,internal
/hotels/nirvana-sarovar-portico-gorakhpur/dining,/hotels/nirvana-sarovar-portico-gorakhpur/faqs,404,internal
/hotels/nirvana-sarovar-portico-gorakhpur/banquets,/hotels/nirvana-sarovar-portico-gorakhpur/faqs,404,internal
/hotels/nirvana-sarovar-portico-gorakhpur/location,/hotels/nirvana-sarovar-portico-gorakhpur/faqs,404,internal
/hotels/nirvana-sarovar-portico-gorakhpur/amenities,/hotels/nirvana-sarovar-portico-gorakhpur/faqs,404,internal
/hotels/nirvana-sarovar-portico-gorakhpur/legal,/hotels/nirvana-sarovar-portico-gorakhpur/faqs,404,internal
/hotels/nirvana-sarovar-portico-gorakhpur/home-delivery,/hotels/nirvana-sarovar-portico-gorakhpur/faqs,404,internal
/hotels/nirvana-sarovar-portico-gorakhpur/promotions,/hotels/nirvana-sarovar-portico-gorakhpur/faqs,404,internal
/hotels/nirvana-sarovar-portico-gorakhpur/meetings-events,/hotels/nirvana-sarovar-portico-gorakhpur/faqs,404,internal
/hotels/nirvana-sarovar-portico-gorakhpur/rooms,/hotels/nirvana-sarovar-portico-gorakhpur/contact,404,internal
/hotels/nirvana-sarovar-portico-gorakhpur/dining,/hotels/nirvana-sarovar-portico-gorakhpur/contact,404,internal
/hotels/nirvana-sarovar-portico-gorakhpur/banquets,/hotels/nirvana-sarovar-portico-gorakhpur/contact,404,internal
/hotels/nirvana-sarovar-portico-gorakhpur/location,/hotels/nirvana-sarovar-portico-gorakhpur/contact,404,internal
/hotels/nirvana-sarovar-portico-gorakhpur/amenities,/hotels/nirvana-sarovar-portico-gorakhpur/contact,404,internal
/hotels/nirvana-sarovar-portico-gorakhpur/legal,/hotels/nirvana-sarovar-portico-gorakhpur/contact,404,internal
/hotels/nirvana-sarovar-portico-gorakhpur/home-delivery,/hotels/nirvana-sarovar-portico-gorakhpur/contact,404,internal
/hotels/nirvana-sarovar-portico-gorakhpur/promotions,/hotels/nirvana-sarovar-portico-gorakhpur/contact,404,internal
/hotels/nirvana-sarovar-portico-gorakhpur/meetings-events,/hotels/nirvana-sarovar-portico-gorakhpur/contact,404,internal
/hotels/neelkanth-sarovar-premiere-lusaka/rooms,/hotels/neelkanth-sarovar-premiere-lusaka/faqs,404,internal
/hotels/neelkanth-sarovar-premiere-lusaka/dining,/hotels/neelkanth-sarovar-premiere-lusaka/faqs,404,internal
/hotels/neelkanth-sarovar-premiere-lusaka/banquets,/hotels/neelkanth-sarovar-premiere-lusaka/faqs,404,internal
/hotels/neelkanth-sarovar-premiere-lusaka/location,/hotels/neelkanth-sarovar-premiere-lusaka/faqs,404,internal
/hotels/neelkanth-sarovar-premiere-lusaka/amenities,/hotels/neelkanth-sarovar-premiere-lusaka/faqs,404,internal
/hotels/neelkanth-sarovar-premiere-lusaka/legal,/hotels/neelkanth-sarovar-premiere-lusaka/faqs,404,internal
/hotels/neelkanth-sarovar-premiere-lusaka/rooms,/hotels/neelkanth-sarovar-premiere-lusaka/contact,404,internal
/hotels/neelkanth-sarovar-premiere-lusaka/dining,/hotels/neelkanth-sarovar-premiere-lusaka/contact,404,internal
/hotels/neelkanth-sarovar-premiere-lusaka/banquets,/hotels/neelkanth-sarovar-premiere-lusaka/contact,404,internal
/hotels/neelkanth-sarovar-premiere-lusaka/location,/hotels/neelkanth-sarovar-premiere-lusaka/contact,404,internal
/hotels/neelkanth-sarovar-premiere-lusaka/amenities,/hotels/neelkanth-sarovar-premiere-lusaka/contact,404,internal
/hotels/neelkanth-sarovar-premiere-lusaka/legal,/hotels/neelkanth-sarovar-premiere-lusaka/contact,404,internal
/hotels/nirwana-hometel-jaipur-sarovar/rooms,/hotels/nirwana-hometel-jaipur-sarovar/faqs,404,internal
/hotels/nirwana-hometel-jaipur-sarovar/dining,/hotels/nirwana-hometel-jaipur-sarovar/faqs,404,internal
/hotels/nirwana-hometel-jaipur-sarovar/banquets,/hotels/nirwana-hometel-jaipur-sarovar/faqs,404,internal
/hotels/nirwana-hometel-jaipur-sarovar/location,/hotels/nirwana-hometel-jaipur-sarovar/faqs,404,internal
/hotels/nirwana-hometel-jaipur-sarovar/amenities,/hotels/nirwana-hometel-jaipur-sarovar/faqs,404,internal
/hotels/nirwana-hometel-jaipur-sarovar/legal,/hotels/nirwana-hometel-jaipur-sarovar/faqs,404,internal
/hotels/nirwana-hometel-jaipur-sarovar/rooms,/hotels/nirwana-hometel-jaipur-sarovar/contact,404,internal
/hotels/nirwana-hometel-jaipur-sarovar/dining,/hotels/nirwana-hometel-jaipur-sarovar/contact,404,internal
/hotels/nirwana-hometel-jaipur-sarovar/banquets,/hotels/nirwana-hometel-jaipur-sarovar/contact,404,internal
/hotels/nirwana-hometel-jaipur-sarovar/location,/hotels/nirwana-hometel-jaipur-sarovar/contact,404,internal
/hotels/nirwana-hometel-jaipur-sarovar/amenities,/hotels/nirwana-hometel-jaipur-sarovar/contact,404,internal
/hotels/nirwana-hometel-jaipur-sarovar/legal,/hotels/nirwana-hometel-jaipur-sarovar/contact,404,internal
/hotels/paradigm-sarovar-kakinada/rooms,/hotels/paradigm-sarovar-kakinada/faqs,404,internal
/hotels/paradigm-sarovar-kakinada/dining,/hotels/paradigm-sarovar-kakinada/faqs,404,internal
/hotels/paradigm-sarovar-kakinada/banquets,/hotels/paradigm-sarovar-kakinada/faqs,404,internal
/hotels/paradigm-sarovar-kakinada/location,/hotels/paradigm-sarovar-kakinada/faqs,404,internal
/hotels/paradigm-sarovar-kakinada/amenities,/hotels/paradigm-sarovar-kakinada/faqs,404,internal
/hotels/paradigm-sarovar-kakinada/legal,/hotels/paradigm-sarovar-kakinada/faqs,404,internal
/hotels/paradigm-sarovar-kakinada/home-delivery,/hotels/paradigm-sarovar-kakinada/faqs,404,internal
/hotels/paradigm-sarovar-kakinada/meetings-events,/hotels/paradigm-sarovar-kakinada/faqs,404,internal
/hotels/paradigm-sarovar-kakinada/rooms,/hotels/paradigm-sarovar-kakinada/contact,404,internal
/hotels/paradigm-sarovar-kakinada/dining,/hotels/paradigm-sarovar-kakinada/contact,404,internal
/hotels/paradigm-sarovar-kakinada/banquets,/hotels/paradigm-sarovar-kakinada/contact,404,internal
/hotels/paradigm-sarovar-kakinada/location,/hotels/paradigm-sarovar-kakinada/contact,404,internal
/hotels/paradigm-sarovar-kakinada/amenities,/hotels/paradigm-sarovar-kakinada/contact,404,internal
/hotels/paradigm-sarovar-kakinada/legal,/hotels/paradigm-sarovar-kakinada/contact,404,internal
/hotels/paradigm-sarovar-kakinada/home-delivery,/hotels/paradigm-sarovar-kakinada/contact,404,internal
/hotels/paradigm-sarovar-kakinada/meetings-events,/hotels/paradigm-sarovar-kakinada/contact,404,internal
/hotels/park-inn-gurgaon/rooms,/hotels/park-inn-gurgaon/faqs,404,internal
/hotels/park-inn-gurgaon/dining,/hotels/park-inn-gurgaon/faqs,404,internal
/hotels/park-inn-gurgaon/banquets,/hotels/park-inn-gurgaon/faqs,404,internal
/hotels/park-inn-gurgaon/location,/hotels/park-inn-gurgaon/faqs,404,internal
/hotels/park-inn-gurgaon/amenities,/hotels/park-inn-gurgaon/faqs,404,internal
/hotels/park-inn-gurgaon/legal,/hotels/park-inn-gurgaon/faqs,404,internal
/hotels/park-inn-gurgaon/rooms,/hotels/park-inn-gurgaon/contact,404,internal
/hotels/park-inn-gurgaon/dining,/hotels/park-inn-gurgaon/contact,404,internal
/hotels/park-inn-gurgaon/banquets,/hotels/park-inn-gurgaon/contact,404,internal
/hotels/park-inn-gurgaon/location,/hotels/park-inn-gurgaon/contact,404,internal
/hotels/park-inn-gurgaon/amenities,/hotels/park-inn-gurgaon/contact,404,internal
/hotels/park-inn-gurgaon/legal,/hotels/park-inn-gurgaon/contact,404,internal
/hotels/park-inn-by-radisson-ayodhya/rooms,/hotels/park-inn-by-radisson-ayodhya/faqs,404,internal
/hotels/park-inn-by-radisson-ayodhya/dining,/hotels/park-inn-by-radisson-ayodhya/faqs,404,internal
/hotels/park-inn-by-radisson-ayodhya/banquets,/hotels/park-inn-by-radisson-ayodhya/faqs,404,internal
/hotels/park-inn-by-radisson-ayodhya/location,/hotels/park-inn-by-radisson-ayodhya/faqs,404,internal
/hotels/park-inn-by-radisson-ayodhya/amenities,/hotels/park-inn-by-radisson-ayodhya/faqs,404,internal
/hotels/park-inn-by-radisson-ayodhya/rooms,/hotels/park-inn-by-radisson-ayodhya/contact,404,internal
/hotels/park-inn-by-radisson-ayodhya/dining,/hotels/park-inn-by-radisson-ayodhya/contact,404,internal
/hotels/park-inn-by-radisson-ayodhya/banquets,/hotels/park-inn-by-radisson-ayodhya/contact,404,internal
/hotels/park-inn-by-radisson-ayodhya/location,/hotels/park-inn-by-radisson-ayodhya/contact,404,internal
/hotels/park-inn-by-radisson-ayodhya/amenities,/hotels/park-inn-by-radisson-ayodhya/contact,404,internal
/hotels/Park-Inn-Radisson-Goa-Candolim/rooms,/hotels/Park-Inn-Radisson-Goa-Candolim/faqs,404,internal
/hotels/Park-Inn-Radisson-Goa-Candolim/dining,/hotels/Park-Inn-Radisson-Goa-Candolim/faqs,404,internal
/hotels/Park-Inn-Radisson-Goa-Candolim/banquets,/hotels/Park-Inn-Radisson-Goa-Candolim/faqs,404,internal
/hotels/Park-Inn-Radisson-Goa-Candolim/location,/hotels/Park-Inn-Radisson-Goa-Candolim/faqs,404,internal
/hotels/Park-Inn-Radisson-Goa-Candolim/amenities,/hotels/Park-Inn-Radisson-Goa-Candolim/faqs,404,internal
/hotels/Park-Inn-Radisson-Goa-Candolim/legal,/hotels/Park-Inn-Radisson-Goa-Candolim/faqs,404,internal
/hotels/Park-Inn-Radisson-Goa-Candolim/meeting-events,/hotels/Park-Inn-Radisson-Goa-Candolim/faqs,404,internal
/hotels/Park-Inn-Radisson-Goa-Candolim/rooms,/hotels/Park-Inn-Radisson-Goa-Candolim/contact,404,internal
/hotels/Park-Inn-Radisson-Goa-Candolim/dining,/hotels/Park-Inn-Radisson-Goa-Candolim/contact,404,internal
/hotels/Park-Inn-Radisson-Goa-Candolim/banquets,/hotels/Park-Inn-Radisson-Goa-Candolim/contact,404,internal
/hotels/Park-Inn-Radisson-Goa-Candolim/location,/hotels/Park-Inn-Radisson-Goa-Candolim/contact,404,internal
/hotels/Park-Inn-Radisson-Goa-Candolim/amenities,/hotels/Park-Inn-Radisson-Goa-Candolim/contact,404,internal
/hotels/Park-Inn-Radisson-Goa-Candolim/legal,/hotels/Park-Inn-Radisson-Goa-Candolim/contact,404,internal
/hotels/Park-Inn-Radisson-Goa-Candolim/meeting-events,/hotels/Park-Inn-Radisson-Goa-Candolim/contact,404,internal
/hotels/park-plaza-faridabad/rooms,/hotels/park-plaza-faridabad/faqs,404,internal
/hotels/park-plaza-faridabad/dining,/hotels/park-plaza-faridabad/faqs,404,internal
/hotels/park-plaza-faridabad/banquets,/hotels/park-plaza-faridabad/faqs,404,internal
/hotels/park-plaza-faridabad/location,/hotels/park-plaza-faridabad/faqs,404,internal
/hotels/park-plaza-faridabad/amenities,/hotels/park-plaza-faridabad/faqs,404,internal
/hotels/park-plaza-faridabad/legal,/hotels/park-plaza-faridabad/faqs,404,internal
/hotels/park-plaza-faridabad/home-delivery,/hotels/park-plaza-faridabad/faqs,404,internal
/hotels/park-plaza-faridabad/rooms,/hotels/park-plaza-faridabad/contact,404,internal
/hotels/park-plaza-faridabad/dining,/hotels/park-plaza-faridabad/contact,404,internal
/hotels/park-plaza-faridabad/banquets,/hotels/park-plaza-faridabad/contact,404,internal
/hotels/park-plaza-faridabad/location,/hotels/park-plaza-faridabad/contact,404,internal
/hotels/park-plaza-faridabad/amenities,/hotels/park-plaza-faridabad/contact,404,internal
/hotels/park-plaza-faridabad/legal,/hotels/park-plaza-faridabad/contact,404,internal
/hotels/park-plaza-faridabad/home-delivery,/hotels/park-plaza-faridabad/contact,404,internal
/hotels/park-plaza-jodhpur/rooms,/hotels/park-plaza-jodhpur/faqs,404,internal
/hotels/park-plaza-jodhpur/dining,/hotels/park-plaza-jodhpur/faqs,404,internal
/hotels/park-plaza-jodhpur/banquets,/hotels/park-plaza-jodhpur/faqs,404,internal
/hotels/park-plaza-jodhpur/location,/hotels/park-plaza-jodhpur/faqs,404,internal
/hotels/park-plaza-jodhpur/amenities,/hotels/park-plaza-jodhpur/faqs,404,internal
/hotels/park-plaza-jodhpur/legal,/hotels/park-plaza-jodhpur/faqs,404,internal
/hotels/park-plaza-jodhpur/rooms,/hotels/park-plaza-jodhpur/contact,404,internal
/hotels/park-plaza-jodhpur/dining,/hotels/park-plaza-jodhpur/contact,404,internal
/hotels/park-plaza-jodhpur/banquets,/hotels/park-plaza-jodhpur/contact,404,internal
/hotels/park-plaza-jodhpur/location,/hotels/park-plaza-jodhpur/contact,404,internal
/hotels/park-plaza-jodhpur/amenities,/hotels/park-plaza-jodhpur/contact,404,internal
/hotels/park-plaza-jodhpur/legal,/hotels/park-plaza-jodhpur/contact,404,internal
/hotels/park-plaza-jalandhar/rooms,/hotels/park-plaza-jalandhar/faqs,404,internal
/hotels/park-plaza-jalandhar/banquets,/hotels/park-plaza-jalandhar/faqs,404,internal
/hotels/park-plaza-jalandhar/dining,/hotels/park-plaza-jalandhar/faqs,404,internal
/hotels/park-plaza-jalandhar/location,/hotels/park-plaza-jalandhar/faqs,404,internal
/hotels/park-plaza-jalandhar/amenities,/hotels/park-plaza-jalandhar/faqs,404,internal
/hotels/park-plaza-jalandhar/rooms,/hotels/park-plaza-jalandhar/contact,404,internal
/hotels/park-plaza-jalandhar/banquets,/hotels/park-plaza-jalandhar/contact,404,internal
/hotels/park-plaza-jalandhar/dining,/hotels/park-plaza-jalandhar/contact,404,internal
/hotels/park-plaza-jalandhar/location,/hotels/park-plaza-jalandhar/contact,404,internal
/hotels/park-plaza-jalandhar/amenities,/hotels/park-plaza-jalandhar/contact,404,internal
/hotels/park-plaza-shahadra--east-delhi/rooms,/hotels/park-plaza-shahadra--east-delhi/faqs,404,internal
/hotels/park-plaza-shahadra--east-delhi/dining,/hotels/park-plaza-shahadra--east-delhi/faqs,404,internal
/hotels/park-plaza-shahadra--east-delhi/banquets,/hotels/park-plaza-shahadra--east-delhi/faqs,404,internal
/hotels/park-plaza-shahadra--east-delhi/location,/hotels/park-plaza-shahadra--east-delhi/faqs,404,internal
/hotels/park-plaza-shahadra--east-delhi/amenities,/hotels/park-plaza-shahadra--east-delhi/faqs,404,internal
/hotels/park-plaza-shahadra--east-delhi/legal,/hotels/park-plaza-shahadra--east-delhi/faqs,404,internal
/hotels/park-plaza-shahadra--east-delhi/rooms,/hotels/park-plaza-shahadra--east-delhi/contact,404,internal
/hotels/park-plaza-shahadra--east-delhi/dining,/hotels/park-plaza-shahadra--east-delhi/contact,404,internal
/hotels/park-plaza-shahadra--east-delhi/banquets,/hotels/park-plaza-shahadra--east-delhi/contact,404,internal
/hotels/park-plaza-shahadra--east-delhi/location,/hotels/park-plaza-shahadra--east-delhi/contact,404,internal
/hotels/park-plaza-shahadra--east-delhi/amenities,/hotels/park-plaza-shahadra--east-delhi/contact,404,internal
/hotels/park-plaza-shahadra--east-delhi/legal,/hotels/park-plaza-shahadra--east-delhi/contact,404,internal
/hotels/park-plaza-ludhiana/rooms,/hotels/park-plaza-ludhiana/faqs,404,internal
/hotels/park-plaza-ludhiana/dining,/hotels/park-plaza-ludhiana/faqs,404,internal
/hotels/park-plaza-ludhiana/banquets,/hotels/park-plaza-ludhiana/faqs,404,internal
/hotels/park-plaza-ludhiana/location,/hotels/park-plaza-ludhiana/faqs,404,internal
/hotels/park-plaza-ludhiana/amenities,/hotels/park-plaza-ludhiana/faqs,404,internal
/hotels/park-plaza-ludhiana/legal,/hotels/park-plaza-ludhiana/faqs,404,internal
/hotels/park-plaza-ludhiana/promotions,/hotels/park-plaza-ludhiana/faqs,404,internal
/hotels/park-plaza-ludhiana/rooms,/hotels/park-plaza-ludhiana/contact,404,internal
/hotels/park-plaza-ludhiana/dining,/hotels/park-plaza-ludhiana/contact,404,internal
/hotels/park-plaza-ludhiana/banquets,/hotels/park-plaza-ludhiana/contact,404,internal
/hotels/park-plaza-ludhiana/location,/hotels/park-plaza-ludhiana/contact,404,internal
/hotels/park-plaza-ludhiana/amenities,/hotels/park-plaza-ludhiana/contact,404,internal
/hotels/park-plaza-ludhiana/legal,/hotels/park-plaza-ludhiana/contact,404,internal
/hotels/park-plaza-ludhiana/promotions,/hotels/park-plaza-ludhiana/contact,404,internal
/hotels/prachi-sarovar-premiere-bhubaneswar/rooms,/hotels/prachi-sarovar-premiere-bhubaneswar/contact,404,internal
/hotels/prachi-sarovar-premiere-bhubaneswar/dining,/hotels/prachi-sarovar-premiere-bhubaneswar/contact,404,internal
/hotels/prachi-sarovar-premiere-bhubaneswar/banquets,/hotels/prachi-sarovar-premiere-bhubaneswar/contact,404,internal
/hotels/prachi-sarovar-premiere-bhubaneswar/location,/hotels/prachi-sarovar-premiere-bhubaneswar/contact,404,internal
/hotels/prachi-sarovar-premiere-bhubaneswar/amenities,/hotels/prachi-sarovar-premiere-bhubaneswar/contact,404,internal
/hotels/prachi-sarovar-premiere-bhubaneswar/faqs,/hotels/prachi-sarovar-premiere-bhubaneswar/contact,404,internal
/hotels/park-plaza-zirakpur/rooms,/hotels/park-plaza-zirakpur/faqs,404,internal
/hotels/park-plaza-zirakpur/dining,/hotels/park-plaza-zirakpur/faqs,404,internal
/hotels/park-plaza-zirakpur/banquets,/hotels/park-plaza-zirakpur/faqs,404,internal
/hotels/park-plaza-zirakpur/location,/hotels/park-plaza-zirakpur/faqs,404,internal
/hotels/park-plaza-zirakpur/amenities,/hotels/park-plaza-zirakpur/faqs,404,internal
/hotels/park-plaza-zirakpur/legal,/hotels/park-plaza-zirakpur/faqs,404,internal
/hotels/park-plaza-zirakpur/home-delivery,/hotels/park-plaza-zirakpur/faqs,404,internal
/hotels/park-plaza-zirakpur/meeting-events,/hotels/park-plaza-zirakpur/faqs,404,internal
/hotels/park-plaza-zirakpur/shaadi-saga,/hotels/park-plaza-zirakpur/faqs,404,internal
/hotels/park-plaza-zirakpur/rooms,/hotels/park-plaza-zirakpur/contact,404,internal
/hotels/park-plaza-zirakpur/dining,/hotels/park-plaza-zirakpur/contact,404,internal
/hotels/park-plaza-zirakpur/banquets,/hotels/park-plaza-zirakpur/contact,404,internal
/hotels/park-plaza-zirakpur/location,/hotels/park-plaza-zirakpur/contact,404,internal
/hotels/park-plaza-zirakpur/amenities,/hotels/park-plaza-zirakpur/contact,404,internal
/hotels/park-plaza-zirakpur/legal,/hotels/park-plaza-zirakpur/contact,404,internal
/hotels/park-plaza-zirakpur/home-delivery,/hotels/park-plaza-zirakpur/contact,404,internal
/hotels/park-plaza-zirakpur/meeting-events,/hotels/park-plaza-zirakpur/contact,404,internal
/hotels/park-plaza-zirakpur/shaadi-saga,/hotels/park-plaza-zirakpur/contact,404,internal
/hotels/pushkara-portico-hotel-in-dibrugarh/rooms,/hotels/pushkara-portico-hotel-in-dibrugarh/faqs,404,internal
/hotels/pushkara-portico-hotel-in-dibrugarh/dining,/hotels/pushkara-portico-hotel-in-dibrugarh/faqs,404,internal
/hotels/pushkara-portico-hotel-in-dibrugarh/banquets,/hotels/pushkara-portico-hotel-in-dibrugarh/faqs,404,internal
/hotels/pushkara-portico-hotel-in-dibrugarh/location,/hotels/pushkara-portico-hotel-in-dibrugarh/faqs,404,internal
/hotels/pushkara-portico-hotel-in-dibrugarh/amenities,/hotels/pushkara-portico-hotel-in-dibrugarh/faqs,404,internal
/hotels/pushkara-portico-hotel-in-dibrugarh/rooms,/hotels/pushkara-portico-hotel-in-dibrugarh/contact,404,internal
/hotels/pushkara-portico-hotel-in-dibrugarh/dining,/hotels/pushkara-portico-hotel-in-dibrugarh/contact,404,internal
/hotels/pushkara-portico-hotel-in-dibrugarh/banquets,/hotels/pushkara-portico-hotel-in-dibrugarh/contact,404,internal
/hotels/pushkara-portico-hotel-in-dibrugarh/location,/hotels/pushkara-portico-hotel-in-dibrugarh/contact,404,internal
/hotels/pushkara-portico-hotel-in-dibrugarh/amenities,/hotels/pushkara-portico-hotel-in-dibrugarh/contact,404,internal
/hotels/presidium-sarovar-premiere-dalhousie/rooms,/hotels/presidium-sarovar-premiere-dalhousie/faqs,404,internal
/hotels/presidium-sarovar-premiere-dalhousie/dining,/hotels/presidium-sarovar-premiere-dalhousie/faqs,404,internal
/hotels/presidium-sarovar-premiere-dalhousie/banquets,/hotels/presidium-sarovar-premiere-dalhousie/faqs,404,internal
/hotels/presidium-sarovar-premiere-dalhousie/location,/hotels/presidium-sarovar-premiere-dalhousie/faqs,404,internal
/hotels/presidium-sarovar-premiere-dalhousie/amenities,/hotels/presidium-sarovar-premiere-dalhousie/faqs,404,internal
/hotels/presidium-sarovar-premiere-dalhousie/experience,/hotels/presidium-sarovar-premiere-dalhousie/faqs,404,internal
/hotels/presidium-sarovar-premiere-dalhousie/the-den,/hotels/presidium-sarovar-premiere-dalhousie/faqs,404,internal
/hotels/presidium-sarovar-premiere-dalhousie/the-reserve,/hotels/presidium-sarovar-premiere-dalhousie/faqs,404,internal
/hotels/presidium-sarovar-premiere-dalhousie/events,/hotels/presidium-sarovar-premiere-dalhousie/faqs,404,internal
/hotels/presidium-sarovar-premiere-dalhousie/rooms,/hotels/presidium-sarovar-premiere-dalhousie/contact,404,internal
/hotels/presidium-sarovar-premiere-dalhousie/dining,/hotels/presidium-sarovar-premiere-dalhousie/contact,404,internal
/hotels/presidium-sarovar-premiere-dalhousie/banquets,/hotels/presidium-sarovar-premiere-dalhousie/contact,404,internal
/hotels/presidium-sarovar-premiere-dalhousie/location,/hotels/presidium-sarovar-premiere-dalhousie/contact,404,internal
/hotels/presidium-sarovar-premiere-dalhousie/amenities,/hotels/presidium-sarovar-premiere-dalhousie/contact,404,internal
/hotels/presidium-sarovar-premiere-dalhousie/experience,/hotels/presidium-sarovar-premiere-dalhousie/contact,404,internal
/hotels/presidium-sarovar-premiere-dalhousie/the-den,/hotels/presidium-sarovar-premiere-dalhousie/contact,404,internal
/hotels/presidium-sarovar-premiere-dalhousie/the-reserve,/hotels/presidium-sarovar-premiere-dalhousie/contact,404,internal
/hotels/presidium-sarovar-premiere-dalhousie/events,/hotels/presidium-sarovar-premiere-dalhousie/contact,404,internal
/hotels/radha-hometel-bangalore/rooms,/hotels/radha-hometel-bangalore/faqs,404,internal
/hotels/radha-hometel-bangalore/dining,/hotels/radha-hometel-bangalore/faqs,404,internal
/hotels/radha-hometel-bangalore/banquets,/hotels/radha-hometel-bangalore/faqs,404,internal
/hotels/radha-hometel-bangalore/location,/hotels/radha-hometel-bangalore/faqs,404,internal
/hotels/radha-hometel-bangalore/amenities,/hotels/radha-hometel-bangalore/faqs,404,internal
/hotels/radha-hometel-bangalore/legal,/hotels/radha-hometel-bangalore/faqs,404,internal
/hotels/radha-hometel-bangalore/promotions,/hotels/radha-hometel-bangalore/faqs,404,internal
/hotels/radha-hometel-bangalore/rooms,/hotels/radha-hometel-bangalore/contact,404,internal
/hotels/radha-hometel-bangalore/dining,/hotels/radha-hometel-bangalore/contact,404,internal
/hotels/radha-hometel-bangalore/banquets,/hotels/radha-hometel-bangalore/contact,404,internal
/hotels/radha-hometel-bangalore/location,/hotels/radha-hometel-bangalore/contact,404,internal
/hotels/radha-hometel-bangalore/amenities,/hotels/radha-hometel-bangalore/contact,404,internal
/hotels/radha-hometel-bangalore/legal,/hotels/radha-hometel-bangalore/contact,404,internal
/hotels/radha-hometel-bangalore/promotions,/hotels/radha-hometel-bangalore/contact,404,internal
/hotels/radha-regent-chennai/rooms,/hotels/radha-regent-chennai/faqs,404,internal
/hotels/radha-regent-chennai/dining,/hotels/radha-regent-chennai/faqs,404,internal
/hotels/radha-regent-chennai/banquets,/hotels/radha-regent-chennai/faqs,404,internal
/hotels/radha-regent-chennai/location,/hotels/radha-regent-chennai/faqs,404,internal
/hotels/radha-regent-chennai/amenities,/hotels/radha-regent-chennai/faqs,404,internal
/hotels/radha-regent-chennai/legal,/hotels/radha-regent-chennai/faqs,404,internal
/hotels/radha-regent-chennai/meeting-events,/hotels/radha-regent-chennai/faqs,404,internal
/hotels/radha-regent-chennai/rooms,/hotels/radha-regent-chennai/contact,404,internal
/hotels/radha-regent-chennai/dining,/hotels/radha-regent-chennai/contact,404,internal
/hotels/radha-regent-chennai/banquets,/hotels/radha-regent-chennai/contact,404,internal
/hotels/radha-regent-chennai/location,/hotels/radha-regent-chennai/contact,404,internal
/hotels/radha-regent-chennai/amenities,/hotels/radha-regent-chennai/contact,404,internal
/hotels/radha-regent-chennai/legal,/hotels/radha-regent-chennai/contact,404,internal
/hotels/radha-regent-chennai/meeting-events,/hotels/radha-regent-chennai/contact,404,internal
/hotels/radisson-blu--bengaluru-outer-ring-road/rooms,/hotels/radisson-blu--bengaluru-outer-ring-road/faqs,404,internal
/hotels/radisson-blu--bengaluru-outer-ring-road/dining,/hotels/radisson-blu--bengaluru-outer-ring-road/faqs,404,internal
/hotels/radisson-blu--bengaluru-outer-ring-road/banquets,/hotels/radisson-blu--bengaluru-outer-ring-road/faqs,404,internal
/hotels/radisson-blu--bengaluru-outer-ring-road/location,/hotels/radisson-blu--bengaluru-outer-ring-road/faqs,404,internal
/hotels/radisson-blu--bengaluru-outer-ring-road/amenities,/hotels/radisson-blu--bengaluru-outer-ring-road/faqs,404,internal
/hotels/radisson-blu--bengaluru-outer-ring-road/legal,/hotels/radisson-blu--bengaluru-outer-ring-road/faqs,404,internal
/hotels/radisson-blu--bengaluru-outer-ring-road/meetings-events,/hotels/radisson-blu--bengaluru-outer-ring-road/faqs,404,internal
/hotels/radisson-blu--bengaluru-outer-ring-road/rooms,/hotels/radisson-blu--bengaluru-outer-ring-road/contact,404,internal
/hotels/radisson-blu--bengaluru-outer-ring-road/dining,/hotels/radisson-blu--bengaluru-outer-ring-road/contact,404,internal
/hotels/radisson-blu--bengaluru-outer-ring-road/banquets,/hotels/radisson-blu--bengaluru-outer-ring-road/contact,404,internal
/hotels/radisson-blu--bengaluru-outer-ring-road/location,/hotels/radisson-blu--bengaluru-outer-ring-road/contact,404,internal
/hotels/radisson-blu--bengaluru-outer-ring-road/amenities,/hotels/radisson-blu--bengaluru-outer-ring-road/contact,404,internal
/hotels/radisson-blu--bengaluru-outer-ring-road/legal,/hotels/radisson-blu--bengaluru-outer-ring-road/contact,404,internal
/hotels/radisson-blu--bengaluru-outer-ring-road/meetings-events,/hotels/radisson-blu--bengaluru-outer-ring-road/contact,404,internal
/hotels/radisson-hyderabad--hitec/rooms,/hotels/radisson-hyderabad--hitec/faqs,404,internal
/hotels/radisson-hyderabad--hitec/dining,/hotels/radisson-hyderabad--hitec/faqs,404,internal
/hotels/radisson-hyderabad--hitec/banquets,/hotels/radisson-hyderabad--hitec/faqs,404,internal
/hotels/radisson-hyderabad--hitec/location,/hotels/radisson-hyderabad--hitec/faqs,404,internal
/hotels/radisson-hyderabad--hitec/amenities,/hotels/radisson-hyderabad--hitec/faqs,404,internal
/hotels/radisson-hyderabad--hitec/legal,/hotels/radisson-hyderabad--hitec/faqs,404,internal
/hotels/radisson-hyderabad--hitec/rooms,/hotels/radisson-hyderabad--hitec/contact,404,internal
/hotels/radisson-hyderabad--hitec/dining,/hotels/radisson-hyderabad--hitec/contact,404,internal
/hotels/radisson-hyderabad--hitec/banquets,/hotels/radisson-hyderabad--hitec/contact,404,internal
/hotels/radisson-hyderabad--hitec/location,/hotels/radisson-hyderabad--hitec/contact,404,internal
/hotels/radisson-hyderabad--hitec/amenities,/hotels/radisson-hyderabad--hitec/contact,404,internal
/hotels/radisson-hyderabad--hitec/legal,/hotels/radisson-hyderabad--hitec/contact,404,internal
/hotels/rbd-sarovar-portico-outer-ring-road-bengaluru/rooms,/hotels/rbd-sarovar-portico-outer-ring-road-bengaluru/faqs,404,internal
/hotels/rbd-sarovar-portico-outer-ring-road-bengaluru/banquets,/hotels/rbd-sarovar-portico-outer-ring-road-bengaluru/faqs,404,internal
/hotels/rbd-sarovar-portico-outer-ring-road-bengaluru/dining,/hotels/rbd-sarovar-portico-outer-ring-road-bengaluru/faqs,404,internal
/hotels/rbd-sarovar-portico-outer-ring-road-bengaluru/location,/hotels/rbd-sarovar-portico-outer-ring-road-bengaluru/faqs,404,internal
/hotels/rbd-sarovar-portico-outer-ring-road-bengaluru/amenities,/hotels/rbd-sarovar-portico-outer-ring-road-bengaluru/faqs,404,internal
/hotels/rbd-sarovar-portico-outer-ring-road-bengaluru/legal,/hotels/rbd-sarovar-portico-outer-ring-road-bengaluru/faqs,404,internal
/hotels/rbd-sarovar-portico-outer-ring-road-bengaluru/rooms,/hotels/rbd-sarovar-portico-outer-ring-road-bengaluru/contact,404,internal
/hotels/rbd-sarovar-portico-outer-ring-road-bengaluru/banquets,/hotels/rbd-sarovar-portico-outer-ring-road-bengaluru/contact,404,internal
/hotels/rbd-sarovar-portico-outer-ring-road-bengaluru/dining,/hotels/rbd-sarovar-portico-outer-ring-road-bengaluru/contact,404,internal
/hotels/rbd-sarovar-portico-outer-ring-road-bengaluru/location,/hotels/rbd-sarovar-portico-outer-ring-road-bengaluru/contact,404,internal
/hotels/rbd-sarovar-portico-outer-ring-road-bengaluru/amenities,/hotels/rbd-sarovar-portico-outer-ring-road-bengaluru/contact,404,internal
/hotels/rbd-sarovar-portico-outer-ring-road-bengaluru/legal,/hotels/rbd-sarovar-portico-outer-ring-road-bengaluru/contact,404,internal
/hotels/radisson-mumbai-goregaon/rooms,/hotels/radisson-mumbai-goregaon/faqs,404,internal
/hotels/radisson-mumbai-goregaon/dining,/hotels/radisson-mumbai-goregaon/faqs,404,internal
/hotels/radisson-mumbai-goregaon/banquets,/hotels/radisson-mumbai-goregaon/faqs,404,internal
/hotels/radisson-mumbai-goregaon/location,/hotels/radisson-mumbai-goregaon/faqs,404,internal
/hotels/radisson-mumbai-goregaon/amenities,/hotels/radisson-mumbai-goregaon/faqs,404,internal
/hotels/radisson-mumbai-goregaon/legal,/hotels/radisson-mumbai-goregaon/faqs,404,internal
/hotels/radisson-mumbai-goregaon/rooms,/hotels/radisson-mumbai-goregaon/contact,404,internal
/hotels/radisson-mumbai-goregaon/dining,/hotels/radisson-mumbai-goregaon/contact,404,internal
/hotels/radisson-mumbai-goregaon/banquets,/hotels/radisson-mumbai-goregaon/contact,404,internal
/hotels/radisson-mumbai-goregaon/location,/hotels/radisson-mumbai-goregaon/contact,404,internal
/hotels/radisson-mumbai-goregaon/amenities,/hotels/radisson-mumbai-goregaon/contact,404,internal
/hotels/radisson-mumbai-goregaon/legal,/hotels/radisson-mumbai-goregaon/contact,404,internal
/hotels/rivera-sarovar-portico-ahmedabad/rooms,/hotels/rivera-sarovar-portico-ahmedabad/faqs,404,internal
/hotels/rivera-sarovar-portico-ahmedabad/dining,/hotels/rivera-sarovar-portico-ahmedabad/faqs,404,internal
/hotels/rivera-sarovar-portico-ahmedabad/banquets,/hotels/rivera-sarovar-portico-ahmedabad/faqs,404,internal
/hotels/rivera-sarovar-portico-ahmedabad/location,/hotels/rivera-sarovar-portico-ahmedabad/faqs,404,internal
/hotels/rivera-sarovar-portico-ahmedabad/amenities,/hotels/rivera-sarovar-portico-ahmedabad/faqs,404,internal
/hotels/rivera-sarovar-portico-ahmedabad/legal,/hotels/rivera-sarovar-portico-ahmedabad/faqs,404,internal
/hotels/rivera-sarovar-portico-ahmedabad/meetings-events,/hotels/rivera-sarovar-portico-ahmedabad/faqs,404,internal
/hotels/rivera-sarovar-portico-ahmedabad/rooms,/hotels/rivera-sarovar-portico-ahmedabad/contact,404,internal
/hotels/rivera-sarovar-portico-ahmedabad/dining,/hotels/rivera-sarovar-portico-ahmedabad/contact,404,internal
/hotels/rivera-sarovar-portico-ahmedabad/banquets,/hotels/rivera-sarovar-portico-ahmedabad/contact,404,internal
/hotels/rivera-sarovar-portico-ahmedabad/location,/hotels/rivera-sarovar-portico-ahmedabad/contact,404,internal
/hotels/rivera-sarovar-portico-ahmedabad/amenities,/hotels/rivera-sarovar-portico-ahmedabad/contact,404,internal
/hotels/rivera-sarovar-portico-ahmedabad/legal,/hotels/rivera-sarovar-portico-ahmedabad/contact,404,internal
/hotels/rivera-sarovar-portico-ahmedabad/meetings-events,/hotels/rivera-sarovar-portico-ahmedabad/contact,404,internal
/hotels/residency-sarovar-portico-mumbai/rooms,/hotels/residency-sarovar-portico-mumbai/faqs,404,internal
/hotels/residency-sarovar-portico-mumbai/banquets,/hotels/residency-sarovar-portico-mumbai/faqs,404,internal
/hotels/residency-sarovar-portico-mumbai/dining,/hotels/residency-sarovar-portico-mumbai/faqs,404,internal
/hotels/residency-sarovar-portico-mumbai/location,/hotels/residency-sarovar-portico-mumbai/faqs,404,internal
/hotels/residency-sarovar-portico-mumbai/amenities,/hotels/residency-sarovar-portico-mumbai/faqs,404,internal
/hotels/residency-sarovar-portico-mumbai/legal,/hotels/residency-sarovar-portico-mumbai/faqs,404,internal
/hotels/residency-sarovar-portico-mumbai/rooms,/hotels/residency-sarovar-portico-mumbai/contact,404,internal
/hotels/residency-sarovar-portico-mumbai/banquets,/hotels/residency-sarovar-portico-mumbai/contact,404,internal
/hotels/residency-sarovar-portico-mumbai/dining,/hotels/residency-sarovar-portico-mumbai/contact,404,internal
/hotels/residency-sarovar-portico-mumbai/location,/hotels/residency-sarovar-portico-mumbai/contact,404,internal
/hotels/residency-sarovar-portico-mumbai/amenities,/hotels/residency-sarovar-portico-mumbai/contact,404,internal
/hotels/residency-sarovar-portico-mumbai/legal,/hotels/residency-sarovar-portico-mumbai/contact,404,internal
/hotels/rosefinch-sarovar-portico-bhimtal/rooms,/hotels/rosefinch-sarovar-portico-bhimtal/faqs,404,internal
/hotels/rosefinch-sarovar-portico-bhimtal/dining,/hotels/rosefinch-sarovar-portico-bhimtal/faqs,404,internal
/hotels/rosefinch-sarovar-portico-bhimtal/banquets,/hotels/rosefinch-sarovar-portico-bhimtal/faqs,404,internal
/hotels/rosefinch-sarovar-portico-bhimtal/location,/hotels/rosefinch-sarovar-portico-bhimtal/faqs,404,internal
/hotels/rosefinch-sarovar-portico-bhimtal/amenities,/hotels/rosefinch-sarovar-portico-bhimtal/faqs,404,internal
/hotels/rosefinch-sarovar-portico-bhimtal/contact,/hotels/rosefinch-sarovar-portico-bhimtal/faqs,404,internal
/hotels/rosefinch-sarovar-portico-bhimtal/experiences,/hotels/rosefinch-sarovar-portico-bhimtal/faqs,404,internal
/hotels/rosefinch-sarovar-portico-bhimtal/conference-hall,/hotels/rosefinch-sarovar-portico-bhimtal/faqs,404,internal
/hotels/rosefinch-sarovar-portico-bhimtal/attractions-in-bhimtal,/hotels/rosefinch-sarovar-portico-bhimtal/faqs,404,internal
/hotels/rosefinch-sarovar-portico-bhimtal/blogs,/hotels/rosefinch-sarovar-portico-bhimtal/faqs,404,internal
/hotels/riviera-sarovar-portico-pathankot/rooms,/hotels/riviera-sarovar-portico-pathankot/faqs,404,internal
/hotels/riviera-sarovar-portico-pathankot/dining,/hotels/riviera-sarovar-portico-pathankot/faqs,404,internal
/hotels/riviera-sarovar-portico-pathankot/banquets,/hotels/riviera-sarovar-portico-pathankot/faqs,404,internal
/hotels/riviera-sarovar-portico-pathankot/location,/hotels/riviera-sarovar-portico-pathankot/faqs,404,internal
/hotels/riviera-sarovar-portico-pathankot/amenities,/hotels/riviera-sarovar-portico-pathankot/faqs,404,internal
/hotels/riviera-sarovar-portico-pathankot/rooms,/hotels/riviera-sarovar-portico-pathankot/contact,404,internal
/hotels/riviera-sarovar-portico-pathankot/dining,/hotels/riviera-sarovar-portico-pathankot/contact,404,internal
/hotels/riviera-sarovar-portico-pathankot/banquets,/hotels/riviera-sarovar-portico-pathankot/contact,404,internal
/hotels/riviera-sarovar-portico-pathankot/location,/hotels/riviera-sarovar-portico-pathankot/contact,404,internal
/hotels/riviera-sarovar-portico-pathankot/amenities,/hotels/riviera-sarovar-portico-pathankot/contact,404,internal
/hotels/royal-kingdom-sarovar-portico-pilibhit/rooms,/hotels/royal-kingdom-sarovar-portico-pilibhit/faqs,404,internal
/hotels/royal-kingdom-sarovar-portico-pilibhit/dining,/hotels/royal-kingdom-sarovar-portico-pilibhit/faqs,404,internal
/hotels/royal-kingdom-sarovar-portico-pilibhit/banquets,/hotels/royal-kingdom-sarovar-portico-pilibhit/faqs,404,internal
/hotels/royal-kingdom-sarovar-portico-pilibhit/location,/hotels/royal-kingdom-sarovar-portico-pilibhit/faqs,404,internal
/hotels/royal-kingdom-sarovar-portico-pilibhit/amenities,/hotels/royal-kingdom-sarovar-portico-pilibhit/faqs,404,internal
/hotels/royal-kingdom-sarovar-portico-pilibhit/rooms,/hotels/royal-kingdom-sarovar-portico-pilibhit/contact,404,internal
/hotels/royal-kingdom-sarovar-portico-pilibhit/dining,/hotels/royal-kingdom-sarovar-portico-pilibhit/contact,404,internal
/hotels/royal-kingdom-sarovar-portico-pilibhit/banquets,/hotels/royal-kingdom-sarovar-portico-pilibhit/contact,404,internal
/hotels/royal-kingdom-sarovar-portico-pilibhit/location,/hotels/royal-kingdom-sarovar-portico-pilibhit/contact,404,internal
/hotels/royal-kingdom-sarovar-portico-pilibhit/amenities,/hotels/royal-kingdom-sarovar-portico-pilibhit/contact,404,internal
/hotels/sarovar-portico-sriperumbudur/rooms,/hotels/sarovar-portico-sriperumbudur/faqs,404,internal
/hotels/sarovar-portico-sriperumbudur/dining,/hotels/sarovar-portico-sriperumbudur/faqs,404,internal
/hotels/sarovar-portico-sriperumbudur/banquets,/hotels/sarovar-portico-sriperumbudur/faqs,404,internal
/hotels/sarovar-portico-sriperumbudur/location,/hotels/sarovar-portico-sriperumbudur/faqs,404,internal
/hotels/sarovar-portico-sriperumbudur/amenities,/hotels/sarovar-portico-sriperumbudur/faqs,404,internal
/hotels/sarovar-portico-sriperumbudur/rooms,/hotels/sarovar-portico-sriperumbudur/contact,404,internal
/hotels/sarovar-portico-sriperumbudur/dining,/hotels/sarovar-portico-sriperumbudur/contact,404,internal
/hotels/sarovar-portico-sriperumbudur/banquets,/hotels/sarovar-portico-sriperumbudur/contact,404,internal
/hotels/sarovar-portico-sriperumbudur/location,/hotels/sarovar-portico-sriperumbudur/contact,404,internal
/hotels/sarovar-portico-sriperumbudur/amenities,/hotels/sarovar-portico-sriperumbudur/contact,404,internal
/hotels/sarovar-premiere-delhi/rooms,https://youtube.com/@sarovarhotels,404,external
/hotels/sarovar-premiere-delhi/gallery,https://youtube.com/@sarovarhotels,404,external
/hotels/sarovar-premiere-delhi/nearby,https://youtube.com/@sarovarhotels,404,external
/hotels/sarovar-portico-jaipur,https://youtube.com/@sarovarhotels,404,external
/hotels/sarovar-premiere-delhi/dining,https://youtube.com/@sarovarhotels,404,external
/hotels/sarovar-portico-jaipur/banquets,https://youtube.com/@sarovarhotels,404,external
/hotels/sarovar-premiere-delhi/banquets,https://youtube.com/@sarovarhotels,404,external
/hotels/sarovar-portico-jaipur/dining,https://youtube.com/@sarovarhotels,404,external
/hotels/sarovar-portico-jaipur/rooms,https://youtube.com/@sarovarhotels,404,external
/hotels/sarovar-premiere-delhi,https://youtube.com/@sarovarhotels,404,external
/hotels/sarovar-portico-jaipur/gallery,https://youtube.com/@sarovarhotels,404,external
/hotels/sarovar-portico-jaipur/nearby,https://youtube.com/@sarovarhotels,404,external
/hotels/sarovar-premiere-goa-beach-resort,https://youtube.com/@sarovarhotels,404,external
/hotels/sarovar-premiere-goa-beach-resort/rooms,https://youtube.com/@sarovarhotels,404,external
/hotels/sarovar-premiere-goa-beach-resort/dining,https://youtube.com/@sarovarhotels,404,external
/hotels/sarovar-premiere-goa-beach-resort/nearby,https://youtube.com/@sarovarhotels,404,external
/hotels/sarovar-premiere-goa-beach-resort/gallery,https://youtube.com/@sarovarhotels,404,external
/hotels/sarovar-premiere-goa-beach-resort/banquets,https://youtube.com/@sarovarhotels,404,external
/hotels/sarovar-portico-mumbai,https://youtube.com/@sarovarhotels,404,external
/hotels/sarovar-portico-mumbai/rooms,https://youtube.com/@sarovarhotels,404,external
/hotels/sarovar-portico-mumbai/dining,https://youtube.com/@sarovarhotels,404,external
/hotels/sarovar-portico-mumbai/banquets,https://youtube.com/@sarovarhotels,404,external
/hotels/sarovar-portico-mumbai/gallery,https://youtube.com/@sarovarhotels,404,external
/hotels/sarovar-regency-shimla/dining,https://youtube.com/@sarovarhotels,404,external
/hotels/sarovar-regency-shimla,https://youtube.com/@sarovarhotels,404,external
/hotels/sarovar-portico-mumbai/nearby,https://youtube.com/@sarovarhotels,404,external
/hotels/sarovar-regency-shimla/rooms,https://youtube.com/@sarovarhotels,404,external
/hotels/sarovar-regency-shimla/banquets,https://youtube.com/@sarovarhotels,404,external
/hotels/sarovar-regency-shimla/gallery,https://youtube.com/@sarovarhotels,404,external
/hotels/sarovar-regency-shimla/nearby,https://youtube.com/@sarovarhotels,404,external
/hotels/sarovar-regency-rishikesh,https://youtube.com/@sarovarhotels,404,external
/hotels/sarovar-regency-rishikesh/rooms,https://youtube.com/@sarovarhotels,404,external
/hotels/sarovar-regency-rishikesh/dining,https://youtube.com/@sarovarhotels,404,external
/hotels/sarovar-regency-rishikesh/banquets,https://youtube.com/@sarovarhotels,404,external
/hotels/sarovar-regency-rishikesh/nearby,https://youtube.com/@sarovarhotels,404,external
/hotels/sarovar-regency-rishikesh/gallery,https://youtube.com/@sarovarhotels,404,external
/hotels/sarovar-portico-delhi-aerocity,https://youtube.com/@sarovarhotels,404,external
/hotels/sarovar-portico-delhi-aerocity/rooms,https://youtube.com/@sarovarhotels,404,external
/hotels/sarovar-portico-delhi-aerocity/dining,https://youtube.com/@sarovarhotels,404,external
/hotels/sarovar-portico-delhi-aerocity/banquets,https://youtube.com/@sarovarhotels,404,external
/hotels/sarovar-portico-delhi-aerocity/nearby,https://youtube.com/@sarovarhotels,404,external
/hotels/sarovar-portico-delhi-aerocity/gallery,https://youtube.com/@sarovarhotels,404,external
/hotels/sarovar-premiere-jaipur-heritage,https://youtube.com/@sarovarhotels,404,external
/hotels/sarovar-premiere-jaipur-heritage/rooms,https://youtube.com/@sarovarhotels,404,external
/hotels/sarovar-premiere-jaipur-heritage/banquets,https://youtube.com/@sarovarhotels,404,external
/hotels/sarovar-premiere-jaipur-heritage/dining,https://youtube.com/@sarovarhotels,404,external
/hotels/sarovar-premiere-jaipur-heritage/gallery,https://youtube.com/@sarovarhotels,404,external
/hotels/sarovar-premiere-jaipur-heritage/nearby,https://youtube.com/@sarovarhotels,404,external
/hotels/abn-sarovar-portico-jim-corbett,https://youtube.com/@sarovarhotels,404,external
/hotels/abn-sarovar-portico-jim-corbett/rooms,https://youtube.com/@sarovarhotels,404,external
/hotels/abn-sarovar-portico-jim-corbett/dining,https://youtube.com/@sarovarhotels,404,external
/hotels/abn-sarovar-portico-jim-corbett/banquets,https://youtube.com/@sarovarhotels,404,external
/hotels/abn-sarovar-portico-jim-corbett/nearby,https://youtube.com/@sarovarhotels,404,external
/hotels/abn-sarovar-portico-jim-corbett/gallery,https://youtube.com/@sarovarhotels,404,external
/hotels/nidhivan-sarovar-portico-vrindavan/rooms,https://youtube.com/@sarovarhotels,404,external
/hotels/nidhivan-sarovar-portico-vrindavan,https://youtube.com/@sarovarhotels,404,external
/hotels/nidhivan-sarovar-portico-vrindavan/dining,https://youtube.com/@sarovarhotels,404,external
/hotels/nidhivan-sarovar-portico-vrindavan/banquets,https://youtube.com/@sarovarhotels,404,external
/hotels/nidhivan-sarovar-portico-vrindavan/gallery,https://youtube.com/@sarovarhotels,404,external
/hotels/nidhivan-sarovar-portico-vrindavan/nearby,https://youtube.com/@sarovarhotels,404,external
/hotels/marigold-sarovar-portico-mashobra-shimla,https://youtube.com/@sarovarhotels,404,external
/hotels/marigold-sarovar-portico-mashobra-shimla/rooms,https://youtube.com/@sarovarhotels,404,external
/hotels/marigold-sarovar-portico-mashobra-shimla/banquets,https://youtube.com/@sarovarhotels,404,external
/hotels/marigold-sarovar-portico-mashobra-shimla/dining,https://youtube.com/@sarovarhotels,404,external
/hotels/marigold-sarovar-portico-mashobra-shimla/gallery,https://youtube.com/@sarovarhotels,404,external
/hotels/marigold-sarovar-portico-mashobra-shimla/nearby,https://youtube.com/@sarovarhotels,404,external
/hotels/vandhara-sarovar-premiere-patkote,https://youtube.com/@sarovarhotels,404,external
/hotels/vandhara-sarovar-premiere-patkote/rooms,https://youtube.com/@sarovarhotels,404,external
/hotels/vandhara-sarovar-premiere-patkote/dining,https://youtube.com/@sarovarhotels,404,external
/hotels/vandhara-sarovar-premiere-patkote/banquets,https://youtube.com/@sarovarhotels,404,external
/hotels/vandhara-sarovar-premiere-patkote/gallery,https://youtube.com/@sarovarhotels,404,external
/hotels/vandhara-sarovar-premiere-patkote/nearby,https://youtube.com/@sarovarhotels,404,external
/hotels/aditya-hometel-hyderabad/rooms,https://youtube.com/@sarovarhotels,404,external
/hotels/aditya-hometel-hyderabad/dining,https://youtube.com/@sarovarhotels,404,external
/hotels/aditya-hometel-hyderabad,https://youtube.com/@sarovarhotels,404,external
/hotels/aditya-hometel-hyderabad/banquets,https://youtube.com/@sarovarhotels,404,external
/hotels/aditya-hometel-hyderabad/gallery,https://youtube.com/@sarovarhotels,404,external
/hotels/aditya-hometel-hyderabad/nearby,https://youtube.com/@sarovarhotels,404,external
/hotels/aditya-park-hyderabad/rooms,https://youtube.com/@sarovarhotels,404,external
/hotels/aditya-park-hyderabad,https://youtube.com/@sarovarhotels,404,external
/hotels/aditya-park-hyderabad/banquets,https://youtube.com/@sarovarhotels,404,external
/hotels/aditya-park-hyderabad/dining,https://youtube.com/@sarovarhotels,404,external
/hotels/aditya-park-hyderabad/nearby,https://youtube.com/@sarovarhotels,404,external
/hotels/aditya-park-hyderabad/gallery,https://youtube.com/@sarovarhotels,404,external
/hotels/ambrosia-sarovar-portico-haridwar/rooms,https://youtube.com/@sarovarhotels,404,external
/hotels/ambrosia-sarovar-portico-haridwar,https://youtube.com/@sarovarhotels,404,external
/hotels/ambrosia-sarovar-portico-haridwar/dining,https://youtube.com/@sarovarhotels,404,external
/hotels/ambrosia-sarovar-portico-haridwar/banquets,https://youtube.com/@sarovarhotels,404,external
/hotels/ambrosia-sarovar-portico-haridwar/gallery,https://youtube.com/@sarovarhotels,404,external
/hotels/ambrosia-sarovar-portico-haridwar/nearby,https://youtube.com/@sarovarhotels,404,external
/hotels/ambar-sarovar-portico-gandhidham-hotel,https://youtube.com/@sarovarhotels,404,external
/hotels/ambar-sarovar-portico-gandhidham-hotel/rooms,https://youtube.com/@sarovarhotels,404,external
/hotels/ambar-sarovar-portico-gandhidham-hotel/dining,https://youtube.com/@sarovarhotels,404,external
/hotels/ambar-sarovar-portico-gandhidham-hotel/banquets,https://youtube.com/@sarovarhotels,404,external
/hotels/ambar-sarovar-portico-gandhidham-hotel/nearby,https://youtube.com/@sarovarhotels,404,external
/hotels/ambar-sarovar-portico-gandhidham-hotel/gallery,https://youtube.com/@sarovarhotels,404,external
/hotels/balaji-sarovar-premiere-solapur,https://youtube.com/@sarovarhotels,404,external
/hotels/balaji-sarovar-premiere-solapur/rooms,https://youtube.com/@sarovarhotels,404,external
/hotels/balaji-sarovar-premiere-solapur/dining,https://youtube.com/@sarovarhotels,404,external
/hotels/balaji-sarovar-premiere-solapur/banquets,https://youtube.com/@sarovarhotels,404,external
/hotels/balaji-sarovar-premiere-solapur/nearby,https://youtube.com/@sarovarhotels,404,external
/hotels/balaji-sarovar-premiere-solapur/gallery,https://youtube.com/@sarovarhotels,404,external
/hotels/bamus-sarovar-portico-kampala/rooms,https://youtube.com/@sarovarhotels,404,external
/hotels/bamus-sarovar-portico-kampala/dining,https://youtube.com/@sarovarhotels,404,external
/hotels/bamus-sarovar-portico-kampala/banquets,https://youtube.com/@sarovarhotels,404,external
/hotels/bamus-sarovar-portico-kampala,https://youtube.com/@sarovarhotels,404,external
/hotels/bamus-sarovar-portico-kampala/gallery,https://youtube.com/@sarovarhotels,404,external
/hotels/bamus-sarovar-portico-kampala/nearby,https://youtube.com/@sarovarhotels,404,external
/hotels/bellevue-sarovar-premiere-junagadh,https://youtube.com/@sarovarhotels,404,external
/hotels/bellevue-sarovar-premiere-junagadh/rooms,https://youtube.com/@sarovarhotels,404,external
/hotels/bellevue-sarovar-premiere-junagadh/banquets,https://youtube.com/@sarovarhotels,404,external
/hotels/bellevue-sarovar-premiere-junagadh/dining,https://youtube.com/@sarovarhotels,404,external
/hotels/bellevue-sarovar-premiere-junagadh/nearby,https://youtube.com/@sarovarhotels,404,external
/hotels/bellevue-sarovar-premiere-junagadh/gallery,https://youtube.com/@sarovarhotels,404,external
/hotels/citadel-sarovar-portico-bangalore/rooms,https://youtube.com/@sarovarhotels,404,external
/hotels/citadel-sarovar-portico-bangalore,https://youtube.com/@sarovarhotels,404,external
/hotels/citadel-sarovar-portico-bangalore/dining,https://youtube.com/@sarovarhotels,404,external
/hotels/citadel-sarovar-portico-bangalore/banquets,https://youtube.com/@sarovarhotels,404,external
/hotels/citadel-sarovar-portico-bangalore/gallery,https://youtube.com/@sarovarhotels,404,external
/hotels/citadel-sarovar-portico-bangalore/nearby,https://youtube.com/@sarovarhotels,404,external
/hotels/davanam-sarovar-portico-suites-bangalore/rooms,https://youtube.com/@sarovarhotels,404,external
/hotels/davanam-sarovar-portico-suites-bangalore,https://youtube.com/@sarovarhotels,404,external
/hotels/davanam-sarovar-portico-suites-bangalore/dining,https://youtube.com/@sarovarhotels,404,external
/hotels/davanam-sarovar-portico-suites-bangalore/banquets,https://youtube.com/@sarovarhotels,404,external
/hotels/davanam-sarovar-portico-suites-bangalore/nearby,https://youtube.com/@sarovarhotels,404,external
/hotels/classic-sarovar-portico-thiruvananthapuram,https://youtube.com/@sarovarhotels,404,external
/hotels/davanam-sarovar-portico-suites-bangalore/gallery,https://youtube.com/@sarovarhotels,404,external
/hotels/classic-sarovar-portico-thiruvananthapuram/rooms,https://youtube.com/@sarovarhotels,404,external
/hotels/classic-sarovar-portico-thiruvananthapuram/dining,https://youtube.com/@sarovarhotels,404,external
/hotels/classic-sarovar-portico-thiruvananthapuram/banquets,https://youtube.com/@sarovarhotels,404,external
/hotels/classic-sarovar-portico-thiruvananthapuram/gallery,https://youtube.com/@sarovarhotels,404,external
/hotels/classic-sarovar-portico-thiruvananthapuram/nearby,https://youtube.com/@sarovarhotels,404,external
/hotels/delite-sarovar-portico-faridabad/rooms,https://youtube.com/@sarovarhotels,404,external
/hotels/delite-sarovar-portico-faridabad/dining,https://youtube.com/@sarovarhotels,404,external
/hotels/delite-sarovar-portico-faridabad,https://youtube.com/@sarovarhotels,404,external
/hotels/delite-sarovar-portico-faridabad/banquets,https://youtube.com/@sarovarhotels,404,external
/hotels/delite-sarovar-portico-faridabad/nearby,https://youtube.com/@sarovarhotels,404,external
/hotels/delite-sarovar-portico-faridabad/gallery,https://youtube.com/@sarovarhotels,404,external
/hotels/deventure-sarovar-portico-patel-nagar,https://youtube.com/@sarovarhotels,404,external
/hotels/deventure-sarovar-portico-patel-nagar/rooms,https://youtube.com/@sarovarhotels,404,external
/hotels/deventure-sarovar-portico-patel-nagar/dining,https://youtube.com/@sarovarhotels,404,external
/hotels/deventure-sarovar-portico-patel-nagar/banquets,https://youtube.com/@sarovarhotels,404,external
/hotels/deventure-sarovar-portico-patel-nagar/gallery,https://youtube.com/@sarovarhotels,404,external
/hotels/deventure-sarovar-portico-patel-nagar/nearby,https://youtube.com/@sarovarhotels,404,external
/hotels/deventure-sarovar-portico--kapashera-new-delhi/rooms,https://youtube.com/@sarovarhotels,404,external
/hotels/deventure-sarovar-portico--kapashera-new-delhi,https://youtube.com/@sarovarhotels,404,external
/hotels/deventure-sarovar-portico--kapashera-new-delhi/dining,https://youtube.com/@sarovarhotels,404,external
/hotels/deventure-sarovar-portico--kapashera-new-delhi/banquets,https://youtube.com/@sarovarhotels,404,external
/hotels/deventure-sarovar-portico--kapashera-new-delhi/gallery,https://youtube.com/@sarovarhotels,404,external
/hotels/deventure-sarovar-portico--kapashera-new-delhi/nearby,https://youtube.com/@sarovarhotels,404,external
/hotels/efcee-sarovar-portico-bhavnagar/dining,https://youtube.com/@sarovarhotels,404,external
/hotels/efcee-sarovar-portico-bhavnagar,https://youtube.com/@sarovarhotels,404,external
/hotels/efcee-sarovar-portico-bhavnagar/rooms,https://youtube.com/@sarovarhotels,404,external
/hotels/efcee-sarovar-portico-bhavnagar/banquets,https://youtube.com/@sarovarhotels,404,external
/hotels/efcee-sarovar-portico-bhavnagar/nearby,https://youtube.com/@sarovarhotels,404,external
/hotels/efcee-sarovar-portico-bhavnagar/gallery,https://youtube.com/@sarovarhotels,404,external
/hotels/estuary-sarovar-Premiere-poovar/rooms,https://youtube.com/@sarovarhotels,404,external
/hotels/estuary-sarovar-Premiere-poovar,https://youtube.com/@sarovarhotels,404,external
/hotels/estuary-sarovar-Premiere-poovar/dining,https://youtube.com/@sarovarhotels,404,external
/hotels/estuary-sarovar-Premiere-poovar/banquets,https://youtube.com/@sarovarhotels,404,external
/hotels/estuary-sarovar-Premiere-poovar/nearby,https://youtube.com/@sarovarhotels,404,external
/hotels/geeta-sarovar-portico-hotels-panipat,https://youtube.com/@sarovarhotels,404,external
/hotels/estuary-sarovar-Premiere-poovar/gallery,https://youtube.com/@sarovarhotels,404,external
/hotels/geeta-sarovar-portico-hotels-panipat/rooms,https://youtube.com/@sarovarhotels,404,external
/hotels/geeta-sarovar-portico-hotels-panipat/dining,https://youtube.com/@sarovarhotels,404,external
/hotels/geeta-sarovar-portico-hotels-panipat/banquets,https://youtube.com/@sarovarhotels,404,external
/hotels/geeta-sarovar-portico-hotels-panipat/nearby,https://youtube.com/@sarovarhotels,404,external
/hotels/geeta-sarovar-portico-hotels-panipat/gallery,https://youtube.com/@sarovarhotels,404,external
/hotels/golden-sarovar-portico-amritsar,https://youtube.com/@sarovarhotels,404,external
/hotels/golden-sarovar-portico-amritsar/rooms,https://youtube.com/@sarovarhotels,404,external
/hotels/golden-sarovar-portico-amritsar/dining,https://youtube.com/@sarovarhotels,404,external
/hotels/golden-sarovar-portico-amritsar/banquets,https://youtube.com/@sarovarhotels,404,external
/hotels/golden-sarovar-portico-amritsar/gallery,https://youtube.com/@sarovarhotels,404,external
/hotels/golden-sarovar-portico-amritsar/nearby,https://youtube.com/@sarovarhotels,404,external
/hotels/golden-tulip-agra/rooms,https://youtube.com/@sarovarhotels,404,external
/hotels/golden-tulip-agra/dining,https://youtube.com/@sarovarhotels,404,external
/hotels/golden-tulip-agra,https://youtube.com/@sarovarhotels,404,external
/hotels/golden-tulip-agra/banquets,https://youtube.com/@sarovarhotels,404,external
/hotels/golden-tulip-agra/gallery,https://youtube.com/@sarovarhotels,404,external
/hotels/golden-tulip-agra/nearby,https://youtube.com/@sarovarhotels,404,external
/hotels/golden-tulip-bdi-club-and-suite-bhiwadi,https://youtube.com/@sarovarhotels,404,external
/hotels/golden-tulip-bdi-club-and-suite-bhiwadi/rooms,https://youtube.com/@sarovarhotels,404,external
/hotels/golden-tulip-bdi-club-and-suite-bhiwadi/dining,https://youtube.com/@sarovarhotels,404,external
/hotels/golden-tulip-bdi-club-and-suite-bhiwadi/banquets,https://youtube.com/@sarovarhotels,404,external
/hotels/golden-tulip-bdi-club-and-suite-bhiwadi/gallery,https://youtube.com/@sarovarhotels,404,external
/hotels/golden-tulip-bdi-club-and-suite-bhiwadi/nearby,https://youtube.com/@sarovarhotels,404,external
/hotels/golden-tulip-bhopal,https://youtube.com/@sarovarhotels,404,external
/hotels/golden-tulip-bhopal/rooms,https://youtube.com/@sarovarhotels,404,external
/hotels/golden-tulip-bhopal/dining,https://youtube.com/@sarovarhotels,404,external
/hotels/golden-tulip-bhopal/banquets,https://youtube.com/@sarovarhotels,404,external
/hotels/golden-tulip-bhopal/gallery,https://youtube.com/@sarovarhotels,404,external
/hotels/golden-tulip-bhopal/nearby,https://youtube.com/@sarovarhotels,404,external
/hotels/golden-tulip-candolim-goa/rooms,https://youtube.com/@sarovarhotels,404,external
/hotels/golden-tulip-candolim-goa,https://youtube.com/@sarovarhotels,404,external
/hotels/golden-tulip-candolim-goa/dining,https://youtube.com/@sarovarhotels,404,external
/hotels/golden-tulip-candolim-goa/banquets,https://youtube.com/@sarovarhotels,404,external
/hotels/golden-tulip-candolim-goa/gallery,https://youtube.com/@sarovarhotels,404,external
/hotels/golden-tulip-candolim-goa/nearby,https://youtube.com/@sarovarhotels,404,external
/hotels/golden-tulip-essential-jaipur,https://youtube.com/@sarovarhotels,404,external
/hotels/golden-tulip-essential-jaipur/rooms,https://youtube.com/@sarovarhotels,404,external
/hotels/golden-tulip-essential-jaipur/dining,https://youtube.com/@sarovarhotels,404,external
/hotels/golden-tulip-essential-jaipur/banquets,https://youtube.com/@sarovarhotels,404,external
/hotels/golden-tulip-essential-jaipur/gallery,https://youtube.com/@sarovarhotels,404,external
/hotels/golden-tulip-goa-mandrem/rooms,https://youtube.com/@sarovarhotels,404,external
/hotels/golden-tulip-essential-jaipur/nearby,https://youtube.com/@sarovarhotels,404,external
/hotels/golden-tulip-goa-mandrem,https://youtube.com/@sarovarhotels,404,external
/hotels/golden-tulip-goa-mandrem/dining,https://youtube.com/@sarovarhotels,404,external
/hotels/golden-tulip-goa-mandrem/banquets,https://youtube.com/@sarovarhotels,404,external
/hotels/golden-tulip-goa-mandrem/gallery,https://youtube.com/@sarovarhotels,404,external
/hotels/golden-tulip-goa-mandrem/nearby,https://youtube.com/@sarovarhotels,404,external
/hotels/golden-tulip-goa-vagator,https://youtube.com/@sarovarhotels,404,external
/hotels/golden-tulip-goa-vagator/rooms,https://youtube.com/@sarovarhotels,404,external
/hotels/golden-tulip-goa-vagator/dining,https://youtube.com/@sarovarhotels,404,external
/hotels/golden-tulip-goa-vagator/banquets,https://youtube.com/@sarovarhotels,404,external
/hotels/golden-tulip-goa-vagator/gallery,https://youtube.com/@sarovarhotels,404,external
/hotels/golden-tulip-goa-vagator/nearby,https://youtube.com/@sarovarhotels,404,external
/hotels/golden-tulip-hari-nagar/rooms,https://youtube.com/@sarovarhotels,404,external
/hotels/golden-tulip-hari-nagar,https://youtube.com/@sarovarhotels,404,external
/hotels/golden-tulip-hari-nagar/dining,https://youtube.com/@sarovarhotels,404,external
/hotels/golden-tulip-hari-nagar/banquets,https://youtube.com/@sarovarhotels,404,external
/hotels/golden-tulip-hari-nagar/gallery,https://youtube.com/@sarovarhotels,404,external
/hotels/golden-tulip-hari-nagar/nearby,https://youtube.com/@sarovarhotels,404,external
/hotels/golden-tulip-hotel-in-jaipur,https://youtube.com/@sarovarhotels,404,external
/hotels/golden-tulip-hotel-in-jaipur/rooms,https://youtube.com/@sarovarhotels,404,external
/hotels/golden-tulip-hotel-in-jaipur/dining,https://youtube.com/@sarovarhotels,404,external
/hotels/golden-tulip-hotel-in-jaipur/banquets,https://youtube.com/@sarovarhotels,404,external
/hotels/golden-tulip-hotel-in-jaipur/gallery,https://youtube.com/@sarovarhotels,404,external
/hotels/golden-tulip-hotel-in-jaipur/nearby,https://youtube.com/@sarovarhotels,404,external
/hotels/golden-tulip-jalandhar,https://youtube.com/@sarovarhotels,404,external
/hotels/golden-tulip-jalandhar/rooms,https://youtube.com/@sarovarhotels,404,external
/hotels/golden-tulip-jalandhar/dining,https://youtube.com/@sarovarhotels,404,external
/hotels/golden-tulip-jalandhar/banquets,https://youtube.com/@sarovarhotels,404,external
/hotels/golden-tulip-jalandhar/gallery,https://youtube.com/@sarovarhotels,404,external
/hotels/golden-tulip-kukas-jaipur,https://youtube.com/@sarovarhotels,404,external
/hotels/golden-tulip-jalandhar/nearby,https://youtube.com/@sarovarhotels,404,external
/hotels/golden-tulip-kukas-jaipur/rooms,https://youtube.com/@sarovarhotels,404,external
/hotels/golden-tulip-kukas-jaipur/dining,https://youtube.com/@sarovarhotels,404,external
/hotels/golden-tulip-kukas-jaipur/banquets,https://youtube.com/@sarovarhotels,404,external
/hotels/golden-tulip-kukas-jaipur/gallery,https://youtube.com/@sarovarhotels,404,external
/hotels/golden-tulip-kukas-jaipur/nearby,https://youtube.com/@sarovarhotels,404,external
/hotels/golden-tulip-lucknow,https://youtube.com/@sarovarhotels,404,external
/hotels/golden-tulip-lucknow/rooms,https://youtube.com/@sarovarhotels,404,external
/hotels/golden-tulip-lucknow/dining,https://youtube.com/@sarovarhotels,404,external
/hotels/golden-tulip-lucknow/banquets,https://youtube.com/@sarovarhotels,404,external
/hotels/golden-tulip-lucknow/gallery,https://youtube.com/@sarovarhotels,404,external
/hotels/golden-tulip-lucknow/nearby,https://youtube.com/@sarovarhotels,404,external
/hotels/golden-tulip-sector-80-gurugram,https://youtube.com/@sarovarhotels,404,external
/hotels/golden-tulip-sector-80-gurugram/rooms,https://youtube.com/@sarovarhotels,404,external
/hotels/golden-tulip-sector-80-gurugram/dining,https://youtube.com/@sarovarhotels,404,external
/hotels/golden-tulip-sector-80-gurugram/banquets,https://youtube.com/@sarovarhotels,404,external
/hotels/golden-tulip-sector-80-gurugram/gallery,https://youtube.com/@sarovarhotels,404,external
/hotels/golden-tulip-sector-80-gurugram/nearby,https://youtube.com/@sarovarhotels,404,external
/hotels/golden-tulip-srinagar,https://youtube.com/@sarovarhotels,404,external
/hotels/golden-tulip-srinagar/rooms,https://youtube.com/@sarovarhotels,404,external
/hotels/golden-tulip-srinagar/dining,https://youtube.com/@sarovarhotels,404,external
/hotels/golden-tulip-srinagar/banquets,https://youtube.com/@sarovarhotels,404,external
/hotels/golden-tulip-srinagar/gallery,https://youtube.com/@sarovarhotels,404,external
/hotels/golden-tulip-srinagar/nearby,https://youtube.com/@sarovarhotels,404,external
/hotels/royal-hometel-suites-dahisar-mumbai,https://youtube.com/@sarovarhotels,404,external
/hotels/royal-hometel-suites-dahisar-mumbai/rooms,https://youtube.com/@sarovarhotels,404,external
/hotels/royal-hometel-suites-dahisar-mumbai/banquets,https://youtube.com/@sarovarhotels,404,external
/hotels/royal-hometel-suites-dahisar-mumbai/dining,https://youtube.com/@sarovarhotels,404,external
/hotels/royal-hometel-suites-dahisar-mumbai/gallery,https://youtube.com/@sarovarhotels,404,external
/hotels/royal-hometel-suites-dahisar-mumbai/nearby,https://youtube.com/@sarovarhotels,404,external
/hotels/royal-sarovar-portico-siliguri,https://youtube.com/@sarovarhotels,404,external
/hotels/royal-sarovar-portico-siliguri/rooms,https://youtube.com/@sarovarhotels,404,external
/hotels/royal-sarovar-portico-siliguri/dining,https://youtube.com/@sarovarhotels,404,external
/hotels/royal-sarovar-portico-siliguri/banquets,https://youtube.com/@sarovarhotels,404,external
/hotels/royal-sarovar-portico-siliguri/gallery,https://youtube.com/@sarovarhotels,404,external
/hotels/royal-sarovar-portico-siliguri/nearby,https://youtube.com/@sarovarhotels,404,external
/hotels/royal-tulip-chitwan/rooms,https://youtube.com/@sarovarhotels,404,external
/hotels/royal-tulip-chitwan/dining,https://youtube.com/@sarovarhotels,404,external
/hotels/royal-tulip-chitwan/banquets,https://youtube.com/@sarovarhotels,404,external
/hotels/royal-tulip-chitwan,https://youtube.com/@sarovarhotels,404,external
/hotels/royal-tulip-chitwan/gallery,https://youtube.com/@sarovarhotels,404,external
/hotels/royal-tulip-chitwan/nearby,https://youtube.com/@sarovarhotels,404,external
/hotels/royal-tulip-kathmandu-shivapuri-national-park,https://youtube.com/@sarovarhotels,404,external
/hotels/royal-tulip-kathmandu-shivapuri-national-park/rooms,https://youtube.com/@sarovarhotels,404,external
/hotels/royal-tulip-kathmandu-shivapuri-national-park/dining,https://youtube.com/@sarovarhotels,404,external
/hotels/royal-tulip-kathmandu-shivapuri-national-park/banquets,https://youtube.com/@sarovarhotels,404,external
/hotels/royal-tulip-kathmandu-shivapuri-national-park/gallery,https://youtube.com/@sarovarhotels,404,external
/hotels/royal-tulip-kathmandu-shivapuri-national-park/nearby,https://youtube.com/@sarovarhotels,404,external
/hotels/royal-tulip-kathmandu,https://youtube.com/@sarovarhotels,404,external
/hotels/royal-tulip-kathmandu/rooms,https://youtube.com/@sarovarhotels,404,external
/hotels/royal-tulip-kathmandu/dining,https://youtube.com/@sarovarhotels,404,external
/hotels/royal-tulip-kathmandu/banquets,https://youtube.com/@sarovarhotels,404,external
/hotels/royal-tulip-kathmandu/gallery,https://youtube.com/@sarovarhotels,404,external
/hotels/royal-tulip-kathmandu/nearby,https://youtube.com/@sarovarhotels,404,external
/hotels/royale-sarovar-portico-agra,https://youtube.com/@sarovarhotels,404,external
/hotels/royale-sarovar-portico-agra/rooms,https://youtube.com/@sarovarhotels,404,external
/hotels/royale-sarovar-portico-agra/dining,https://youtube.com/@sarovarhotels,404,external
/hotels/royale-sarovar-portico-agra/banquets,https://youtube.com/@sarovarhotels,404,external
/hotels/royale-sarovar-portico-agra/gallery,https://youtube.com/@sarovarhotels,404,external
/hotels/royale-sarovar-portico-agra/nearby,https://youtube.com/@sarovarhotels,404,external
/hotels/rs-sarovar-portico-palampur,https://youtube.com/@sarovarhotels,404,external
/hotels/rs-sarovar-portico-palampur/rooms,https://youtube.com/@sarovarhotels,404,external
/hotels/rs-sarovar-portico-palampur/dining,https://youtube.com/@sarovarhotels,404,external
/hotels/rs-sarovar-portico-palampur/banquets,https://youtube.com/@sarovarhotels,404,external
/hotels/rs-sarovar-portico-palampur/gallery,https://youtube.com/@sarovarhotels,404,external
/hotels/rs-sarovar-portico-palampur/nearby,https://youtube.com/@sarovarhotels,404,external
/hotels/sairafort-sarovar-portico-jaisalmer,https://youtube.com/@sarovarhotels,404,external
/hotels/sairafort-sarovar-portico-jaisalmer/rooms,https://youtube.com/@sarovarhotels,404,external
/hotels/sairafort-sarovar-portico-jaisalmer/banquets,https://youtube.com/@sarovarhotels,404,external
/hotels/sairafort-sarovar-portico-jaisalmer/dining,https://youtube.com/@sarovarhotels,404,external
/hotels/sairafort-sarovar-portico-jaisalmer/gallery,https://youtube.com/@sarovarhotels,404,external
/hotels/sairafort-sarovar-portico-jaisalmer/nearby,https://youtube.com/@sarovarhotels,404,external
/hotels/sarovar-ahmedabad,https://youtube.com/@sarovarhotels,404,external
/hotels/sarovar-ahmedabad/rooms,https://youtube.com/@sarovarhotels,404,external
/hotels/sarovar-ahmedabad/dining,https://youtube.com/@sarovarhotels,404,external
/hotels/sarovar-ahmedabad/banquets,https://youtube.com/@sarovarhotels,404,external
/hotels/sarovar-ahmedabad/gallery,https://youtube.com/@sarovarhotels,404,external
/hotels/sarovar-ahmedabad/nearby,https://youtube.com/@sarovarhotels,404,external
/hotels/sarovar-portico-ajmer,https://youtube.com/@sarovarhotels,404,external
/hotels/sarovar-portico-ajmer/rooms,https://youtube.com/@sarovarhotels,404,external
/hotels/sarovar-portico-ajmer/dining,https://youtube.com/@sarovarhotels,404,external
/hotels/sarovar-portico-ajmer/banquets,https://youtube.com/@sarovarhotels,404,external
/hotels/sarovar-portico-ajmer/gallery,https://youtube.com/@sarovarhotels,404,external
/hotels/sarovar-portico-ajmer/nearby,https://youtube.com/@sarovarhotels,404,external
/hotels/sarovar-portico-badrinath-uttarakhand,https://youtube.com/@sarovarhotels,404,external
/hotels/sarovar-portico-badrinath-uttarakhand/rooms,https://youtube.com/@sarovarhotels,404,external
/hotels/sarovar-portico-badrinath-uttarakhand/dining,https://youtube.com/@sarovarhotels,404,external
/hotels/sarovar-portico-badrinath-uttarakhand/banquets,https://youtube.com/@sarovarhotels,404,external
/hotels/sarovar-portico-badrinath-uttarakhand/gallery,https://youtube.com/@sarovarhotels,404,external
/hotels/sarovar-portico-badrinath-uttarakhand/nearby,https://youtube.com/@sarovarhotels,404,external
/hotels/sarovar-portico-bhubaneswar,https://youtube.com/@sarovarhotels,404,external
/hotels/sarovar-portico-bhubaneswar/rooms,https://youtube.com/@sarovarhotels,404,external
/hotels/sarovar-portico-bhubaneswar/dining,https://youtube.com/@sarovarhotels,404,external
/hotels/sarovar-portico-bhubaneswar/banquets,https://youtube.com/@sarovarhotels,404,external
/hotels/sarovar-portico-bhubaneswar/gallery,https://youtube.com/@sarovarhotels,404,external
/hotels/sarovar-portico-bhubaneswar/nearby,https://youtube.com/@sarovarhotels,404,external
/hotels/sarovar-portico-birgunj,https://youtube.com/@sarovarhotels,404,external
/hotels/sarovar-portico-birgunj/dining,https://youtube.com/@sarovarhotels,404,external
/hotels/sarovar-portico-birgunj/rooms,https://youtube.com/@sarovarhotels,404,external
/hotels/sarovar-portico-birgunj/banquets,https://youtube.com/@sarovarhotels,404,external
/hotels/sarovar-portico-birgunj/gallery,https://youtube.com/@sarovarhotels,404,external
/hotels/sarovar-portico-birgunj/nearby,https://youtube.com/@sarovarhotels,404,external
/hotels/sarovar-portico-dehradun,https://youtube.com/@sarovarhotels,404,external
/hotels/sarovar-portico-dehradun/rooms,https://youtube.com/@sarovarhotels,404,external
/hotels/sarovar-portico-dehradun/dining,https://youtube.com/@sarovarhotels,404,external
/hotels/sarovar-portico-dehradun/banquets,https://youtube.com/@sarovarhotels,404,external
/hotels/sarovar-portico-dehradun/gallery,https://youtube.com/@sarovarhotels,404,external
/hotels/sarovar-portico-dehradun/nearby,https://youtube.com/@sarovarhotels,404,external
/hotels/sarovar-portico-gir,https://youtube.com/@sarovarhotels,404,external
/hotels/sarovar-portico-gir/rooms,https://youtube.com/@sarovarhotels,404,external
/hotels/sarovar-portico-gir/dining,https://youtube.com/@sarovarhotels,404,external
/hotels/sarovar-portico-gir/banquets,https://youtube.com/@sarovarhotels,404,external
/hotels/sarovar-portico-gir/gallery,https://youtube.com/@sarovarhotels,404,external
/hotels/sarovar-portico-gir/nearby,https://youtube.com/@sarovarhotels,404,external
/hotels/sarovar-portico-hanumangarh,https://youtube.com/@sarovarhotels,404,external
/hotels/sarovar-portico-hanumangarh/rooms,https://youtube.com/@sarovarhotels,404,external
/hotels/sarovar-portico-hanumangarh/dining,https://youtube.com/@sarovarhotels,404,external
/hotels/sarovar-portico-hanumangarh/banquets,https://youtube.com/@sarovarhotels,404,external
/hotels/sarovar-portico-hanumangarh/gallery,https://youtube.com/@sarovarhotels,404,external
/hotels/sarovar-portico-hanumangarh/nearby,https://youtube.com/@sarovarhotels,404,external
/hotels/sarovar-portico-jalandhar,https://youtube.com/@sarovarhotels,404,external
/hotels/sarovar-portico-jalandhar/rooms,https://youtube.com/@sarovarhotels,404,external
/hotels/sarovar-portico-jalandhar/dining,https://youtube.com/@sarovarhotels,404,external
/hotels/sarovar-portico-jalandhar/banquets,https://youtube.com/@sarovarhotels,404,external
/hotels/sarovar-portico-jalandhar/gallery,https://youtube.com/@sarovarhotels,404,external
/hotels/sarovar-portico-jalandhar/nearby,https://youtube.com/@sarovarhotels,404,external
/hotels/sarovar-portico-kolkata-rajarhat,https://youtube.com/@sarovarhotels,404,external
/hotels/sarovar-portico-kolkata-rajarhat/rooms,https://youtube.com/@sarovarhotels,404,external
/hotels/sarovar-portico-kolkata-rajarhat/dining,https://youtube.com/@sarovarhotels,404,external
/hotels/sarovar-portico-kolkata-rajarhat/banquets,https://youtube.com/@sarovarhotels,404,external
/hotels/sarovar-portico-kolkata-rajarhat/gallery,https://youtube.com/@sarovarhotels,404,external
/hotels/sarovar-portico-kolkata-rajarhat/nearby,https://youtube.com/@sarovarhotels,404,external
/hotels/sarovar-portico-morbi,https://youtube.com/@sarovarhotels,404,external
/hotels/sarovar-portico-morbi/rooms,https://youtube.com/@sarovarhotels,404,external
/hotels/sarovar-portico-morbi/dining,https://youtube.com/@sarovarhotels,404,external
/hotels/sarovar-portico-morbi/gallery,https://youtube.com/@sarovarhotels,404,external
/hotels/sarovar-portico-morbi/banquets,https://youtube.com/@sarovarhotels,404,external
/hotels/sarovar-portico-morbi/nearby,https://youtube.com/@sarovarhotels,404,external
/hotels/sarovar-portico-naraina-new-delhi,https://youtube.com/@sarovarhotels,404,external
/hotels/sarovar-portico-naraina-new-delhi/rooms,https://youtube.com/@sarovarhotels,404,external
/hotels/sarovar-portico-naraina-new-delhi/dining,https://youtube.com/@sarovarhotels,404,external
/hotels/sarovar-portico-naraina-new-delhi/banquets,https://youtube.com/@sarovarhotels,404,external
/hotels/sarovar-portico-naraina-new-delhi/gallery,https://youtube.com/@sarovarhotels,404,external
/hotels/sarovar-portico-naraina-new-delhi/nearby,https://youtube.com/@sarovarhotels,404,external
/hotels/sarovar-portico-saharanpur/rooms,https://youtube.com/@sarovarhotels,404,external
/hotels/sarovar-portico-saharanpur,https://youtube.com/@sarovarhotels,404,external
/hotels/sarovar-portico-saharanpur/dining,https://youtube.com/@sarovarhotels,404,external
/hotels/sarovar-portico-saharanpur/banquets,https://youtube.com/@sarovarhotels,404,external
/hotels/sarovar-portico-saharanpur/gallery,https://youtube.com/@sarovarhotels,404,external
/hotels/sarovar-portico-saharanpur/nearby,https://youtube.com/@sarovarhotels,404,external
/hotels/sarovar-portico-somnath,https://youtube.com/@sarovarhotels,404,external
/hotels/sarovar-portico-somnath/rooms,https://youtube.com/@sarovarhotels,404,external
/hotels/sarovar-portico-somnath/dining,https://youtube.com/@sarovarhotels,404,external
/hotels/sarovar-portico-somnath/banquets,https://youtube.com/@sarovarhotels,404,external
/hotels/sarovar-portico-somnath/gallery,https://youtube.com/@sarovarhotels,404,external
/hotels/sarovar-portico-somnath/nearby,https://youtube.com/@sarovarhotels,404,external
/hotels/sarovar-portico-sonipat,https://youtube.com/@sarovarhotels,404,external
/hotels/sarovar-portico-sonipat/rooms,https://youtube.com/@sarovarhotels,404,external
/hotels/sarovar-portico-sonipat/dining,https://youtube.com/@sarovarhotels,404,external
/hotels/sarovar-portico-sonipat/banquets,https://youtube.com/@sarovarhotels,404,external
/hotels/sarovar-portico-sonipat/gallery,https://youtube.com/@sarovarhotels,404,external
/hotels/sarovar-portico-sonipat/nearby,https://youtube.com/@sarovarhotels,404,external
/hotels/sarovar-portico-srinagar,https://youtube.com/@sarovarhotels,404,external
/hotels/sarovar-portico-srinagar/rooms,https://youtube.com/@sarovarhotels,404,external
/hotels/sarovar-portico-srinagar/dining,https://youtube.com/@sarovarhotels,404,external
/hotels/sarovar-portico-srinagar/banquets,https://youtube.com/@sarovarhotels,404,external
/hotels/sarovar-portico-srinagar/gallery,https://youtube.com/@sarovarhotels,404,external
/hotels/sarovar-portico-srinagar/nearby,https://youtube.com/@sarovarhotels,404,external
/hotels/sarovar-portico-surajkund,https://youtube.com/@sarovarhotels,404,external
/hotels/sarovar-portico-surajkund/rooms,https://youtube.com/@sarovarhotels,404,external
/hotels/sarovar-portico-surajkund/dining,https://youtube.com/@sarovarhotels,404,external
/hotels/sarovar-portico-surajkund/banquets,https://youtube.com/@sarovarhotels,404,external
/hotels/sarovar-portico-surajkund/gallery,https://youtube.com/@sarovarhotels,404,external
/hotels/sarovar-portico-surajkund/nearby,https://youtube.com/@sarovarhotels,404,external
/hotels/sarovar-premiere-amritsar,https://youtube.com/@sarovarhotels,404,external
/hotels/sarovar-premiere-amritsar/rooms,https://youtube.com/@sarovarhotels,404,external
/hotels/sarovar-premiere-amritsar/dining,https://youtube.com/@sarovarhotels,404,external
/hotels/sarovar-premiere-amritsar/banquets,https://youtube.com/@sarovarhotels,404,external
/hotels/sarovar-premiere-amritsar/gallery,https://youtube.com/@sarovarhotels,404,external
/hotels/sarovar-premiere-amritsar/nearby,https://youtube.com/@sarovarhotels,404,external
/hotels/sarovar-premiere-alwar,https://youtube.com/@sarovarhotels,404,external
/hotels/sarovar-premiere-alwar/rooms,https://youtube.com/@sarovarhotels,404,external
/hotels/sarovar-premiere-alwar/dining,https://youtube.com/@sarovarhotels,404,external
/hotels/sarovar-premiere-alwar/gallery,https://youtube.com/@sarovarhotels,404,external
/hotels/sarovar-premiere-alwar/banquets,https://youtube.com/@sarovarhotels,404,external
/hotels/sarovar-premiere-alwar/nearby,https://youtube.com/@sarovarhotels,404,external
/hotels/sarovar-premiere-jaipur,https://youtube.com/@sarovarhotels,404,external
/hotels/sarovar-premiere-jaipur/rooms,https://youtube.com/@sarovarhotels,404,external
/hotels/sarovar-premiere-jaipur/dining,https://youtube.com/@sarovarhotels,404,external
/hotels/sarovar-premiere-jaipur/banquets,https://youtube.com/@sarovarhotels,404,external
/hotels/sarovar-premiere-jaipur/gallery,https://youtube.com/@sarovarhotels,404,external
/hotels/sarovar-premiere-jaipur/nearby,https://youtube.com/@sarovarhotels,404,external
/hotels/sarovar-premiere-srinagar,https://youtube.com/@sarovarhotels,404,external
/hotels/sarovar-premiere-srinagar/rooms,https://youtube.com/@sarovarhotels,404,external
/hotels/sarovar-premiere-srinagar/dining,https://youtube.com/@sarovarhotels,404,external
/hotels/sarovar-premiere-srinagar/banquets,https://youtube.com/@sarovarhotels,404,external
/hotels/sarovar-premiere-srinagar/gallery,https://youtube.com/@sarovarhotels,404,external
/hotels/sarovar-premiere-srinagar/nearby,https://youtube.com/@sarovarhotels,404,external
/hotels/sea-breeze-sarovar-portico-varca-goa,https://youtube.com/@sarovarhotels,404,external
/hotels/sea-breeze-sarovar-portico-varca-goa/rooms,https://youtube.com/@sarovarhotels,404,external
/hotels/sea-breeze-sarovar-portico-varca-goa/dining,https://youtube.com/@sarovarhotels,404,external
/hotels/sea-breeze-sarovar-portico-varca-goa/banquets,https://youtube.com/@sarovarhotels,404,external
/hotels/sea-breeze-sarovar-portico-varca-goa/nearby,https://youtube.com/@sarovarhotels,404,external
/hotels/sea-breeze-sarovar-portico-varca-goa/gallery,https://youtube.com/@sarovarhotels,404,external
/hotels/serene-premiere-hargeisa,https://youtube.com/@sarovarhotels,404,external
/hotels/serene-premiere-hargeisa/rooms,https://youtube.com/@sarovarhotels,404,external
/hotels/serene-premiere-hargeisa/dining,https://youtube.com/@sarovarhotels,404,external
/hotels/serene-premiere-hargeisa/banquets,https://youtube.com/@sarovarhotels,404,external
/hotels/serene-premiere-hargeisa/gallery,https://youtube.com/@sarovarhotels,404,external
/hotels/serene-premiere-hargeisa/nearby,https://youtube.com/@sarovarhotels,404,external
/hotels/shravanthi-sarovar-portico-bengaluru,https://youtube.com/@sarovarhotels,404,external
/hotels/shravanthi-sarovar-portico-bengaluru/rooms,https://youtube.com/@sarovarhotels,404,external
/hotels/shravanthi-sarovar-portico-bengaluru/dining,https://youtube.com/@sarovarhotels,404,external
/hotels/shravanthi-sarovar-portico-bengaluru/banquets,https://youtube.com/@sarovarhotels,404,external
/hotels/shravanthi-sarovar-portico-bengaluru/gallery,https://youtube.com/@sarovarhotels,404,external
/hotels/shravanthi-sarovar-portico-bengaluru/nearby,https://youtube.com/@sarovarhotels,404,external
/hotels/shyama-sarovar-portico-orai,https://youtube.com/@sarovarhotels,404,external
/hotels/shyama-sarovar-portico-orai/rooms,https://youtube.com/@sarovarhotels,404,external
/hotels/shyama-sarovar-portico-orai/dining,https://youtube.com/@sarovarhotels,404,external
/hotels/shyama-sarovar-portico-orai/banquets,https://youtube.com/@sarovarhotels,404,external
/hotels/shyama-sarovar-portico-orai/gallery,https://youtube.com/@sarovarhotels,404,external
/hotels/shyama-sarovar-portico-orai/nearby,https://youtube.com/@sarovarhotels,404,external
/hotels/singhania-sarovar-portico-raipur,https://youtube.com/@sarovarhotels,404,external
/hotels/singhania-sarovar-portico-raipur/rooms,https://youtube.com/@sarovarhotels,404,external
/hotels/singhania-sarovar-portico-raipur/dining,https://youtube.com/@sarovarhotels,404,external
/hotels/singhania-sarovar-portico-raipur/banquets,https://youtube.com/@sarovarhotels,404,external
/hotels/singhania-sarovar-portico-raipur/gallery,https://youtube.com/@sarovarhotels,404,external
/hotels/singhania-sarovar-portico-raipur/nearby,https://youtube.com/@sarovarhotels,404,external
/hotels/skywings-sarovar-portico-mathura,https://youtube.com/@sarovarhotels,404,external
/hotels/skywings-sarovar-portico-mathura/rooms,https://youtube.com/@sarovarhotels,404,external
/hotels/skywings-sarovar-portico-mathura/dining,https://youtube.com/@sarovarhotels,404,external
/hotels/skywings-sarovar-portico-mathura/banquets,https://youtube.com/@sarovarhotels,404,external
/hotels/skywings-sarovar-portico-mathura/gallery,https://youtube.com/@sarovarhotels,404,external
/hotels/skywings-sarovar-portico-mathura/nearby,https://youtube.com/@sarovarhotels,404,external
/hotels/sobit-sarovar-portico-palolem-beach-hotel-goa,https://youtube.com/@sarovarhotels,404,external
/hotels/sobit-sarovar-portico-palolem-beach-hotel-goa/rooms,https://youtube.com/@sarovarhotels,404,external
/hotels/sobit-sarovar-portico-palolem-beach-hotel-goa/dining,https://youtube.com/@sarovarhotels,404,external
/hotels/sobit-sarovar-portico-palolem-beach-hotel-goa/banquets,https://youtube.com/@sarovarhotels,404,external
/hotels/sobit-sarovar-portico-palolem-beach-hotel-goa/gallery,https://youtube.com/@sarovarhotels,404,external
/hotels/sobit-sarovar-portico-palolem-beach-hotel-goa/nearby,https://youtube.com/@sarovarhotels,404,external
/hotels/taurus-hotel-mahipalpur-new-delhi,https://youtube.com/@sarovarhotels,404,external
/hotels/taurus-hotel-mahipalpur-new-delhi/rooms,https://youtube.com/@sarovarhotels,404,external
/hotels/taurus-hotel-mahipalpur-new-delhi/dining,https://youtube.com/@sarovarhotels,404,external
/hotels/taurus-hotel-mahipalpur-new-delhi/banquets,https://youtube.com/@sarovarhotels,404,external
/hotels/taurus-hotel-mahipalpur-new-delhi/gallery,https://youtube.com/@sarovarhotels,404,external
/hotels/taurus-hotel-mahipalpur-new-delhi/nearby,https://youtube.com/@sarovarhotels,404,external
/hotels/the-ashtan-sarovar-portico-new-delhi,https://youtube.com/@sarovarhotels,404,external
/hotels/the-ashtan-sarovar-portico-new-delhi/rooms,https://youtube.com/@sarovarhotels,404,external
/hotels/the-ashtan-sarovar-portico-new-delhi/dining,https://youtube.com/@sarovarhotels,404,external
/hotels/the-ashtan-sarovar-portico-new-delhi/banquets,https://youtube.com/@sarovarhotels,404,external
/hotels/the-ashtan-sarovar-portico-new-delhi/gallery,https://youtube.com/@sarovarhotels,404,external
/hotels/the-ashtan-sarovar-portico-new-delhi/nearby,https://youtube.com/@sarovarhotels,404,external
/hotels/the-gaurs-sarovar-premiere,https://youtube.com/@sarovarhotels,404,external
/hotels/the-gaurs-sarovar-premiere/rooms,https://youtube.com/@sarovarhotels,404,external
/hotels/the-gaurs-sarovar-premiere/dining,https://youtube.com/@sarovarhotels,404,external
/hotels/the-gaurs-sarovar-premiere/banquets,https://youtube.com/@sarovarhotels,404,external
/hotels/the-gaurs-sarovar-premiere/gallery,https://youtube.com/@sarovarhotels,404,external
/hotels/the-gaurs-sarovar-premiere/nearby,https://youtube.com/@sarovarhotels,404,external
/hotels/the-heron-portico-nairobi,https://youtube.com/@sarovarhotels,404,external
/hotels/the-heron-portico-nairobi/rooms,https://youtube.com/@sarovarhotels,404,external
/hotels/the-heron-portico-nairobi/dining,https://youtube.com/@sarovarhotels,404,external
/hotels/the-heron-portico-nairobi/banquets,https://youtube.com/@sarovarhotels,404,external
/hotels/the-heron-portico-nairobi/gallery,https://youtube.com/@sarovarhotels,404,external
/hotels/the-heron-portico-nairobi/nearby,https://youtube.com/@sarovarhotels,404,external
/hotels/the-gokulam-park-kochi,https://youtube.com/@sarovarhotels,404,external
/hotels/the-gokulam-park-kochi/rooms,https://youtube.com/@sarovarhotels,404,external
/hotels/the-gokulam-park-kochi/dining,https://youtube.com/@sarovarhotels,404,external
/hotels/the-gokulam-park-kochi/banquets,https://youtube.com/@sarovarhotels,404,external
/hotels/the-gokulam-park-kochi/gallery,https://youtube.com/@sarovarhotels,404,external
/hotels/the-gokulam-park-kochi/nearby,https://youtube.com/@sarovarhotels,404,external
/hotels/the-muse-sarovar-portico-nehru-place-new-delhi,https://youtube.com/@sarovarhotels,404,external
/hotels/the-muse-sarovar-portico-nehru-place-new-delhi/rooms,https://youtube.com/@sarovarhotels,404,external
/hotels/the-muse-sarovar-portico-nehru-place-new-delhi/dining,https://youtube.com/@sarovarhotels,404,external
/hotels/the-muse-sarovar-portico-nehru-place-new-delhi/banquets,https://youtube.com/@sarovarhotels,404,external
/hotels/the-muse-sarovar-portico-nehru-place-new-delhi/gallery,https://youtube.com/@sarovarhotels,404,external
/hotels/the-muse-sarovar-portico-nehru-place-new-delhi/nearby,https://youtube.com/@sarovarhotels,404,external
/hotels/the-promenade-pondicherry,https://youtube.com/@sarovarhotels,404,external
/hotels/the-promenade-pondicherry/rooms,https://youtube.com/@sarovarhotels,404,external
/hotels/the-promenade-pondicherry/dining,https://youtube.com/@sarovarhotels,404,external
/hotels/the-promenade-pondicherry/banquets,https://youtube.com/@sarovarhotels,404,external
/hotels/the-promenade-pondicherry/gallery,https://youtube.com/@sarovarhotels,404,external
/hotels/the-promenade-pondicherry/nearby,https://youtube.com/@sarovarhotels,404,external
/hotels/tulip-inn-bhopal,https://youtube.com/@sarovarhotels,404,external
/hotels/tulip-inn-bhopal/rooms,https://youtube.com/@sarovarhotels,404,external
/hotels/tulip-inn-bhopal/dining,https://youtube.com/@sarovarhotels,404,external
/hotels/tulip-inn-bhopal/banquets,https://youtube.com/@sarovarhotels,404,external
/hotels/tulip-inn-bhopal/gallery,https://youtube.com/@sarovarhotels,404,external
/hotels/tulip-inn-bhopal/nearby,https://youtube.com/@sarovarhotels,404,external
/hotels/tulip-inn-gurugram-near-medanta,https://youtube.com/@sarovarhotels,404,external
/hotels/tulip-inn-gurugram-near-medanta/rooms,https://youtube.com/@sarovarhotels,404,external
/hotels/tulip-inn-gurugram-near-medanta/dining,https://youtube.com/@sarovarhotels,404,external
/hotels/tulip-inn-gurugram-near-medanta/banquets,https://youtube.com/@sarovarhotels,404,external
/hotels/tulip-inn-gurugram-near-medanta/gallery,https://youtube.com/@sarovarhotels,404,external
/hotels/tulip-inn-gurugram-near-medanta/nearby,https://youtube.com/@sarovarhotels,404,external
/hotels/tulip-inn-koramangala,https://youtube.com/@sarovarhotels,404,external
/hotels/tulip-inn-koramangala/rooms,https://youtube.com/@sarovarhotels,404,external
/hotels/tulip-inn-koramangala/dining,https://youtube.com/@sarovarhotels,404,external
/hotels/tulip-inn-koramangala/banquets,https://youtube.com/@sarovarhotels,404,external
/hotels/tulip-inn-koramangala/gallery,https://youtube.com/@sarovarhotels,404,external
/hotels/tulip-inn-koramangala/nearby,https://youtube.com/@sarovarhotels,404,external
/hotels/tulip-inn-shravasti,https://youtube.com/@sarovarhotels,404,external
/hotels/tulip-inn-shravasti/rooms,https://youtube.com/@sarovarhotels,404,external
/hotels/tulip-inn-shravasti/dining,https://youtube.com/@sarovarhotels,404,external
/hotels/tulip-inn-shravasti/banquets,https://youtube.com/@sarovarhotels,404,external
/hotels/tulip-inn-shravasti/nearby,https://youtube.com/@sarovarhotels,404,external
/hotels/tulip-inn-shravasti/gallery,https://youtube.com/@sarovarhotels,404,external
/hotels/tulip-inn-zirakpur/dining,https://youtube.com/@sarovarhotels,404,external
/hotels/tulip-inn-zirakpur/rooms,https://youtube.com/@sarovarhotels,404,external
/hotels/tulip-inn-zirakpur,https://youtube.com/@sarovarhotels,404,external
/hotels/tulip-inn-zirakpur/banquets,https://youtube.com/@sarovarhotels,404,external
/hotels/tulip-inn-zirakpur/nearby,https://youtube.com/@sarovarhotels,404,external
/hotels/tulip-inn-zirakpur/gallery,https://youtube.com/@sarovarhotels,404,external
/hotels/v-sarovar-portico-mi-road-jaipur,https://youtube.com/@sarovarhotels,404,external
/hotels/v-sarovar-portico-mi-road-jaipur/rooms,https://youtube.com/@sarovarhotels,404,external
/hotels/v-sarovar-portico-mi-road-jaipur/dining,https://youtube.com/@sarovarhotels,404,external
/hotels/v-sarovar-portico-mi-road-jaipur/banquets,https://youtube.com/@sarovarhotels,404,external
/hotels/v-sarovar-portico-mi-road-jaipur/gallery,https://youtube.com/@sarovarhotels,404,external
/hotels/v-sarovar-portico-mi-road-jaipur/nearby,https://youtube.com/@sarovarhotels,404,external
/hotels/vaishnodevi-portico-katra,https://youtube.com/@sarovarhotels,404,external
/hotels/vaishnodevi-portico-katra/rooms,https://youtube.com/@sarovarhotels,404,external
/hotels/vaishnodevi-portico-katra/dining,https://youtube.com/@sarovarhotels,404,external
/hotels/vaishnodevi-portico-katra/banquets,https://youtube.com/@sarovarhotels,404,external
/hotels/vaishnodevi-portico-katra/gallery,https://youtube.com/@sarovarhotels,404,external
/hotels/vaishnodevi-portico-katra/nearby,https://youtube.com/@sarovarhotels,404,external
/hotels/venizia-sarovar-portico-in-new-delhi,https://youtube.com/@sarovarhotels,404,external
/hotels/venizia-sarovar-portico-in-new-delhi/dining,https://youtube.com/@sarovarhotels,404,external
/hotels/venizia-sarovar-portico-in-new-delhi/rooms,https://youtube.com/@sarovarhotels,404,external
/hotels/venizia-sarovar-portico-in-new-delhi/banquets,https://youtube.com/@sarovarhotels,404,external
/hotels/venizia-sarovar-portico-in-new-delhi/gallery,https://youtube.com/@sarovarhotels,404,external
/hotels/venizia-sarovar-portico-in-new-delhi/nearby,https://youtube.com/@sarovarhotels,404,external
/hotels/viraj-sarovar-portico-jammu/rooms,https://youtube.com/@sarovarhotels,404,external
/hotels/viraj-sarovar-portico-jammu,https://youtube.com/@sarovarhotels,404,external
/hotels/viraj-sarovar-portico-jammu/dining,https://youtube.com/@sarovarhotels,404,external
/hotels/viraj-sarovar-portico-jammu/banquets,https://youtube.com/@sarovarhotels,404,external
/hotels/viraj-sarovar-portico-jammu/gallery,https://youtube.com/@sarovarhotels,404,external
/hotels/viraj-sarovar-portico-jammu/nearby,https://youtube.com/@sarovarhotels,404,external
/hotels/golden-tulip-udaipur,https://youtube.com/@sarovarhotels,404,external
/hotels/golden-tulip-udaipur/rooms,https://youtube.com/@sarovarhotels,404,external
/hotels/golden-tulip-udaipur/dining,https://youtube.com/@sarovarhotels,404,external
/hotels/golden-tulip-udaipur/banquets,https://youtube.com/@sarovarhotels,404,external
/hotels/golden-tulip-udaipur/nearby,https://youtube.com/@sarovarhotels,404,external
/hotels/golden-tulip-udaipur/gallery,https://youtube.com/@sarovarhotels,404,external
/hotels/golden-tulip-tirupati,https://youtube.com/@sarovarhotels,404,external
/hotels/golden-tulip-tirupati/rooms,https://youtube.com/@sarovarhotels,404,external
/hotels/golden-tulip-tirupati/dining,https://youtube.com/@sarovarhotels,404,external
/hotels/golden-tulip-tirupati/banquets,https://youtube.com/@sarovarhotels,404,external
/hotels/golden-tulip-tirupati/gallery,https://youtube.com/@sarovarhotels,404,external
/hotels/golden-tulip-tirupati/nearby,https://youtube.com/@sarovarhotels,404,external
/hotels/golden-tulip,https://youtube.com/@sarovarhotels,404,external
/hotels/golden-tulip/rooms,https://youtube.com/@sarovarhotels,404,external
/hotels/golden-tulip/dining,https://youtube.com/@sarovarhotels,404,external
/hotels/golden-tulip/banquets,https://youtube.com/@sarovarhotels,404,external
/hotels/golden-tulip/gallery,https://youtube.com/@sarovarhotels,404,external
/hotels/golden-tulip/nearby,https://youtube.com/@sarovarhotels,404,external
/hotels/grand-continent-anjuna,https://youtube.com/@sarovarhotels,404,external
/hotels/grand-continent-anjuna/rooms,https://youtube.com/@sarovarhotels,404,external
/hotels/grand-continent-anjuna/dining,https://youtube.com/@sarovarhotels,404,external
/hotels/grand-continent-anjuna/banquets,https://youtube.com/@sarovarhotels,404,external
/hotels/grand-continent-anjuna/gallery,https://youtube.com/@sarovarhotels,404,external
/hotels/grand-continent-anjuna/nearby,https://youtube.com/@sarovarhotels,404,external
/hotels/grand-continent-brookefield-bengaluru,https://youtube.com/@sarovarhotels,404,external
/hotels/grand-continent-brookefield-bengaluru/rooms,https://youtube.com/@sarovarhotels,404,external
/hotels/grand-continent-brookefield-bengaluru/dining,https://youtube.com/@sarovarhotels,404,external
/hotels/grand-continent-brookefield-bengaluru/banquets,https://youtube.com/@sarovarhotels,404,external
/hotels/grand-continent-brookefield-bengaluru/gallery,https://youtube.com/@sarovarhotels,404,external
/hotels/grand-continent-brookefield-bengaluru/nearby,https://youtube.com/@sarovarhotels,404,external
/hotels/grand-continent-hebbal-bangalore,https://youtube.com/@sarovarhotels,404,external
/hotels/grand-continent-hebbal-bangalore/rooms,https://youtube.com/@sarovarhotels,404,external
/hotels/grand-continent-hebbal-bangalore/dining,https://youtube.com/@sarovarhotels,404,external
/hotels/grand-continent-hebbal-bangalore/banquets,https://youtube.com/@sarovarhotels,404,external
/hotels/grand-continent-hebbal-bangalore/gallery,https://youtube.com/@sarovarhotels,404,external
/hotels/grand-continent-hebbal-bangalore/nearby,https://youtube.com/@sarovarhotels,404,external
/hotels/grand-continent-hosur,https://youtube.com/@sarovarhotels,404,external
/hotels/grand-continent-hosur/rooms,https://youtube.com/@sarovarhotels,404,external
/hotels/grand-continent-hosur/dining,https://youtube.com/@sarovarhotels,404,external
/hotels/grand-continent-hosur/banquets,https://youtube.com/@sarovarhotels,404,external
/hotels/grand-continent-hosur/gallery,https://youtube.com/@sarovarhotels,404,external
/hotels/grand-continent-hosur/nearby,https://youtube.com/@sarovarhotels,404,external
/hotels/grand-continent-malleshwaram-bangalore,https://youtube.com/@sarovarhotels,404,external
/hotels/grand-continent-malleshwaram-bangalore/rooms,https://youtube.com/@sarovarhotels,404,external
/hotels/grand-continent-malleshwaram-bangalore/dining,https://youtube.com/@sarovarhotels,404,external
/hotels/grand-continent-malleshwaram-bangalore/banquets,https://youtube.com/@sarovarhotels,404,external
/hotels/grand-continent-malleshwaram-bangalore/gallery,https://youtube.com/@sarovarhotels,404,external
/hotels/grand-continent-malleshwaram-bangalore/nearby,https://youtube.com/@sarovarhotels,404,external
/hotels/grand-continent-mahabalipuram/rooms,https://youtube.com/@sarovarhotels,404,external
/hotels/grand-continent-mahabalipuram,https://youtube.com/@sarovarhotels,404,external
/hotels/grand-continent-mahabalipuram/dining,https://youtube.com/@sarovarhotels,404,external
/hotels/grand-continent-mahabalipuram/banquets,https://youtube.com/@sarovarhotels,404,external
/hotels/grand-continent-mahabalipuram/nearby,https://youtube.com/@sarovarhotels,404,external
/hotels/grand-continent-mahabalipuram/gallery,https://youtube.com/@sarovarhotels,404,external
/hotels/grand-continent-mysore/rooms,https://youtube.com/@sarovarhotels,404,external
/hotels/grand-continent-mysore,https://youtube.com/@sarovarhotels,404,external
/hotels/grand-continent-mysore/dining,https://youtube.com/@sarovarhotels,404,external
/hotels/grand-continent-mysore/banquets,https://youtube.com/@sarovarhotels,404,external
/hotels/grand-continent-mysore/nearby,https://youtube.com/@sarovarhotels,404,external
/hotels/grand-continent-mysore/gallery,https://youtube.com/@sarovarhotels,404,external
/hotels/grand-continent-secunderabad,https://youtube.com/@sarovarhotels,404,external
/hotels/grand-continent-secunderabad/rooms,https://youtube.com/@sarovarhotels,404,external
/hotels/grand-continent-secunderabad/dining,https://youtube.com/@sarovarhotels,404,external
/hotels/grand-continent-secunderabad/banquets,https://youtube.com/@sarovarhotels,404,external
/hotels/grand-continent-secunderabad/nearby,https://youtube.com/@sarovarhotels,404,external
/hotels/grand-continent-secunderabad/gallery,https://youtube.com/@sarovarhotels,404,external
/hotels/grand-portico-hotel-in-latur,https://youtube.com/@sarovarhotels,404,external
/hotels/grand-portico-hotel-in-latur/rooms,https://youtube.com/@sarovarhotels,404,external
/hotels/grand-portico-hotel-in-latur/dining,https://youtube.com/@sarovarhotels,404,external
/hotels/grand-portico-hotel-in-latur/banquets,https://youtube.com/@sarovarhotels,404,external
/hotels/grand-portico-hotel-in-latur/gallery,https://youtube.com/@sarovarhotels,404,external
/hotels/grand-portico-hotel-in-latur/nearby,https://youtube.com/@sarovarhotels,404,external
/hotels/highland-sarovar-portico-sindhudurg,https://youtube.com/@sarovarhotels,404,external
/hotels/highland-sarovar-portico-sindhudurg/rooms,https://youtube.com/@sarovarhotels,404,external
/hotels/highland-sarovar-portico-sindhudurg/dining,https://youtube.com/@sarovarhotels,404,external
/hotels/highland-sarovar-portico-sindhudurg/banquets,https://youtube.com/@sarovarhotels,404,external
/hotels/highland-sarovar-portico-sindhudurg/gallery,https://youtube.com/@sarovarhotels,404,external
/hotels/highland-sarovar-portico-sindhudurg/nearby,https://youtube.com/@sarovarhotels,404,external
/hotels/hometel-alambagh-lucknow,https://youtube.com/@sarovarhotels,404,external
/hotels/hometel-alambagh-lucknow/rooms,https://youtube.com/@sarovarhotels,404,external
/hotels/hometel-alambagh-lucknow/dining,https://youtube.com/@sarovarhotels,404,external
/hotels/hometel-alambagh-lucknow/banquets,https://youtube.com/@sarovarhotels,404,external
/hotels/hometel-alambagh-lucknow/gallery,https://youtube.com/@sarovarhotels,404,external
/hotels/hometel-alambagh-lucknow/nearby,https://youtube.com/@sarovarhotels,404,external
/hotels/hometel-roorkee,https://youtube.com/@sarovarhotels,404,external
/hotels/hometel-roorkee/rooms,https://youtube.com/@sarovarhotels,404,external
/hotels/hometel-roorkee/dining,https://youtube.com/@sarovarhotels,404,external
/hotels/hometel-roorkee/banquets,https://youtube.com/@sarovarhotels,404,external
/hotels/hometel-roorkee/gallery,https://youtube.com/@sarovarhotels,404,external
/hotels/hometel-roorkee/nearby,https://youtube.com/@sarovarhotels,404,external
/hotels/hometel-chandigarh,https://youtube.com/@sarovarhotels,404,external
/hotels/hometel-chandigarh/rooms,https://youtube.com/@sarovarhotels,404,external
/hotels/hometel-chandigarh/dining,https://youtube.com/@sarovarhotels,404,external
/hotels/hometel-chandigarh/banquets,https://youtube.com/@sarovarhotels,404,external
/hotels/hometel-chandigarh/gallery,https://youtube.com/@sarovarhotels,404,external
/hotels/hometel-chandigarh/nearby,https://youtube.com/@sarovarhotels,404,external
/hotels/hrj-sarovar-portico-indore,https://youtube.com/@sarovarhotels,404,external
/hotels/hrj-sarovar-portico-indore/rooms,https://youtube.com/@sarovarhotels,404,external
/hotels/hrj-sarovar-portico-indore/dining,https://youtube.com/@sarovarhotels,404,external
/hotels/hrj-sarovar-portico-indore/banquets,https://youtube.com/@sarovarhotels,404,external
/hotels/hrj-sarovar-portico-indore/gallery,https://youtube.com/@sarovarhotels,404,external
/hotels/hrj-sarovar-portico-indore/nearby,https://youtube.com/@sarovarhotels,404,external
/hotels/iris-sarovar-portico-gurugram,https://youtube.com/@sarovarhotels,404,external
/hotels/iris-sarovar-portico-gurugram/rooms,https://youtube.com/@sarovarhotels,404,external
/hotels/iris-sarovar-portico-gurugram/dining,https://youtube.com/@sarovarhotels,404,external
/hotels/iris-sarovar-portico-gurugram/banquets,https://youtube.com/@sarovarhotels,404,external
/hotels/iris-sarovar-portico-gurugram/gallery,https://youtube.com/@sarovarhotels,404,external
/hotels/iris-sarovar-portico-gurugram/nearby,https://youtube.com/@sarovarhotels,404,external
/hotels/ishaan-sarovar-portico-deoghar,https://youtube.com/@sarovarhotels,404,external
/hotels/ishaan-sarovar-portico-deoghar/rooms,https://youtube.com/@sarovarhotels,404,external
/hotels/ishaan-sarovar-portico-deoghar/dining,https://youtube.com/@sarovarhotels,404,external
/hotels/ishaan-sarovar-portico-deoghar/banquets,https://youtube.com/@sarovarhotels,404,external
/hotels/ishaan-sarovar-portico-deoghar/nearby,https://youtube.com/@sarovarhotels,404,external
/hotels/ishaan-sarovar-portico-deoghar/gallery,https://youtube.com/@sarovarhotels,404,external
/hotels/kpg-sarovar-portico-raj-nagar-extension-ghaziabad,https://youtube.com/@sarovarhotels,404,external
/hotels/kpg-sarovar-portico-raj-nagar-extension-ghaziabad/rooms,https://youtube.com/@sarovarhotels,404,external
/hotels/kpg-sarovar-portico-raj-nagar-extension-ghaziabad/dining,https://youtube.com/@sarovarhotels,404,external
/hotels/kpg-sarovar-portico-raj-nagar-extension-ghaziabad/banquets,https://youtube.com/@sarovarhotels,404,external
/hotels/kpg-sarovar-portico-raj-nagar-extension-ghaziabad/gallery,https://youtube.com/@sarovarhotels,404,external
/hotels/kpg-sarovar-portico-raj-nagar-extension-ghaziabad/nearby,https://youtube.com/@sarovarhotels,404,external
/hotels/lagoon-sarovar-premiere-pondicherry,https://youtube.com/@sarovarhotels,404,external
/hotels/lagoon-sarovar-premiere-pondicherry/rooms,https://youtube.com/@sarovarhotels,404,external
/hotels/lagoon-sarovar-premiere-pondicherry/dining,https://youtube.com/@sarovarhotels,404,external
/hotels/lagoon-sarovar-premiere-pondicherry/banquets,https://youtube.com/@sarovarhotels,404,external
/hotels/lagoon-sarovar-premiere-pondicherry/gallery,https://youtube.com/@sarovarhotels,404,external
/hotels/lagoon-sarovar-premiere-pondicherry/nearby,https://youtube.com/@sarovarhotels,404,external
/hotels/la-place-sarovar-portico-lucknow,https://youtube.com/@sarovarhotels,404,external
/hotels/la-place-sarovar-portico-lucknow/rooms,https://youtube.com/@sarovarhotels,404,external
/hotels/la-place-sarovar-portico-lucknow/dining,https://youtube.com/@sarovarhotels,404,external
/hotels/la-place-sarovar-portico-lucknow/banquets,https://youtube.com/@sarovarhotels,404,external
/hotels/la-place-sarovar-portico-lucknow/gallery,https://youtube.com/@sarovarhotels,404,external
/hotels/la-place-sarovar-portico-lucknow/nearby,https://youtube.com/@sarovarhotels,404,external
/hotels/le-dupleix-pondicherry,https://youtube.com/@sarovarhotels,404,external
/hotels/le-dupleix-pondicherry/dining,https://youtube.com/@sarovarhotels,404,external
/hotels/le-dupleix-pondicherry/rooms,https://youtube.com/@sarovarhotels,404,external
/hotels/le-dupleix-pondicherry/banquets,https://youtube.com/@sarovarhotels,404,external
/hotels/le-dupleix-pondicherry/gallery,https://youtube.com/@sarovarhotels,404,external
/hotels/le-dupleix-pondicherry/nearby,https://youtube.com/@sarovarhotels,404,external
/hotels/le-lac-sarovar-ranchi,https://youtube.com/@sarovarhotels,404,external
/hotels/le-lac-sarovar-ranchi/rooms,https://youtube.com/@sarovarhotels,404,external
/hotels/le-lac-sarovar-ranchi/dining,https://youtube.com/@sarovarhotels,404,external
/hotels/le-lac-sarovar-ranchi/banquets,https://youtube.com/@sarovarhotels,404,external
/hotels/le-lac-sarovar-ranchi/nearby,https://youtube.com/@sarovarhotels,404,external
/hotels/le-lac-sarovar-ranchi/gallery,https://youtube.com/@sarovarhotels,404,external
/hotels/madhuban-sarovar-portico-mussorie,https://youtube.com/@sarovarhotels,404,external
/hotels/madhuban-sarovar-portico-mussorie/rooms,https://youtube.com/@sarovarhotels,404,external
/hotels/madhuban-sarovar-portico-mussorie/dining,https://youtube.com/@sarovarhotels,404,external
/hotels/madhuban-sarovar-portico-mussorie/banquets,https://youtube.com/@sarovarhotels,404,external
/hotels/madhuban-sarovar-portico-mussorie/gallery,https://youtube.com/@sarovarhotels,404,external
/hotels/madhuban-sarovar-portico-mussorie/nearby,https://youtube.com/@sarovarhotels,404,external
/hotels/legend-sarovar-portico,https://youtube.com/@sarovarhotels,404,external
/hotels/legend-sarovar-portico/rooms,https://youtube.com/@sarovarhotels,404,external
/hotels/legend-sarovar-portico/banquets,https://youtube.com/@sarovarhotels,404,external
/hotels/legend-sarovar-portico/dining,https://youtube.com/@sarovarhotels,404,external
/hotels/legend-sarovar-portico/gallery,https://youtube.com/@sarovarhotels,404,external
/hotels/legend-sarovar-portico/nearby,https://youtube.com/@sarovarhotels,404,external
/hotels/mahagun-sarovar-portico-suites-vaishali,https://youtube.com/@sarovarhotels,404,external
/hotels/mahagun-sarovar-portico-suites-vaishali/rooms,https://youtube.com/@sarovarhotels,404,external
/hotels/mahagun-sarovar-portico-suites-vaishali/dining,https://youtube.com/@sarovarhotels,404,external
/hotels/mahagun-sarovar-portico-suites-vaishali/banquets,https://youtube.com/@sarovarhotels,404,external
/hotels/mahagun-sarovar-portico-suites-vaishali/gallery,https://youtube.com/@sarovarhotels,404,external
/hotels/mahagun-sarovar-portico-suites-vaishali/nearby,https://youtube.com/@sarovarhotels,404,external
/hotels/majestic-court-sarovar-portico-navi-mumbai/rooms,https://youtube.com/@sarovarhotels,404,external
/hotels/majestic-court-sarovar-portico-navi-mumbai,https://youtube.com/@sarovarhotels,404,external
/hotels/majestic-court-sarovar-portico-navi-mumbai/dining,https://youtube.com/@sarovarhotels,404,external
/hotels/majestic-court-sarovar-portico-navi-mumbai/banquets,https://youtube.com/@sarovarhotels,404,external
/hotels/majestic-court-sarovar-portico-navi-mumbai/gallery,https://youtube.com/@sarovarhotels,404,external
/hotels/majestic-court-sarovar-portico-navi-mumbai/nearby,https://youtube.com/@sarovarhotels,404,external
/hotels/manjeera-international-convention-centre,https://youtube.com/@sarovarhotels,404,external
/hotels/manjeera-international-convention-centre/rooms,https://youtube.com/@sarovarhotels,404,external
/hotels/manjeera-international-convention-centre/dining,https://youtube.com/@sarovarhotels,404,external
/hotels/manjeera-international-convention-centre/banquets,https://youtube.com/@sarovarhotels,404,external
/hotels/manjeera-international-convention-centre/gallery,https://youtube.com/@sarovarhotels,404,external
/hotels/manjeera-international-convention-centre/nearby,https://youtube.com/@sarovarhotels,404,external
/hotels/manjeera-sarovar-premiere-rajahmundry,https://youtube.com/@sarovarhotels,404,external
/hotels/manjeera-sarovar-premiere-rajahmundry/rooms,https://youtube.com/@sarovarhotels,404,external
/hotels/manjeera-sarovar-premiere-rajahmundry/dining,https://youtube.com/@sarovarhotels,404,external
/hotels/manjeera-sarovar-premiere-rajahmundry/gallery,https://youtube.com/@sarovarhotels,404,external
/hotels/manjeera-sarovar-premiere-rajahmundry/banquets,https://youtube.com/@sarovarhotels,404,external
/hotels/manjeera-sarovar-premiere-rajahmundry/nearby,https://youtube.com/@sarovarhotels,404,external
/hotels/marasa-sarovar-portico-rajkot,https://youtube.com/@sarovarhotels,404,external
/hotels/marasa-sarovar-portico-rajkot/dining,https://youtube.com/@sarovarhotels,404,external
/hotels/marasa-sarovar-portico-rajkot/rooms,https://youtube.com/@sarovarhotels,404,external
/hotels/marasa-sarovar-portico-rajkot/banquets,https://youtube.com/@sarovarhotels,404,external
/hotels/marasa-sarovar-portico-rajkot/gallery,https://youtube.com/@sarovarhotels,404,external
/hotels/marasa-sarovar-portico-rajkot/nearby,https://youtube.com/@sarovarhotels,404,external
/hotels/marasa-sarovar-premiere-bodhgaya,https://youtube.com/@sarovarhotels,404,external
/hotels/marasa-sarovar-premiere-bodhgaya/dining,https://youtube.com/@sarovarhotels,404,external
/hotels/marasa-sarovar-premiere-bodhgaya/rooms,https://youtube.com/@sarovarhotels,404,external
/hotels/marasa-sarovar-premiere-bodhgaya/banquets,https://youtube.com/@sarovarhotels,404,external
/hotels/marasa-sarovar-premiere-bodhgaya/gallery,https://youtube.com/@sarovarhotels,404,external
/hotels/marasa-sarovar-premiere-tirupati-hotels,https://youtube.com/@sarovarhotels,404,external
/hotels/marasa-sarovar-premiere-bodhgaya/nearby,https://youtube.com/@sarovarhotels,404,external
/hotels/marasa-sarovar-premiere-tirupati-hotels/rooms,https://youtube.com/@sarovarhotels,404,external
/hotels/marasa-sarovar-premiere-tirupati-hotels/dining,https://youtube.com/@sarovarhotels,404,external
/hotels/marasa-sarovar-premiere-tirupati-hotels/banquets,https://youtube.com/@sarovarhotels,404,external
/hotels/marasa-sarovar-premiere-tirupati-hotels/gallery,https://youtube.com/@sarovarhotels,404,external
/hotels/marasa-sarovar-premiere-tirupati-hotels/nearby,https://youtube.com/@sarovarhotels,404,external
/hotels/mj-sarovar-portico-haridwar,https://youtube.com/@sarovarhotels,404,external
/hotels/mj-sarovar-portico-haridwar/rooms,https://youtube.com/@sarovarhotels,404,external
/hotels/mj-sarovar-portico-haridwar/dining,https://youtube.com/@sarovarhotels,404,external
/hotels/mj-sarovar-portico-haridwar/banquets,https://youtube.com/@sarovarhotels,404,external
/hotels/mj-sarovar-portico-haridwar/gallery,https://youtube.com/@sarovarhotels,404,external
/hotels/mj-sarovar-portico-haridwar/nearby,https://youtube.com/@sarovarhotels,404,external
/hotels/marine-plaza-mumbai,https://youtube.com/@sarovarhotels,404,external
/hotels/marine-plaza-mumbai/rooms,https://youtube.com/@sarovarhotels,404,external
/hotels/marine-plaza-mumbai/dining,https://youtube.com/@sarovarhotels,404,external
/hotels/marine-plaza-mumbai/banquets,https://youtube.com/@sarovarhotels,404,external
/hotels/marine-plaza-mumbai/nearby,https://youtube.com/@sarovarhotels,404,external
/hotels/marine-plaza-mumbai/gallery,https://youtube.com/@sarovarhotels,404,external
/hotels/mountnoor-sarovar-premiere-pahalgam/rooms,https://youtube.com/@sarovarhotels,404,external
/hotels/mountnoor-sarovar-premiere-pahalgam,https://youtube.com/@sarovarhotels,404,external
/hotels/mountnoor-sarovar-premiere-pahalgam/dining,https://youtube.com/@sarovarhotels,404,external
/hotels/mountnoor-sarovar-premiere-pahalgam/banquets,https://youtube.com/@sarovarhotels,404,external
/hotels/mountnoor-sarovar-premiere-pahalgam/gallery,https://youtube.com/@sarovarhotels,404,external
/hotels/mountnoor-sarovar-premiere-pahalgam/nearby,https://youtube.com/@sarovarhotels,404,external
/hotels/mukundra-sarovar-premiere-kota/dining,https://youtube.com/@sarovarhotels,404,external
/hotels/mukundra-sarovar-premiere-kota,https://youtube.com/@sarovarhotels,404,external
/hotels/mukundra-sarovar-premiere-kota/rooms,https://youtube.com/@sarovarhotels,404,external
/hotels/mukundra-sarovar-premiere-kota/banquets,https://youtube.com/@sarovarhotels,404,external
/hotels/mukundra-sarovar-premiere-kota/gallery,https://youtube.com/@sarovarhotels,404,external
/hotels/mukundra-sarovar-premiere-kota/nearby,https://youtube.com/@sarovarhotels,404,external
/hotels/nataraj-sarovar-portico-jhansi,https://youtube.com/@sarovarhotels,404,external
/hotels/nataraj-sarovar-portico-jhansi/rooms,https://youtube.com/@sarovarhotels,404,external
/hotels/nataraj-sarovar-portico-jhansi/dining,https://youtube.com/@sarovarhotels,404,external
/hotels/nataraj-sarovar-portico-jhansi/banquets,https://youtube.com/@sarovarhotels,404,external
/hotels/nataraj-sarovar-portico-jhansi/gallery,https://youtube.com/@sarovarhotels,404,external
/hotels/nataraj-sarovar-portico-jhansi/nearby,https://youtube.com/@sarovarhotels,404,external
/hotels/naturevilas-portico-manali,https://youtube.com/@sarovarhotels,404,external
/hotels/naturevilas-portico-manali/dining,https://youtube.com/@sarovarhotels,404,external
/hotels/naturevilas-portico-manali/rooms,https://youtube.com/@sarovarhotels,404,external
/hotels/naturevilas-portico-manali/banquets,https://youtube.com/@sarovarhotels,404,external
/hotels/naturevilas-portico-manali/gallery,https://youtube.com/@sarovarhotels,404,external
/hotels/naturevilas-portico-manali/nearby,https://youtube.com/@sarovarhotels,404,external
/hotels/nirvana-sarovar-portico-gorakhpur,https://youtube.com/@sarovarhotels,404,external
/hotels/nirvana-sarovar-portico-gorakhpur/rooms,https://youtube.com/@sarovarhotels,404,external
/hotels/nirvana-sarovar-portico-gorakhpur/dining,https://youtube.com/@sarovarhotels,404,external
/hotels/nirvana-sarovar-portico-gorakhpur/banquets,https://youtube.com/@sarovarhotels,404,external
/hotels/nirvana-sarovar-portico-gorakhpur/gallery,https://youtube.com/@sarovarhotels,404,external
/hotels/nirvana-sarovar-portico-gorakhpur/nearby,https://youtube.com/@sarovarhotels,404,external
/hotels/neelkanth-sarovar-premiere-lusaka,https://youtube.com/@sarovarhotels,404,external
/hotels/neelkanth-sarovar-premiere-lusaka/rooms,https://youtube.com/@sarovarhotels,404,external
/hotels/neelkanth-sarovar-premiere-lusaka/dining,https://youtube.com/@sarovarhotels,404,external
/hotels/neelkanth-sarovar-premiere-lusaka/banquets,https://youtube.com/@sarovarhotels,404,external
/hotels/neelkanth-sarovar-premiere-lusaka/gallery,https://youtube.com/@sarovarhotels,404,external
/hotels/neelkanth-sarovar-premiere-lusaka/nearby,https://youtube.com/@sarovarhotels,404,external
/hotels/nirwana-hometel-jaipur-sarovar,https://youtube.com/@sarovarhotels,404,external
/hotels/nirwana-hometel-jaipur-sarovar/rooms,https://youtube.com/@sarovarhotels,404,external
/hotels/nirwana-hometel-jaipur-sarovar/dining,https://youtube.com/@sarovarhotels,404,external
/hotels/nirwana-hometel-jaipur-sarovar/banquets,https://youtube.com/@sarovarhotels,404,external
/hotels/nirwana-hometel-jaipur-sarovar/gallery,https://youtube.com/@sarovarhotels,404,external
/hotels/nirwana-hometel-jaipur-sarovar/nearby,https://youtube.com/@sarovarhotels,404,external
/hotels/paradigm-sarovar-kakinada,https://youtube.com/@sarovarhotels,404,external
/hotels/paradigm-sarovar-kakinada/rooms,https://youtube.com/@sarovarhotels,404,external
/hotels/paradigm-sarovar-kakinada/dining,https://youtube.com/@sarovarhotels,404,external
/hotels/paradigm-sarovar-kakinada/banquets,https://youtube.com/@sarovarhotels,404,external
/hotels/paradigm-sarovar-kakinada/gallery,https://youtube.com/@sarovarhotels,404,external
/hotels/paradigm-sarovar-kakinada/nearby,https://youtube.com/@sarovarhotels,404,external
/hotels/park-inn-gurgaon,https://youtube.com/@sarovarhotels,404,external
/hotels/park-inn-gurgaon/rooms,https://youtube.com/@sarovarhotels,404,external
/hotels/park-inn-gurgaon/dining,https://youtube.com/@sarovarhotels,404,external
/hotels/park-inn-gurgaon/banquets,https://youtube.com/@sarovarhotels,404,external
/hotels/park-inn-gurgaon/gallery,https://youtube.com/@sarovarhotels,404,external
/hotels/park-inn-gurgaon/nearby,https://youtube.com/@sarovarhotels,404,external
/hotels/park-inn-by-radisson-ayodhya,https://youtube.com/@sarovarhotels,404,external
/hotels/park-inn-by-radisson-ayodhya/rooms,https://youtube.com/@sarovarhotels,404,external
/hotels/park-inn-by-radisson-ayodhya/dining,https://youtube.com/@sarovarhotels,404,external
/hotels/park-inn-by-radisson-ayodhya/gallery,https://youtube.com/@sarovarhotels,404,external
/hotels/park-inn-by-radisson-ayodhya/banquets,https://youtube.com/@sarovarhotels,404,external
/hotels/park-inn-by-radisson-ayodhya/nearby,https://youtube.com/@sarovarhotels,404,external
/hotels/Park-Inn-Radisson-Goa-Candolim,https://youtube.com/@sarovarhotels,404,external
/hotels/Park-Inn-Radisson-Goa-Candolim/rooms,https://youtube.com/@sarovarhotels,404,external
/hotels/Park-Inn-Radisson-Goa-Candolim/dining,https://youtube.com/@sarovarhotels,404,external
/hotels/Park-Inn-Radisson-Goa-Candolim/banquets,https://youtube.com/@sarovarhotels,404,external
/hotels/Park-Inn-Radisson-Goa-Candolim/gallery,https://youtube.com/@sarovarhotels,404,external
/hotels/Park-Inn-Radisson-Goa-Candolim/nearby,https://youtube.com/@sarovarhotels,404,external
/hotels/park-plaza-faridabad,https://youtube.com/@sarovarhotels,404,external
/hotels/park-plaza-faridabad/rooms,https://youtube.com/@sarovarhotels,404,external
/hotels/park-plaza-faridabad/dining,https://youtube.com/@sarovarhotels,404,external
/hotels/park-plaza-faridabad/banquets,https://youtube.com/@sarovarhotels,404,external
/hotels/park-plaza-faridabad/gallery,https://youtube.com/@sarovarhotels,404,external
/hotels/park-plaza-faridabad/nearby,https://youtube.com/@sarovarhotels,404,external
/hotels/park-plaza-jodhpur,https://youtube.com/@sarovarhotels,404,external
/hotels/park-plaza-jodhpur/rooms,https://youtube.com/@sarovarhotels,404,external
/hotels/park-plaza-jodhpur/dining,https://youtube.com/@sarovarhotels,404,external
/hotels/park-plaza-jodhpur/banquets,https://youtube.com/@sarovarhotels,404,external
/hotels/park-plaza-jodhpur/gallery,https://youtube.com/@sarovarhotels,404,external
/hotels/park-plaza-jodhpur/nearby,https://youtube.com/@sarovarhotels,404,external
/hotels/park-plaza-jalandhar,https://youtube.com/@sarovarhotels,404,external
/hotels/park-plaza-jalandhar/rooms,https://youtube.com/@sarovarhotels,404,external
/hotels/park-plaza-jalandhar/banquets,https://youtube.com/@sarovarhotels,404,external
/hotels/park-plaza-jalandhar/dining,https://youtube.com/@sarovarhotels,404,external
/hotels/park-plaza-jalandhar/gallery,https://youtube.com/@sarovarhotels,404,external
/hotels/park-plaza-jalandhar/nearby,https://youtube.com/@sarovarhotels,404,external
/hotels/park-plaza-shahadra--east-delhi,https://youtube.com/@sarovarhotels,404,external
/hotels/park-plaza-shahadra--east-delhi/rooms,https://youtube.com/@sarovarhotels,404,external
/hotels/park-plaza-shahadra--east-delhi/dining,https://youtube.com/@sarovarhotels,404,external
/hotels/park-plaza-shahadra--east-delhi/banquets,https://youtube.com/@sarovarhotels,404,external
/hotels/park-plaza-shahadra--east-delhi/gallery,https://youtube.com/@sarovarhotels,404,external
/hotels/park-plaza-shahadra--east-delhi/nearby,https://youtube.com/@sarovarhotels,404,external
/hotels/park-plaza-ludhiana,https://youtube.com/@sarovarhotels,404,external
/hotels/park-plaza-ludhiana/rooms,https://youtube.com/@sarovarhotels,404,external
/hotels/park-plaza-ludhiana/dining,https://youtube.com/@sarovarhotels,404,external
/hotels/park-plaza-ludhiana/banquets,https://youtube.com/@sarovarhotels,404,external
/hotels/park-plaza-ludhiana/nearby,https://youtube.com/@sarovarhotels,404,external
/hotels/park-plaza-ludhiana/gallery,https://youtube.com/@sarovarhotels,404,external
/hotels/prachi-sarovar-premiere-bhubaneswar/rooms,https://youtube.com/@sarovarhotels,404,external
/hotels/prachi-sarovar-premiere-bhubaneswar,https://youtube.com/@sarovarhotels,404,external
/hotels/prachi-sarovar-premiere-bhubaneswar/dining,https://youtube.com/@sarovarhotels,404,external
/hotels/prachi-sarovar-premiere-bhubaneswar/banquets,https://youtube.com/@sarovarhotels,404,external
/hotels/prachi-sarovar-premiere-bhubaneswar/gallery,https://youtube.com/@sarovarhotels,404,external
/hotels/prachi-sarovar-premiere-bhubaneswar/nearby,https://youtube.com/@sarovarhotels,404,external
/hotels/park-plaza-zirakpur,https://youtube.com/@sarovarhotels,404,external
/hotels/park-plaza-zirakpur/rooms,https://youtube.com/@sarovarhotels,404,external
/hotels/park-plaza-zirakpur/dining,https://youtube.com/@sarovarhotels,404,external
/hotels/park-plaza-zirakpur/banquets,https://youtube.com/@sarovarhotels,404,external
/hotels/park-plaza-zirakpur/gallery,https://youtube.com/@sarovarhotels,404,external
/hotels/park-plaza-zirakpur/nearby,https://youtube.com/@sarovarhotels,404,external
/hotels/pushkara-portico-hotel-in-dibrugarh,https://youtube.com/@sarovarhotels,404,external
/hotels/pushkara-portico-hotel-in-dibrugarh/rooms,https://youtube.com/@sarovarhotels,404,external
/hotels/pushkara-portico-hotel-in-dibrugarh/dining,https://youtube.com/@sarovarhotels,404,external
/hotels/pushkara-portico-hotel-in-dibrugarh/banquets,https://youtube.com/@sarovarhotels,404,external
/hotels/pushkara-portico-hotel-in-dibrugarh/gallery,https://youtube.com/@sarovarhotels,404,external
/hotels/pushkara-portico-hotel-in-dibrugarh/nearby,https://youtube.com/@sarovarhotels,404,external
/hotels/presidium-sarovar-premiere-dalhousie,https://youtube.com/@sarovarhotels,404,external
/hotels/presidium-sarovar-premiere-dalhousie/rooms,https://youtube.com/@sarovarhotels,404,external
/hotels/presidium-sarovar-premiere-dalhousie/dining,https://youtube.com/@sarovarhotels,404,external
/hotels/presidium-sarovar-premiere-dalhousie/banquets,https://youtube.com/@sarovarhotels,404,external
/hotels/presidium-sarovar-premiere-dalhousie/gallery,https://youtube.com/@sarovarhotels,404,external
/hotels/presidium-sarovar-premiere-dalhousie/nearby,https://youtube.com/@sarovarhotels,404,external
/hotels/radha-hometel-bangalore,https://youtube.com/@sarovarhotels,404,external
/hotels/radha-hometel-bangalore/rooms,https://youtube.com/@sarovarhotels,404,external
/hotels/radha-hometel-bangalore/dining,https://youtube.com/@sarovarhotels,404,external
/hotels/radha-hometel-bangalore/banquets,https://youtube.com/@sarovarhotels,404,external
/hotels/radha-hometel-bangalore/gallery,https://youtube.com/@sarovarhotels,404,external
/hotels/radha-hometel-bangalore/nearby,https://youtube.com/@sarovarhotels,404,external
/hotels/radha-regent-chennai,https://youtube.com/@sarovarhotels,404,external
/hotels/radha-regent-chennai/rooms,https://youtube.com/@sarovarhotels,404,external
/hotels/radha-regent-chennai/dining,https://youtube.com/@sarovarhotels,404,external
/hotels/radha-regent-chennai/banquets,https://youtube.com/@sarovarhotels,404,external
/hotels/radha-regent-chennai/gallery,https://youtube.com/@sarovarhotels,404,external
/hotels/radha-regent-chennai/nearby,https://youtube.com/@sarovarhotels,404,external
/hotels/radisson-blu--bengaluru-outer-ring-road,https://youtube.com/@sarovarhotels,404,external
/hotels/radisson-blu--bengaluru-outer-ring-road/rooms,https://youtube.com/@sarovarhotels,404,external
/hotels/radisson-blu--bengaluru-outer-ring-road/dining,https://youtube.com/@sarovarhotels,404,external
/hotels/radisson-blu--bengaluru-outer-ring-road/banquets,https://youtube.com/@sarovarhotels,404,external
/hotels/radisson-blu--bengaluru-outer-ring-road/gallery,https://youtube.com/@sarovarhotels,404,external
/hotels/radisson-blu--bengaluru-outer-ring-road/nearby,https://youtube.com/@sarovarhotels,404,external
/hotels/radisson-hyderabad--hitec,https://youtube.com/@sarovarhotels,404,external
/hotels/radisson-hyderabad--hitec/rooms,https://youtube.com/@sarovarhotels,404,external
/hotels/radisson-hyderabad--hitec/dining,https://youtube.com/@sarovarhotels,404,external
/hotels/radisson-hyderabad--hitec/banquets,https://youtube.com/@sarovarhotels,404,external
/hotels/radisson-hyderabad--hitec/gallery,https://youtube.com/@sarovarhotels,404,external
/hotels/radisson-hyderabad--hitec/nearby,https://youtube.com/@sarovarhotels,404,external
/hotels/rbd-sarovar-portico-outer-ring-road-bengaluru,https://youtube.com/@sarovarhotels,404,external
/hotels/rbd-sarovar-portico-outer-ring-road-bengaluru/rooms,https://youtube.com/@sarovarhotels,404,external
/hotels/rbd-sarovar-portico-outer-ring-road-bengaluru/banquets,https://youtube.com/@sarovarhotels,404,external
/hotels/rbd-sarovar-portico-outer-ring-road-bengaluru/dining,https://youtube.com/@sarovarhotels,404,external
/hotels/rbd-sarovar-portico-outer-ring-road-bengaluru/gallery,https://youtube.com/@sarovarhotels,404,external
/hotels/rbd-sarovar-portico-outer-ring-road-bengaluru/nearby,https://youtube.com/@sarovarhotels,404,external
/hotels/radisson-mumbai-goregaon,https://youtube.com/@sarovarhotels,404,external
/hotels/radisson-mumbai-goregaon/rooms,https://youtube.com/@sarovarhotels,404,external
/hotels/radisson-mumbai-goregaon/dining,https://youtube.com/@sarovarhotels,404,external
/hotels/radisson-mumbai-goregaon/banquets,https://youtube.com/@sarovarhotels,404,external
/hotels/radisson-mumbai-goregaon/nearby,https://youtube.com/@sarovarhotels,404,external
/hotels/radisson-mumbai-goregaon/gallery,https://youtube.com/@sarovarhotels,404,external
/hotels/rivera-sarovar-portico-ahmedabad,https://youtube.com/@sarovarhotels,404,external
/hotels/rivera-sarovar-portico-ahmedabad/rooms,https://youtube.com/@sarovarhotels,404,external
/hotels/rivera-sarovar-portico-ahmedabad/dining,https://youtube.com/@sarovarhotels,404,external
/hotels/rivera-sarovar-portico-ahmedabad/banquets,https://youtube.com/@sarovarhotels,404,external
/hotels/rivera-sarovar-portico-ahmedabad/gallery,https://youtube.com/@sarovarhotels,404,external
/hotels/rivera-sarovar-portico-ahmedabad/nearby,https://youtube.com/@sarovarhotels,404,external
/hotels/residency-sarovar-portico-mumbai,https://youtube.com/@sarovarhotels,404,external
/hotels/residency-sarovar-portico-mumbai/rooms,https://youtube.com/@sarovarhotels,404,external
/hotels/residency-sarovar-portico-mumbai/banquets,https://youtube.com/@sarovarhotels,404,external
/hotels/residency-sarovar-portico-mumbai/dining,https://youtube.com/@sarovarhotels,404,external
/hotels/residency-sarovar-portico-mumbai/gallery,https://youtube.com/@sarovarhotels,404,external
/hotels/residency-sarovar-portico-mumbai/nearby,https://youtube.com/@sarovarhotels,404,external
/hotels/rosefinch-sarovar-portico-bhimtal,https://youtube.com/@sarovarhotels,404,external
/hotels/rosefinch-sarovar-portico-bhimtal/rooms,https://youtube.com/@sarovarhotels,404,external
/hotels/rosefinch-sarovar-portico-bhimtal/dining,https://youtube.com/@sarovarhotels,404,external
/hotels/rosefinch-sarovar-portico-bhimtal/banquets,https://youtube.com/@sarovarhotels,404,external
/hotels/rosefinch-sarovar-portico-bhimtal/gallery,https://youtube.com/@sarovarhotels,404,external
/hotels/rosefinch-sarovar-portico-bhimtal/nearby,https://youtube.com/@sarovarhotels,404,external
/hotels/riviera-sarovar-portico-pathankot/rooms,https://youtube.com/@sarovarhotels,404,external
/hotels/riviera-sarovar-portico-pathankot,https://youtube.com/@sarovarhotels,404,external
/hotels/riviera-sarovar-portico-pathankot/dining,https://youtube.com/@sarovarhotels,404,external
/hotels/riviera-sarovar-portico-pathankot/banquets,https://youtube.com/@sarovarhotels,404,external
/hotels/riviera-sarovar-portico-pathankot/gallery,https://youtube.com/@sarovarhotels,404,external
/hotels/riviera-sarovar-portico-pathankot/nearby,https://youtube.com/@sarovarhotels,404,external
/hotels/royal-kingdom-sarovar-portico-pilibhit,https://youtube.com/@sarovarhotels,404,external
/hotels/royal-kingdom-sarovar-portico-pilibhit/rooms,https://youtube.com/@sarovarhotels,404,external
/hotels/royal-kingdom-sarovar-portico-pilibhit/dining,https://youtube.com/@sarovarhotels,404,external
/hotels/royal-kingdom-sarovar-portico-pilibhit/banquets,https://youtube.com/@sarovarhotels,404,external
/hotels/royal-kingdom-sarovar-portico-pilibhit/nearby,https://youtube.com/@sarovarhotels,404,external
/hotels/royal-kingdom-sarovar-portico-pilibhit/gallery,https://youtube.com/@sarovarhotels,404,external
/hotels/sarovar-portico-sriperumbudur,https://youtube.com/@sarovarhotels,404,external
/hotels/sarovar-portico-sriperumbudur/rooms,https://youtube.com/@sarovarhotels,404,external
/hotels/sarovar-portico-sriperumbudur/dining,https://youtube.com/@sarovarhotels,404,external
/hotels/sarovar-portico-sriperumbudur/banquets,https://youtube.com/@sarovarhotels,404,external
/hotels/sarovar-portico-sriperumbudur/gallery,https://youtube.com/@sarovarhotels,404,external
/hotels/sarovar-portico-sriperumbudur/nearby,https://youtube.com/@sarovarhotels,404,external
/hotels/abn-sarovar-portico-jim-corbett/location,https://youtube.com/@sarovarhotels,404,external
/hotels/aditya-hometel-hyderabad/location,https://youtube.com/@sarovarhotels,404,external
/hotels/aditya-park-hyderabad/location,https://youtube.com/@sarovarhotels,404,external
/hotels/ambar-sarovar-portico-gandhidham-hotel/location,https://youtube.com/@sarovarhotels,404,external
/hotels/ambrosia-sarovar-portico-haridwar/location,https://youtube.com/@sarovarhotels,404,external
/hotels/bamus-sarovar-portico-kampala/location,https://youtube.com/@sarovarhotels,404,external
/hotels/balaji-sarovar-premiere-solapur/location,https://youtube.com/@sarovarhotels,404,external
/hotels/bellevue-sarovar-premiere-junagadh/location,https://youtube.com/@sarovarhotels,404,external
/hotels/citadel-sarovar-portico-bangalore/location,https://youtube.com/@sarovarhotels,404,external
/hotels/classic-sarovar-portico-thiruvananthapuram/location,https://youtube.com/@sarovarhotels,404,external
/hotels/davanam-sarovar-portico-suites-bangalore/location,https://youtube.com/@sarovarhotels,404,external
/hotels/delite-sarovar-portico-faridabad/location,https://youtube.com/@sarovarhotels,404,external
/hotels/deventure-sarovar-portico--kapashera-new-delhi/location,https://youtube.com/@sarovarhotels,404,external
/hotels/deventure-sarovar-portico-patel-nagar/location,https://youtube.com/@sarovarhotels,404,external
/hotels/efcee-sarovar-portico-bhavnagar/location,https://youtube.com/@sarovarhotels,404,external
/hotels/estuary-sarovar-Premiere-poovar/location,https://youtube.com/@sarovarhotels,404,external
/hotels/geeta-sarovar-portico-hotels-panipat/location,https://youtube.com/@sarovarhotels,404,external
/hotels/golden-sarovar-portico-amritsar/location,https://youtube.com/@sarovarhotels,404,external
/hotels/golden-tulip-agra/location,https://youtube.com/@sarovarhotels,404,external
/hotels/golden-tulip-bhopal/location,https://youtube.com/@sarovarhotels,404,external
/hotels/golden-tulip-bdi-club-and-suite-bhiwadi/location,https://youtube.com/@sarovarhotels,404,external
/hotels/golden-tulip-candolim-goa/location,https://youtube.com/@sarovarhotels,404,external
/hotels/golden-tulip-essential-jaipur/location,https://youtube.com/@sarovarhotels,404,external
/hotels/golden-tulip-goa-mandrem/location,https://youtube.com/@sarovarhotels,404,external
/hotels/golden-tulip-goa-vagator/location,https://youtube.com/@sarovarhotels,404,external
/hotels/golden-tulip-hari-nagar/location,https://youtube.com/@sarovarhotels,404,external
/hotels/golden-tulip-hotel-in-jaipur/location,https://youtube.com/@sarovarhotels,404,external
/hotels/golden-tulip-jalandhar/location,https://youtube.com/@sarovarhotels,404,external
/hotels/golden-tulip-kukas-jaipur/location,https://youtube.com/@sarovarhotels,404,external
/hotels/golden-tulip-sector-80-gurugram/location,https://youtube.com/@sarovarhotels,404,external
/hotels/golden-tulip-lucknow/location,https://youtube.com/@sarovarhotels,404,external
/hotels/golden-tulip-srinagar/location,https://youtube.com/@sarovarhotels,404,external
/hotels/golden-tulip-tirupati/location,https://youtube.com/@sarovarhotels,404,external
/hotels/golden-tulip-udaipur/location,https://youtube.com/@sarovarhotels,404,external
/hotels/golden-tulip/location,https://youtube.com/@sarovarhotels,404,external
/hotels/grand-continent-brookefield-bengaluru/location,https://youtube.com/@sarovarhotels,404,external
/hotels/grand-continent-anjuna/location,https://youtube.com/@sarovarhotels,404,external
/hotels/grand-continent-hebbal-bangalore/location,https://youtube.com/@sarovarhotels,404,external
/hotels/grand-continent-hosur/location,https://youtube.com/@sarovarhotels,404,external
/hotels/grand-continent-malleshwaram-bangalore/location,https://youtube.com/@sarovarhotels,404,external
/hotels/grand-continent-mahabalipuram/location,https://youtube.com/@sarovarhotels,404,external
/hotels/grand-continent-mysore/location,https://youtube.com/@sarovarhotels,404,external
/hotels/grand-continent-secunderabad/location,https://youtube.com/@sarovarhotels,404,external
/hotels/grand-portico-hotel-in-latur/location,https://youtube.com/@sarovarhotels,404,external
/hotels/highland-sarovar-portico-sindhudurg/location,https://youtube.com/@sarovarhotels,404,external
/hotels/hometel-alambagh-lucknow/location,https://youtube.com/@sarovarhotels,404,external
/hotels/hometel-chandigarh/location,https://youtube.com/@sarovarhotels,404,external
/hotels/hrj-sarovar-portico-indore/location,https://youtube.com/@sarovarhotels,404,external
/hotels/hometel-roorkee/location,https://youtube.com/@sarovarhotels,404,external
/hotels/iris-sarovar-portico-gurugram/location,https://youtube.com/@sarovarhotels,404,external
/hotels/ishaan-sarovar-portico-deoghar/location,https://youtube.com/@sarovarhotels,404,external
/hotels/kpg-sarovar-portico-raj-nagar-extension-ghaziabad/location,https://youtube.com/@sarovarhotels,404,external
/hotels/la-place-sarovar-portico-lucknow/location,https://youtube.com/@sarovarhotels,404,external
/hotels/lagoon-sarovar-premiere-pondicherry/location,https://youtube.com/@sarovarhotels,404,external
/hotels/le-dupleix-pondicherry/location,https://youtube.com/@sarovarhotels,404,external
/hotels/le-lac-sarovar-ranchi/location,https://youtube.com/@sarovarhotels,404,external
/hotels/legend-sarovar-portico/location,https://youtube.com/@sarovarhotels,404,external
/hotels/madhuban-sarovar-portico-mussorie/location,https://youtube.com/@sarovarhotels,404,external
/hotels/mahagun-sarovar-portico-suites-vaishali/location,https://youtube.com/@sarovarhotels,404,external
/hotels/majestic-court-sarovar-portico-navi-mumbai/location,https://youtube.com/@sarovarhotels,404,external
/hotels/manjeera-international-convention-centre/location,https://youtube.com/@sarovarhotels,404,external
/hotels/manjeera-sarovar-premiere-rajahmundry/location,https://youtube.com/@sarovarhotels,404,external
/hotels/marasa-sarovar-portico-rajkot/location,https://youtube.com/@sarovarhotels,404,external
/hotels/marasa-sarovar-premiere-bodhgaya/location,https://youtube.com/@sarovarhotels,404,external
/hotels/marasa-sarovar-premiere-tirupati-hotels/location,https://youtube.com/@sarovarhotels,404,external
/hotels/marigold-sarovar-portico-mashobra-shimla/location,https://youtube.com/@sarovarhotels,404,external
/hotels/marine-plaza-mumbai/location,https://youtube.com/@sarovarhotels,404,external
/hotels/mj-sarovar-portico-haridwar/location,https://youtube.com/@sarovarhotels,404,external
/hotels/mountnoor-sarovar-premiere-pahalgam/location,https://youtube.com/@sarovarhotels,404,external
/hotels/mukundra-sarovar-premiere-kota/location,https://youtube.com/@sarovarhotels,404,external
/hotels/nataraj-sarovar-portico-jhansi/location,https://youtube.com/@sarovarhotels,404,external
/hotels/naturevilas-portico-manali/location,https://youtube.com/@sarovarhotels,404,external
/hotels/nidhivan-sarovar-portico-vrindavan/location,https://youtube.com/@sarovarhotels,404,external
/hotels/neelkanth-sarovar-premiere-lusaka/location,https://youtube.com/@sarovarhotels,404,external
/hotels/nirvana-sarovar-portico-gorakhpur/location,https://youtube.com/@sarovarhotels,404,external
/hotels/nirwana-hometel-jaipur-sarovar/location,https://youtube.com/@sarovarhotels,404,external
/hotels/paradigm-sarovar-kakinada/location,https://youtube.com/@sarovarhotels,404,external
/hotels/park-inn-by-radisson-ayodhya/location,https://youtube.com/@sarovarhotels,404,external
/hotels/park-inn-gurgaon/location,https://youtube.com/@sarovarhotels,404,external
/hotels/park-plaza-faridabad/location,https://youtube.com/@sarovarhotels,404,external
/hotels/Park-Inn-Radisson-Goa-Candolim/location,https://youtube.com/@sarovarhotels,404,external
/hotels/park-plaza-jalandhar/location,https://youtube.com/@sarovarhotels,404,external
/hotels/park-plaza-jodhpur/location,https://youtube.com/@sarovarhotels,404,external
/hotels/park-plaza-ludhiana/location,https://youtube.com/@sarovarhotels,404,external
/hotels/park-plaza-shahadra--east-delhi/location,https://youtube.com/@sarovarhotels,404,external
/hotels/park-plaza-zirakpur/location,https://youtube.com/@sarovarhotels,404,external
/hotels/prachi-sarovar-premiere-bhubaneswar/location,https://youtube.com/@sarovarhotels,404,external
/hotels/presidium-sarovar-premiere-dalhousie/location,https://youtube.com/@sarovarhotels,404,external
/hotels/pushkara-portico-hotel-in-dibrugarh/location,https://youtube.com/@sarovarhotels,404,external
/hotels/radha-hometel-bangalore/location,https://youtube.com/@sarovarhotels,404,external
/hotels/radha-regent-chennai/location,https://youtube.com/@sarovarhotels,404,external
/hotels/radisson-blu--bengaluru-outer-ring-road/location,https://youtube.com/@sarovarhotels,404,external
/hotels/radisson-hyderabad--hitec/location,https://youtube.com/@sarovarhotels,404,external
/hotels/radisson-mumbai-goregaon/location,https://youtube.com/@sarovarhotels,404,external
/hotels/rbd-sarovar-portico-outer-ring-road-bengaluru/location,https://youtube.com/@sarovarhotels,404,external
/hotels/residency-sarovar-portico-mumbai/location,https://youtube.com/@sarovarhotels,404,external
/hotels/rivera-sarovar-portico-ahmedabad/location,https://youtube.com/@sarovarhotels,404,external
/hotels/riviera-sarovar-portico-pathankot/location,https://youtube.com/@sarovarhotels,404,external
/hotels/rosefinch-sarovar-portico-bhimtal/location,https://youtube.com/@sarovarhotels,404,external
/hotels/royal-hometel-suites-dahisar-mumbai/location,https://youtube.com/@sarovarhotels,404,external
/hotels/royal-kingdom-sarovar-portico-pilibhit/location,https://youtube.com/@sarovarhotels,404,external
/hotels/royal-sarovar-portico-siliguri/location,https://youtube.com/@sarovarhotels,404,external
/hotels/royal-tulip-chitwan/location,https://youtube.com/@sarovarhotels,404,external
/hotels/royal-tulip-kathmandu-shivapuri-national-park/location,https://youtube.com/@sarovarhotels,404,external
/hotels/royal-tulip-kathmandu/location,https://youtube.com/@sarovarhotels,404,external
/hotels/royale-sarovar-portico-agra/location,https://youtube.com/@sarovarhotels,404,external
/hotels/rs-sarovar-portico-palampur/location,https://youtube.com/@sarovarhotels,404,external
/hotels/sairafort-sarovar-portico-jaisalmer/location,https://youtube.com/@sarovarhotels,404,external
/hotels/sarovar-ahmedabad/location,https://youtube.com/@sarovarhotels,404,external
/hotels/sarovar-portico-ajmer/location,https://youtube.com/@sarovarhotels,404,external
/hotels/sarovar-portico-badrinath-uttarakhand/location,https://youtube.com/@sarovarhotels,404,external
/hotels/sarovar-portico-bhubaneswar/location,https://youtube.com/@sarovarhotels,404,external
/hotels/sarovar-portico-dehradun/location,https://youtube.com/@sarovarhotels,404,external
/hotels/sarovar-portico-birgunj/location,https://youtube.com/@sarovarhotels,404,external
/hotels/sarovar-portico-gir/location,https://youtube.com/@sarovarhotels,404,external
/hotels/sarovar-portico-hanumangarh/location,https://youtube.com/@sarovarhotels,404,external
/hotels/sarovar-portico-jaipur/location,https://youtube.com/@sarovarhotels,404,external
/hotels/sarovar-portico-jalandhar/location,https://youtube.com/@sarovarhotels,404,external
/hotels/sarovar-portico-kolkata-rajarhat/location,https://youtube.com/@sarovarhotels,404,external
/hotels/sarovar-portico-morbi/location,https://youtube.com/@sarovarhotels,404,external
/hotels/sarovar-portico-saharanpur/location,https://youtube.com/@sarovarhotels,404,external
/hotels/sarovar-portico-naraina-new-delhi/location,https://youtube.com/@sarovarhotels,404,external
/hotels/sarovar-portico-somnath/location,https://youtube.com/@sarovarhotels,404,external
/hotels/sarovar-portico-sonipat/location,https://youtube.com/@sarovarhotels,404,external
/hotels/sarovar-portico-srinagar/location,https://youtube.com/@sarovarhotels,404,external
/hotels/sarovar-portico-sriperumbudur/location,https://youtube.com/@sarovarhotels,404,external
/hotels/sarovar-portico-surajkund/location,https://youtube.com/@sarovarhotels,404,external
/hotels/sarovar-premiere-alwar/location,https://youtube.com/@sarovarhotels,404,external
/hotels/sarovar-premiere-amritsar/location,https://youtube.com/@sarovarhotels,404,external
/hotels/sarovar-premiere-jaipur/location,https://youtube.com/@sarovarhotels,404,external
/hotels/sarovar-premiere-srinagar/location,https://youtube.com/@sarovarhotels,404,external
/hotels/sea-breeze-sarovar-portico-varca-goa/location,https://youtube.com/@sarovarhotels,404,external
/hotels/serene-premiere-hargeisa/location,https://youtube.com/@sarovarhotels,404,external
/hotels/shravanthi-sarovar-portico-bengaluru/location,https://youtube.com/@sarovarhotels,404,external
/hotels/shyama-sarovar-portico-orai/location,https://youtube.com/@sarovarhotels,404,external
/hotels/singhania-sarovar-portico-raipur/location,https://youtube.com/@sarovarhotels,404,external
/hotels/skywings-sarovar-portico-mathura/location,https://youtube.com/@sarovarhotels,404,external
/hotels/sobit-sarovar-portico-palolem-beach-hotel-goa/location,https://youtube.com/@sarovarhotels,404,external
/hotels/taurus-hotel-mahipalpur-new-delhi/location,https://youtube.com/@sarovarhotels,404,external
/hotels/the-gaurs-sarovar-premiere/location,https://youtube.com/@sarovarhotels,404,external
/hotels/the-ashtan-sarovar-portico-new-delhi/location,https://youtube.com/@sarovarhotels,404,external
/hotels/the-gokulam-park-kochi/location,https://youtube.com/@sarovarhotels,404,external
/hotels/the-heron-portico-nairobi/location,https://youtube.com/@sarovarhotels,404,external
/hotels/the-promenade-pondicherry/location,https://youtube.com/@sarovarhotels,404,external
/hotels/the-muse-sarovar-portico-nehru-place-new-delhi/location,https://youtube.com/@sarovarhotels,404,external
/hotels/tulip-inn-bhopal/location,https://youtube.com/@sarovarhotels,404,external
/hotels/tulip-inn-gurugram-near-medanta/location,https://youtube.com/@sarovarhotels,404,external
/hotels/tulip-inn-koramangala/location,https://youtube.com/@sarovarhotels,404,external
/hotels/tulip-inn-shravasti/location,https://youtube.com/@sarovarhotels,404,external
/hotels/tulip-inn-zirakpur/location,https://youtube.com/@sarovarhotels,404,external
/hotels/v-sarovar-portico-mi-road-jaipur/location,https://youtube.com/@sarovarhotels,404,external
/hotels/vaishnodevi-portico-katra/location,https://youtube.com/@sarovarhotels,404,external
/hotels/vandhara-sarovar-premiere-patkote/location,https://youtube.com/@sarovarhotels,404,external
/hotels/venizia-sarovar-portico-in-new-delhi/location,https://youtube.com/@sarovarhotels,404,external
/hotels/viraj-sarovar-portico-jammu/location,https://youtube.com/@sarovarhotels,404,external
/hotels/abn-sarovar-portico-jim-corbett/amenities,https://youtube.com/@sarovarhotels,404,external
/hotels/aditya-hometel-hyderabad/amenities,https://youtube.com/@sarovarhotels,404,external
/hotels/aditya-park-hyderabad/amenities,https://youtube.com/@sarovarhotels,404,external
/hotels/ambar-sarovar-portico-gandhidham-hotel/amenities,https://youtube.com/@sarovarhotels,404,external
/hotels/ambrosia-sarovar-portico-haridwar/amenities,https://youtube.com/@sarovarhotels,404,external
/hotels/balaji-sarovar-premiere-solapur/amenities,https://youtube.com/@sarovarhotels,404,external
/hotels/bamus-sarovar-portico-kampala/amenities,https://youtube.com/@sarovarhotels,404,external
/hotels/bellevue-sarovar-premiere-junagadh/amenities,https://youtube.com/@sarovarhotels,404,external
/hotels/citadel-sarovar-portico-bangalore/amenities,https://youtube.com/@sarovarhotels,404,external
/hotels/classic-sarovar-portico-thiruvananthapuram/amenities,https://youtube.com/@sarovarhotels,404,external
/hotels/davanam-sarovar-portico-suites-bangalore/amenities,https://youtube.com/@sarovarhotels,404,external
/hotels/delite-sarovar-portico-faridabad/amenities,https://youtube.com/@sarovarhotels,404,external
/hotels/deventure-sarovar-portico--kapashera-new-delhi/amenities,https://youtube.com/@sarovarhotels,404,external
/hotels/deventure-sarovar-portico-patel-nagar/amenities,https://youtube.com/@sarovarhotels,404,external
/hotels/efcee-sarovar-portico-bhavnagar/amenities,https://youtube.com/@sarovarhotels,404,external
/hotels/estuary-sarovar-Premiere-poovar/amenities,https://youtube.com/@sarovarhotels,404,external
/hotels/geeta-sarovar-portico-hotels-panipat/amenities,https://youtube.com/@sarovarhotels,404,external
/hotels/golden-sarovar-portico-amritsar/amenities,https://youtube.com/@sarovarhotels,404,external
/hotels/golden-tulip-agra/amenities,https://youtube.com/@sarovarhotels,404,external
/hotels/golden-tulip-bdi-club-and-suite-bhiwadi/amenities,https://youtube.com/@sarovarhotels,404,external
/hotels/golden-tulip-bhopal/amenities,https://youtube.com/@sarovarhotels,404,external
/hotels/golden-tulip-candolim-goa/amenities,https://youtube.com/@sarovarhotels,404,external
/hotels/golden-tulip-essential-jaipur/amenities,https://youtube.com/@sarovarhotels,404,external
/hotels/golden-tulip-goa-mandrem/amenities,https://youtube.com/@sarovarhotels,404,external
/hotels/golden-tulip-goa-vagator/amenities,https://youtube.com/@sarovarhotels,404,external
/hotels/golden-tulip-hari-nagar/amenities,https://youtube.com/@sarovarhotels,404,external
/hotels/golden-tulip-jalandhar/amenities,https://youtube.com/@sarovarhotels,404,external
/hotels/golden-tulip-hotel-in-jaipur/amenities,https://youtube.com/@sarovarhotels,404,external
/hotels/golden-tulip-kukas-jaipur/amenities,https://youtube.com/@sarovarhotels,404,external
/hotels/golden-tulip-lucknow/amenities,https://youtube.com/@sarovarhotels,404,external
/hotels/golden-tulip-sector-80-gurugram/amenities,https://youtube.com/@sarovarhotels,404,external
/hotels/golden-tulip-srinagar/amenities,https://youtube.com/@sarovarhotels,404,external
/hotels/golden-tulip-tirupati/amenities,https://youtube.com/@sarovarhotels,404,external
/hotels/golden-tulip/amenities,https://youtube.com/@sarovarhotels,404,external
/hotels/golden-tulip-udaipur/amenities,https://youtube.com/@sarovarhotels,404,external
/hotels/grand-continent-anjuna/amenities,https://youtube.com/@sarovarhotels,404,external
/hotels/grand-continent-hebbal-bangalore/amenities,https://youtube.com/@sarovarhotels,404,external
/hotels/grand-continent-brookefield-bengaluru/amenities,https://youtube.com/@sarovarhotels,404,external
/hotels/grand-continent-hosur/amenities,https://youtube.com/@sarovarhotels,404,external
/hotels/grand-continent-mahabalipuram/amenities,https://youtube.com/@sarovarhotels,404,external
/hotels/grand-continent-malleshwaram-bangalore/amenities,https://youtube.com/@sarovarhotels,404,external
/hotels/grand-continent-mysore/amenities,https://youtube.com/@sarovarhotels,404,external
/hotels/grand-continent-secunderabad/amenities,https://youtube.com/@sarovarhotels,404,external
/hotels/grand-portico-hotel-in-latur/amenities,https://youtube.com/@sarovarhotels,404,external
/hotels/highland-sarovar-portico-sindhudurg/amenities,https://youtube.com/@sarovarhotels,404,external
/hotels/hometel-alambagh-lucknow/amenities,https://youtube.com/@sarovarhotels,404,external
/hotels/hometel-chandigarh/amenities,https://youtube.com/@sarovarhotels,404,external
/hotels/hometel-roorkee/amenities,https://youtube.com/@sarovarhotels,404,external
/hotels/hrj-sarovar-portico-indore/amenities,https://youtube.com/@sarovarhotels,404,external
/hotels/iris-sarovar-portico-gurugram/amenities,https://youtube.com/@sarovarhotels,404,external
/hotels/ishaan-sarovar-portico-deoghar/amenities,https://youtube.com/@sarovarhotels,404,external
/hotels/kpg-sarovar-portico-raj-nagar-extension-ghaziabad/amenities,https://youtube.com/@sarovarhotels,404,external
/hotels/la-place-sarovar-portico-lucknow/amenities,https://youtube.com/@sarovarhotels,404,external
/hotels/le-dupleix-pondicherry/amenities,https://youtube.com/@sarovarhotels,404,external
/hotels/le-lac-sarovar-ranchi/amenities,https://youtube.com/@sarovarhotels,404,external
/hotels/legend-sarovar-portico/amenities,https://youtube.com/@sarovarhotels,404,external
/hotels/madhuban-sarovar-portico-mussorie/amenities,https://youtube.com/@sarovarhotels,404,external
/hotels/mahagun-sarovar-portico-suites-vaishali/amenities,https://youtube.com/@sarovarhotels,404,external
/hotels/majestic-court-sarovar-portico-navi-mumbai/amenities,https://youtube.com/@sarovarhotels,404,external
/hotels/manjeera-sarovar-premiere-rajahmundry/amenities,https://youtube.com/@sarovarhotels,404,external
/hotels/marasa-sarovar-portico-rajkot/amenities,https://youtube.com/@sarovarhotels,404,external
/hotels/marasa-sarovar-premiere-bodhgaya/amenities,https://youtube.com/@sarovarhotels,404,external
/hotels/marasa-sarovar-premiere-tirupati-hotels/amenities,https://youtube.com/@sarovarhotels,404,external
/hotels/marigold-sarovar-portico-mashobra-shimla/amenities,https://youtube.com/@sarovarhotels,404,external
/hotels/marine-plaza-mumbai/amenities,https://youtube.com/@sarovarhotels,404,external
/hotels/mj-sarovar-portico-haridwar/amenities,https://youtube.com/@sarovarhotels,404,external
/hotels/mountnoor-sarovar-premiere-pahalgam/amenities,https://youtube.com/@sarovarhotels,404,external
/hotels/mukundra-sarovar-premiere-kota/amenities,https://youtube.com/@sarovarhotels,404,external
/hotels/nataraj-sarovar-portico-jhansi/amenities,https://youtube.com/@sarovarhotels,404,external
/hotels/naturevilas-portico-manali/amenities,https://youtube.com/@sarovarhotels,404,external
/hotels/neelkanth-sarovar-premiere-lusaka/amenities,https://youtube.com/@sarovarhotels,404,external
/hotels/nidhivan-sarovar-portico-vrindavan/amenities,https://youtube.com/@sarovarhotels,404,external
/hotels/nirvana-sarovar-portico-gorakhpur/amenities,https://youtube.com/@sarovarhotels,404,external
/hotels/nirwana-hometel-jaipur-sarovar/amenities,https://youtube.com/@sarovarhotels,404,external
/hotels/paradigm-sarovar-kakinada/amenities,https://youtube.com/@sarovarhotels,404,external
/hotels/park-inn-by-radisson-ayodhya/amenities,https://youtube.com/@sarovarhotels,404,external
/hotels/park-inn-gurgaon/amenities,https://youtube.com/@sarovarhotels,404,external
/hotels/Park-Inn-Radisson-Goa-Candolim/amenities,https://youtube.com/@sarovarhotels,404,external
/hotels/park-plaza-faridabad/amenities,https://youtube.com/@sarovarhotels,404,external
/hotels/park-plaza-jalandhar/amenities,https://youtube.com/@sarovarhotels,404,external
/hotels/park-plaza-jodhpur/amenities,https://youtube.com/@sarovarhotels,404,external
/hotels/park-plaza-shahadra--east-delhi/amenities,https://youtube.com/@sarovarhotels,404,external
/hotels/park-plaza-ludhiana/amenities,https://youtube.com/@sarovarhotels,404,external
/hotels/park-plaza-zirakpur/amenities,https://youtube.com/@sarovarhotels,404,external
/hotels/prachi-sarovar-premiere-bhubaneswar/amenities,https://youtube.com/@sarovarhotels,404,external
/hotels/presidium-sarovar-premiere-dalhousie/amenities,https://youtube.com/@sarovarhotels,404,external
/hotels/pushkara-portico-hotel-in-dibrugarh/amenities,https://youtube.com/@sarovarhotels,404,external
/hotels/radha-hometel-bangalore/amenities,https://youtube.com/@sarovarhotels,404,external
/hotels/radha-regent-chennai/amenities,https://youtube.com/@sarovarhotels,404,external
/hotels/radisson-blu--bengaluru-outer-ring-road/amenities,https://youtube.com/@sarovarhotels,404,external
/hotels/radisson-hyderabad--hitec/amenities,https://youtube.com/@sarovarhotels,404,external
/hotels/radisson-mumbai-goregaon/amenities,https://youtube.com/@sarovarhotels,404,external
/hotels/rbd-sarovar-portico-outer-ring-road-bengaluru/amenities,https://youtube.com/@sarovarhotels,404,external
/hotels/residency-sarovar-portico-mumbai/amenities,https://youtube.com/@sarovarhotels,404,external
/hotels/rivera-sarovar-portico-ahmedabad/amenities,https://youtube.com/@sarovarhotels,404,external
/hotels/riviera-sarovar-portico-pathankot/amenities,https://youtube.com/@sarovarhotels,404,external
/hotels/rosefinch-sarovar-portico-bhimtal/amenities,https://youtube.com/@sarovarhotels,404,external
/hotels/royal-hometel-suites-dahisar-mumbai/amenities,https://youtube.com/@sarovarhotels,404,external
/hotels/royal-sarovar-portico-siliguri/amenities,https://youtube.com/@sarovarhotels,404,external
/hotels/royal-kingdom-sarovar-portico-pilibhit/amenities,https://youtube.com/@sarovarhotels,404,external
/hotels/royal-tulip-chitwan/amenities,https://youtube.com/@sarovarhotels,404,external
/hotels/royal-tulip-kathmandu-shivapuri-national-park/amenities,https://youtube.com/@sarovarhotels,404,external
/hotels/royal-tulip-kathmandu/amenities,https://youtube.com/@sarovarhotels,404,external
/hotels/royale-sarovar-portico-agra/amenities,https://youtube.com/@sarovarhotels,404,external
/hotels/rs-sarovar-portico-palampur/amenities,https://youtube.com/@sarovarhotels,404,external
/hotels/sairafort-sarovar-portico-jaisalmer/amenities,https://youtube.com/@sarovarhotels,404,external
/hotels/sarovar-ahmedabad/amenities,https://youtube.com/@sarovarhotels,404,external
/hotels/sarovar-portico-ajmer/amenities,https://youtube.com/@sarovarhotels,404,external
/hotels/sarovar-portico-badrinath-uttarakhand/amenities,https://youtube.com/@sarovarhotels,404,external
/hotels/sarovar-portico-bhubaneswar/amenities,https://youtube.com/@sarovarhotels,404,external
/hotels/sarovar-portico-birgunj/amenities,https://youtube.com/@sarovarhotels,404,external
/hotels/sarovar-portico-dehradun/amenities,https://youtube.com/@sarovarhotels,404,external
/hotels/sarovar-portico-hanumangarh/amenities,https://youtube.com/@sarovarhotels,404,external
/hotels/sarovar-portico-jaipur/amenities,https://youtube.com/@sarovarhotels,404,external
/hotels/sarovar-portico-jalandhar/amenities,https://youtube.com/@sarovarhotels,404,external
/hotels/sarovar-portico-kolkata-rajarhat/amenities,https://youtube.com/@sarovarhotels,404,external
/hotels/sarovar-portico-naraina-new-delhi/amenities,https://youtube.com/@sarovarhotels,404,external
/hotels/sarovar-portico-saharanpur/amenities,https://youtube.com/@sarovarhotels,404,external
/hotels/sarovar-portico-somnath/amenities,https://youtube.com/@sarovarhotels,404,external
/hotels/sarovar-portico-sonipat/amenities,https://youtube.com/@sarovarhotels,404,external
/hotels/sarovar-portico-srinagar/amenities,https://youtube.com/@sarovarhotels,404,external
/hotels/sarovar-portico-sriperumbudur/amenities,https://youtube.com/@sarovarhotels,404,external
/hotels/sarovar-portico-surajkund/amenities,https://youtube.com/@sarovarhotels,404,external
/hotels/sarovar-premiere-amritsar/amenities,https://youtube.com/@sarovarhotels,404,external
/hotels/sarovar-premiere-alwar/amenities,https://youtube.com/@sarovarhotels,404,external
/hotels/sarovar-premiere-jaipur/amenities,https://youtube.com/@sarovarhotels,404,external
/hotels/sarovar-premiere-srinagar/amenities,https://youtube.com/@sarovarhotels,404,external
/hotels/sea-breeze-sarovar-portico-varca-goa/amenities,https://youtube.com/@sarovarhotels,404,external
/hotels/serene-premiere-hargeisa/amenities,https://youtube.com/@sarovarhotels,404,external
/hotels/shravanthi-sarovar-portico-bengaluru/amenities,https://youtube.com/@sarovarhotels,404,external
/hotels/shyama-sarovar-portico-orai/amenities,https://youtube.com/@sarovarhotels,404,external
/hotels/singhania-sarovar-portico-raipur/amenities,https://youtube.com/@sarovarhotels,404,external
/hotels/skywings-sarovar-portico-mathura/amenities,https://youtube.com/@sarovarhotels,404,external
/hotels/sobit-sarovar-portico-palolem-beach-hotel-goa/amenities,https://youtube.com/@sarovarhotels,404,external
/hotels/taurus-hotel-mahipalpur-new-delhi/amenities,https://youtube.com/@sarovarhotels,404,external
/hotels/the-gokulam-park-kochi/amenities,https://youtube.com/@sarovarhotels,404,external
/hotels/the-heron-portico-nairobi/amenities,https://youtube.com/@sarovarhotels,404,external
/hotels/the-muse-sarovar-portico-nehru-place-new-delhi/amenities,https://youtube.com/@sarovarhotels,404,external
/hotels/the-promenade-pondicherry/amenities,https://youtube.com/@sarovarhotels,404,external
/hotels/tulip-inn-bhopal/amenities,https://youtube.com/@sarovarhotels,404,external
/hotels/tulip-inn-gurugram-near-medanta/amenities,https://youtube.com/@sarovarhotels,404,external
/hotels/tulip-inn-koramangala/amenities,https://youtube.com/@sarovarhotels,404,external
/hotels/tulip-inn-zirakpur/amenities,https://youtube.com/@sarovarhotels,404,external
/hotels/v-sarovar-portico-mi-road-jaipur/amenities,https://youtube.com/@sarovarhotels,404,external
/hotels/vaishnodevi-portico-katra/amenities,https://youtube.com/@sarovarhotels,404,external
/hotels/vandhara-sarovar-premiere-patkote/amenities,https://youtube.com/@sarovarhotels,404,external
/hotels/viraj-sarovar-portico-jammu/amenities,https://youtube.com/@sarovarhotels,404,external
/hotels/aditya-hometel-hyderabad/legal,https://youtube.com/@sarovarhotels,404,external
/hotels/ambar-sarovar-portico-gandhidham-hotel/legal,https://youtube.com/@sarovarhotels,404,external
/hotels/aditya-park-hyderabad/legal,https://youtube.com/@sarovarhotels,404,external
/hotels/ambrosia-sarovar-portico-haridwar/legal,https://youtube.com/@sarovarhotels,404,external
/hotels/balaji-sarovar-premiere-solapur/legal,https://youtube.com/@sarovarhotels,404,external
/hotels/bellevue-sarovar-premiere-junagadh/legal,https://youtube.com/@sarovarhotels,404,external
/hotels/classic-sarovar-portico-thiruvananthapuram/legal,https://youtube.com/@sarovarhotels,404,external
/hotels/davanam-sarovar-portico-suites-bangalore/legal,https://youtube.com/@sarovarhotels,404,external
/hotels/deventure-sarovar-portico--kapashera-new-delhi/legal,https://youtube.com/@sarovarhotels,404,external
/hotels/efcee-sarovar-portico-bhavnagar/legal,https://youtube.com/@sarovarhotels,404,external
/hotels/estuary-sarovar-Premiere-poovar/legal,https://youtube.com/@sarovarhotels,404,external
/hotels/golden-sarovar-portico-amritsar/legal,https://youtube.com/@sarovarhotels,404,external
/hotels/golden-tulip-lucknow/legal,https://youtube.com/@sarovarhotels,404,external
/hotels/hometel-chandigarh/legal,https://youtube.com/@sarovarhotels,404,external
/hotels/golden-tulip-srinagar/legal,https://youtube.com/@sarovarhotels,404,external
/hotels/hometel-roorkee/legal,https://youtube.com/@sarovarhotels,404,external
/hotels/la-place-sarovar-portico-lucknow/legal,https://youtube.com/@sarovarhotels,404,external
/hotels/le-dupleix-pondicherry/legal,https://youtube.com/@sarovarhotels,404,external
/hotels/le-lac-sarovar-ranchi/legal,https://youtube.com/@sarovarhotels,404,external
/hotels/legend-sarovar-portico/legal,https://youtube.com/@sarovarhotels,404,external
/hotels/mahagun-sarovar-portico-suites-vaishali/legal,https://youtube.com/@sarovarhotels,404,external
/hotels/majestic-court-sarovar-portico-navi-mumbai/legal,https://youtube.com/@sarovarhotels,404,external
/hotels/marasa-sarovar-portico-rajkot/legal,https://youtube.com/@sarovarhotels,404,external
/hotels/marasa-sarovar-premiere-bodhgaya/legal,https://youtube.com/@sarovarhotels,404,external
/hotels/marasa-sarovar-premiere-tirupati-hotels/legal,https://youtube.com/@sarovarhotels,404,external
/hotels/marigold-sarovar-portico-mashobra-shimla/legal,https://youtube.com/@sarovarhotels,404,external
/hotels/marine-plaza-mumbai/legal,https://youtube.com/@sarovarhotels,404,external
/hotels/nataraj-sarovar-portico-jhansi/legal,https://youtube.com/@sarovarhotels,404,external
/hotels/neelkanth-sarovar-premiere-lusaka/legal,https://youtube.com/@sarovarhotels,404,external
/hotels/nidhivan-sarovar-portico-vrindavan/legal,https://youtube.com/@sarovarhotels,404,external
/hotels/nirwana-hometel-jaipur-sarovar/legal,https://youtube.com/@sarovarhotels,404,external
/hotels/nirvana-sarovar-portico-gorakhpur/legal,https://youtube.com/@sarovarhotels,404,external
/hotels/paradigm-sarovar-kakinada/legal,https://youtube.com/@sarovarhotels,404,external
/hotels/park-inn-gurgaon/legal,https://youtube.com/@sarovarhotels,404,external
/hotels/Park-Inn-Radisson-Goa-Candolim/legal,https://youtube.com/@sarovarhotels,404,external
/hotels/park-plaza-faridabad/legal,https://youtube.com/@sarovarhotels,404,external
/hotels/park-plaza-jodhpur/legal,https://youtube.com/@sarovarhotels,404,external
/hotels/park-plaza-ludhiana/legal,https://youtube.com/@sarovarhotels,404,external
/hotels/park-plaza-shahadra--east-delhi/legal,https://youtube.com/@sarovarhotels,404,external
/hotels/park-plaza-zirakpur/legal,https://youtube.com/@sarovarhotels,404,external
/hotels/radha-hometel-bangalore/legal,https://youtube.com/@sarovarhotels,404,external
/hotels/radha-regent-chennai/legal,https://youtube.com/@sarovarhotels,404,external
/hotels/radisson-blu--bengaluru-outer-ring-road/legal,https://youtube.com/@sarovarhotels,404,external
/hotels/radisson-hyderabad--hitec/legal,https://youtube.com/@sarovarhotels,404,external
/hotels/radisson-mumbai-goregaon/legal,https://youtube.com/@sarovarhotels,404,external
/hotels/rbd-sarovar-portico-outer-ring-road-bengaluru/legal,https://youtube.com/@sarovarhotels,404,external
/hotels/residency-sarovar-portico-mumbai/legal,https://youtube.com/@sarovarhotels,404,external
/hotels/rivera-sarovar-portico-ahmedabad/legal,https://youtube.com/@sarovarhotels,404,external
/hotels/royal-hometel-suites-dahisar-mumbai/legal,https://youtube.com/@sarovarhotels,404,external
/hotels/royal-sarovar-portico-siliguri/legal,https://youtube.com/@sarovarhotels,404,external
/hotels/royale-sarovar-portico-agra/legal,https://youtube.com/@sarovarhotels,404,external
/hotels/rs-sarovar-portico-palampur/legal,https://youtube.com/@sarovarhotels,404,external
/hotels/sairafort-sarovar-portico-jaisalmer/legal,https://youtube.com/@sarovarhotels,404,external
/hotels/sarovar-ahmedabad/legal,https://youtube.com/@sarovarhotels,404,external
/hotels/sarovar-portico-badrinath-uttarakhand/legal,https://youtube.com/@sarovarhotels,404,external
/hotels/sarovar-portico-dehradun/legal,https://youtube.com/@sarovarhotels,404,external
/hotels/sarovar-portico-jaipur/legal,https://youtube.com/@sarovarhotels,404,external
/hotels/sarovar-portico-jalandhar/legal,https://youtube.com/@sarovarhotels,404,external
/hotels/sarovar-portico-surajkund/legal,https://youtube.com/@sarovarhotels,404,external
/hotels/sarovar-portico-naraina-new-delhi/legal,https://youtube.com/@sarovarhotels,404,external
/hotels/sarovar-premiere-jaipur/legal,https://youtube.com/@sarovarhotels,404,external
/hotels/shravanthi-sarovar-portico-bengaluru/legal,https://youtube.com/@sarovarhotels,404,external
/hotels/singhania-sarovar-portico-raipur/legal,https://youtube.com/@sarovarhotels,404,external
/hotels/sobit-sarovar-portico-palolem-beach-hotel-goa/legal,https://youtube.com/@sarovarhotels,404,external
/hotels/taurus-hotel-mahipalpur-new-delhi/legal,https://youtube.com/@sarovarhotels,404,external
/hotels/the-ashtan-sarovar-portico-new-delhi/legal,https://youtube.com/@sarovarhotels,404,external
/hotels/the-gokulam-park-kochi/legal,https://youtube.com/@sarovarhotels,404,external
/hotels/the-heron-portico-nairobi/legal,https://youtube.com/@sarovarhotels,404,external
/hotels/the-muse-sarovar-portico-nehru-place-new-delhi/legal,https://youtube.com/@sarovarhotels,404,external
/hotels/the-promenade-pondicherry/legal,https://youtube.com/@sarovarhotels,404,external
/hotels/vaishnodevi-portico-katra/legal,https://youtube.com/@sarovarhotels,404,external
/hotels/viraj-sarovar-portico-jammu/legal,https://youtube.com/@sarovarhotels,404,external
/hotels/ambrosia-sarovar-portico-haridwar/wellness,https://youtube.com/@sarovarhotels,404,external
/hotels/balaji-sarovar-premiere-solapur/wellness,https://youtube.com/@sarovarhotels,404,external
/hotels/marasa-sarovar-premiere-bodhgaya/wellness,https://youtube.com/@sarovarhotels,404,external
/hotels/marasa-sarovar-premiere-tirupati-hotels/wellness,https://youtube.com/@sarovarhotels,404,external
/hotels/sarovar-portico-somnath/wellness,https://youtube.com/@sarovarhotels,404,external
/hotels/sarovar-portico-sonipat/wellness,https://youtube.com/@sarovarhotels,404,external
/hotels/davanam-sarovar-portico-suites-bangalore/home-delivery,https://youtube.com/@sarovarhotels,404,external
/hotels/balaji-sarovar-premiere-solapur/home-delivery,https://youtube.com/@sarovarhotels,404,external
/hotels/golden-sarovar-portico-amritsar/home-delivery,https://youtube.com/@sarovarhotels,404,external
/hotels/le-lac-sarovar-ranchi/home-delivery,https://youtube.com/@sarovarhotels,404,external
/hotels/nirvana-sarovar-portico-gorakhpur/home-delivery,https://youtube.com/@sarovarhotels,404,external
/hotels/paradigm-sarovar-kakinada/home-delivery,https://youtube.com/@sarovarhotels,404,external
/hotels/park-plaza-faridabad/home-delivery,https://youtube.com/@sarovarhotels,404,external
/hotels/park-plaza-zirakpur/home-delivery,https://youtube.com/@sarovarhotels,404,external
/hotels/golden-tulip-goa-mandrem/faqs,https://youtube.com/@sarovarhotels,404,external
/hotels/golden-tulip-kukas-jaipur/faqs,https://youtube.com/@sarovarhotels,404,external
/hotels/kpg-sarovar-portico-raj-nagar-extension-ghaziabad/faqs,https://youtube.com/@sarovarhotels,404,external
/hotels/golden-tulip-sector-80-gurugram/faqs,https://youtube.com/@sarovarhotels,404,external
/hotels/mountnoor-sarovar-premiere-pahalgam/faqs,https://youtube.com/@sarovarhotels,404,external
/hotels/mukundra-sarovar-premiere-kota/faqs,https://youtube.com/@sarovarhotels,404,external
/hotels/prachi-sarovar-premiere-bhubaneswar/faqs,https://youtube.com/@sarovarhotels,404,external
/hotels/sarovar-portico-bhubaneswar/faqs,https://youtube.com/@sarovarhotels,404,external
/hotels/royal-tulip-kathmandu-shivapuri-national-park/faqs,https://youtube.com/@sarovarhotels,404,external
/hotels/tulip-inn-gurugram-near-medanta/faqs,https://youtube.com/@sarovarhotels,404,external
/hotels/estuary-sarovar-Premiere-poovar/contact,https://youtube.com/@sarovarhotels,404,external
/hotels/golden-tulip-essential-jaipur/contact,https://youtube.com/@sarovarhotels,404,external
/hotels/golden-tulip/contact,https://youtube.com/@sarovarhotels,404,external
/hotels/lagoon-sarovar-premiere-pondicherry/contact,https://youtube.com/@sarovarhotels,404,external
/hotels/manjeera-international-convention-centre/contact,https://youtube.com/@sarovarhotels,404,external
/hotels/rosefinch-sarovar-portico-bhimtal/contact,https://youtube.com/@sarovarhotels,404,external
/hotels/sarovar-portico-bhubaneswar/contact,https://youtube.com/@sarovarhotels,404,external
/hotels/lagoon-sarovar-premiere-pondicherry/pay-us,https://youtube.com/@sarovarhotels,404,external
/hotels/sarovar-portico-sonipat/pay-us,https://youtube.com/@sarovarhotels,404,external
/hotels/efcee-sarovar-portico-bhavnagar/awards,https://youtube.com/@sarovarhotels,404,external
/hotels/aditya-park-hyderabad/meeting-events,https://youtube.com/@sarovarhotels,404,external
/hotels/ambar-sarovar-portico-gandhidham-hotel/promotions,https://youtube.com/@sarovarhotels,404,external
/hotels/ambrosia-sarovar-portico-haridwar/meetings-events,https://youtube.com/@sarovarhotels,404,external
/hotels/bellevue-sarovar-premiere-junagadh/banquet-conference,https://youtube.com/@sarovarhotels,404,external
/hotels/bellevue-sarovar-premiere-junagadh/emerald-conference-hall,https://youtube.com/@sarovarhotels,404,external
/hotels/bellevue-sarovar-premiere-junagadh/grand-crystal---banquet-hall,https://youtube.com/@sarovarhotels,404,external
/hotels/bellevue-sarovar-premiere-junagadh/opal-conference-hall,https://youtube.com/@sarovarhotels,404,external
/hotels/citadel-sarovar-portico-bangalore/events,https://youtube.com/@sarovarhotels,404,external
/hotels/deventure-sarovar-portico-patel-nagar/oasis-hall,https://youtube.com/@sarovarhotels,404,external
/hotels/efcee-sarovar-portico-bhavnagar/meeting-events,https://youtube.com/@sarovarhotels,404,external
/hotels/estuary-sarovar-Premiere-poovar/about-us,https://youtube.com/@sarovarhotels,404,external
/hotels/estuary-sarovar-Premiere-poovar/ayurveda-facility,https://youtube.com/@sarovarhotels,404,external
/hotels/estuary-sarovar-Premiere-poovar/marma-spine-care,https://youtube.com/@sarovarhotels,404,external
/hotels/estuary-sarovar-Premiere-poovar/panchakarma-detox,https://youtube.com/@sarovarhotels,404,external
/hotels/estuary-sarovar-Premiere-poovar/rasayanam-rejuvenation,https://youtube.com/@sarovarhotels,404,external
/hotels/estuary-sarovar-Premiere-poovar/sthoulya-slimming-programme,https://youtube.com/@sarovarhotels,404,external
/hotels/estuary-sarovar-Premiere-poovar/soundarya-skin-hair-care,https://youtube.com/@sarovarhotels,404,external
/hotels/estuary-sarovar-Premiere-poovar/sanjeevani-destress,https://youtube.com/@sarovarhotels,404,external
/hotels/estuary-sarovar-Premiere-poovar/ayurveda-summary-page,https://youtube.com/@sarovarhotels,404,external
/hotels/estuary-sarovar-Premiere-poovar/ayurveda-packages,https://youtube.com/@sarovarhotels,404,external
/hotels/estuary-sarovar-Premiere-poovar/career,https://youtube.com/@sarovarhotels,404,external
/hotels/estuary-sarovar-Premiere-poovar/ayurveda-treatment,https://youtube.com/@sarovarhotels,404,external
/hotels/estuary-sarovar-Premiere-poovar/celebrations,https://youtube.com/@sarovarhotels,404,external
/hotels/estuary-sarovar-Premiere-poovar/honeymoon,https://youtube.com/@sarovarhotels,404,external
/hotels/estuary-sarovar-Premiere-poovar/weddings,https://youtube.com/@sarovarhotels,404,external
/hotels/golden-tulip-bdi-club-and-suite-bhiwadi/summit,https://youtube.com/@sarovarhotels,404,external
/hotels/estuary-sarovar-Premiere-poovar/explore,https://youtube.com/@sarovarhotels,404,external
/hotels/golden-sarovar-portico-amritsar/promotions,https://youtube.com/@sarovarhotels,404,external
/hotels/golden-tulip-bhopal/tulipe---multi-cuisine-restaurant,https://youtube.com/@sarovarhotels,404,external
/hotels/golden-tulip-candolim-goa/special-offers,https://youtube.com/@sarovarhotels,404,external
/hotels/golden-tulip-essential-jaipur/banquet-hall-conferences,https://youtube.com/@sarovarhotels,404,external
/hotels/golden-tulip-goa-mandrem/promotions,https://youtube.com/@sarovarhotels,404,external
/hotels/golden-tulip-srinagar/spa,https://youtube.com/@sarovarhotels,404,external
/hotels/golden-tulip-srinagar/spa-and-hamam,https://youtube.com/@sarovarhotels,404,external
/hotels/golden-tulip-lucknow/promotions,https://youtube.com/@sarovarhotels,404,external
/hotels/golden-tulip-srinagar/turkish-hamam,https://youtube.com/@sarovarhotels,404,external
/hotels/grand-continent-anjuna/special-offers,https://youtube.com/@sarovarhotels,404,external
/hotels/golden-tulip/meetings-events,https://youtube.com/@sarovarhotels,404,external
/hotels/golden-tulip-tirupati/flavours,https://youtube.com/@sarovarhotels,404,external
/hotels/grand-continent-brookefield-bengaluru/banquet-halls,https://youtube.com/@sarovarhotels,404,external
/hotels/grand-continent-brookefield-bengaluru/blossom,https://youtube.com/@sarovarhotels,404,external
/hotels/highland-sarovar-portico-sindhudurg/explore-sindhudurg,https://youtube.com/@sarovarhotels,404,external
/hotels/grand-continent-brookefield-bengaluru/the-alfresco-open-air,https://youtube.com/@sarovarhotels,404,external
/hotels/grand-continent-mysore/blossom-banquet-hall,https://youtube.com/@sarovarhotels,404,external
/hotels/highland-sarovar-portico-sindhudurg/book-your-stay-at-highland-sarovar-portico-sindhudurg,https://youtube.com/@sarovarhotels,404,external
/hotels/hometel-alambagh-lucknow/explore-lucknow,https://youtube.com/@sarovarhotels,404,external
/hotels/hometel-roorkee/meetings-events,https://youtube.com/@sarovarhotels,404,external
/hotels/ishaan-sarovar-portico-deoghar/explore-deoghar,https://youtube.com/@sarovarhotels,404,external
/hotels/iris-sarovar-portico-gurugram/explore-gurugram,https://youtube.com/@sarovarhotels,404,external
/hotels/hometel-chandigarh/promotions,https://youtube.com/@sarovarhotels,404,external
/hotels/lagoon-sarovar-premiere-pondicherry/destination-wedding,https://youtube.com/@sarovarhotels,404,external
/hotels/le-dupleix-pondicherry/courtyard-restaurant-menu,https://youtube.com/@sarovarhotels,404,external
/hotels/le-dupleix-pondicherry/explore-pondicherry,https://youtube.com/@sarovarhotels,404,external
/hotels/le-lac-sarovar-ranchi/meetings-events,https://youtube.com/@sarovarhotels,404,external
/hotels/legend-sarovar-portico/meetings-events,https://youtube.com/@sarovarhotels,404,external
/hotels/mahagun-sarovar-portico-suites-vaishali/promotions,https://youtube.com/@sarovarhotels,404,external
/hotels/manjeera-international-convention-centre/lawn,https://youtube.com/@sarovarhotels,404,external
/hotels/manjeera-international-convention-centre/ball-room-i,https://youtube.com/@sarovarhotels,404,external
/hotels/manjeera-international-convention-centre/meetings-and-events,https://youtube.com/@sarovarhotels,404,external
/hotels/manjeera-international-convention-centre/ball-room-ii,https://youtube.com/@sarovarhotels,404,external
/hotels/manjeera-international-convention-centre/ball-room-iii,https://youtube.com/@sarovarhotels,404,external
/hotels/manjeera-international-convention-centre/godavari-ii,https://youtube.com/@sarovarhotels,404,external
/hotels/manjeera-international-convention-centre/grand-ball-room,https://youtube.com/@sarovarhotels,404,external
/hotels/manjeera-international-convention-centre/godavari-i,https://youtube.com/@sarovarhotels,404,external
/hotels/manjeera-sarovar-premiere-rajahmundry/jade-banquet-hall,https://youtube.com/@sarovarhotels,404,external
/hotels/manjeera-sarovar-premiere-rajahmundry/oval-banquet-hall,https://youtube.com/@sarovarhotels,404,external
/hotels/manjeera-sarovar-premiere-rajahmundry/ruby-banquet-hall,https://youtube.com/@sarovarhotels,404,external
/hotels/manjeera-sarovar-premiere-rajahmundry/banquet-halls,https://youtube.com/@sarovarhotels,404,external
/hotels/manjeera-sarovar-premiere-rajahmundry/convention-centres,https://youtube.com/@sarovarhotels,404,external
/hotels/manjeera-sarovar-premiere-rajahmundry/ball-room,https://youtube.com/@sarovarhotels,404,external
/hotels/manjeera-sarovar-premiere-rajahmundry/godavari-1,https://youtube.com/@sarovarhotels,404,external
/hotels/manjeera-sarovar-premiere-rajahmundry/godavari-2,https://youtube.com/@sarovarhotels,404,external
/hotels/manjeera-sarovar-premiere-rajahmundry/lawns,https://youtube.com/@sarovarhotels,404,external
/hotels/marasa-sarovar-portico-rajkot/meetings-events,https://youtube.com/@sarovarhotels,404,external
/hotels/marasa-sarovar-premiere-bodhgaya/banquet-and-meeting-hall,https://youtube.com/@sarovarhotels,404,external
/hotels/marasa-sarovar-premiere-bodhgaya/fusion-of-self-realization,https://youtube.com/@sarovarhotels,404,external
/hotels/marasa-sarovar-premiere-bodhgaya/a-journey-of-spiritual-awakening,https://youtube.com/@sarovarhotels,404,external
/hotels/marasa-sarovar-premiere-bodhgaya/deep-tissue-experience,https://youtube.com/@sarovarhotels,404,external
/hotels/marasa-sarovar-premiere-bodhgaya/indian-fusion-head-massage,https://youtube.com/@sarovarhotels,404,external
/hotels/marasa-sarovar-premiere-bodhgaya/holistic-aromatic-journey,https://youtube.com/@sarovarhotels,404,external
/hotels/marasa-sarovar-premiere-bodhgaya/peace,https://youtube.com/@sarovarhotels,404,external
/hotels/marasa-sarovar-premiere-bodhgaya/reflexology,https://youtube.com/@sarovarhotels,404,external
/hotels/marasa-sarovar-premiere-bodhgaya/tibetan-massage,https://youtube.com/@sarovarhotels,404,external
/hotels/marasa-sarovar-premiere-bodhgaya/bhumispasha-clay-envelopment,https://youtube.com/@sarovarhotels,404,external
/hotels/marasa-sarovar-premiere-bodhgaya/the-cocoon,https://youtube.com/@sarovarhotels,404,external
/hotels/marasa-sarovar-premiere-bodhgaya/peace-and-tranquility,https://youtube.com/@sarovarhotels,404,external
/hotels/marasa-sarovar-premiere-bodhgaya/seabuckthorn-balance,https://youtube.com/@sarovarhotels,404,external
/hotels/marasa-sarovar-premiere-bodhgaya/pollution-rescue,https://youtube.com/@sarovarhotels,404,external
/hotels/marasa-sarovar-premiere-bodhgaya/spiritual-mist,https://youtube.com/@sarovarhotels,404,external
/hotels/marasa-sarovar-premiere-bodhgaya/meditatio-japa-japa,https://youtube.com/@sarovarhotels,404,external
/hotels/marasa-sarovar-premiere-bodhgaya/meditatio-ntar-mouna,https://youtube.com/@sarovarhotels,404,external
/hotels/marasa-sarovar-premiere-bodhgaya/chakra-shuddhi,https://youtube.com/@sarovarhotels,404,external
/hotels/marasa-sarovar-premiere-bodhgaya/chidakasha-dharana,https://youtube.com/@sarovarhotels,404,external
/hotels/marasa-sarovar-premiere-bodhgaya/trataka-candle-meditation,https://youtube.com/@sarovarhotels,404,external
/hotels/marasa-sarovar-premiere-bodhgaya/tibetan-chantsbuddhist-chants,https://youtube.com/@sarovarhotels,404,external
/hotels/marasa-sarovar-premiere-bodhgaya/hridayakasha-dharana,https://youtube.com/@sarovarhotels,404,external
/hotels/marasa-sarovar-premiere-bodhgaya/yoga-nidra,https://youtube.com/@sarovarhotels,404,external
/hotels/marasa-sarovar-premiere-bodhgaya/jal-neti,https://youtube.com/@sarovarhotels,404,external
/hotels/marasa-sarovar-premiere-bodhgaya/himalayan-salt-scrub,https://youtube.com/@sarovarhotels,404,external
/hotels/marasa-sarovar-premiere-bodhgaya/kunjal-kriya,https://youtube.com/@sarovarhotels,404,external
/hotels/marasa-sarovar-premiere-bodhgaya/tibetan-tsampa-body-scrub,https://youtube.com/@sarovarhotels,404,external
/hotels/marasa-sarovar-premiere-bodhgaya/advanced-pranayama-with-bandhas,https://youtube.com/@sarovarhotels,404,external
/hotels/marasa-sarovar-premiere-bodhgaya/gatyatmak-yoga,https://youtube.com/@sarovarhotels,404,external
/hotels/marasa-sarovar-premiere-bodhgaya/hatha-yoga,https://youtube.com/@sarovarhotels,404,external
/hotels/marasa-sarovar-premiere-bodhgaya/kriya-yoga,https://youtube.com/@sarovarhotels,404,external
/hotels/marasa-sarovar-premiere-bodhgaya/panayama,https://youtube.com/@sarovarhotels,404,external
/hotels/marigold-sarovar-portico-mashobra-shimla/special-offers,https://youtube.com/@sarovarhotels,404,external
/hotels/marasa-sarovar-premiere-tirupati-hotels/promotions,https://youtube.com/@sarovarhotels,404,external
/hotels/marasa-sarovar-premiere-tirupati-hotels/experience,https://youtube.com/@sarovarhotels,404,external
/hotels/marigold-sarovar-portico-mashobra-shimla/weddings-at-sarovar-hotels-resorts,https://youtube.com/@sarovarhotels,404,external
/hotels/mj-sarovar-portico-haridwar/explore-haridwar,https://youtube.com/@sarovarhotels,404,external
/hotels/mountnoor-sarovar-premiere-pahalgam/explore-pahalgam,https://youtube.com/@sarovarhotels,404,external
/hotels/mukundra-sarovar-premiere-kota/explore-kota,https://youtube.com/@sarovarhotels,404,external
/hotels/nidhivan-sarovar-portico-vrindavan/destination-wedding-in-vrindavan,https://youtube.com/@sarovarhotels,404,external
/hotels/nirvana-sarovar-portico-gorakhpur/promotions,https://youtube.com/@sarovarhotels,404,external
/hotels/nataraj-sarovar-portico-jhansi/meetings-events,https://youtube.com/@sarovarhotels,404,external
/hotels/nidhivan-sarovar-portico-vrindavan/places-to-visit-in-vrindavan,https://youtube.com/@sarovarhotels,404,external
/hotels/nirvana-sarovar-portico-gorakhpur/meetings-events,https://youtube.com/@sarovarhotels,404,external
/hotels/paradigm-sarovar-kakinada/meetings-events,https://youtube.com/@sarovarhotels,404,external
/hotels/Park-Inn-Radisson-Goa-Candolim/meeting-events,https://youtube.com/@sarovarhotels,404,external
/hotels/park-plaza-ludhiana/promotions,https://youtube.com/@sarovarhotels,404,external
/hotels/park-plaza-zirakpur/meeting-events,https://youtube.com/@sarovarhotels,404,external
/hotels/park-plaza-zirakpur/shaadi-saga,https://youtube.com/@sarovarhotels,404,external
/hotels/presidium-sarovar-premiere-dalhousie/experience,https://youtube.com/@sarovarhotels,404,external
/hotels/presidium-sarovar-premiere-dalhousie/the-den,https://youtube.com/@sarovarhotels,404,external
/hotels/presidium-sarovar-premiere-dalhousie/the-reserve,https://youtube.com/@sarovarhotels,404,external
/hotels/presidium-sarovar-premiere-dalhousie/events,https://youtube.com/@sarovarhotels,404,external
/hotels/radha-hometel-bangalore/promotions,https://youtube.com/@sarovarhotels,404,external
/hotels/radha-regent-chennai/meeting-events,https://youtube.com/@sarovarhotels,404,external
/hotels/radisson-blu--bengaluru-outer-ring-road/meetings-events,https://youtube.com/@sarovarhotels,404,external
/hotels/rivera-sarovar-portico-ahmedabad/meetings-events,https://youtube.com/@sarovarhotels,404,external
/hotels/rosefinch-sarovar-portico-bhimtal/experiences,https://youtube.com/@sarovarhotels,404,external
/hotels/royal-tulip-kathmandu-shivapuri-national-park/explore-kathmandu,https://youtube.com/@sarovarhotels,404,external
/hotels/rosefinch-sarovar-portico-bhimtal/conference-hall,https://youtube.com/@sarovarhotels,404,external
/hotels/royale-sarovar-portico-agra/events,https://youtube.com/@sarovarhotels,404,external
/hotels/royale-sarovar-portico-agra/explore-agra,https://youtube.com/@sarovarhotels,404,external
/hotels/sarovar-portico-gir/facilites,https://youtube.com/@sarovarhotels,404,external
/hotels/sarovar-portico-hanumangarh/special-offers,https://youtube.com/@sarovarhotels,404,external
/hotels/rs-sarovar-portico-palampur/meetings-events,https://youtube.com/@sarovarhotels,404,external
/hotels/sarovar-portico-jaipur/meetings-conferences,https://youtube.com/@sarovarhotels,404,external
/hotels/sarovar-portico-jaipur/promotions,https://youtube.com/@sarovarhotels,404,external
/hotels/sarovar-portico-kolkata-rajarhat/conclave,https://youtube.com/@sarovarhotels,404,external
/hotels/sarovar-portico-jalandhar/meetings-events,https://youtube.com/@sarovarhotels,404,external
/hotels/sarovar-portico-naraina-new-delhi/meetings-events,https://youtube.com/@sarovarhotels,404,external
/hotels/sarovar-portico-morbi/facilities-at-sarovar-portico-morbi,https://youtube.com/@sarovarhotels,404,external
/hotels/sarovar-portico-morbi/meetings-conference-rooms-in-morbi,https://youtube.com/@sarovarhotels,404,external
/hotels/sarovar-portico-somnath/banquet-hall-conferences,https://youtube.com/@sarovarhotels,404,external
/hotels/sarovar-premiere-alwar/destination-wedding-in-alwar,https://youtube.com/@sarovarhotels,404,external
/hotels/sarovar-portico-surajkund/weddings,https://youtube.com/@sarovarhotels,404,external
/hotels/sarovar-portico-srinagar/the-hub,https://youtube.com/@sarovarhotels,404,external
/hotels/sarovar-premiere-alwar/explore-alwar,https://youtube.com/@sarovarhotels,404,external
/hotels/sarovar-premiere-alwar/terms-conditions,https://youtube.com/@sarovarhotels,404,external
/hotels/sarovar-premiere-amritsar/activities-experiences,https://youtube.com/@sarovarhotels,404,external
/hotels/sarovar-premiere-alwar/weddings-thank-you,https://youtube.com/@sarovarhotels,404,external
/hotels/sarovar-premiere-jaipur/promotions,https://youtube.com/@sarovarhotels,404,external
/hotels/sarovar-premiere-amritsar/explore-amritsar,https://youtube.com/@sarovarhotels,404,external
/hotels/skywings-sarovar-portico-mathura/special-offers,https://youtube.com/@sarovarhotels,404,external
/hotels/sarovar-premiere-srinagar/explore-srinagar,https://youtube.com/@sarovarhotels,404,external
/hotels/skywings-sarovar-portico-mathura/explore-mathura,https://youtube.com/@sarovarhotels,404,external
/hotels/shravanthi-sarovar-portico-bengaluru/meetings-events,https://youtube.com/@sarovarhotels,404,external
/hotels/sarovar-premiere-jaipur/meetings-events,https://youtube.com/@sarovarhotels,404,external
/hotels/sobit-sarovar-portico-palolem-beach-hotel-goa/promotions,https://youtube.com/@sarovarhotels,404,external
/hotels/the-ashtan-sarovar-portico-new-delhi/meetings-events,https://youtube.com/@sarovarhotels,404,external
/hotels/the-ashtan-sarovar-portico-new-delhi/virtual-tour,https://youtube.com/@sarovarhotels,404,external
/hotels/the-gaurs-sarovar-premiere/facilities-at-the-gaurs-sarovar-premiere,https://youtube.com/@sarovarhotels,404,external
/hotels/the-gaurs-sarovar-premiere/wedding-saga,https://youtube.com/@sarovarhotels,404,external
/hotels/the-ashtan-sarovar-portico-new-delhi/facilities-at-hotel-in-delhi-near-aiims,https://youtube.com/@sarovarhotels,404,external
/hotels/the-promenade-pondicherry/explore-pondicherry,https://youtube.com/@sarovarhotels,404,external
/hotels/the-gokulam-park-kochi/star-classification,https://youtube.com/@sarovarhotels,404,external
/hotels/the-promenade-pondicherry/bay-of-buddha-menu,https://youtube.com/@sarovarhotels,404,external
/hotels/the-heron-portico-nairobi/meetings-events,https://youtube.com/@sarovarhotels,404,external
/hotels/the-promenade-pondicherry/the-blueline-menu,https://youtube.com/@sarovarhotels,404,external
/hotels/the-promenade-pondicherry/wildfish-bistro,https://youtube.com/@sarovarhotels,404,external
/hotels/tulip-inn-shravasti/faciltiies,https://youtube.com/@sarovarhotels,404,external
/hotels/tulip-inn-gurugram-near-medanta/special-offers,https://youtube.com/@sarovarhotels,404,external
/hotels/tulip-inn-bhopal/explore-bhopal,https://youtube.com/@sarovarhotels,404,external
/hotels/venizia-sarovar-portico-in-new-delhi/kids-zone,https://youtube.com/@sarovarhotels,404,external
/hotels/marasa-sarovar-premiere-bodhgaya/blogs,https://youtube.com/@sarovarhotels,404,external
/hotels/geeta-sarovar-portico-hotels-panipat/destination-wedding-near-delhi-ncr,https://youtube.com/@sarovarhotels,404,external
/hotels/geeta-sarovar-portico-hotels-panipat/wedding-venues-in-panipat,https://youtube.com/@sarovarhotels,404,external
/hotels/geeta-sarovar-portico-hotels-panipat/blogs,https://youtube.com/@sarovarhotels,404,external
/hotels/vandhara-sarovar-premiere-patkote/explore-jim-corbett,https://youtube.com/@sarovarhotels,404,external
/hotels/marasa-sarovar-premiere-bodhgaya/bodh-gaya-seeking-nirvana,https://youtube.com/@sarovarhotels,404,external
/hotels/marasa-sarovar-premiere-bodhgaya/luxury-and-spirituality-at-marasa-sarovar-premiere,https://youtube.com/@sarovarhotels,404,external
/hotels/marasa-sarovar-premiere-bodhgaya/indias-best-50-new-hotels-digest---outlook-traveller,https://youtube.com/@sarovarhotels,404,external
/hotels/marasa-sarovar-premiere-bodhgaya/marasa-sarovar-bodh-gaya-a-sanctuary-of-spiritual-enlightenment,https://youtube.com/@sarovarhotels,404,external
/hotels/marasa-sarovar-premiere-bodhgaya/more-hnis-family-offices-checking-into-hotels-business,https://youtube.com/@sarovarhotels,404,external
/hotels/marasa-sarovar-premiere-bodhgaya/southeast-asia-building-coverage-for-marasa-sarovar-premiere,https://youtube.com/@sarovarhotels,404,external
/hotels/marasa-sarovar-premiere-bodhgaya/must-visit-tourist-places-in-bodh-gaya,https://youtube.com/@sarovarhotels,404,external
/hotels/marigold-sarovar-portico-mashobra-shimla/blogs,https://youtube.com/@sarovarhotels,404,external
/hotels/marigold-sarovar-portico-mashobra-shimla/explore-the-hidden-beauty-of-shimla,https://youtube.com/@sarovarhotels,404,external
/hotels/marigold-sarovar-portico-mashobra-shimla/shimla-in-the-summers,https://youtube.com/@sarovarhotels,404,external
/hotels/sarovar-premiere-delhi/rooms/deluxe-room-sarovar-premiere-delhi,https://youtube.com/@sarovarhotels,404,external
/hotels/sarovar-premiere-delhi/rooms/executive-suite-sarovar-premiere-delhi,https://youtube.com/@sarovarhotels,404,external
/hotels/sarovar-premiere-delhi/rooms/presidential-suite-sarovar-premiere-delhi,https://youtube.com/@sarovarhotels,404,external
/hotels/sarovar-premiere-delhi/rooms/standard-room-sarovar-premiere-delhi,https://youtube.com/@sarovarhotels,404,external
/hotels/sarovar-portico-jaipur/rooms/standard-room-sarovar-portico-jaipur,https://youtube.com/@sarovarhotels,404,external
/hotels/sarovar-portico-jaipur/rooms/deluxe-room-sarovar-portico-jaipur,https://youtube.com/@sarovarhotels,404,external
/hotels/marigold-sarovar-portico-mashobra-shimla/shimla-in-the-winters,https://youtube.com/@sarovarhotels,404,external
/hotels/sarovar-portico-jaipur/rooms/executive-suite-sarovar-portico-jaipur,https://youtube.com/@sarovarhotels,404,external
/hotels/rosefinch-sarovar-portico-bhimtal/attractions-in-bhimtal,https://youtube.com/@sarovarhotels,404,external
/hotels/rosefinch-sarovar-portico-bhimtal/blogs,https://youtube.com/@sarovarhotels,404,external
/hotels/sarovar-premiere-goa-beach-resort/rooms/deluxe-room-sarovar-premiere-goa-beach-resort,https://youtube.com/@sarovarhotels,404,external
/hotels/sarovar-premiere-goa-beach-resort/rooms/executive-suite-sarovar-premiere-goa-beach-resort,https://youtube.com/@sarovarhotels,404,external
/hotels/sarovar-premiere-goa-beach-resort/rooms/standard-room-sarovar-premiere-goa-beach-resort,https://youtube.com/@sarovarhotels,404,external
/hotels/sarovar-portico-mumbai/rooms/deluxe-room-sarovar-portico-mumbai,https://youtube.com/@sarovarhotels,404,external
/hotels/sarovar-portico-mumbai/rooms/standard-room-sarovar-portico-mumbai,https://youtube.com/@sarovarhotels,404,external
/hotels/sarovar-premiere-goa-beach-resort/rooms/presidential-suite-sarovar-premiere-goa-beach-resort,https://youtube.com/@sarovarhotels,404,external
/hotels/sarovar-portico-mumbai/rooms/executive-suite-sarovar-portico-mumbai,https://youtube.com/@sarovarhotels,404,external
/hotels/sarovar-regency-shimla/rooms/deluxe-room-sarovar-regency-shimla,https://youtube.com/@sarovarhotels,404,external
/hotels/sarovar-regency-shimla/rooms/standard-room-sarovar-regency-shimla,https://youtube.com/@sarovarhotels,404,external
/hotels/sarovar-regency-shimla/rooms/executive-suite-sarovar-regency-shimla,https://youtube.com/@sarovarhotels,404,external
/hotels/sarovar-regency-rishikesh/rooms/deluxe-room-sarovar-regency-rishikesh,https://youtube.com/@sarovarhotels,404,external
/hotels/sarovar-regency-rishikesh/rooms/executive-suite-sarovar-regency-rishikesh,https://youtube.com/@sarovarhotels,404,external
/hotels/sarovar-portico-delhi-aerocity/rooms/deluxe-room-sarovar-portico-delhi-aerocity,https://youtube.com/@sarovarhotels,404,external
/hotels/sarovar-regency-rishikesh/rooms/standard-room-sarovar-regency-rishikesh,https://youtube.com/@sarovarhotels,404,external
/hotels/sarovar-portico-delhi-aerocity/rooms/standard-room-sarovar-portico-delhi-aerocity,https://youtube.com/@sarovarhotels,404,external
/hotels/sarovar-portico-delhi-aerocity/rooms/executive-suite-sarovar-portico-delhi-aerocity,https://youtube.com/@sarovarhotels,404,external
/hotels/sarovar-premiere-jaipur-heritage/rooms/standard-room-sarovar-premiere-jaipur-heritage,https://youtube.com/@sarovarhotels,404,external
/hotels/sarovar-premiere-jaipur-heritage/rooms/executive-suite-sarovar-premiere-jaipur-heritage,https://youtube.com/@sarovarhotels,404,external
/hotels/sarovar-premiere-jaipur-heritage/rooms/deluxe-room-sarovar-premiere-jaipur-heritage,https://youtube.com/@sarovarhotels,404,external
/hotels/abn-sarovar-portico-jim-corbett/rooms/cottage-double-bed-room-with-two-balconies,https://youtube.com/@sarovarhotels,404,external
/hotels/abn-sarovar-portico-jim-corbett/rooms/premium-cottage-double-bed-room-with-sit-out-area,https://youtube.com/@sarovarhotels,404,external
/hotels/abn-sarovar-portico-jim-corbett/rooms/deluxe-double-bed-room-with-sit-out-area,https://youtube.com/@sarovarhotels,404,external
/hotels/abn-sarovar-portico-jim-corbett/rooms/premium-double-bed-room-with-private-balcony,https://youtube.com/@sarovarhotels,404,external
/hotels/aditya-hometel-hyderabad/rooms/suites,https://youtube.com/@sarovarhotels,404,external
/hotels/aditya-hometel-hyderabad/rooms/standard-room,https://youtube.com/@sarovarhotels,404,external
/hotels/aditya-hometel-hyderabad/rooms/superior-rooms,https://youtube.com/@sarovarhotels,404,external
/hotels/aditya-park-hyderabad/rooms/executive-rooms,https://youtube.com/@sarovarhotels,404,external
/hotels/abn-sarovar-portico-jim-corbett/rooms/superior-double-bed-room-with-balcony,https://youtube.com/@sarovarhotels,404,external
/hotels/aditya-park-hyderabad/rooms/friends-family,https://youtube.com/@sarovarhotels,404,external
/hotels/aditya-park-hyderabad/rooms/junior-suites,https://youtube.com/@sarovarhotels,404,external
/hotels/aditya-park-hyderabad/rooms/superior-rooms,https://youtube.com/@sarovarhotels,404,external
/hotels/ambar-sarovar-portico-gandhidham-hotel/rooms/superior-rooms,https://youtube.com/@sarovarhotels,404,external
/hotels/ambar-sarovar-portico-gandhidham-hotel/rooms/suites,https://youtube.com/@sarovarhotels,404,external
/hotels/ambrosia-sarovar-portico-haridwar/rooms/deluxe-room-king-bed,https://youtube.com/@sarovarhotels,404,external
/hotels/ambrosia-sarovar-portico-haridwar/rooms/deluxe-room-twin-bed,https://youtube.com/@sarovarhotels,404,external
/hotels/ambrosia-sarovar-portico-haridwar/rooms/junior-suite,https://youtube.com/@sarovarhotels,404,external
/hotels/balaji-sarovar-premiere-solapur/rooms/deluxe-rooms-city-view,https://youtube.com/@sarovarhotels,404,external
/hotels/ambrosia-sarovar-portico-haridwar/rooms/premium-suite,https://youtube.com/@sarovarhotels,404,external
/hotels/balaji-sarovar-premiere-solapur/rooms/deluxe-rooms-pool-view,https://youtube.com/@sarovarhotels,404,external
/hotels/balaji-sarovar-premiere-solapur/rooms/executive-suites,https://youtube.com/@sarovarhotels,404,external
/hotels/bamus-sarovar-portico-kampala/rooms/executive-suite,https://youtube.com/@sarovarhotels,404,external
/hotels/bamus-sarovar-portico-kampala/rooms/deluxe-double-bed-room,https://youtube.com/@sarovarhotels,404,external
/hotels/bamus-sarovar-portico-kampala/rooms/standard-double-bed-room,https://youtube.com/@sarovarhotels,404,external
/hotels/balaji-sarovar-premiere-solapur/rooms/presidential-suites,https://youtube.com/@sarovarhotels,404,external
/hotels/bamus-sarovar-portico-kampala/rooms/standard-twin-bed-room,https://youtube.com/@sarovarhotels,404,external
/hotels/bamus-sarovar-portico-kampala/rooms/superior-double-bed-room,https://youtube.com/@sarovarhotels,404,external
/hotels/bamus-sarovar-portico-kampala/rooms/superior-twin-bed-room,https://youtube.com/@sarovarhotels,404,external
/hotels/bellevue-sarovar-premiere-junagadh/rooms/deluxe-room,https://youtube.com/@sarovarhotels,404,external
/hotels/bellevue-sarovar-premiere-junagadh/rooms/premiere-king-girnar-view-room,https://youtube.com/@sarovarhotels,404,external
/hotels/bellevue-sarovar-premiere-junagadh/rooms/suite,https://youtube.com/@sarovarhotels,404,external
/hotels/bellevue-sarovar-premiere-junagadh/rooms/superior-twin-city-view-room,https://youtube.com/@sarovarhotels,404,external
/hotels/citadel-sarovar-portico-bangalore/rooms/deluxe-king-room,https://youtube.com/@sarovarhotels,404,external
/hotels/citadel-sarovar-portico-bangalore/rooms/deluxe-twin-room,https://youtube.com/@sarovarhotels,404,external
/hotels/citadel-sarovar-portico-bangalore/rooms/executive-double-room,https://youtube.com/@sarovarhotels,404,external
/hotels/citadel-sarovar-portico-bangalore/rooms/suite,https://youtube.com/@sarovarhotels,404,external
/hotels/classic-sarovar-portico-thiruvananthapuram/rooms/club-rooms,https://youtube.com/@sarovarhotels,404,external
/hotels/citadel-sarovar-portico-bangalore/rooms/executive-twin-room,https://youtube.com/@sarovarhotels,404,external
/hotels/classic-sarovar-portico-thiruvananthapuram/rooms/executive-rooms,https://youtube.com/@sarovarhotels,404,external
/hotels/classic-sarovar-portico-thiruvananthapuram/rooms/suite,https://youtube.com/@sarovarhotels,404,external
/hotels/davanam-sarovar-portico-suites-bangalore/rooms/deluxe-suites,https://youtube.com/@sarovarhotels,404,external
/hotels/davanam-sarovar-portico-suites-bangalore/rooms/premium-suite,https://youtube.com/@sarovarhotels,404,external
/hotels/davanam-sarovar-portico-suites-bangalore/rooms/executive-suites,https://youtube.com/@sarovarhotels,404,external
/hotels/delite-sarovar-portico-faridabad/rooms/executive-rooms-double-twin-bed-room,https://youtube.com/@sarovarhotels,404,external
/hotels/delite-sarovar-portico-faridabad/rooms/premium-rooms-double-bed-room,https://youtube.com/@sarovarhotels,404,external
/hotels/delite-sarovar-portico-faridabad/rooms/suites-double-bed-room,https://youtube.com/@sarovarhotels,404,external
/hotels/deventure-sarovar-portico--kapashera-new-delhi/rooms/deluxe-rooms,https://youtube.com/@sarovarhotels,404,external
/hotels/deventure-sarovar-portico--kapashera-new-delhi/rooms/superior-rooms,https://youtube.com/@sarovarhotels,404,external
/hotels/deventure-sarovar-portico--kapashera-new-delhi/rooms/premium-room,https://youtube.com/@sarovarhotels,404,external
/hotels/deventure-sarovar-portico-patel-nagar/rooms/club-double-bed-room,https://youtube.com/@sarovarhotels,404,external
/hotels/deventure-sarovar-portico-patel-nagar/rooms/executive-double-bed-room,https://youtube.com/@sarovarhotels,404,external
/hotels/efcee-sarovar-portico-bhavnagar/rooms/executive-suites,https://youtube.com/@sarovarhotels,404,external
/hotels/efcee-sarovar-portico-bhavnagar/rooms/deluxe-room,https://youtube.com/@sarovarhotels,404,external
/hotels/deventure-sarovar-portico-patel-nagar/rooms/executive-twin-bed-room,https://youtube.com/@sarovarhotels,404,external
/hotels/efcee-sarovar-portico-bhavnagar/rooms/premium-room,https://youtube.com/@sarovarhotels,404,external
/hotels/estuary-sarovar-Premiere-poovar/rooms/deluxe-pool-villa-140-sq-m-1500-sq-ft,https://youtube.com/@sarovarhotels,404,external
/hotels/efcee-sarovar-portico-bhavnagar/rooms/leela-suite,https://youtube.com/@sarovarhotels,404,external
/hotels/estuary-sarovar-Premiere-poovar/rooms/estuary-view-32-sq-m-345-sq-ft,https://youtube.com/@sarovarhotels,404,external
/hotels/estuary-sarovar-Premiere-poovar/rooms/garden-cottage-32-sq-m-340-sq-ft,https://youtube.com/@sarovarhotels,404,external
/hotels/estuary-sarovar-Premiere-poovar/rooms/garden-view-27-sq-m-290-sq-ft,https://youtube.com/@sarovarhotels,404,external
/hotels/estuary-sarovar-Premiere-poovar/rooms/leisure-villa-43-sq-m-460-sq-ft,https://youtube.com/@sarovarhotels,404,external
/hotels/geeta-sarovar-portico-hotels-panipat/rooms/deluxe-double-or-twin-rooms,https://youtube.com/@sarovarhotels,404,external
/hotels/estuary-sarovar-Premiere-poovar/rooms/pool-villa-121-sq-m-1300-sq-ft,https://youtube.com/@sarovarhotels,404,external
/hotels/geeta-sarovar-portico-hotels-panipat/rooms/presidential-suite-room,https://youtube.com/@sarovarhotels,404,external
/hotels/golden-sarovar-portico-amritsar/rooms/deluxe-suites,https://youtube.com/@sarovarhotels,404,external
/hotels/geeta-sarovar-portico-hotels-panipat/rooms/suite-room,https://youtube.com/@sarovarhotels,404,external
/hotels/golden-sarovar-portico-amritsar/rooms/executive-rooms,https://youtube.com/@sarovarhotels,404,external
/hotels/golden-sarovar-portico-amritsar/rooms/premium-room,https://youtube.com/@sarovarhotels,404,external
/hotels/golden-sarovar-portico-amritsar/rooms/presidential-suite,https://youtube.com/@sarovarhotels,404,external
/hotels/golden-sarovar-portico-amritsar/rooms/superior-double-bed-room,https://youtube.com/@sarovarhotels,404,external
/hotels/golden-tulip-agra/rooms/deluxe-double-bed-room,https://youtube.com/@sarovarhotels,404,external
/hotels/golden-sarovar-portico-amritsar/rooms/superior-twin-bed-room,https://youtube.com/@sarovarhotels,404,external
/hotels/golden-tulip-agra/rooms/deluxe-twin-bed-room,https://youtube.com/@sarovarhotels,404,external
/hotels/golden-tulip-agra/rooms/executive-double-bed-room,https://youtube.com/@sarovarhotels,404,external
/hotels/golden-tulip-agra/rooms/suite,https://youtube.com/@sarovarhotels,404,external
/hotels/golden-tulip-bdi-club-and-suite-bhiwadi/rooms/club-king-room,https://youtube.com/@sarovarhotels,404,external
/hotels/golden-tulip-bdi-club-and-suite-bhiwadi/rooms/junior-suite,https://youtube.com/@sarovarhotels,404,external
/hotels/golden-tulip-bdi-club-and-suite-bhiwadi/rooms/superior-room,https://youtube.com/@sarovarhotels,404,external
/hotels/golden-tulip-bhopal/rooms/deluxe-room,https://youtube.com/@sarovarhotels,404,external
/hotels/golden-tulip-bhopal/rooms/suite,https://youtube.com/@sarovarhotels,404,external
/hotels/golden-tulip-bhopal/rooms/superior-room,https://youtube.com/@sarovarhotels,404,external
/hotels/golden-tulip-candolim-goa/rooms/deluxe-double-bedroom,https://youtube.com/@sarovarhotels,404,external
/hotels/golden-tulip-candolim-goa/rooms/apartment-double-bedroom,https://youtube.com/@sarovarhotels,404,external
/hotels/golden-tulip-candolim-goa/rooms/imperial-double-bedroom,https://youtube.com/@sarovarhotels,404,external
/hotels/golden-tulip-candolim-goa/rooms/jr-suite-double-bedroom,https://youtube.com/@sarovarhotels,404,external
/hotels/golden-tulip-candolim-goa/rooms/superior-double-bedroom,https://youtube.com/@sarovarhotels,404,external
/hotels/golden-tulip-candolim-goa/rooms/superior-twin-bedroom,https://youtube.com/@sarovarhotels,404,external
/hotels/golden-tulip-essential-jaipur/rooms/standard-king-rooms,https://youtube.com/@sarovarhotels,404,external
/hotels/golden-tulip-essential-jaipur/rooms/suites,https://youtube.com/@sarovarhotels,404,external
/hotels/golden-tulip-essential-jaipur/rooms/superior-rooms-double-bed,https://youtube.com/@sarovarhotels,404,external
/hotels/golden-tulip-essential-jaipur/rooms/superior-rooms-twin-bed,https://youtube.com/@sarovarhotels,404,external
/hotels/golden-tulip-goa-mandrem/rooms/1-bedroom-pool-villa,https://youtube.com/@sarovarhotels,404,external
/hotels/golden-tulip-goa-mandrem/rooms/1-bedroom-villa,https://youtube.com/@sarovarhotels,404,external
/hotels/golden-tulip-goa-mandrem/rooms/2-bedroom-pool-villa,https://youtube.com/@sarovarhotels,404,external
/hotels/golden-tulip-goa-mandrem/rooms/2-bedroom-villa,https://youtube.com/@sarovarhotels,404,external
/hotels/golden-tulip-goa-mandrem/rooms/deluxe-room-with-private-balcony,https://youtube.com/@sarovarhotels,404,external
/hotels/golden-tulip-goa-mandrem/rooms/executive-room-with-private-balcony,https://youtube.com/@sarovarhotels,404,external
/hotels/golden-tulip-goa-mandrem/rooms/premium-room-with-private-balcony,https://youtube.com/@sarovarhotels,404,external
/hotels/golden-tulip-goa-mandrem/rooms/presidential-suite-with-infinity-pool,https://youtube.com/@sarovarhotels,404,external
/hotels/golden-tulip-goa-vagator/rooms/deluxe-room,https://youtube.com/@sarovarhotels,404,external
/hotels/golden-tulip-goa-vagator/rooms/superior-room,https://youtube.com/@sarovarhotels,404,external
/hotels/golden-tulip-hari-nagar/rooms/executive-room,https://youtube.com/@sarovarhotels,404,external
/hotels/golden-tulip-hari-nagar/rooms/standard-room,https://youtube.com/@sarovarhotels,404,external
/hotels/golden-tulip-hari-nagar/rooms/superior-plus-room,https://youtube.com/@sarovarhotels,404,external
/hotels/golden-tulip-hari-nagar/rooms/superior-room,https://youtube.com/@sarovarhotels,404,external
/hotels/golden-tulip-hotel-in-jaipur/rooms/deluxe-rooms,https://youtube.com/@sarovarhotels,404,external
/hotels/golden-tulip-hotel-in-jaipur/rooms/deluxe-suites,https://youtube.com/@sarovarhotels,404,external
/hotels/golden-tulip-hotel-in-jaipur/rooms/junior-suites,https://youtube.com/@sarovarhotels,404,external
/hotels/golden-tulip-hotel-in-jaipur/rooms/presidential-suite,https://youtube.com/@sarovarhotels,404,external
/hotels/golden-tulip-hotel-in-jaipur/rooms/super-deluxe-rooms-double-bed,https://youtube.com/@sarovarhotels,404,external
/hotels/golden-tulip-hotel-in-jaipur/rooms/super-deluxe-rooms-twin-beds,https://youtube.com/@sarovarhotels,404,external
/hotels/golden-tulip-jalandhar/rooms/deluxe-king-rooms-double-bed,https://youtube.com/@sarovarhotels,404,external
/hotels/golden-tulip-kukas-jaipur/rooms/deluxe-room-city-facing,https://youtube.com/@sarovarhotels,404,external
/hotels/golden-tulip-jalandhar/rooms/deluxe-king-rooms-twin-beds,https://youtube.com/@sarovarhotels,404,external
/hotels/golden-tulip-kukas-jaipur/rooms/deluxe-twin-room-city-facing,https://youtube.com/@sarovarhotels,404,external
/hotels/golden-tulip-kukas-jaipur/rooms/suite,https://youtube.com/@sarovarhotels,404,external
/hotels/golden-tulip-kukas-jaipur/rooms/superior-double-room,https://youtube.com/@sarovarhotels,404,external
/hotels/golden-tulip-kukas-jaipur/rooms/superior-twin-room,https://youtube.com/@sarovarhotels,404,external
/hotels/golden-tulip-lucknow/rooms/club-premium-room,https://youtube.com/@sarovarhotels,404,external
/hotels/golden-tulip-lucknow/rooms/club-room-king-b-wing,https://youtube.com/@sarovarhotels,404,external
/hotels/golden-tulip-lucknow/rooms/club-room-twin-b-wing,https://youtube.com/@sarovarhotels,404,external
/hotels/golden-tulip-lucknow/rooms/executive-room,https://youtube.com/@sarovarhotels,404,external
/hotels/golden-tulip-lucknow/rooms/junior-suite,https://youtube.com/@sarovarhotels,404,external
/hotels/golden-tulip-lucknow/rooms/suite,https://youtube.com/@sarovarhotels,404,external
/hotels/golden-tulip-sector-80-gurugram/rooms/deluxe-room-with-pool-view,https://youtube.com/@sarovarhotels,404,external
/hotels/golden-tulip-sector-80-gurugram/rooms/executive-room-with-balcony,https://youtube.com/@sarovarhotels,404,external
/hotels/golden-tulip-sector-80-gurugram/rooms/luxury-suite,https://youtube.com/@sarovarhotels,404,external
/hotels/golden-tulip-sector-80-gurugram/rooms/premium-suite,https://youtube.com/@sarovarhotels,404,external
/hotels/golden-tulip-sector-80-gurugram/rooms/standard-double-room,https://youtube.com/@sarovarhotels,404,external
/hotels/golden-tulip-srinagar/rooms/deluxe-rooms,https://youtube.com/@sarovarhotels,404,external
/hotels/golden-tulip-sector-80-gurugram/rooms/standard-twin-room,https://youtube.com/@sarovarhotels,404,external
/hotels/golden-tulip-srinagar/rooms/executive-suites,https://youtube.com/@sarovarhotels,404,external
/hotels/golden-tulip-tirupati/rooms/deluxe-rooms-king,https://youtube.com/@sarovarhotels,404,external
/hotels/golden-tulip-srinagar/rooms/premium-rooms,https://youtube.com/@sarovarhotels,404,external
/hotels/golden-tulip-tirupati/rooms/deluxe-rooms-twin,https://youtube.com/@sarovarhotels,404,external
/hotels/golden-tulip-udaipur/rooms/luxury-suite,https://youtube.com/@sarovarhotels,404,external
/hotels/golden-tulip-tirupati/rooms/suite,https://youtube.com/@sarovarhotels,404,external
/hotels/golden-tulip-udaipur/rooms/premium-double-pool-view-room,https://youtube.com/@sarovarhotels,404,external
/hotels/golden-tulip-udaipur/rooms/standard-double-room,https://youtube.com/@sarovarhotels,404,external
/hotels/golden-tulip-udaipur/rooms/standard-twin-room,https://youtube.com/@sarovarhotels,404,external
/hotels/golden-tulip-udaipur/rooms/superior-twin-room,https://youtube.com/@sarovarhotels,404,external
/hotels/golden-tulip-udaipur/rooms/superior-double-room,https://youtube.com/@sarovarhotels,404,external
/hotels/golden-tulip/rooms/deluxe-double-bed-rooms,https://youtube.com/@sarovarhotels,404,external
/hotels/golden-tulip/rooms/premium-rooms-with-balcony,https://youtube.com/@sarovarhotels,404,external
/hotels/golden-tulip/rooms/suites,https://youtube.com/@sarovarhotels,404,external
/hotels/golden-tulip/rooms/superior-twin-or-double-bed-rooms,https://youtube.com/@sarovarhotels,404,external
/hotels/grand-continent-anjuna/rooms/deluxe-double-room-pool-view-with-balcony-happy-hours-inclusion,https://youtube.com/@sarovarhotels,404,external
/hotels/grand-continent-anjuna/rooms/family-suite-pool-view-with-balcony-interconnected-02-bed-rooms-happy-hours-inclusion,https://youtube.com/@sarovarhotels,404,external
/hotels/grand-continent-anjuna/rooms/standard-double-room-with-happy-hours,https://youtube.com/@sarovarhotels,404,external
/hotels/grand-continent-anjuna/rooms/superior-double-room-partial-pool-view-with-happy-hours,https://youtube.com/@sarovarhotels,404,external
/hotels/grand-continent-brookefield-bengaluru/rooms/deluxe-room-with-balcony-double-bed,https://youtube.com/@sarovarhotels,404,external
/hotels/grand-continent-brookefield-bengaluru/rooms/deluxe-room-with-balcony-twin-beds,https://youtube.com/@sarovarhotels,404,external
/hotels/grand-continent-brookefield-bengaluru/rooms/executive-room-double-bed,https://youtube.com/@sarovarhotels,404,external
/hotels/grand-continent-brookefield-bengaluru/rooms/premium-room-with-balcony-twin-bed,https://youtube.com/@sarovarhotels,404,external
/hotels/grand-continent-brookefield-bengaluru/rooms/premium-room-with-balcony-double-bed,https://youtube.com/@sarovarhotels,404,external
/hotels/grand-continent-hebbal-bangalore/rooms/deluxe-room-king-bed,https://youtube.com/@sarovarhotels,404,external
/hotels/grand-continent-hebbal-bangalore/rooms/deluxe-room-twin-bed,https://youtube.com/@sarovarhotels,404,external
/hotels/grand-continent-hebbal-bangalore/rooms/executive-room-king-bed,https://youtube.com/@sarovarhotels,404,external
/hotels/grand-continent-hebbal-bangalore/rooms/executive-room-twin-bed,https://youtube.com/@sarovarhotels,404,external
/hotels/grand-continent-hebbal-bangalore/rooms/premium-room-king-bed,https://youtube.com/@sarovarhotels,404,external
/hotels/grand-continent-hosur/rooms/deluxe-room,https://youtube.com/@sarovarhotels,404,external
/hotels/grand-continent-hosur/rooms/executive-room,https://youtube.com/@sarovarhotels,404,external
/hotels/grand-continent-hosur/rooms/family-room,https://youtube.com/@sarovarhotels,404,external
/hotels/grand-continent-hosur/rooms/royal-suite,https://youtube.com/@sarovarhotels,404,external
/hotels/grand-continent-mahabalipuram/rooms/canal-view-room-double-bed,https://youtube.com/@sarovarhotels,404,external
/hotels/grand-continent-mahabalipuram/rooms/canal-view-room-twin-beds,https://youtube.com/@sarovarhotels,404,external
/hotels/grand-continent-mahabalipuram/rooms/deluxe-room-double-bed,https://youtube.com/@sarovarhotels,404,external
/hotels/grand-continent-mahabalipuram/rooms/deluxe-room-twin-beds,https://youtube.com/@sarovarhotels,404,external
/hotels/grand-continent-mahabalipuram/rooms/sea-suite,https://youtube.com/@sarovarhotels,404,external
/hotels/grand-continent-mahabalipuram/rooms/sea-view-room,https://youtube.com/@sarovarhotels,404,external
/hotels/grand-continent-malleshwaram-bangalore/rooms/deluxe-room,https://youtube.com/@sarovarhotels,404,external
/hotels/grand-continent-malleshwaram-bangalore/rooms/executive-room,https://youtube.com/@sarovarhotels,404,external
/hotels/grand-continent-malleshwaram-bangalore/rooms/royal-suite-with-king-size-bed,https://youtube.com/@sarovarhotels,404,external
/hotels/grand-continent-malleshwaram-bangalore/rooms/royal-suite-with-twin-size-bed,https://youtube.com/@sarovarhotels,404,external
/hotels/grand-continent-mysore/rooms/deluxe-room,https://youtube.com/@sarovarhotels,404,external
/hotels/grand-continent-mysore/rooms/family-room,https://youtube.com/@sarovarhotels,404,external
/hotels/grand-continent-secunderabad/rooms/deluxe-room-double,https://youtube.com/@sarovarhotels,404,external
/hotels/grand-continent-secunderabad/rooms/deluxe-room-twin,https://youtube.com/@sarovarhotels,404,external
/hotels/grand-continent-secunderabad/rooms/superior-room-double,https://youtube.com/@sarovarhotels,404,external
/hotels/grand-portico-hotel-in-latur/rooms/deluxe-rooms-double-bed,https://youtube.com/@sarovarhotels,404,external
/hotels/grand-portico-hotel-in-latur/rooms/deluxe-rooms-twin-beds,https://youtube.com/@sarovarhotels,404,external
/hotels/grand-portico-hotel-in-latur/rooms/suites,https://youtube.com/@sarovarhotels,404,external
/hotels/highland-sarovar-portico-sindhudurg/rooms/premium-room-with-balcony,https://youtube.com/@sarovarhotels,404,external
/hotels/highland-sarovar-portico-sindhudurg/rooms/deluxe-room-with-balcony,https://youtube.com/@sarovarhotels,404,external
/hotels/hometel-alambagh-lucknow/rooms/deluxe-double-room,https://youtube.com/@sarovarhotels,404,external
/hotels/hometel-alambagh-lucknow/rooms/deluxe-twin-room,https://youtube.com/@sarovarhotels,404,external
/hotels/hometel-alambagh-lucknow/rooms/executive-suite,https://youtube.com/@sarovarhotels,404,external
/hotels/hometel-alambagh-lucknow/rooms/premium-double-room,https://youtube.com/@sarovarhotels,404,external
/hotels/hometel-alambagh-lucknow/rooms/premium-twin-room,https://youtube.com/@sarovarhotels,404,external
/hotels/hometel-chandigarh/rooms/deluxe-rooms,https://youtube.com/@sarovarhotels,404,external
/hotels/hometel-chandigarh/rooms/superior-rooms,https://youtube.com/@sarovarhotels,404,external
/hotels/hometel-chandigarh/rooms/superior-twin-rooms,https://youtube.com/@sarovarhotels,404,external
/hotels/hometel-roorkee/rooms/suites,https://youtube.com/@sarovarhotels,404,external
/hotels/hometel-roorkee/rooms/superior-double-rooms,https://youtube.com/@sarovarhotels,404,external
/hotels/hometel-roorkee/rooms/superior-twin-rooms,https://youtube.com/@sarovarhotels,404,external
/hotels/hrj-sarovar-portico-indore/rooms/deluxe-rooms-double-beds,https://youtube.com/@sarovarhotels,404,external
/hotels/hrj-sarovar-portico-indore/rooms/executive-rooms,https://youtube.com/@sarovarhotels,404,external
/hotels/hrj-sarovar-portico-indore/rooms/deluxe-rooms-twin-beds,https://youtube.com/@sarovarhotels,404,external
/hotels/hrj-sarovar-portico-indore/rooms/suites,https://youtube.com/@sarovarhotels,404,external
/hotels/hrj-sarovar-portico-indore/rooms/superior-rooms-double-beds,https://youtube.com/@sarovarhotels,404,external
/hotels/iris-sarovar-portico-gurugram/rooms/deluxe-room-with-balcony-double-bed,https://youtube.com/@sarovarhotels,404,external
/hotels/hrj-sarovar-portico-indore/rooms/superior-rooms-twin-beds,https://youtube.com/@sarovarhotels,404,external
/hotels/iris-sarovar-portico-gurugram/rooms/deluxe-room-with-balcony-twin-bed,https://youtube.com/@sarovarhotels,404,external
/hotels/iris-sarovar-portico-gurugram/rooms/junior-suite-pool-view-with-balcony,https://youtube.com/@sarovarhotels,404,external
/hotels/iris-sarovar-portico-gurugram/rooms/junior-suite-with-balcony,https://youtube.com/@sarovarhotels,404,external
/hotels/ishaan-sarovar-portico-deoghar/rooms/deluxe-double-room,https://youtube.com/@sarovarhotels,404,external
/hotels/ishaan-sarovar-portico-deoghar/rooms/executive-suite,https://youtube.com/@sarovarhotels,404,external
/hotels/ishaan-sarovar-portico-deoghar/rooms/premium-twin-room,https://youtube.com/@sarovarhotels,404,external
/hotels/kpg-sarovar-portico-raj-nagar-extension-ghaziabad/rooms/deluxe-king-room,https://youtube.com/@sarovarhotels,404,external
/hotels/kpg-sarovar-portico-raj-nagar-extension-ghaziabad/rooms/deluxe-twin-room,https://youtube.com/@sarovarhotels,404,external
/hotels/kpg-sarovar-portico-raj-nagar-extension-ghaziabad/rooms/junior-suite,https://youtube.com/@sarovarhotels,404,external
/hotels/kpg-sarovar-portico-raj-nagar-extension-ghaziabad/rooms/superior-room,https://youtube.com/@sarovarhotels,404,external
/hotels/la-place-sarovar-portico-lucknow/rooms/day-use-room-1100-to-0400-pm,https://youtube.com/@sarovarhotels,404,external
/hotels/la-place-sarovar-portico-lucknow/rooms/executive-suites,https://youtube.com/@sarovarhotels,404,external
/hotels/la-place-sarovar-portico-lucknow/rooms/premium-room-with-queen-or-twin-bed,https://youtube.com/@sarovarhotels,404,external
/hotels/la-place-sarovar-portico-lucknow/rooms/superior-rooms-with-queen-bed,https://youtube.com/@sarovarhotels,404,external
/hotels/la-place-sarovar-portico-lucknow/rooms/superior-rooms-with-twin-bed,https://youtube.com/@sarovarhotels,404,external
/hotels/lagoon-sarovar-premiere-pondicherry/rooms/deluxe-room,https://youtube.com/@sarovarhotels,404,external
/hotels/lagoon-sarovar-premiere-pondicherry/rooms/lagoon-view-room,https://youtube.com/@sarovarhotels,404,external
/hotels/lagoon-sarovar-premiere-pondicherry/rooms/lilly-pond-view-room,https://youtube.com/@sarovarhotels,404,external
/hotels/lagoon-sarovar-premiere-pondicherry/rooms/pool-view-room,https://youtube.com/@sarovarhotels,404,external
/hotels/le-dupleix-pondicherry/rooms/deluxe-rooms,https://youtube.com/@sarovarhotels,404,external
/hotels/le-dupleix-pondicherry/rooms/luxury-suite-with-balcony,https://youtube.com/@sarovarhotels,404,external
/hotels/le-dupleix-pondicherry/rooms/penthouse,https://youtube.com/@sarovarhotels,404,external
/hotels/le-dupleix-pondicherry/rooms/superior-rooms,https://youtube.com/@sarovarhotels,404,external
/hotels/le-lac-sarovar-ranchi/rooms/executive-suite-room,https://youtube.com/@sarovarhotels,404,external
/hotels/le-lac-sarovar-ranchi/rooms/premium-rooms,https://youtube.com/@sarovarhotels,404,external
/hotels/le-lac-sarovar-ranchi/rooms/presidential-suite,https://youtube.com/@sarovarhotels,404,external
/hotels/le-lac-sarovar-ranchi/rooms/superior-rooms,https://youtube.com/@sarovarhotels,404,external
/hotels/legend-sarovar-portico/rooms/deluxe-rooms,https://youtube.com/@sarovarhotels,404,external
/hotels/legend-sarovar-portico/rooms/suites,https://youtube.com/@sarovarhotels,404,external
/hotels/legend-sarovar-portico/rooms/superior-rooms,https://youtube.com/@sarovarhotels,404,external
/hotels/legend-sarovar-portico/rooms/superior-select-room,https://youtube.com/@sarovarhotels,404,external
/hotels/madhuban-sarovar-portico-mussorie/rooms/deluxe-rooms,https://youtube.com/@sarovarhotels,404,external
/hotels/madhuban-sarovar-portico-mussorie/rooms/valley-view-rooms,https://youtube.com/@sarovarhotels,404,external
/hotels/mahagun-sarovar-portico-suites-vaishali/rooms/premiere-suite-copy,https://youtube.com/@sarovarhotels,404,external
/hotels/mahagun-sarovar-portico-suites-vaishali/rooms/premier-studio,https://youtube.com/@sarovarhotels,404,external
/hotels/mahagun-sarovar-portico-suites-vaishali/rooms/premiere-suite,https://youtube.com/@sarovarhotels,404,external
/hotels/mahagun-sarovar-portico-suites-vaishali/rooms/studio-rooms,https://youtube.com/@sarovarhotels,404,external
/hotels/mahagun-sarovar-portico-suites-vaishali/rooms/suite,https://youtube.com/@sarovarhotels,404,external
/hotels/majestic-court-sarovar-portico-navi-mumbai/rooms/deluxe-rooms-with-king-bed,https://youtube.com/@sarovarhotels,404,external
/hotels/majestic-court-sarovar-portico-navi-mumbai/rooms/suite-rooms-with-king-bed,https://youtube.com/@sarovarhotels,404,external
/hotels/majestic-court-sarovar-portico-navi-mumbai/rooms/superior-room-with-king-bed,https://youtube.com/@sarovarhotels,404,external
/hotels/majestic-court-sarovar-portico-navi-mumbai/rooms/superior-room-with-twin-bed,https://youtube.com/@sarovarhotels,404,external
/hotels/manjeera-sarovar-premiere-rajahmundry/rooms/executive-rooms-king-size-bed,https://youtube.com/@sarovarhotels,404,external
/hotels/manjeera-sarovar-premiere-rajahmundry/rooms/executive-rooms-twin-bed,https://youtube.com/@sarovarhotels,404,external
/hotels/manjeera-sarovar-premiere-rajahmundry/rooms/premiere-suites-rooms,https://youtube.com/@sarovarhotels,404,external
/hotels/marasa-sarovar-portico-rajkot/rooms/executive-rooms,https://youtube.com/@sarovarhotels,404,external
/hotels/marasa-sarovar-portico-rajkot/rooms/suites-1-king-bed,https://youtube.com/@sarovarhotels,404,external
/hotels/marasa-sarovar-premiere-bodhgaya/rooms/deluxe-double-rooms,https://youtube.com/@sarovarhotels,404,external
/hotels/marasa-sarovar-premiere-bodhgaya/rooms/deluxe-twin-bed-room,https://youtube.com/@sarovarhotels,404,external
/hotels/marasa-sarovar-premiere-bodhgaya/rooms/premium-twin-room,https://youtube.com/@sarovarhotels,404,external
/hotels/marasa-sarovar-premiere-bodhgaya/rooms/suite,https://youtube.com/@sarovarhotels,404,external
/hotels/marasa-sarovar-premiere-tirupati-hotels/rooms/deluxe-room-king,https://youtube.com/@sarovarhotels,404,external
/hotels/marasa-sarovar-premiere-tirupati-hotels/rooms/deluxe-room-twin-beds,https://youtube.com/@sarovarhotels,404,external
/hotels/marasa-sarovar-premiere-tirupati-hotels/rooms/premium-room-king,https://youtube.com/@sarovarhotels,404,external
/hotels/marasa-sarovar-premiere-tirupati-hotels/rooms/premium-room-twin-beds,https://youtube.com/@sarovarhotels,404,external
/hotels/marasa-sarovar-premiere-tirupati-hotels/rooms/suites,https://youtube.com/@sarovarhotels,404,external
/hotels/marigold-sarovar-portico-mashobra-shimla/rooms/family-suite,https://youtube.com/@sarovarhotels,404,external
/hotels/marigold-sarovar-portico-mashobra-shimla/rooms/mountain-view-balcony-room,https://youtube.com/@sarovarhotels,404,external
/hotels/marigold-sarovar-portico-mashobra-shimla/rooms/mountain-view-suite-with-private-sit-out,https://youtube.com/@sarovarhotels,404,external
/hotels/marigold-sarovar-portico-mashobra-shimla/rooms/premium-room,https://youtube.com/@sarovarhotels,404,external
/hotels/marigold-sarovar-portico-mashobra-shimla/rooms/swiss-duplex-cottage-with-private-garden,https://youtube.com/@sarovarhotels,404,external
/hotels/marigold-sarovar-portico-mashobra-shimla/rooms/swiss-duplex-cottage-valley-view,https://youtube.com/@sarovarhotels,404,external
/hotels/marigold-sarovar-portico-mashobra-shimla/rooms/villa-room,https://youtube.com/@sarovarhotels,404,external
/hotels/marine-plaza-mumbai/rooms/deluxe-suite,https://youtube.com/@sarovarhotels,404,external
/hotels/marine-plaza-mumbai/rooms/executive-suite,https://youtube.com/@sarovarhotels,404,external
/hotels/marine-plaza-mumbai/rooms/sea-facing-room,https://youtube.com/@sarovarhotels,404,external
/hotels/marine-plaza-mumbai/rooms/special-suite,https://youtube.com/@sarovarhotels,404,external
/hotels/marine-plaza-mumbai/rooms/standard-room,https://youtube.com/@sarovarhotels,404,external
/hotels/mj-sarovar-portico-haridwar/rooms/executive-double-bed-room,https://youtube.com/@sarovarhotels,404,external
/hotels/mj-sarovar-portico-haridwar/rooms/standard-deluxe-double-bed-room,https://youtube.com/@sarovarhotels,404,external
/hotels/mj-sarovar-portico-haridwar/rooms/suite,https://youtube.com/@sarovarhotels,404,external
/hotels/mj-sarovar-portico-haridwar/rooms/superior-double-bed-room,https://youtube.com/@sarovarhotels,404,external
/hotels/mj-sarovar-portico-haridwar/rooms/superior-twin-bed-room,https://youtube.com/@sarovarhotels,404,external
/hotels/mountnoor-sarovar-premiere-pahalgam/rooms/deluxe-double-room-with-balcony,https://youtube.com/@sarovarhotels,404,external
/hotels/mountnoor-sarovar-premiere-pahalgam/rooms/junior-suite,https://youtube.com/@sarovarhotels,404,external
/hotels/mountnoor-sarovar-premiere-pahalgam/rooms/premium-double-room-with-mountain-view,https://youtube.com/@sarovarhotels,404,external
/hotels/mountnoor-sarovar-premiere-pahalgam/rooms/superior-double-room-with-mountain-view,https://youtube.com/@sarovarhotels,404,external
/hotels/mukundra-sarovar-premiere-kota/rooms/deluxe-double-room,https://youtube.com/@sarovarhotels,404,external
/hotels/mukundra-sarovar-premiere-kota/rooms/executive-double-room,https://youtube.com/@sarovarhotels,404,external
/hotels/mukundra-sarovar-premiere-kota/rooms/premium-double-room,https://youtube.com/@sarovarhotels,404,external
/hotels/mukundra-sarovar-premiere-kota/rooms/presidential-suite,https://youtube.com/@sarovarhotels,404,external
/hotels/mukundra-sarovar-premiere-kota/rooms/superior-double-room,https://youtube.com/@sarovarhotels,404,external
/hotels/mukundra-sarovar-premiere-kota/rooms/superior-twin-room,https://youtube.com/@sarovarhotels,404,external
/hotels/nataraj-sarovar-portico-jhansi/rooms/deluxe-room,https://youtube.com/@sarovarhotels,404,external
/hotels/nataraj-sarovar-portico-jhansi/rooms/executive-suite,https://youtube.com/@sarovarhotels,404,external
/hotels/nataraj-sarovar-portico-jhansi/rooms/junior-suite,https://youtube.com/@sarovarhotels,404,external
/hotels/naturevilas-portico-manali/rooms/nature-himalayan-rooms,https://youtube.com/@sarovarhotels,404,external
/hotels/naturevilas-portico-manali/rooms/nature-orchid-rooms,https://youtube.com/@sarovarhotels,404,external
/hotels/nataraj-sarovar-portico-jhansi/rooms/superior-room,https://youtube.com/@sarovarhotels,404,external
/hotels/naturevilas-portico-manali/rooms/suites,https://youtube.com/@sarovarhotels,404,external
/hotels/neelkanth-sarovar-premiere-lusaka/rooms/deluxe-suite,https://youtube.com/@sarovarhotels,404,external
/hotels/neelkanth-sarovar-premiere-lusaka/rooms/executive-twin-suite,https://youtube.com/@sarovarhotels,404,external
/hotels/neelkanth-sarovar-premiere-lusaka/rooms/premium-suite,https://youtube.com/@sarovarhotels,404,external
/hotels/nidhivan-sarovar-portico-vrindavan/rooms/deluxe-double-bed-room,https://youtube.com/@sarovarhotels,404,external
/hotels/nidhivan-sarovar-portico-vrindavan/rooms/deluxe-twin-bed-room,https://youtube.com/@sarovarhotels,404,external
/hotels/nidhivan-sarovar-portico-vrindavan/rooms/junior-suite,https://youtube.com/@sarovarhotels,404,external
/hotels/nidhivan-sarovar-portico-vrindavan/rooms/premium-room,https://youtube.com/@sarovarhotels,404,external
/hotels/nirvana-sarovar-portico-gorakhpur/rooms/deluxe-rooms,https://youtube.com/@sarovarhotels,404,external
/hotels/nirvana-sarovar-portico-gorakhpur/rooms/suites,https://youtube.com/@sarovarhotels,404,external
/hotels/nirvana-sarovar-portico-gorakhpur/rooms/superior-rooms,https://youtube.com/@sarovarhotels,404,external
/hotels/nirwana-hometel-jaipur-sarovar/rooms/studio-room-city-view,https://youtube.com/@sarovarhotels,404,external
/hotels/nirwana-hometel-jaipur-sarovar/rooms/studio-room-nahargarh-view,https://youtube.com/@sarovarhotels,404,external
/hotels/nirwana-hometel-jaipur-sarovar/rooms/superior-king-bed-rooms,https://youtube.com/@sarovarhotels,404,external
/hotels/nirwana-hometel-jaipur-sarovar/rooms/superior-twin-bed-room,https://youtube.com/@sarovarhotels,404,external
/hotels/paradigm-sarovar-kakinada/rooms/club-rooms,https://youtube.com/@sarovarhotels,404,external
/hotels/paradigm-sarovar-kakinada/rooms/superior-rooms,https://youtube.com/@sarovarhotels,404,external
/hotels/park-inn-by-radisson-ayodhya/rooms/deluxe-double-deluxe-twin,https://youtube.com/@sarovarhotels,404,external
/hotels/park-inn-by-radisson-ayodhya/rooms/suite,https://youtube.com/@sarovarhotels,404,external
/hotels/park-inn-by-radisson-ayodhya/rooms/superior-double-superior-twin,https://youtube.com/@sarovarhotels,404,external
/hotels/park-plaza-jalandhar/rooms/deluxe-room,https://youtube.com/@sarovarhotels,404,external
/hotels/park-plaza-jalandhar/rooms/executive-room,https://youtube.com/@sarovarhotels,404,external
/hotels/park-plaza-jalandhar/rooms/suite,https://youtube.com/@sarovarhotels,404,external
/hotels/park-plaza-jalandhar/rooms/superior-room,https://youtube.com/@sarovarhotels,404,external
/hotels/park-plaza-jodhpur/rooms/deluxe-room,https://youtube.com/@sarovarhotels,404,external
/hotels/park-plaza-jodhpur/rooms/suites,https://youtube.com/@sarovarhotels,404,external
/hotels/park-plaza-jodhpur/rooms/superior-room,https://youtube.com/@sarovarhotels,404,external
/hotels/prachi-sarovar-premiere-bhubaneswar/rooms/khandagiri-temple-view-deluxe-double-bed-room,https://youtube.com/@sarovarhotels,404,external
/hotels/prachi-sarovar-premiere-bhubaneswar/rooms/khandagiri-temple-view-deluxe-twin-bed-room,https://youtube.com/@sarovarhotels,404,external
/hotels/prachi-sarovar-premiere-bhubaneswar/rooms/luxury-suite,https://youtube.com/@sarovarhotels,404,external
/hotels/prachi-sarovar-premiere-bhubaneswar/rooms/pool-view-premium-double-bed-room,https://youtube.com/@sarovarhotels,404,external
/hotels/prachi-sarovar-premiere-bhubaneswar/rooms/standard-twin-bed-room,https://youtube.com/@sarovarhotels,404,external
/hotels/prachi-sarovar-premiere-bhubaneswar/rooms/standard-double-bed-room,https://youtube.com/@sarovarhotels,404,external
/hotels/prachi-sarovar-premiere-bhubaneswar/rooms/superior-double-bed-room,https://youtube.com/@sarovarhotels,404,external
/hotels/prachi-sarovar-premiere-bhubaneswar/rooms/superior-twin-bed-room,https://youtube.com/@sarovarhotels,404,external
/hotels/presidium-sarovar-premiere-dalhousie/rooms/deluxe-suite-with-balcony,https://youtube.com/@sarovarhotels,404,external
/hotels/presidium-sarovar-premiere-dalhousie/rooms/deluxe-room-with-balcony,https://youtube.com/@sarovarhotels,404,external
/hotels/presidium-sarovar-premiere-dalhousie/rooms/family-room,https://youtube.com/@sarovarhotels,404,external
/hotels/presidium-sarovar-premiere-dalhousie/rooms/luxury-suite-with-private-sit-out,https://youtube.com/@sarovarhotels,404,external
/hotels/presidium-sarovar-premiere-dalhousie/rooms/premium-room-with-private-sit-out,https://youtube.com/@sarovarhotels,404,external
/hotels/presidium-sarovar-premiere-dalhousie/rooms/panorama-valley-view-with-balcony,https://youtube.com/@sarovarhotels,404,external
/hotels/presidium-sarovar-premiere-dalhousie/rooms/premium-valley-view-with-balcony,https://youtube.com/@sarovarhotels,404,external
/hotels/presidium-sarovar-premiere-dalhousie/rooms/superior-room,https://youtube.com/@sarovarhotels,404,external
/hotels/pushkara-portico-hotel-in-dibrugarh/rooms/deluxe-double-bed-rooms,https://youtube.com/@sarovarhotels,404,external
/hotels/pushkara-portico-hotel-in-dibrugarh/rooms/deluxe-twin-bed-room,https://youtube.com/@sarovarhotels,404,external
/hotels/pushkara-portico-hotel-in-dibrugarh/rooms/executive-rooms,https://youtube.com/@sarovarhotels,404,external
/hotels/pushkara-portico-hotel-in-dibrugarh/rooms/penthouse,https://youtube.com/@sarovarhotels,404,external
/hotels/pushkara-portico-hotel-in-dibrugarh/rooms/standard-double-or-twin-room,https://youtube.com/@sarovarhotels,404,external
/hotels/pushkara-portico-hotel-in-dibrugarh/rooms/suites,https://youtube.com/@sarovarhotels,404,external
/hotels/radha-hometel-bangalore/rooms/superior-queen-room,https://youtube.com/@sarovarhotels,404,external
/hotels/radha-hometel-bangalore/rooms/superior-twin-bed-room,https://youtube.com/@sarovarhotels,404,external
/hotels/radha-regent-chennai/rooms/suites,https://youtube.com/@sarovarhotels,404,external
/hotels/radha-regent-chennai/rooms/executive-rooms,https://youtube.com/@sarovarhotels,404,external
/hotels/radha-regent-chennai/rooms/superior-rooms,https://youtube.com/@sarovarhotels,404,external
/hotels/rbd-sarovar-portico-outer-ring-road-bengaluru/rooms/club-rooms,https://youtube.com/@sarovarhotels,404,external
/hotels/rbd-sarovar-portico-outer-ring-road-bengaluru/rooms/deluxe-rooms,https://youtube.com/@sarovarhotels,404,external
/hotels/rbd-sarovar-portico-outer-ring-road-bengaluru/rooms/premium-room-with-balcony,https://youtube.com/@sarovarhotels,404,external
/hotels/rbd-sarovar-portico-outer-ring-road-bengaluru/rooms/premium-rooms,https://youtube.com/@sarovarhotels,404,external
/hotels/residency-sarovar-portico-mumbai/rooms/deluxe-rooms,https://youtube.com/@sarovarhotels,404,external
/hotels/residency-sarovar-portico-mumbai/rooms/superior-rooms,https://youtube.com/@sarovarhotels,404,external
/hotels/rivera-sarovar-portico-ahmedabad/rooms/deluxe-rooms,https://youtube.com/@sarovarhotels,404,external
/hotels/rivera-sarovar-portico-ahmedabad/rooms/standard-rooms,https://youtube.com/@sarovarhotels,404,external
/hotels/riviera-sarovar-portico-pathankot/rooms/executive-double-bed-room,https://youtube.com/@sarovarhotels,404,external
/hotels/rivera-sarovar-portico-ahmedabad/rooms/superior-rooms,https://youtube.com/@sarovarhotels,404,external
/hotels/riviera-sarovar-portico-pathankot/rooms/premium-double-bed-room,https://youtube.com/@sarovarhotels,404,external
/hotels/riviera-sarovar-portico-pathankot/rooms/suite-double-bed-room,https://youtube.com/@sarovarhotels,404,external
/hotels/riviera-sarovar-portico-pathankot/rooms/premium-twin-bed-room,https://youtube.com/@sarovarhotels,404,external
/hotels/riviera-sarovar-portico-pathankot/rooms/superior-double-bed-room,https://youtube.com/@sarovarhotels,404,external
/hotels/rosefinch-sarovar-portico-bhimtal/rooms/lake-view-deluxe-rooms-with-balcony-breakfast-dinner,https://youtube.com/@sarovarhotels,404,external
/hotels/rosefinch-sarovar-portico-bhimtal/rooms/lake-view-deluxe-rooms-with-balcony-breakfast,https://youtube.com/@sarovarhotels,404,external
/hotels/rosefinch-sarovar-portico-bhimtal/rooms/lake-view-deluxe-rooms-with-balcony,https://youtube.com/@sarovarhotels,404,external
/hotels/rosefinch-sarovar-portico-bhimtal/rooms/lake-view-family-room-4-pax-room-only,https://youtube.com/@sarovarhotels,404,external
/hotels/rosefinch-sarovar-portico-bhimtal/rooms/lake-view-family-room-4-pax-with-breakfast-and-dinner,https://youtube.com/@sarovarhotels,404,external
/hotels/rosefinch-sarovar-portico-bhimtal/rooms/lake-view-family-room-4-pax-with-breakfast,https://youtube.com/@sarovarhotels,404,external
/hotels/rosefinch-sarovar-portico-bhimtal/rooms/lake-view-luxury-rooms-with-balcony-breakfast-and-dinner,https://youtube.com/@sarovarhotels,404,external
/hotels/rosefinch-sarovar-portico-bhimtal/rooms/lake-view-luxury-rooms-with-balcony,https://youtube.com/@sarovarhotels,404,external
/hotels/rosefinch-sarovar-portico-bhimtal/rooms/lake-view-luxury-rooms-with-balcony-breakfast,https://youtube.com/@sarovarhotels,404,external
/hotels/royal-hometel-suites-dahisar-mumbai/rooms/deluxe-double-rooms,https://youtube.com/@sarovarhotels,404,external
/hotels/royal-hometel-suites-dahisar-mumbai/rooms/deluxe-twin-room,https://youtube.com/@sarovarhotels,404,external
/hotels/royal-hometel-suites-dahisar-mumbai/rooms/suite-double-room,https://youtube.com/@sarovarhotels,404,external
/hotels/royal-hometel-suites-dahisar-mumbai/rooms/suite-twin-room,https://youtube.com/@sarovarhotels,404,external
/hotels/royal-hometel-suites-dahisar-mumbai/rooms/superior-room,https://youtube.com/@sarovarhotels,404,external
/hotels/royal-kingdom-sarovar-portico-pilibhit/rooms/deluxe-double-room,https://youtube.com/@sarovarhotels,404,external
/hotels/royal-kingdom-sarovar-portico-pilibhit/rooms/executive-double-room,https://youtube.com/@sarovarhotels,404,external
/hotels/royal-kingdom-sarovar-portico-pilibhit/rooms/executive-twin-room,https://youtube.com/@sarovarhotels,404,external
/hotels/royal-kingdom-sarovar-portico-pilibhit/rooms/superior-double-room,https://youtube.com/@sarovarhotels,404,external
/hotels/royal-kingdom-sarovar-portico-pilibhit/rooms/standard-double-room,https://youtube.com/@sarovarhotels,404,external
/hotels/royal-sarovar-portico-siliguri/rooms/deluxe-room,https://youtube.com/@sarovarhotels,404,external
/hotels/royal-sarovar-portico-siliguri/rooms/suite,https://youtube.com/@sarovarhotels,404,external
/hotels/royal-sarovar-portico-siliguri/rooms/superior-rooms,https://youtube.com/@sarovarhotels,404,external
/hotels/royal-tulip-chitwan/rooms/deluxe-double-bed-room,https://youtube.com/@sarovarhotels,404,external
/hotels/royal-tulip-chitwan/rooms/deluxe-twin-bed-room,https://youtube.com/@sarovarhotels,404,external
/hotels/royal-tulip-chitwan/rooms/executive-suite,https://youtube.com/@sarovarhotels,404,external
/hotels/royal-tulip-chitwan/rooms/machan-room,https://youtube.com/@sarovarhotels,404,external
/hotels/royal-tulip-chitwan/rooms/pool-facing-king-room,https://youtube.com/@sarovarhotels,404,external
/hotels/royal-tulip-chitwan/rooms/pool-facing-twin-room,https://youtube.com/@sarovarhotels,404,external
/hotels/royal-tulip-chitwan/rooms/pool-villa-king,https://youtube.com/@sarovarhotels,404,external
/hotels/royal-tulip-chitwan/rooms/premium-double-bed-room,https://youtube.com/@sarovarhotels,404,external
/hotels/royal-tulip-chitwan/rooms/premium-twin-bed-room,https://youtube.com/@sarovarhotels,404,external
/hotels/royal-tulip-chitwan/rooms/superior-deluxe-double-bed-room,https://youtube.com/@sarovarhotels,404,external
/hotels/royal-tulip-chitwan/rooms/superior-deluxe-twin-bed-room,https://youtube.com/@sarovarhotels,404,external
/hotels/royal-tulip-chitwan/rooms/water-villa,https://youtube.com/@sarovarhotels,404,external
/hotels/royal-tulip-kathmandu-shivapuri-national-park/rooms/deluxe-double-room-with-mountain-view,https://youtube.com/@sarovarhotels,404,external
/hotels/royal-tulip-kathmandu-shivapuri-national-park/rooms/executive-double-room-with-valley-view,https://youtube.com/@sarovarhotels,404,external
/hotels/royal-tulip-kathmandu-shivapuri-national-park/rooms/premium-double-room-with-balcony,https://youtube.com/@sarovarhotels,404,external
/hotels/royal-tulip-kathmandu-shivapuri-national-park/rooms/executive-twin-room-with-valley-view,https://youtube.com/@sarovarhotels,404,external
/hotels/royal-tulip-kathmandu-shivapuri-national-park/rooms/presidential-villa,https://youtube.com/@sarovarhotels,404,external
/hotels/royal-tulip-kathmandu-shivapuri-national-park/rooms/superior-double-room-with-valley-view,https://youtube.com/@sarovarhotels,404,external
/hotels/royal-tulip-kathmandu-shivapuri-national-park/rooms/superior-twin-room-with-valley-view,https://youtube.com/@sarovarhotels,404,external
/hotels/royal-tulip-kathmandu/rooms/deluxe-double-room,https://youtube.com/@sarovarhotels,404,external
/hotels/royal-tulip-kathmandu/rooms/premium-room,https://youtube.com/@sarovarhotels,404,external
/hotels/royal-tulip-kathmandu/rooms/deluxe-twin-room,https://youtube.com/@sarovarhotels,404,external
/hotels/royal-tulip-kathmandu/rooms/royal-club-room,https://youtube.com/@sarovarhotels,404,external
/hotels/royal-tulip-kathmandu/rooms/presidential-suite,https://youtube.com/@sarovarhotels,404,external
/hotels/royale-sarovar-portico-agra/rooms/deluxe-double-room,https://youtube.com/@sarovarhotels,404,external
/hotels/royale-sarovar-portico-agra/rooms/deluxe-twin-room,https://youtube.com/@sarovarhotels,404,external
/hotels/royale-sarovar-portico-agra/rooms/executive-room,https://youtube.com/@sarovarhotels,404,external
/hotels/royale-sarovar-portico-agra/rooms/suite,https://youtube.com/@sarovarhotels,404,external
/hotels/rs-sarovar-portico-palampur/rooms/executive-suites,https://youtube.com/@sarovarhotels,404,external
/hotels/rs-sarovar-portico-palampur/rooms/junior-suites,https://youtube.com/@sarovarhotels,404,external
/hotels/rs-sarovar-portico-palampur/rooms/premium-rooms,https://youtube.com/@sarovarhotels,404,external
/hotels/rs-sarovar-portico-palampur/rooms/presidential-suite,https://youtube.com/@sarovarhotels,404,external
/hotels/rs-sarovar-portico-palampur/rooms/superior-rooms,https://youtube.com/@sarovarhotels,404,external
/hotels/sairafort-sarovar-portico-jaisalmer/rooms/deluxe-rooms,https://youtube.com/@sarovarhotels,404,external
/hotels/sarovar-ahmedabad/rooms/deluxe-double-bed-rooms,https://youtube.com/@sarovarhotels,404,external
/hotels/sairafort-sarovar-portico-jaisalmer/rooms/superior-rooms,https://youtube.com/@sarovarhotels,404,external
/hotels/sarovar-portico-ajmer/rooms/jr-suite,https://youtube.com/@sarovarhotels,404,external
/hotels/sarovar-ahmedabad/rooms/deluxe-twin-bed-room,https://youtube.com/@sarovarhotels,404,external
/hotels/sarovar-portico-ajmer/rooms/premium-room,https://youtube.com/@sarovarhotels,404,external
/hotels/sarovar-portico-ajmer/rooms/suite,https://youtube.com/@sarovarhotels,404,external
/hotels/sarovar-portico-ajmer/rooms/superior-twin-bed-room,https://youtube.com/@sarovarhotels,404,external
/hotels/sarovar-portico-ajmer/rooms/superior-double-bed-room,https://youtube.com/@sarovarhotels,404,external
/hotels/sarovar-portico-badrinath-uttarakhand/rooms/deluxe-rooms,https://youtube.com/@sarovarhotels,404,external
/hotels/sarovar-portico-badrinath-uttarakhand/rooms/suite,https://youtube.com/@sarovarhotels,404,external
/hotels/sarovar-portico-bhubaneswar/rooms/deluxe-king-room,https://youtube.com/@sarovarhotels,404,external
/hotels/sarovar-portico-bhubaneswar/rooms/deluxe-twin-room,https://youtube.com/@sarovarhotels,404,external
/hotels/sarovar-portico-bhubaneswar/rooms/executive-king-room,https://youtube.com/@sarovarhotels,404,external
/hotels/sarovar-portico-bhubaneswar/rooms/executive-twin-room,https://youtube.com/@sarovarhotels,404,external
/hotels/sarovar-portico-bhubaneswar/rooms/junior-suite,https://youtube.com/@sarovarhotels,404,external
/hotels/sarovar-portico-bhubaneswar/rooms/suite,https://youtube.com/@sarovarhotels,404,external
/hotels/sarovar-portico-birgunj/rooms/deluxe-double-bed-room,https://youtube.com/@sarovarhotels,404,external
/hotels/sarovar-portico-birgunj/rooms/deluxe-twin-bed-room,https://youtube.com/@sarovarhotels,404,external
/hotels/sarovar-portico-birgunj/rooms/premium-double-bed-room,https://youtube.com/@sarovarhotels,404,external
/hotels/sarovar-portico-birgunj/rooms/suite-double-bed-room,https://youtube.com/@sarovarhotels,404,external
/hotels/sarovar-portico-dehradun/rooms/suite-room,https://youtube.com/@sarovarhotels,404,external
/hotels/sarovar-portico-dehradun/rooms/superior-double-bed-room,https://youtube.com/@sarovarhotels,404,external
/hotels/sarovar-portico-dehradun/rooms/superior-twin-bed-room,https://youtube.com/@sarovarhotels,404,external
/hotels/sarovar-portico-gir/rooms/deluxe-double-bed-room,https://youtube.com/@sarovarhotels,404,external
/hotels/sarovar-portico-gir/rooms/deluxe-twin-bed-room,https://youtube.com/@sarovarhotels,404,external
/hotels/sarovar-portico-gir/rooms/executive-room,https://youtube.com/@sarovarhotels,404,external
/hotels/sarovar-portico-gir/rooms/studio,https://youtube.com/@sarovarhotels,404,external
/hotels/sarovar-portico-gir/rooms/suite,https://youtube.com/@sarovarhotels,404,external
/hotels/sarovar-portico-hanumangarh/rooms/deluxe-twin-garden-view,https://youtube.com/@sarovarhotels,404,external
/hotels/sarovar-portico-hanumangarh/rooms/deluxe-double-garden-view,https://youtube.com/@sarovarhotels,404,external
/hotels/sarovar-portico-hanumangarh/rooms/suite,https://youtube.com/@sarovarhotels,404,external
/hotels/sarovar-portico-hanumangarh/rooms/superior-double-city-view,https://youtube.com/@sarovarhotels,404,external
/hotels/sarovar-portico-hanumangarh/rooms/superior-twin-city-view,https://youtube.com/@sarovarhotels,404,external
/hotels/sarovar-portico-jaipur/rooms/premium-rooms,https://youtube.com/@sarovarhotels,404,external
/hotels/sarovar-portico-jaipur/rooms/suite,https://youtube.com/@sarovarhotels,404,external
/hotels/sarovar-portico-jaipur/rooms/superior-rooms,https://youtube.com/@sarovarhotels,404,external
/hotels/sarovar-portico-jalandhar/rooms/deluxe-double-bed-room,https://youtube.com/@sarovarhotels,404,external
/hotels/sarovar-portico-jalandhar/rooms/deluxe-twin-bed-room,https://youtube.com/@sarovarhotels,404,external
/hotels/sarovar-portico-jalandhar/rooms/executive-room,https://youtube.com/@sarovarhotels,404,external
/hotels/sarovar-portico-jalandhar/rooms/suites,https://youtube.com/@sarovarhotels,404,external
/hotels/sarovar-portico-kolkata-rajarhat/rooms/deluxe-double-room,https://youtube.com/@sarovarhotels,404,external
/hotels/sarovar-portico-kolkata-rajarhat/rooms/deluxe-twin-room,https://youtube.com/@sarovarhotels,404,external
/hotels/sarovar-portico-kolkata-rajarhat/rooms/executive-room,https://youtube.com/@sarovarhotels,404,external
/hotels/sarovar-portico-kolkata-rajarhat/rooms/standard-double-bed-room,https://youtube.com/@sarovarhotels,404,external
/hotels/sarovar-portico-kolkata-rajarhat/rooms/suite-double-bed-room,https://youtube.com/@sarovarhotels,404,external
/hotels/sarovar-portico-morbi/rooms/deluxe-rooms,https://youtube.com/@sarovarhotels,404,external
/hotels/sarovar-portico-morbi/rooms/executive-suites,https://youtube.com/@sarovarhotels,404,external
/hotels/sarovar-portico-morbi/rooms/junior-suites,https://youtube.com/@sarovarhotels,404,external
/hotels/sarovar-portico-morbi/rooms/premium-twin-bed-rooms,https://youtube.com/@sarovarhotels,404,external
/hotels/sarovar-portico-morbi/rooms/premium-double-bed-rooms,https://youtube.com/@sarovarhotels,404,external
/hotels/sarovar-portico-naraina-new-delhi/rooms/deluxe-rooms,https://youtube.com/@sarovarhotels,404,external
/hotels/sarovar-portico-naraina-new-delhi/rooms/superior-double-bed-rooms,https://youtube.com/@sarovarhotels,404,external
/hotels/sarovar-portico-naraina-new-delhi/rooms/superior-twin-bed-rooms,https://youtube.com/@sarovarhotels,404,external
/hotels/sarovar-portico-saharanpur/rooms/deluxe-double-bed,https://youtube.com/@sarovarhotels,404,external
/hotels/sarovar-portico-saharanpur/rooms/deluxe-twin-bed,https://youtube.com/@sarovarhotels,404,external
/hotels/sarovar-portico-saharanpur/rooms/executive-suite,https://youtube.com/@sarovarhotels,404,external
/hotels/sarovar-portico-saharanpur/rooms/suite,https://youtube.com/@sarovarhotels,404,external
/hotels/sarovar-portico-somnath/rooms/executive-room,https://youtube.com/@sarovarhotels,404,external
/hotels/sarovar-portico-somnath/rooms/family-suite,https://youtube.com/@sarovarhotels,404,external
/hotels/sarovar-portico-somnath/rooms/premier-room,https://youtube.com/@sarovarhotels,404,external
/hotels/sarovar-portico-somnath/rooms/presidential-suite,https://youtube.com/@sarovarhotels,404,external
/hotels/sarovar-portico-somnath/rooms/sarovar-suite,https://youtube.com/@sarovarhotels,404,external
/hotels/sarovar-portico-somnath/rooms/superior-room,https://youtube.com/@sarovarhotels,404,external
/hotels/sarovar-portico-sonipat/rooms/deluxe-king-room,https://youtube.com/@sarovarhotels,404,external
/hotels/sarovar-portico-sonipat/rooms/deluxe-suite,https://youtube.com/@sarovarhotels,404,external
/hotels/sarovar-portico-sonipat/rooms/deluxe-twin-room,https://youtube.com/@sarovarhotels,404,external
/hotels/sarovar-portico-srinagar/rooms/deluxe-room-double,https://youtube.com/@sarovarhotels,404,external
/hotels/sarovar-portico-srinagar/rooms/family-interconnected-room,https://youtube.com/@sarovarhotels,404,external
/hotels/sarovar-portico-srinagar/rooms/premium-twin-room,https://youtube.com/@sarovarhotels,404,external
/hotels/sarovar-portico-srinagar/rooms/premium-king-room,https://youtube.com/@sarovarhotels,404,external
/hotels/sarovar-portico-srinagar/rooms/suite,https://youtube.com/@sarovarhotels,404,external
/hotels/sarovar-portico-srinagar/rooms/studio-room,https://youtube.com/@sarovarhotels,404,external
/hotels/sarovar-portico-surajkund/rooms/deluxe-rooms,https://youtube.com/@sarovarhotels,404,external
/hotels/sarovar-portico-surajkund/rooms/executive-rooms,https://youtube.com/@sarovarhotels,404,external
/hotels/sarovar-portico-surajkund/rooms/superior-rooms,https://youtube.com/@sarovarhotels,404,external
/hotels/sarovar-premiere-alwar/rooms/deluxe-double-city-view,https://youtube.com/@sarovarhotels,404,external
/hotels/sarovar-premiere-alwar/rooms/deluxe-twin-city-view,https://youtube.com/@sarovarhotels,404,external
/hotels/sarovar-premiere-alwar/rooms/premium-twin-hill-view,https://youtube.com/@sarovarhotels,404,external
/hotels/sarovar-premiere-alwar/rooms/premium-double-hill-view,https://youtube.com/@sarovarhotels,404,external
/hotels/sarovar-premiere-alwar/rooms/suite-hill-view,https://youtube.com/@sarovarhotels,404,external
/hotels/sarovar-premiere-alwar/rooms/standard-double-hill-view,https://youtube.com/@sarovarhotels,404,external
/hotels/sarovar-premiere-amritsar/rooms/deluxe-double-bed-room,https://youtube.com/@sarovarhotels,404,external
/hotels/sarovar-premiere-amritsar/rooms/deluxe-twin-bed-room,https://youtube.com/@sarovarhotels,404,external
/hotels/sarovar-premiere-amritsar/rooms/executive-double-bed-room,https://youtube.com/@sarovarhotels,404,external
/hotels/sarovar-premiere-amritsar/rooms/executive-twin-bed-room,https://youtube.com/@sarovarhotels,404,external
/hotels/sarovar-premiere-amritsar/rooms/junior-suite,https://youtube.com/@sarovarhotels,404,external
/hotels/sarovar-premiere-amritsar/rooms/premium-double-bed-room,https://youtube.com/@sarovarhotels,404,external
/hotels/sarovar-premiere-amritsar/rooms/royal-suite,https://youtube.com/@sarovarhotels,404,external
/hotels/sarovar-premiere-amritsar/rooms/premium-twin-bed-room,https://youtube.com/@sarovarhotels,404,external
/hotels/sarovar-premiere-jaipur/rooms/deluxe-room,https://youtube.com/@sarovarhotels,404,external
/hotels/sarovar-premiere-jaipur/rooms/executive-suite,https://youtube.com/@sarovarhotels,404,external
/hotels/sarovar-premiere-srinagar/rooms/deluxe-double-bed-room,https://youtube.com/@sarovarhotels,404,external
/hotels/sarovar-premiere-jaipur/rooms/premium-room,https://youtube.com/@sarovarhotels,404,external
/hotels/sarovar-premiere-srinagar/rooms/deluxe-twin-bed-room,https://youtube.com/@sarovarhotels,404,external
/hotels/sarovar-premiere-srinagar/rooms/executive-suite,https://youtube.com/@sarovarhotels,404,external
/hotels/sarovar-premiere-srinagar/rooms/junior-suite,https://youtube.com/@sarovarhotels,404,external
/hotels/sarovar-premiere-srinagar/rooms/premium-suite-two-bedroom-suite,https://youtube.com/@sarovarhotels,404,external
/hotels/sea-breeze-sarovar-portico-varca-goa/rooms/premium-double-room-with-balcony,https://youtube.com/@sarovarhotels,404,external
/hotels/sea-breeze-sarovar-portico-varca-goa/rooms/deluxe-room,https://youtube.com/@sarovarhotels,404,external
/hotels/sea-breeze-sarovar-portico-varca-goa/rooms/premium-twin-room-with-balcony,https://youtube.com/@sarovarhotels,404,external
/hotels/sea-breeze-sarovar-portico-varca-goa/rooms/standard-double-room-with-balcony,https://youtube.com/@sarovarhotels,404,external
/hotels/sea-breeze-sarovar-portico-varca-goa/rooms/standard-twin-room-with-balcony,https://youtube.com/@sarovarhotels,404,external
/hotels/sea-breeze-sarovar-portico-varca-goa/rooms/superior-double-room-with-balcony,https://youtube.com/@sarovarhotels,404,external
/hotels/sea-breeze-sarovar-portico-varca-goa/rooms/superior-twin-room-with-balcony,https://youtube.com/@sarovarhotels,404,external
/hotels/serene-premiere-hargeisa/rooms/deluxe-room-double-bed,https://youtube.com/@sarovarhotels,404,external
/hotels/serene-premiere-hargeisa/rooms/deluxe-room-twin-beds,https://youtube.com/@sarovarhotels,404,external
/hotels/serene-premiere-hargeisa/rooms/executive-suite,https://youtube.com/@sarovarhotels,404,external
/hotels/serene-premiere-hargeisa/rooms/junior-suite,https://youtube.com/@sarovarhotels,404,external
/hotels/serene-premiere-hargeisa/rooms/presidential-suite,https://youtube.com/@sarovarhotels,404,external
/hotels/shravanthi-sarovar-portico-bengaluru/rooms/club-double-bed-rooms,https://youtube.com/@sarovarhotels,404,external
/hotels/shravanthi-sarovar-portico-bengaluru/rooms/club-twin-bed-rooms,https://youtube.com/@sarovarhotels,404,external
/hotels/shravanthi-sarovar-portico-bengaluru/rooms/premier-suite,https://youtube.com/@sarovarhotels,404,external
/hotels/shyama-sarovar-portico-orai/rooms/deluxe-double-or-twin-room,https://youtube.com/@sarovarhotels,404,external
/hotels/shravanthi-sarovar-portico-bengaluru/rooms/superior-rooms,https://youtube.com/@sarovarhotels,404,external
/hotels/shyama-sarovar-portico-orai/rooms/deluxe-twin-room,https://youtube.com/@sarovarhotels,404,external
/hotels/shyama-sarovar-portico-orai/rooms/executive-cottage,https://youtube.com/@sarovarhotels,404,external
/hotels/shyama-sarovar-portico-orai/rooms/honeymoon-cottage,https://youtube.com/@sarovarhotels,404,external
/hotels/shyama-sarovar-portico-orai/rooms/executive-room,https://youtube.com/@sarovarhotels,404,external
/hotels/shyama-sarovar-portico-orai/rooms/suite,https://youtube.com/@sarovarhotels,404,external
/hotels/singhania-sarovar-portico-raipur/rooms/deluxe-double-bedroom,https://youtube.com/@sarovarhotels,404,external
/hotels/singhania-sarovar-portico-raipur/rooms/deluxe-twin-bedroom,https://youtube.com/@sarovarhotels,404,external
/hotels/singhania-sarovar-portico-raipur/rooms/junior-suite,https://youtube.com/@sarovarhotels,404,external
/hotels/singhania-sarovar-portico-raipur/rooms/superior-double-bedroom,https://youtube.com/@sarovarhotels,404,external
/hotels/singhania-sarovar-portico-raipur/rooms/superior-twin-2-single-bed,https://youtube.com/@sarovarhotels,404,external
/hotels/skywings-sarovar-portico-mathura/rooms/deluxe-room-with-king-bed,https://youtube.com/@sarovarhotels,404,external
/hotels/skywings-sarovar-portico-mathura/rooms/deluxe-room-with-twin-bed,https://youtube.com/@sarovarhotels,404,external
/hotels/skywings-sarovar-portico-mathura/rooms/premium-room-with-balcony,https://youtube.com/@sarovarhotels,404,external
/hotels/skywings-sarovar-portico-mathura/rooms/standard-room-with-king-bed,https://youtube.com/@sarovarhotels,404,external
/hotels/skywings-sarovar-portico-mathura/rooms/standard-room-with-twin-bed,https://youtube.com/@sarovarhotels,404,external
/hotels/skywings-sarovar-portico-mathura/rooms/suite,https://youtube.com/@sarovarhotels,404,external
/hotels/sobit-sarovar-portico-palolem-beach-hotel-goa/rooms/deluxe-king-rooms-with-balcony,https://youtube.com/@sarovarhotels,404,external
/hotels/sobit-sarovar-portico-palolem-beach-hotel-goa/rooms/deluxe-twin-rooms-with-balcony,https://youtube.com/@sarovarhotels,404,external
/hotels/taurus-hotel-mahipalpur-new-delhi/rooms/executive-rooms,https://youtube.com/@sarovarhotels,404,external
/hotels/sobit-sarovar-portico-palolem-beach-hotel-goa/rooms/pool-view-rooms,https://youtube.com/@sarovarhotels,404,external
/hotels/taurus-hotel-mahipalpur-new-delhi/rooms/premium-room,https://youtube.com/@sarovarhotels,404,external
/hotels/taurus-hotel-mahipalpur-new-delhi/rooms/standard-twin-bed-room,https://youtube.com/@sarovarhotels,404,external
/hotels/taurus-hotel-mahipalpur-new-delhi/rooms/standard-double-bed-room,https://youtube.com/@sarovarhotels,404,external
/hotels/taurus-hotel-mahipalpur-new-delhi/rooms/suites,https://youtube.com/@sarovarhotels,404,external
/hotels/the-ashtan-sarovar-portico-new-delhi/rooms/premium-room,https://youtube.com/@sarovarhotels,404,external
/hotels/the-ashtan-sarovar-portico-new-delhi/rooms/superior-room,https://youtube.com/@sarovarhotels,404,external
/hotels/the-gaurs-sarovar-premiere/rooms/deluxe-double-bed-rooms,https://youtube.com/@sarovarhotels,404,external
/hotels/the-gaurs-sarovar-premiere/rooms/deluxe-twin-bed-rooms-two-single-bed,https://youtube.com/@sarovarhotels,404,external
/hotels/the-gaurs-sarovar-premiere/rooms/premium-twin-bed-rooms,https://youtube.com/@sarovarhotels,404,external
/hotels/the-gaurs-sarovar-premiere/rooms/suite,https://youtube.com/@sarovarhotels,404,external
/hotels/the-gokulam-park-kochi/rooms/deluxe-suites,https://youtube.com/@sarovarhotels,404,external
/hotels/the-gokulam-park-kochi/rooms/executive-rooms,https://youtube.com/@sarovarhotels,404,external
/hotels/the-gokulam-park-kochi/rooms/superior-rooms,https://youtube.com/@sarovarhotels,404,external
/hotels/the-heron-portico-nairobi/rooms/junior-suites,https://youtube.com/@sarovarhotels,404,external
/hotels/the-heron-portico-nairobi/rooms/standard-rooms,https://youtube.com/@sarovarhotels,404,external
/hotels/the-heron-portico-nairobi/rooms/premier-suite,https://youtube.com/@sarovarhotels,404,external
/hotels/the-heron-portico-nairobi/rooms/superior-rooms,https://youtube.com/@sarovarhotels,404,external
/hotels/the-muse-sarovar-portico-nehru-place-new-delhi/rooms/executive-rooms-twin-king-bed,https://youtube.com/@sarovarhotels,404,external
/hotels/the-promenade-pondicherry/rooms/deluxe-room-01-double-bed,https://youtube.com/@sarovarhotels,404,external
/hotels/the-promenade-pondicherry/rooms/deluxe-room-02-single-beds,https://youtube.com/@sarovarhotels,404,external
/hotels/the-promenade-pondicherry/rooms/premium-sea-view-room,https://youtube.com/@sarovarhotels,404,external
/hotels/the-promenade-pondicherry/rooms/standard-room-sea-view,https://youtube.com/@sarovarhotels,404,external
/hotels/the-promenade-pondicherry/rooms/suite-room,https://youtube.com/@sarovarhotels,404,external
/hotels/the-promenade-pondicherry/rooms/superior-room-double-bed,https://youtube.com/@sarovarhotels,404,external
/hotels/the-promenade-pondicherry/rooms/superior-room-with-two-single-beds,https://youtube.com/@sarovarhotels,404,external
/hotels/tulip-inn-bhopal/rooms/deluxe-double-bed-room,https://youtube.com/@sarovarhotels,404,external
/hotels/tulip-inn-bhopal/rooms/deluxe-twin-bed-room,https://youtube.com/@sarovarhotels,404,external
/hotels/tulip-inn-gurugram-near-medanta/rooms/deluxe-double-room-with-balcony,https://youtube.com/@sarovarhotels,404,external
/hotels/tulip-inn-gurugram-near-medanta/rooms/executive-double-room-with-balcony,https://youtube.com/@sarovarhotels,404,external
/hotels/tulip-inn-gurugram-near-medanta/rooms/executive-twin-room-with-balcony,https://youtube.com/@sarovarhotels,404,external
/hotels/tulip-inn-gurugram-near-medanta/rooms/superior-double-room,https://youtube.com/@sarovarhotels,404,external
/hotels/tulip-inn-gurugram-near-medanta/rooms/superior-twin-room,https://youtube.com/@sarovarhotels,404,external
/hotels/tulip-inn-koramangala/rooms/deluxe-rooms-double-beds,https://youtube.com/@sarovarhotels,404,external
/hotels/tulip-inn-koramangala/rooms/deluxe-rooms-twin-beds,https://youtube.com/@sarovarhotels,404,external
/hotels/tulip-inn-koramangala/rooms/royal-suites,https://youtube.com/@sarovarhotels,404,external
/hotels/tulip-inn-shravasti/rooms/suite,https://youtube.com/@sarovarhotels,404,external
/hotels/tulip-inn-shravasti/rooms/executive-room,https://youtube.com/@sarovarhotels,404,external
/hotels/tulip-inn-zirakpur/rooms/deluxe-room-twin-beds,https://youtube.com/@sarovarhotels,404,external
/hotels/tulip-inn-zirakpur/rooms/deluxe-room-king-size-bed,https://youtube.com/@sarovarhotels,404,external
/hotels/tulip-inn-zirakpur/rooms/executive-room,https://youtube.com/@sarovarhotels,404,external
/hotels/tulip-inn-zirakpur/rooms/luxury-suite,https://youtube.com/@sarovarhotels,404,external
/hotels/v-sarovar-portico-mi-road-jaipur/rooms/deluxe-room-large,https://youtube.com/@sarovarhotels,404,external
/hotels/v-sarovar-portico-mi-road-jaipur/rooms/deluxe-room-twin,https://youtube.com/@sarovarhotels,404,external
/hotels/v-sarovar-portico-mi-road-jaipur/rooms/premium-room-large,https://youtube.com/@sarovarhotels,404,external
/hotels/v-sarovar-portico-mi-road-jaipur/rooms/premium-room-twin,https://youtube.com/@sarovarhotels,404,external
/hotels/vaishnodevi-portico-katra/rooms/premium-room,https://youtube.com/@sarovarhotels,404,external
/hotels/vaishnodevi-portico-katra/rooms/deluxe-room,https://youtube.com/@sarovarhotels,404,external
/hotels/vandhara-sarovar-premiere-patkote/rooms/deluxe-king-room-with-balcony,https://youtube.com/@sarovarhotels,404,external
/hotels/vaishnodevi-portico-katra/rooms/superior-room,https://youtube.com/@sarovarhotels,404,external
/hotels/vandhara-sarovar-premiere-patkote/rooms/deluxe-twin-room-with-balcony,https://youtube.com/@sarovarhotels,404,external
/hotels/vandhara-sarovar-premiere-patkote/rooms/suite-with-garden-forest-view,https://youtube.com/@sarovarhotels,404,external
/hotels/vandhara-sarovar-premiere-patkote/rooms/vandhara-presidential-suite,https://youtube.com/@sarovarhotels,404,external
/hotels/vandhara-sarovar-premiere-patkote/rooms/villa-with-garden-forest-view,https://youtube.com/@sarovarhotels,404,external
/hotels/vandhara-sarovar-premiere-patkote/rooms/villa-with-terrace-mountain-view,https://youtube.com/@sarovarhotels,404,external
/hotels/venizia-sarovar-portico-in-new-delhi/rooms/deluxe-twin-room,https://youtube.com/@sarovarhotels,404,external
/hotels/venizia-sarovar-portico-in-new-delhi/rooms/premium-rooms,https://youtube.com/@sarovarhotels,404,external
/hotels/venizia-sarovar-portico-in-new-delhi/rooms/superior-room,https://youtube.com/@sarovarhotels,404,external
/hotels/viraj-sarovar-portico-jammu/rooms/deluxe-rooms,https://youtube.com/@sarovarhotels,404,external
/hotels/viraj-sarovar-portico-jammu/rooms/junior-suite-rooms,https://youtube.com/@sarovarhotels,404,external
/hotels/viraj-sarovar-portico-jammu/rooms/superior-rooms,https://youtube.com/@sarovarhotels,404,external
/hotels/sarovar-portico-sriperumbudur/rooms/executive-double,https://youtube.com/@sarovarhotels,404,external
/hotels/sarovar-portico-sriperumbudur/rooms/deluxe-twin-pool-facing,https://youtube.com/@sarovarhotels,404,external
/hotels/sarovar-portico-sriperumbudur/rooms/standard-twin-city-facing,https://youtube.com/@sarovarhotels,404,external
/hotels/sarovar-portico-sriperumbudur/rooms/standard-double-city-facing,https://youtube.com/@sarovarhotels,404,external
/hotels/sarovar-portico-sriperumbudur/rooms/suite,https://youtube.com/@sarovarhotels,404,external
/hotels/sarovar-premiere-delhi/dining/the-multi-cuisine-restaurant-sarovar-premiere-delhi,https://youtube.com/@sarovarhotels,404,external
/hotels/sarovar-premiere-delhi/dining/sky-lounge-bar-sarovar-premiere-delhi,https://youtube.com/@sarovarhotels,404,external
/hotels/sarovar-portico-jaipur/dining/the-multi-cuisine-restaurant-sarovar-portico-jaipur,https://youtube.com/@sarovarhotels,404,external
/hotels/sarovar-portico-jaipur/dining/sky-lounge-bar-sarovar-portico-jaipur,https://youtube.com/@sarovarhotels,404,external
/hotels/sarovar-premiere-goa-beach-resort/dining/the-multi-cuisine-restaurant-sarovar-premiere-goa-beach-resort,https://youtube.com/@sarovarhotels,404,external
/hotels/sarovar-premiere-goa-beach-resort/dining/sky-lounge-bar-sarovar-premiere-goa-beach-resort,https://youtube.com/@sarovarhotels,404,external
/hotels/sarovar-portico-mumbai/dining/the-multi-cuisine-restaurant-sarovar-portico-mumbai,https://youtube.com/@sarovarhotels,404,external
/hotels/sarovar-portico-mumbai/dining/sky-lounge-bar-sarovar-portico-mumbai,https://youtube.com/@sarovarhotels,404,external
/hotels/sarovar-regency-shimla/dining/sky-lounge-bar-sarovar-regency-shimla,https://youtube.com/@sarovarhotels,404,external
/hotels/sarovar-regency-shimla/dining/the-multi-cuisine-restaurant-sarovar-regency-shimla,https://youtube.com/@sarovarhotels,404,external
/hotels/sarovar-regency-rishikesh/dining/the-multi-cuisine-restaurant-sarovar-regency-rishikesh,https://youtube.com/@sarovarhotels,404,external
/hotels/sarovar-regency-rishikesh/dining/sky-lounge-bar-sarovar-regency-rishikesh,https://youtube.com/@sarovarhotels,404,external
/hotels/sarovar-portico-delhi-aerocity/dining/the-multi-cuisine-restaurant-sarovar-portico-delhi-aerocity,https://youtube.com/@sarovarhotels,404,external
/hotels/sarovar-portico-delhi-aerocity/dining/sky-lounge-bar-sarovar-portico-delhi-aerocity,https://youtube.com/@sarovarhotels,404,external
/hotels/sarovar-premiere-jaipur-heritage/dining/the-multi-cuisine-restaurant-sarovar-premiere-jaipur-heritage,https://youtube.com/@sarovarhotels,404,external
/hotels/sarovar-premiere-jaipur-heritage/dining/sky-lounge-bar-sarovar-premiere-jaipur-heritage,https://youtube.com/@sarovarhotels,404,external
/hotels/abn-sarovar-portico-jim-corbett/dining/abn-sarovar-portico-jim-corbett-clove-the-bar,https://youtube.com/@sarovarhotels,404,external
/hotels/abn-sarovar-portico-jim-corbett/dining/abn-sarovar-portico-jim-corbett-flavours-all-day-dining,https://youtube.com/@sarovarhotels,404,external
/hotels/aditya-hometel-hyderabad/dining/aditya-hometel-hyderabad-flavours-all-day-dining-at-aditya-hometel-hyderabad,https://youtube.com/@sarovarhotels,404,external
/hotels/aditya-park-hyderabad/dining/aditya-park-hyderabad-harry-s-the-pub-at-aditya-park-hyderabad,https://youtube.com/@sarovarhotels,404,external
/hotels/aditya-park-hyderabad/dining/aditya-park-hyderabad-promenade-restaurant-at-aditya-park-hyderabad,https://youtube.com/@sarovarhotels,404,external
/hotels/ambrosia-sarovar-portico-haridwar/dining/ambrosia-sarovar-portico-haridwar-bubbles-at-ambrosia-sarovar-portico-haridwar,https://youtube.com/@sarovarhotels,404,external
/hotels/ambar-sarovar-portico-gandhidham-hotel/dining/ambar-sarovar-portico-gandhidham-hotel-saras-restaurant-at-hotel-ambar-sarovar-portico-gandhidham,https://youtube.com/@sarovarhotels,404,external
/hotels/ambrosia-sarovar-portico-haridwar/dining/ambrosia-sarovar-portico-haridwar-clove-restaurant-at-hotel-ambrosia-sarovar-portico-haridwar,https://youtube.com/@sarovarhotels,404,external
/hotels/balaji-sarovar-premiere-solapur/dining/balaji-sarovar-premiere-solapur-courtyard-restaurant-at-balaji-sarovar-premiere-solapur,https://youtube.com/@sarovarhotels,404,external
/hotels/balaji-sarovar-premiere-solapur/dining/balaji-sarovar-premiere-solapur-high-point-at-balaji-sarovar-premiere-solapur,https://youtube.com/@sarovarhotels,404,external
/hotels/balaji-sarovar-premiere-solapur/dining/balaji-sarovar-premiere-solapur-tea-lounge-at-balaji-sarovar-premiere-solapur,https://youtube.com/@sarovarhotels,404,external
/hotels/balaji-sarovar-premiere-solapur/dining/balaji-sarovar-premiere-solapur-the-oriental-blossom-at-balaji-sarovar-premiere-solapur,https://youtube.com/@sarovarhotels,404,external
/hotels/bamus-sarovar-portico-kampala/dining/bamus-sarovar-portico-kampala-bake-brew-sip-snack-and-smile,https://youtube.com/@sarovarhotels,404,external
/hotels/deventure-sarovar-portico-patel-nagar/dining/deventure-sarovar-portico-patel-nagar-indulge-at-temptation-all-day-dining-bliss,https://youtube.com/@sarovarhotels,404,external
/hotels/efcee-sarovar-portico-bhavnagar/dining/efcee-sarovar-portico-bhavnagar-spice-story-restaurant-at-efcee-sarovar-premiere-a-5-star-hotel-in-bhavnagar,https://youtube.com/@sarovarhotels,404,external
/hotels/efcee-sarovar-portico-bhavnagar/dining/efcee-sarovar-portico-bhavnagar-victoria-23-restaurant-at-efcee-sarovar-premiere-a-5-star-hotel-in-bhavnagar,https://youtube.com/@sarovarhotels,404,external
/hotels/estuary-sarovar-Premiere-poovar/dining/estuary-sarovar-premiere-poovar-dinner-by-the-sea-at-ripples-our-multi-cuisine-restaurant-in-poovar,https://youtube.com/@sarovarhotels,404,external
/hotels/geeta-sarovar-portico-hotels-panipat/dining/geeta-sarovar-portico-hotels-panipat-multi-cuisine-restaurants-in-panipat,https://youtube.com/@sarovarhotels,404,external
/hotels/geeta-sarovar-portico-hotels-panipat/dining/geeta-sarovar-portico-hotels-panipat-rooftop-restaurants-in-panipat,https://youtube.com/@sarovarhotels,404,external
/hotels/golden-sarovar-portico-amritsar/dining/golden-sarovar-portico-amritsar-flavours-restaurant-at-golden-sarovar-portico-amritsar,https://youtube.com/@sarovarhotels,404,external
/hotels/golden-sarovar-portico-amritsar/dining/golden-sarovar-portico-amritsar-chill-lounge-bar-at-golden-sarovar-portico-amritsar,https://youtube.com/@sarovarhotels,404,external
/hotels/golden-sarovar-portico-amritsar/dining/golden-sarovar-portico-amritsar-restaurants-in-amritsar-terrace-grill-golden-sarovar-portico,https://youtube.com/@sarovarhotels,404,external
/hotels/golden-tulip-agra/dining/golden-tulip-agra-panora-a-rooftop-lounge-bar-in-agra,https://youtube.com/@sarovarhotels,404,external
/hotels/golden-tulip-agra/dining/golden-tulip-agra-sumac-a-chic-multi-cuisine-restaurant-in-agra,https://youtube.com/@sarovarhotels,404,external
/hotels/golden-tulip-bdi-club-and-suite-bhiwadi/dining/golden-tulip-bdi-club-and-suite-bhiwadi-an-elevated-dining-experience-at-the-best-restaurant-in-bhiwadi,https://youtube.com/@sarovarhotels,404,external
/hotels/bellevue-sarovar-premiere-junagadh/dining/bellevue-sarovar-premiere-junagadh-flavours-9-our-cafe-in-junagadh-at-bellevue-sarovar-premiere,https://youtube.com/@sarovarhotels,404,external
/hotels/bamus-sarovar-portico-kampala/dining/bamus-sarovar-portico-kampala-flavours-all-day-dining-from-daybreak-to-dinner-hour,https://youtube.com/@sarovarhotels,404,external
/hotels/classic-sarovar-portico-thiruvananthapuram/dining/classic-sarovar-portico-thiruvananthapuram-classic-caf-at-classic-sarovar-portico-thiruvananthapuram,https://youtube.com/@sarovarhotels,404,external
/hotels/bellevue-sarovar-premiere-junagadh/dining/bellevue-sarovar-premiere-junagadh-girnar-sky-lounge-bar-be-que-roof-top-restaurant-at-bellevue-sarovar-premiere-junagadh,https://youtube.com/@sarovarhotels,404,external
/hotels/classic-sarovar-portico-thiruvananthapuram/dining/classic-sarovar-portico-thiruvananthapuram-options-restaurant-at-classic-sarovar-portico-thiruvananthapuram,https://youtube.com/@sarovarhotels,404,external
/hotels/classic-sarovar-portico-thiruvananthapuram/dining/classic-sarovar-portico-thiruvananthapuram-sizzle-n-grill-our-rooftop-restaurant-in-trivandrum,https://youtube.com/@sarovarhotels,404,external
/hotels/davanam-sarovar-portico-suites-bangalore/dining/davanam-sarovar-portico-suites-bangalore-tangerine-a-fine-multi-cuisine-restaurant-in-hosur,https://youtube.com/@sarovarhotels,404,external
/hotels/davanam-sarovar-portico-suites-bangalore/dining/davanam-sarovar-portico-suites-bangalore-gallop-a-chic-lounge-bar-in-hosur,https://youtube.com/@sarovarhotels,404,external
/hotels/delite-sarovar-portico-faridabad/dining/delite-sarovar-portico-faridabad-enjoy-flavourful-food-in-faridabad-at-flavours-all-day-dining,https://youtube.com/@sarovarhotels,404,external
/hotels/deventure-sarovar-portico--kapashera-new-delhi/dining/deventure-sarovar-portico-kapashera-new-delhi-atrium-lounge-at-deventure-sarovar-portico-kapashera-new-delhi,https://youtube.com/@sarovarhotels,404,external
/hotels/golden-tulip-candolim-goa/dining/golden-tulip-candolim-goa-aquatico-all-day-dining-a-poolside-restaurant-in-candolim,https://youtube.com/@sarovarhotels,404,external
/hotels/deventure-sarovar-portico--kapashera-new-delhi/dining/deventure-sarovar-portico-kapashera-new-delhi-patio-restaurant-at-deventure-sarovar-portico-kapashera-new-delhi,https://youtube.com/@sarovarhotels,404,external
/hotels/golden-tulip-goa-mandrem/dining/golden-tulip-goa-mandrem-coffe-co-where-coffee-meets-conversation,https://youtube.com/@sarovarhotels,404,external
/hotels/golden-tulip-essential-jaipur/dining/golden-tulip-essential-jaipur-14-tables-restaurant-at-golden-tulip-essential-jaipur,https://youtube.com/@sarovarhotels,404,external
/hotels/golden-tulip-goa-mandrem/dining/golden-tulip-goa-mandrem-tulipe-dining-that-flows-with-your-day,https://youtube.com/@sarovarhotels,404,external
/hotels/golden-tulip-goa-vagator/dining/golden-tulip-goa-vagator-tulipe-all-day-dining-a-celebration-of-goa-s-best-flavours,https://youtube.com/@sarovarhotels,404,external
/hotels/golden-tulip-goa-vagator/dining/golden-tulip-goa-vagator-chill-the-bar-goa-s-premier-unwind-spot,https://youtube.com/@sarovarhotels,404,external
/hotels/golden-tulip-hari-nagar/dining/golden-tulip-hari-nagar-savour-mouthwatering-delights-at-our-cafe-in-west-delhi,https://youtube.com/@sarovarhotels,404,external
/hotels/golden-tulip-hari-nagar/dining/golden-tulip-hari-nagar-grab-a-drink-at-our-bar-in-west-delhi,https://youtube.com/@sarovarhotels,404,external
/hotels/golden-tulip-hotel-in-jaipur/dining/golden-tulip-hotel-in-jaipur-marigold-restaurant-at-golden-tulip-jaipur-city-center,https://youtube.com/@sarovarhotels,404,external
/hotels/golden-tulip-jalandhar/dining/golden-tulip-jalandhar-grab-a-drink-at-the-best-bar-in-jalandhar,https://youtube.com/@sarovarhotels,404,external
/hotels/golden-tulip-jalandhar/dining/golden-tulip-jalandhar-unwind-at-the-best-lounge-in-jalandhar,https://youtube.com/@sarovarhotels,404,external
/hotels/golden-tulip-jalandhar/dining/golden-tulip-jalandhar-enjoy-delicious-treats-at-our-cafe-in-jalandhar,https://youtube.com/@sarovarhotels,404,external
/hotels/golden-tulip-lucknow/dining/golden-tulip-lucknow-branche-bar-at-golden-tulip-lucknow,https://youtube.com/@sarovarhotels,404,external
/hotels/golden-tulip-kukas-jaipur/dining/golden-tulip-kukas-jaipur-tulipe-flavours-served-with-jaipur-s-warmth,https://youtube.com/@sarovarhotels,404,external
/hotels/golden-tulip-lucknow/dining/golden-tulip-lucknow-just-baked-at-golden-tulip-lucknow,https://youtube.com/@sarovarhotels,404,external
/hotels/golden-tulip-lucknow/dining/golden-tulip-lucknow-branche-restaurant-at-golden-tulip-lucknow,https://youtube.com/@sarovarhotels,404,external
/hotels/golden-tulip-sector-80-gurugram/dining/golden-tulip-sector-80-gurugram-latelier-a-toast-to-slow-evenings,https://youtube.com/@sarovarhotels,404,external
/hotels/golden-tulip-sector-80-gurugram/dining/golden-tulip-sector-80-gurugram-tulipe-taste-india-s-best-on-a-modern-plate,https://youtube.com/@sarovarhotels,404,external
/hotels/golden-tulip-srinagar/dining/golden-tulip-srinagar-karak-tea-lounge-at-golden-tulip-srinagar,https://youtube.com/@sarovarhotels,404,external
/hotels/golden-tulip-srinagar/dining/golden-tulip-srinagar-sheesha-restaurant-at-golden-tulip-srinagar,https://youtube.com/@sarovarhotels,404,external
/hotels/golden-tulip-srinagar/dining/golden-tulip-srinagar-takht-e-sulaiman-restaurant-at-golden-tulip-srinagar,https://youtube.com/@sarovarhotels,404,external
/hotels/golden-tulip-udaipur/dining/golden-tulip-udaipur-flavours-all-day-dining-a-culinary-journey-awaits,https://youtube.com/@sarovarhotels,404,external
/hotels/golden-tulip-udaipur/dining/golden-tulip-udaipur-poolside-grill-udaipur-s-ultimate-flavour-escape,https://youtube.com/@sarovarhotels,404,external
/hotels/golden-tulip-udaipur/dining/golden-tulip-udaipur-library-lounge-cosy-coffee-shop-in-udaipur,https://youtube.com/@sarovarhotels,404,external
/hotels/golden-tulip/dining/golden-tulip-the-coffee-shop-at-golden-tulip-gurgaon,https://youtube.com/@sarovarhotels,404,external
/hotels/golden-tulip/dining/golden-tulip-bar-at-golden-tulip-gurgaon,https://youtube.com/@sarovarhotels,404,external
/hotels/grand-continent-anjuna/dining/grand-continent-anjuna-delight-your-palate-at-flavours-all-day-dining,https://youtube.com/@sarovarhotels,404,external
/hotels/grand-continent-brookefield-bengaluru/dining/grand-continent-brookefield-bengaluru-flavours-all-day-dining-offering-the-best-food-in-bengaluru,https://youtube.com/@sarovarhotels,404,external
/hotels/grand-continent-hosur/dining/grand-continent-hosur-cafe-parade-a-sumptuous-eatery,https://youtube.com/@sarovarhotels,404,external
/hotels/grand-continent-mahabalipuram/dining/grand-continent-mahabalipuram-flavours-all-day-dining-best-food-in-mahabalipuram,https://youtube.com/@sarovarhotels,404,external
/hotels/grand-continent-mahabalipuram/dining/grand-continent-mahabalipuram-smoke-barbeque-love-rooftop-restaurant-in-mahabalipuram,https://youtube.com/@sarovarhotels,404,external
/hotels/grand-continent-mahabalipuram/dining/grand-continent-mahabalipuram-moka-desserts-more-cafe-in-mahabalipuram,https://youtube.com/@sarovarhotels,404,external
/hotels/grand-continent-mahabalipuram/dining/grand-continent-mahabalipuram-unwind-kitchen-bar-in-mahabalipuram,https://youtube.com/@sarovarhotels,404,external
/hotels/grand-portico-hotel-in-latur/dining/grand-portico-hotel-in-latur-chill-bar-a-splendid-bar-in-latur,https://youtube.com/@sarovarhotels,404,external
/hotels/grand-continent-malleshwaram-bangalore/dining/grand-continent-malleshwaram-bangalore-indulge-in-flavours-an-all-day-dining-restaurant-in-malleshwaram,https://youtube.com/@sarovarhotels,404,external
/hotels/grand-continent-mysore/dining/grand-continent-mysore-enjoy-exquisite-dining-in-mysore,https://youtube.com/@sarovarhotels,404,external
/hotels/grand-portico-hotel-in-latur/dining/grand-portico-hotel-in-latur-flavours-a-delightful-multi-cuisine-restaurant-in-latur,https://youtube.com/@sarovarhotels,404,external
/hotels/highland-sarovar-portico-sindhudurg/dining/highland-sarovar-portico-sindhudurg-flavours-all-day-dining-the-heart-of-delicious-food-in-sindhudurg,https://youtube.com/@sarovarhotels,404,external
/hotels/hometel-chandigarh/dining/hometel-chandigarh-chill-lounge-bar-at-hometel-chandigarh,https://youtube.com/@sarovarhotels,404,external
/hotels/hometel-chandigarh/dining/hometel-chandigarh-flavours-all-day-dining-at-hometel-chandigarh,https://youtube.com/@sarovarhotels,404,external
/hotels/hometel-chandigarh/dining/hometel-chandigarh-terrace-grill-at-hometel-chandigarh,https://youtube.com/@sarovarhotels,404,external
/hotels/hometel-roorkee/dining/hometel-roorkee-chill-lounge-bar-at-hometel-roorkee,https://youtube.com/@sarovarhotels,404,external
/hotels/hometel-roorkee/dining/hometel-roorkee-flavours-restaurant-at-hometel-roorkee,https://youtube.com/@sarovarhotels,404,external
/hotels/hrj-sarovar-portico-indore/dining/hrj-sarovar-portico-indore-lip-smacking-delicacies-at-flavours-multi-cuisine-restaurant,https://youtube.com/@sarovarhotels,404,external
/hotels/hrj-sarovar-portico-indore/dining/hrj-sarovar-portico-indore-unwind-groove-to-up-beat-tunes-at-chill-bar-coming-soon,https://youtube.com/@sarovarhotels,404,external
/hotels/iris-sarovar-portico-gurugram/dining/iris-sarovar-portico-gurugram-experience-culinary-excellence-at-flavours-all-day-dining,https://youtube.com/@sarovarhotels,404,external
/hotels/iris-sarovar-portico-gurugram/dining/iris-sarovar-portico-gurugram-unwind-in-style-at-terrace-grill,https://youtube.com/@sarovarhotels,404,external
/hotels/ishaan-sarovar-portico-deoghar/dining/ishaan-sarovar-portico-deoghar-fursat-bar-in-deoghar,https://youtube.com/@sarovarhotels,404,external
/hotels/ishaan-sarovar-portico-deoghar/dining/ishaan-sarovar-portico-deoghar-punita-all-day-dining-in-deoghar,https://youtube.com/@sarovarhotels,404,external
/hotels/la-place-sarovar-portico-lucknow/dining/la-place-sarovar-portico-lucknow-pavillion-restaurant-at-la-place-sarovar-portico-lucknow,https://youtube.com/@sarovarhotels,404,external
/hotels/la-place-sarovar-portico-lucknow/dining/la-place-sarovar-portico-lucknow-terrace-grill-at-la-place-sarovar-portico-lucknow,https://youtube.com/@sarovarhotels,404,external
/hotels/lagoon-sarovar-premiere-pondicherry/dining/lagoon-sarovar-premiere-pondicherry-destress-with-some-tasty-quick-bites,https://youtube.com/@sarovarhotels,404,external
/hotels/le-dupleix-pondicherry/dining/le-dupleix-pondicherry-courtyard-restaurant-at-le-dupleix-pondicherry,https://youtube.com/@sarovarhotels,404,external
/hotels/lagoon-sarovar-premiere-pondicherry/dining/lagoon-sarovar-premiere-pondicherry-unwind-unplug-at-our-bar-in-pondicherry,https://youtube.com/@sarovarhotels,404,external
/hotels/lagoon-sarovar-premiere-pondicherry/dining/lagoon-sarovar-premiere-pondicherry-prepare-your-senses-for-a-unique-palate,https://youtube.com/@sarovarhotels,404,external
/hotels/le-dupleix-pondicherry/dining/le-dupleix-pondicherry-the-governor-s-lounge-bar-at-le-dupleix-pondicherry,https://youtube.com/@sarovarhotels,404,external
/hotels/le-lac-sarovar-ranchi/dining/le-lac-sarovar-ranchi-chill-lounge-bar-at-le-lac-sarovar-portico-ranchi,https://youtube.com/@sarovarhotels,404,external
/hotels/le-lac-sarovar-ranchi/dining/le-lac-sarovar-ranchi-flavours-restaurant-at-le-lac-sarovar-portico-ranchi,https://youtube.com/@sarovarhotels,404,external
/hotels/le-lac-sarovar-ranchi/dining/le-lac-sarovar-ranchi-pastry-shop-at-le-lac-sarovar-portico-ranchi,https://youtube.com/@sarovarhotels,404,external
/hotels/legend-sarovar-portico/dining/legend-sarovar-portico-blue-o-at-legend-sarovar-portico-baddi,https://youtube.com/@sarovarhotels,404,external
/hotels/legend-sarovar-portico/dining/legend-sarovar-portico-seasons-at-legend-sarovar-portico-baddi,https://youtube.com/@sarovarhotels,404,external
/hotels/madhuban-sarovar-portico-mussorie/dining/madhuban-sarovar-portico-mussorie-flavours-restaurant-at-hotel-madhuban-sarovar-portico-mussoorie,https://youtube.com/@sarovarhotels,404,external
/hotels/madhuban-sarovar-portico-mussorie/dining/madhuban-sarovar-portico-mussorie-sapphire-lounge-bar-at-hotel-madhuban-sarovar-portico-mussoorie,https://youtube.com/@sarovarhotels,404,external
/hotels/mahagun-sarovar-portico-suites-vaishali/dining/mahagun-sarovar-portico-suites-vaishali-tangerine-restaurant-at-mahagun-sarovar-portico-suites-vaishali,https://youtube.com/@sarovarhotels,404,external
/hotels/manjeera-sarovar-premiere-rajahmundry/dining/manjeera-sarovar-premiere-rajahmundry-chill-lounge-bar-at-manjeera-sarovar-premiere-rajahmundry,https://youtube.com/@sarovarhotels,404,external
/hotels/majestic-court-sarovar-portico-navi-mumbai/dining/majestic-court-sarovar-portico-navi-mumbai-white-violet-at-majestic-court-sarovar-portico-the-best-restaurant-in-navi-mumbai,https://youtube.com/@sarovarhotels,404,external
/hotels/mahagun-sarovar-portico-suites-vaishali/dining/mahagun-sarovar-portico-suites-vaishali-terrace-grill-at-mahagun-sarovar-portico-suites-vaishali,https://youtube.com/@sarovarhotels,404,external
/hotels/manjeera-sarovar-premiere-rajahmundry/dining/manjeera-sarovar-premiere-rajahmundry-flavours-restaurant-at-manjeera-sarovar-portico-rajahmundry,https://youtube.com/@sarovarhotels,404,external
/hotels/marasa-sarovar-portico-rajkot/dining/marasa-sarovar-portico-rajkot-garam-giggles-a-rooftop-cafe-in-rajkot-at-marasa-sarovar-portico,https://youtube.com/@sarovarhotels,404,external
/hotels/marasa-sarovar-portico-rajkot/dining/marasa-sarovar-portico-rajkot-mehek-pure-veg-restaurant-in-rajkot-at-marasa-sarovar-portico,https://youtube.com/@sarovarhotels,404,external
/hotels/marasa-sarovar-premiere-bodhgaya/dining/marasa-sarovar-premiere-bodhgaya-in-room-dining-at-marasa-sarovar-premiere-bodhgaya,https://youtube.com/@sarovarhotels,404,external
/hotels/marasa-sarovar-premiere-bodhgaya/dining/marasa-sarovar-premiere-bodhgaya-tea-bar-a-unique-dining-place-in-bodhgaya,https://youtube.com/@sarovarhotels,404,external
/hotels/marasa-sarovar-premiere-bodhgaya/dining/marasa-sarovar-premiere-bodhgaya-varada-caf-fine-dining-at-our-hotel-in-bodhgaya,https://youtube.com/@sarovarhotels,404,external
/hotels/marasa-sarovar-premiere-tirupati-hotels/dining/marasa-sarovar-premiere-tirupati-hotels-krishna-vegetarian-restaurant-at-marasa-sarovar-premiere-tirupati,https://youtube.com/@sarovarhotels,404,external
/hotels/marasa-sarovar-premiere-tirupati-hotels/dining/marasa-sarovar-premiere-tirupati-hotels-lotus-cafe-at-marasa-sarovar-premiere-tirupati,https://youtube.com/@sarovarhotels,404,external
/hotels/marigold-sarovar-portico-mashobra-shimla/dining/marigold-sarovar-portico-mashobra-shimla-glen,https://youtube.com/@sarovarhotels,404,external
/hotels/marasa-sarovar-premiere-tirupati-hotels/dining/marasa-sarovar-premiere-tirupati-hotels-somasura-the-bar-at-marasa-sarovar-premiere-tirupati,https://youtube.com/@sarovarhotels,404,external
/hotels/marigold-sarovar-portico-mashobra-shimla/dining/marigold-sarovar-portico-mashobra-shimla-craignano,https://youtube.com/@sarovarhotels,404,external
/hotels/marine-plaza-mumbai/dining/marine-plaza-mumbai-bayview-all-day-dining-at-hotel-marine-plaza-mumbai,https://youtube.com/@sarovarhotels,404,external
/hotels/marine-plaza-mumbai/dining/marine-plaza-mumbai-geoffrey-s-the-pub-at-hotel-marine-plaza-mumbai,https://youtube.com/@sarovarhotels,404,external
/hotels/marine-plaza-mumbai/dining/marine-plaza-mumbai-the-oriental-blossom-at-hotel-marine-plaza-mumbai,https://youtube.com/@sarovarhotels,404,external
/hotels/mj-sarovar-portico-haridwar/dining/mj-sarovar-portico-haridwar-flavours-all-day-dining-an-interactive-dining-experience,https://youtube.com/@sarovarhotels,404,external
/hotels/mountnoor-sarovar-premiere-pahalgam/dining/mountnoor-sarovar-premiere-pahalgam-noor-all-day-dining-crafted-with-soul-from-daylight-to-candlelight,https://youtube.com/@sarovarhotels,404,external
/hotels/mountnoor-sarovar-premiere-pahalgam/dining/mountnoor-sarovar-premiere-pahalgam-tamanna-kashmiri-speciality-lounge-wine-dine-with-views,https://youtube.com/@sarovarhotels,404,external
/hotels/mukundra-sarovar-premiere-kota/dining/mukundra-sarovar-premiere-kota-jharokha-enjoy-global-flavours-in-an-inviting-setting,https://youtube.com/@sarovarhotels,404,external
/hotels/nataraj-sarovar-portico-jhansi/dining/nataraj-sarovar-portico-jhansi-flavours-our-24-hour-restaurant-in-jhansi,https://youtube.com/@sarovarhotels,404,external
/hotels/mukundra-sarovar-premiere-kota/dining/mukundra-sarovar-premiere-kota-mehfil-e-khas-refined-evenings-with-fine-spirits,https://youtube.com/@sarovarhotels,404,external
/hotels/nataraj-sarovar-portico-jhansi/dining/nataraj-sarovar-portico-jhansi-lancer-our-bar-in-jhansi,https://youtube.com/@sarovarhotels,404,external
/hotels/naturevilas-portico-manali/dining/naturevilas-portico-manali-sumptuous-dining-at-one-of-the-best-coffee-shops-in-manali,https://youtube.com/@sarovarhotels,404,external
/hotels/neelkanth-sarovar-premiere-lusaka/dining/neelkanth-sarovar-premiere-lusaka-smoke-house-grill-restaurant-in-lusaka-at-neelkanth-sarovar-premiere,https://youtube.com/@sarovarhotels,404,external
/hotels/neelkanth-sarovar-premiere-lusaka/dining/neelkanth-sarovar-premiere-lusaka-swirl-bar-in-lusaka-at-neelkanth-sarovar-premiere,https://youtube.com/@sarovarhotels,404,external
/hotels/neelkanth-sarovar-premiere-lusaka/dining/neelkanth-sarovar-premiere-lusaka-sweet-talk-tea-shop-in-lusaka-at-neelkanth-sarovar-premiere,https://youtube.com/@sarovarhotels,404,external
/hotels/nidhivan-sarovar-portico-vrindavan/dining/nidhivan-sarovar-portico-vrindavan-tripti-at-nidhivan-sarovar-portico-vrindavan,https://youtube.com/@sarovarhotels,404,external
/hotels/nirvana-sarovar-portico-gorakhpur/dining/nirvana-sarovar-portico-gorakhpur-dine-551-restaurant-at-nirvana-sarovar-portico-gorakhpur,https://youtube.com/@sarovarhotels,404,external
/hotels/nirwana-hometel-jaipur-sarovar/dining/nirwana-hometel-jaipur-sarovar-chill-lounge-bar-at-nirwana-hometel-jaipur,https://youtube.com/@sarovarhotels,404,external
/hotels/paradigm-sarovar-kakinada/dining/paradigm-sarovar-kakinada-city-view-paradigm-sarovar-portico-kakinada-hotels,https://youtube.com/@sarovarhotels,404,external
/hotels/nirwana-hometel-jaipur-sarovar/dining/nirwana-hometel-jaipur-sarovar-flavours-restaurant-at-nirwana-hometel-jaipur,https://youtube.com/@sarovarhotels,404,external
/hotels/nirwana-hometel-jaipur-sarovar/dining/nirwana-hometel-jaipur-sarovar-jaipur-adda-at-nirwana-hometel-jaipur,https://youtube.com/@sarovarhotels,404,external
/hotels/paradigm-sarovar-kakinada/dining/paradigm-sarovar-kakinada-level-7-paradigm-sarovar-portico-business-hotels-in-kakinada,https://youtube.com/@sarovarhotels,404,external
/hotels/park-inn-gurgaon/dining/park-inn-gurgaon-cafe-55-at-park-inn-gurgaon-a-radisson-brand-managed-by-sarovar-hotels,https://youtube.com/@sarovarhotels,404,external
/hotels/park-inn-gurgaon/dining/park-inn-gurgaon-lounge-bar-at-park-inn-gurgaon-a-radisson-brand-managed-by-sarovar-hotels,https://youtube.com/@sarovarhotels,404,external
/hotels/Park-Inn-Radisson-Goa-Candolim/dining/park-inn-radisson-goa-candolim-chapora-at-park-inn-by-radisson-goa-candolim-by-the-radisson-hotel-group-managed-by-sarovar-hotels,https://youtube.com/@sarovarhotels,404,external
/hotels/Park-Inn-Radisson-Goa-Candolim/dining/park-inn-radisson-goa-candolim-colval-at-park-inn-by-radisson-goa-candolim-by-the-radisson-hotel-group-managed-by-sarovar-hotels,https://youtube.com/@sarovarhotels,404,external
/hotels/Park-Inn-Radisson-Goa-Candolim/dining/park-inn-radisson-goa-candolim-sal-at-park-inn-by-radisson-goa-candolim-by-the-radisson-hotel-group-managed-by-sarovar-hotels,https://youtube.com/@sarovarhotels,404,external
/hotels/park-plaza-jalandhar/dining/park-plaza-jalandhar-flavours-all-day-dining,https://youtube.com/@sarovarhotels,404,external
/hotels/park-plaza-faridabad/dining/park-plaza-faridabad-cakes-n-bakes-at-park-plaza-faridabad-by-the-radisson-hotel-group-managed-by-sarovar-hotels,https://youtube.com/@sarovarhotels,404,external
/hotels/park-plaza-faridabad/dining/park-plaza-faridabad-veranda-at-park-plaza-faridabad-by-the-radisson-hotel-group-managed-by-sarovar-hotels,https://youtube.com/@sarovarhotels,404,external
/hotels/park-plaza-faridabad/dining/park-plaza-faridabad-geoffrey-s-the-pub-at-park-plaza-faridabad-by-the-radisson-hotel-group-managed-by-sarovar-hotels,https://youtube.com/@sarovarhotels,404,external
/hotels/park-plaza-jalandhar/dining/park-plaza-jalandhar-geoffrey-s-bar-in-jalandhar,https://youtube.com/@sarovarhotels,404,external
/hotels/park-plaza-jalandhar/dining/park-plaza-jalandhar-the-oriental-blossom-restaurant-in-jalandhar,https://youtube.com/@sarovarhotels,404,external
/hotels/park-plaza-jodhpur/dining/park-plaza-jodhpur-geoffrey-s-the-pub-at-park-plaza-jodhpur-by-the-radisson-hotel-group-managed-by-sarovar-hotels,https://youtube.com/@sarovarhotels,404,external
/hotels/park-plaza-jodhpur/dining/park-plaza-jodhpur-oasis-restaurant-at-park-plaza-jodhpur-by-the-radisson-hotel-group-managed-by-sarovar-hotels,https://youtube.com/@sarovarhotels,404,external
/hotels/park-plaza-ludhiana/dining/park-plaza-ludhiana-panorama-restaurant-at-park-plaza-ludhiana-by-the-radisson-hotel-group-managed-by-sarovar-hotels,https://youtube.com/@sarovarhotels,404,external
/hotels/park-plaza-ludhiana/dining/park-plaza-ludhiana-orient-blade-restaurant-at-park-plaza-ludhiana-by-the-radisson-hotel-group-managed-by-sarovar-hotels,https://youtube.com/@sarovarhotels,404,external
/hotels/park-plaza-shahadra--east-delhi/dining/park-plaza-shahadra-east-delhi-chingari-restaurant-at-park-plaza-shahadra-east-delhi-radisson-hotel-group-managed-by-sarovar-hotels,https://youtube.com/@sarovarhotels,404,external
/hotels/park-plaza-ludhiana/dining/park-plaza-ludhiana-passion-lounge-at-park-plaza-ludhiana-by-the-radisson-hotel-group-managed-by-sarovar-hotels,https://youtube.com/@sarovarhotels,404,external
/hotels/park-plaza-shahadra--east-delhi/dining/park-plaza-shahadra-east-delhi-rouge-lounge-bar-at-park-plaza-shahadra-east-delhi-radisson-hotel-group-managed-by-sarovar-hotels,https://youtube.com/@sarovarhotels,404,external
/hotels/park-plaza-shahadra--east-delhi/dining/park-plaza-shahadra-east-delhi-promenade-at-park-plaza-shahadra-east-delhi-radisson-hotel-group-managed-by-sarovar-hotels,https://youtube.com/@sarovarhotels,404,external
/hotels/park-plaza-zirakpur/dining/park-plaza-zirakpur-essence-restaurant-at-park-plaza-zirakpur-by-the-radisson-hotel-group-managed-by-sarovar-hotels,https://youtube.com/@sarovarhotels,404,external
/hotels/park-plaza-zirakpur/dining/park-plaza-zirakpur-free-spirit-lounge-bar-at-park-plaza-zirakpur-by-the-radisson-hotel-group-managed-by-sarovar-hotels,https://youtube.com/@sarovarhotels,404,external
/hotels/prachi-sarovar-premiere-bhubaneswar/dining/prachi-sarovar-premiere-bhubaneswar-flavours-all-day-dining-from-daybreak-to-dinner-hour,https://youtube.com/@sarovarhotels,404,external
/hotels/prachi-sarovar-premiere-bhubaneswar/dining/prachi-sarovar-premiere-bhubaneswar-mahua-lounge-bar-for-perfect-sips-conversations,https://youtube.com/@sarovarhotels,404,external
/hotels/presidium-sarovar-premiere-dalhousie/dining/presidium-sarovar-premiere-dalhousie-sip-and-soak-in-the-view-at-the-hooch,https://youtube.com/@sarovarhotels,404,external
/hotels/presidium-sarovar-premiere-dalhousie/dining/presidium-sarovar-premiere-dalhousie-a-gastronomic-adventure-at-thyme,https://youtube.com/@sarovarhotels,404,external
/hotels/pushkara-portico-hotel-in-dibrugarh/dining/pushkara-portico-hotel-in-dibrugarh-qube-restaurant-at-pushkara-sarovar-portico-dibrugarh,https://youtube.com/@sarovarhotels,404,external
/hotels/pushkara-portico-hotel-in-dibrugarh/dining/pushkara-portico-hotel-in-dibrugarh-tap21-bar-at-pushkara-sarovar-portico-dibrugarh,https://youtube.com/@sarovarhotels,404,external
/hotels/radha-hometel-bangalore/dining/radha-hometel-bangalore-chill-bar-at-radha-hometel-bangalore,https://youtube.com/@sarovarhotels,404,external
/hotels/radha-hometel-bangalore/dining/radha-hometel-bangalore-flavours-multi-cuisine-restaurant-at-radha-hometel-bangalore,https://youtube.com/@sarovarhotels,404,external
/hotels/radha-regent-chennai/dining/radha-regent-chennai-radha-regent-chennai-business-hotels-in-chennai-aura-lounge-bar,https://youtube.com/@sarovarhotels,404,external
/hotels/radha-regent-chennai/dining/radha-regent-chennai-geoffrey-s-the-pub-at-radha-regent-chennai,https://youtube.com/@sarovarhotels,404,external
/hotels/radha-regent-chennai/dining/radha-regent-chennai-radha-regent-chennai-best-hotels-in-chennai-the-lobby-cafe,https://youtube.com/@sarovarhotels,404,external
/hotels/radha-regent-chennai/dining/radha-regent-chennai-radha-regent-chennai-restaurants-in-chennai-the-oriental-blossom,https://youtube.com/@sarovarhotels,404,external
/hotels/radisson-blu--bengaluru-outer-ring-road/dining/radisson-blu-bengaluru-outer-ring-road-europa-360-at-radisson-blu-bengaluru-outer-ring-road-by-the-radisson-hotel-group-managed-by-sarovar-hotels,https://youtube.com/@sarovarhotels,404,external
/hotels/radisson-blu--bengaluru-outer-ring-road/dining/radisson-blu-bengaluru-outer-ring-road-malties-the-lobby-bar-at-radisson-blu-bengaluru-outer-ring-road-by-the-radisson-hotel-group-managed-by-sarovar-hotels,https://youtube.com/@sarovarhotels,404,external
/hotels/radisson-blu--bengaluru-outer-ring-road/dining/radisson-blu-bengaluru-outer-ring-road-melange-at-radisson-blu-bengaluru-outer-ring-road-by-the-radisson-hotel-group-managed-by-sarovar-hotels,https://youtube.com/@sarovarhotels,404,external
/hotels/radisson-blu--bengaluru-outer-ring-road/dining/radisson-blu-bengaluru-outer-ring-road-marquis-at-radisson-blu-bengaluru-outer-ring-road-by-the-radisson-hotel-group-managed-by-sarovar-hotels,https://youtube.com/@sarovarhotels,404,external
/hotels/radisson-blu--bengaluru-outer-ring-road/dining/radisson-blu-bengaluru-outer-ring-road-saffron-at-radisson-blu-bengaluru-outer-ring-road-by-the-radisson-hotel-group-managed-by-sarovar-hotels,https://youtube.com/@sarovarhotels,404,external
/hotels/radisson-blu--bengaluru-outer-ring-road/dining/radisson-blu-bengaluru-outer-ring-road-shao-at-radisson-blu-bengaluru-outer-ring-road-by-the-radisson-hotel-group-managed-by-sarovar-hotels,https://youtube.com/@sarovarhotels,404,external
/hotels/radisson-hyderabad--hitec/dining/radisson-hyderabad-hitec-cascade-all-day-dining-restaurant-at-radisson-hyderabad-hitec-by-the-radisson-hotel-group-managed-by-sarovar-hotels,https://youtube.com/@sarovarhotels,404,external
/hotels/radisson-hyderabad--hitec/dining/radisson-hyderabad-hitec-chama-gaucha-at-radisson-hyderabad-hitec-by-the-radisson-hotel-group-managed-by-sarovar-hotels,https://youtube.com/@sarovarhotels,404,external
/hotels/radisson-hyderabad--hitec/dining/radisson-hyderabad-hitec-wai-kiki-polynesian-resto-bar-at-radisson-hyderabad-hitec-by-the-radisson-hotel-group-managed-by-sarovar-hotels,https://youtube.com/@sarovarhotels,404,external
/hotels/radisson-hyderabad--hitec/dining/radisson-hyderabad-hitec-zyng-lounge-bar-at-radisson-hyderabad-hitec-by-the-radisson-hotel-group-managed-by-sarovar-hotels,https://youtube.com/@sarovarhotels,404,external
/hotels/radisson-mumbai-goregaon/dining/radisson-mumbai-goregaon-firin-restaurant-at-radisson-mumbai-goregaon,https://youtube.com/@sarovarhotels,404,external
/hotels/radisson-mumbai-goregaon/dining/radisson-mumbai-goregaon-goma-restaurant-at-radisson-mumbai-goregaon,https://youtube.com/@sarovarhotels,404,external
/hotels/radisson-mumbai-goregaon/dining/radisson-mumbai-goregaon-tipple-restaurant-at-radisson-mumbai-goregaon,https://youtube.com/@sarovarhotels,404,external
/hotels/radisson-mumbai-goregaon/dining/radisson-mumbai-goregaon-meetha-sweet-parlour-at-radisson-mumbai-goregaon,https://youtube.com/@sarovarhotels,404,external
/hotels/radisson-mumbai-goregaon/dining/radisson-mumbai-goregaon-musaafer-restaurant-at-radisson-mumbai-goregaon,https://youtube.com/@sarovarhotels,404,external
/hotels/rbd-sarovar-portico-outer-ring-road-bengaluru/dining/rbd-sarovar-portico-outer-ring-road-bengaluru-brunchilly-at-rbd-sarovar-portico-outer-ring-road-bengaluru,https://youtube.com/@sarovarhotels,404,external
/hotels/residency-sarovar-portico-mumbai/dining/residency-sarovar-portico-mumbai-tea-lounge-residency-sarovar-portico-hotels-in-goregaon,https://youtube.com/@sarovarhotels,404,external
/hotels/rivera-sarovar-portico-ahmedabad/dining/rivera-sarovar-portico-ahmedabad-liquor-shop-at-sarovar-portico-ahmedabad,https://youtube.com/@sarovarhotels,404,external
/hotels/riviera-sarovar-portico-pathankot/dining/riviera-sarovar-portico-pathankot-altura-sky-high-flavours-served-with-a-view,https://youtube.com/@sarovarhotels,404,external
/hotels/rivera-sarovar-portico-ahmedabad/dining/rivera-sarovar-portico-ahmedabad-riverview-restaurant-at-rivera-sarovar-portico-ahmedabad,https://youtube.com/@sarovarhotels,404,external
/hotels/riviera-sarovar-portico-pathankot/dining/riviera-sarovar-portico-pathankot-flavours-all-day-dining-from-sunrise-to-supper,https://youtube.com/@sarovarhotels,404,external
/hotels/riviera-sarovar-portico-pathankot/dining/riviera-sarovar-portico-pathankot-raise-a-glass-at-zar-where-evenings-come-alive,https://youtube.com/@sarovarhotels,404,external
/hotels/rosefinch-sarovar-portico-bhimtal/dining/rosefinch-sarovar-portico-bhimtal-wild-oak-at-rosefinch-sarovar-portico-bhimtal,https://youtube.com/@sarovarhotels,404,external
/hotels/rosefinch-sarovar-portico-bhimtal/dining/rosefinch-sarovar-portico-bhimtal-lake-cafe-at-rosefinch-sarovar-portico-bhimtal,https://youtube.com/@sarovarhotels,404,external
/hotels/royal-hometel-suites-dahisar-mumbai/dining/royal-hometel-suites-dahisar-mumbai-chill-lounge-bar-at-royal-hometel-suite-dahisar-mumbai,https://youtube.com/@sarovarhotels,404,external
/hotels/royal-hometel-suites-dahisar-mumbai/dining/royal-hometel-suites-dahisar-mumbai-flavours-restaurant-at-royal-hometel-suite-dahisar-mumbai,https://youtube.com/@sarovarhotels,404,external
/hotels/royal-hometel-suites-dahisar-mumbai/dining/royal-hometel-suites-dahisar-mumbai-cafe365-at-royal-hometel-suite-dahisar-mumbai,https://youtube.com/@sarovarhotels,404,external
/hotels/royal-kingdom-sarovar-portico-pilibhit/dining/royal-kingdom-sarovar-portico-pilibhit-alfresco,https://youtube.com/@sarovarhotels,404,external
/hotels/royal-kingdom-sarovar-portico-pilibhit/dining/royal-kingdom-sarovar-portico-pilibhit-bar,https://youtube.com/@sarovarhotels,404,external
/hotels/royal-kingdom-sarovar-portico-pilibhit/dining/royal-kingdom-sarovar-portico-pilibhit-coffee-house,https://youtube.com/@sarovarhotels,404,external
/hotels/royal-kingdom-sarovar-portico-pilibhit/dining/royal-kingdom-sarovar-portico-pilibhit-the-hunter-all-day-dining,https://youtube.com/@sarovarhotels,404,external
/hotels/royal-sarovar-portico-siliguri/dining/royal-sarovar-portico-siliguri-chhai-bar-at-royal-sarovar-portico-siliguri,https://youtube.com/@sarovarhotels,404,external
/hotels/royal-tulip-chitwan/dining/royal-tulip-chitwan-forest-flame-authentic-north-asian-and-nepali-grilled-delights,https://youtube.com/@sarovarhotels,404,external
/hotels/royal-sarovar-portico-siliguri/dining/royal-sarovar-portico-siliguri-orchids-at-royal-sarovar-portico-siliguri,https://youtube.com/@sarovarhotels,404,external
/hotels/royal-tulip-chitwan/dining/royal-tulip-chitwan-majhi-ghar-all-day-dining-global-flavours-local-delights,https://youtube.com/@sarovarhotels,404,external
/hotels/royal-tulip-chitwan/dining/royal-tulip-chitwan-tanavi-bar-a-perfect-blend-of-drinks-and-serenity,https://youtube.com/@sarovarhotels,404,external
/hotels/royal-tulip-kathmandu-shivapuri-national-park/dining/royal-tulip-kathmandu-shivapuri-national-park-aairak-bar-your-relaxed-evening-destination,https://youtube.com/@sarovarhotels,404,external
/hotels/royal-tulip-kathmandu-shivapuri-national-park/dining/royal-tulip-kathmandu-shivapuri-national-park-guras-all-day-dining-with-pool-views,https://youtube.com/@sarovarhotels,404,external
/hotels/royal-tulip-kathmandu/dining/royal-tulip-kathmandu-alpine-lounge-bar-sophisticated-sips-in-a-serene-setting,https://youtube.com/@sarovarhotels,404,external
/hotels/royal-tulip-kathmandu/dining/royal-tulip-kathmandu-lalitpur-cafe-global-flavours-and-local-warmth-served-all-day,https://youtube.com/@sarovarhotels,404,external
/hotels/royale-sarovar-portico-agra/dining/royale-sarovar-portico-agra-bamboo-our-bar-in-agra,https://youtube.com/@sarovarhotels,404,external
/hotels/royale-sarovar-portico-agra/dining/royale-sarovar-portico-agra-hibiscus-serving-delicious-food-in-agra,https://youtube.com/@sarovarhotels,404,external
/hotels/rs-sarovar-portico-palampur/dining/rs-sarovar-portico-palampur-360-degree-bar-restaurant-rs-sarovar-portico-hotel-in-palampur,https://youtube.com/@sarovarhotels,404,external
/hotels/rs-sarovar-portico-palampur/dining/rs-sarovar-portico-palampur-dining-rs-sarovar-portico-dharamshala-hotel,https://youtube.com/@sarovarhotels,404,external
/hotels/rs-sarovar-portico-palampur/dining/rs-sarovar-portico-palampur-the-terrace-rs-sarovar-portico-best-hotels-in-palampur,https://youtube.com/@sarovarhotels,404,external
/hotels/sairafort-sarovar-portico-jaisalmer/dining/sairafort-sarovar-portico-jaisalmer-restaurant-at-sairafort-sarovar-portico-jaisalmer,https://youtube.com/@sarovarhotels,404,external
/hotels/sarovar-ahmedabad/dining/sarovar-ahmedabad-celebrations-our-pure-vegetarian-restaurant-in-ahmedabad,https://youtube.com/@sarovarhotels,404,external
/hotels/sarovar-portico-ajmer/dining/sarovar-portico-ajmer-flavours-all-day-dining-offering-the-best-food-in-ajmer,https://youtube.com/@sarovarhotels,404,external
/hotels/sarovar-portico-badrinath-uttarakhand/dining/sarovar-portico-badrinath-uttarakhand-cafe-in-the-park-at-sarovar-portico-badrinath,https://youtube.com/@sarovarhotels,404,external
/hotels/sarovar-portico-badrinath-uttarakhand/dining/sarovar-portico-badrinath-uttarakhand-sarovar-all-day-dining-at-sarovar-portico-badrinath,https://youtube.com/@sarovarhotels,404,external
/hotels/sarovar-portico-bhubaneswar/dining/sarovar-portico-bhubaneswar-bar-lift-your-spirits-in-style,https://youtube.com/@sarovarhotels,404,external
/hotels/sarovar-portico-bhubaneswar/dining/sarovar-portico-bhubaneswar-caffe-your-cosy-coffee-stop,https://youtube.com/@sarovarhotels,404,external
/hotels/sarovar-portico-birgunj/dining/sarovar-portico-birgunj-nest-at-the-top,https://youtube.com/@sarovarhotels,404,external
/hotels/sarovar-portico-bhubaneswar/dining/sarovar-portico-bhubaneswar-spice-brings-every-flavour-to-life,https://youtube.com/@sarovarhotels,404,external
/hotels/sarovar-portico-birgunj/dining/sarovar-portico-birgunj-flavours-all-day-dining,https://youtube.com/@sarovarhotels,404,external
/hotels/sarovar-portico-dehradun/dining/sarovar-portico-dehradun-dining-at-sarovar-portico-dehradun,https://youtube.com/@sarovarhotels,404,external
/hotels/sarovar-portico-gir/dining/sarovar-portico-gir-flavours-pure-vegetarian-kathiyawadi-cuisine,https://youtube.com/@sarovarhotels,404,external
/hotels/sarovar-portico-hanumangarh/dining/sarovar-portico-hanumangarh-bern-raise-a-toast-in-style-at-our-bar,https://youtube.com/@sarovarhotels,404,external
/hotels/sarovar-portico-hanumangarh/dining/sarovar-portico-hanumangarh-bern-all-day-dining-global-flavours-with-local-warmth,https://youtube.com/@sarovarhotels,404,external
/hotels/sarovar-portico-jaipur/dining/sarovar-portico-jaipur-sunset-bar-sarovar-portico-best-hotels-in-jaipur-top-jaipur-hotels,https://youtube.com/@sarovarhotels,404,external
/hotels/sarovar-portico-jaipur/dining/sarovar-portico-jaipur-the-pavillion-at-sarovar-portico-jaipur,https://youtube.com/@sarovarhotels,404,external
/hotels/sarovar-portico-jalandhar/dining/sarovar-portico-jalandhar-cafe-181-sarovar-portico-jalandhar-restaurant-in-jalandhar,https://youtube.com/@sarovarhotels,404,external
/hotels/sarovar-portico-kolkata-rajarhat/dining/sarovar-portico-kolkata-rajarhat-golpo-all-day-dining,https://youtube.com/@sarovarhotels,404,external
/hotels/sarovar-portico-jalandhar/dining/sarovar-portico-jalandhar-the-lounge-sarovar-portico-jalandhar-hotels-in-jalandhar,https://youtube.com/@sarovarhotels,404,external
/hotels/sarovar-portico-morbi/dining/sarovar-portico-morbi-flavours-a-magical-multi-cuisine-restaurant-in-morbi,https://youtube.com/@sarovarhotels,404,external
/hotels/sarovar-portico-naraina-new-delhi/dining/sarovar-portico-naraina-new-delhi-cafe-9-sarovar-portico-naraina-restaurants-in-naraina,https://youtube.com/@sarovarhotels,404,external
/hotels/sarovar-portico-somnath/dining/sarovar-portico-somnath-dining-sarovar-portico-somnath-restaurants-in-somnath,https://youtube.com/@sarovarhotels,404,external
/hotels/sarovar-portico-somnath/dining/sarovar-portico-somnath-the-lounge-sarovar-portico-somnath-restaurants-in-somnath,https://youtube.com/@sarovarhotels,404,external
/hotels/sarovar-portico-sonipat/dining/sarovar-portico-sonipat-unwind-at-chill-bar-the-best-bar-in-sonipat,https://youtube.com/@sarovarhotels,404,external
/hotels/sarovar-portico-sonipat/dining/sarovar-portico-sonipat-fine-dining-at-flavours-our-restaurant-in-sonipat,https://youtube.com/@sarovarhotels,404,external
/hotels/sarovar-portico-srinagar/dining/sarovar-portico-srinagar-tea-time-at-sarovar-portico-srinagar,https://youtube.com/@sarovarhotels,404,external
/hotels/sarovar-portico-srinagar/dining/sarovar-portico-srinagar-delectable-dining-at-our-multi-cuisine-restaurant-in-srinagar,https://youtube.com/@sarovarhotels,404,external
/hotels/sarovar-portico-srinagar/dining/sarovar-portico-srinagar-relish-the-flavours-at-our-rooftop-restaurant-in-srinagar,https://youtube.com/@sarovarhotels,404,external
/hotels/sarovar-portico-sriperumbudur/dining/sarovar-portico-sriperumbudur-chola-lounge-bar-where-cocktails-meet-culture,https://youtube.com/@sarovarhotels,404,external
/hotels/sarovar-portico-sriperumbudur/dining/sarovar-portico-sriperumbudur-spr-kitchen-multi-cuisine-dining-at-its-finest,https://youtube.com/@sarovarhotels,404,external
/hotels/sarovar-portico-surajkund/dining/sarovar-portico-surajkund-on-the-rocks-a-bar-in-surajkund-at-sarovar-portico,https://youtube.com/@sarovarhotels,404,external
/hotels/sarovar-portico-surajkund/dining/sarovar-portico-surajkund-panoramic-restaurant-at-the-sarovar-portico-surajkund,https://youtube.com/@sarovarhotels,404,external
/hotels/sarovar-premiere-alwar/dining/sarovar-premiere-alwar-chill-bar-and-lounge-restobar-in-alwar,https://youtube.com/@sarovarhotels,404,external
/hotels/sarovar-premiere-alwar/dining/sarovar-premiere-alwar-rajputana-all-day-dining-in-alwar,https://youtube.com/@sarovarhotels,404,external
/hotels/sarovar-premiere-jaipur/dining/sarovar-premiere-jaipur-lattice-bar-at-sarovar-premiere-jaipur,https://youtube.com/@sarovarhotels,404,external
/hotels/sarovar-premiere-jaipur/dining/sarovar-premiere-jaipur-in-room-dining-at-sarovar-premiere-jaipur,https://youtube.com/@sarovarhotels,404,external
/hotels/sarovar-premiere-amritsar/dining/sarovar-premiere-amritsar-365-all-day-dining-offering-delicious-food-in-amritsar,https://youtube.com/@sarovarhotels,404,external
/hotels/sarovar-premiere-jaipur/dining/sarovar-premiere-jaipur-terrazzo-multi-cuisine-restaurant-at-sarovar-premiere-jaipur,https://youtube.com/@sarovarhotels,404,external
/hotels/sarovar-premiere-srinagar/dining/sarovar-premiere-srinagar-sulaiman-the-best-rooftop-restaurant-in-srinagar,https://youtube.com/@sarovarhotels,404,external
/hotels/sea-breeze-sarovar-portico-varca-goa/dining/sea-breeze-sarovar-portico-varca-goa-chill-the-bar,https://youtube.com/@sarovarhotels,404,external
/hotels/sea-breeze-sarovar-portico-varca-goa/dining/sea-breeze-sarovar-portico-varca-goa-flavours-all-day-dining,https://youtube.com/@sarovarhotels,404,external
/hotels/serene-premiere-hargeisa/dining/serene-premiere-hargeisa-bake-brew-the-go-to-cafe-in-hargeisa,https://youtube.com/@sarovarhotels,404,external
/hotels/serene-premiere-hargeisa/dining/serene-premiere-hargeisa-savour-flavours-under-the-open-sky-at-mottola,https://youtube.com/@sarovarhotels,404,external
/hotels/serene-premiere-hargeisa/dining/serene-premiere-hargeisa-spa-bev-where-every-sip-is-a-step-toward-wellness,https://youtube.com/@sarovarhotels,404,external
/hotels/serene-premiere-hargeisa/dining/serene-premiere-hargeisa-pdr-intimate-meals-lasting-memories,https://youtube.com/@sarovarhotels,404,external
/hotels/serene-premiere-hargeisa/dining/serene-premiere-hargeisa-vip-lounge-fine-dining-for-the-whole-family,https://youtube.com/@sarovarhotels,404,external
/hotels/serene-premiere-hargeisa/dining/serene-premiere-hargeisa-zataar-where-global-dishes-meet-local-delicacies,https://youtube.com/@sarovarhotels,404,external
/hotels/shravanthi-sarovar-portico-bengaluru/dining/shravanthi-sarovar-portico-bengaluru-flavours-the-coffee-shop-at-shravanthi-sarovar-portico-bengaluru,https://youtube.com/@sarovarhotels,404,external
/hotels/shravanthi-sarovar-portico-bengaluru/dining/shravanthi-sarovar-portico-bengaluru-turquoise-the-bar-for-every-occasion,https://youtube.com/@sarovarhotels,404,external
/hotels/shyama-sarovar-portico-orai/dining/shyama-sarovar-portico-orai-flavoursome-delicacies-at-our-restaurant-in-orai,https://youtube.com/@sarovarhotels,404,external
/hotels/singhania-sarovar-portico-raipur/dining/singhania-sarovar-portico-raipur-flavours-all-day-dining-at-singhania-sarovar-portico-raipur,https://youtube.com/@sarovarhotels,404,external
/hotels/singhania-sarovar-portico-raipur/dining/singhania-sarovar-portico-raipur-geoffrey-s-the-pub-at-singhania-sarovar-portico-raipur,https://youtube.com/@sarovarhotels,404,external
/hotels/singhania-sarovar-portico-raipur/dining/singhania-sarovar-portico-raipur-in-room-dining-at-singhania-sarovar-portico-raipur,https://youtube.com/@sarovarhotels,404,external
/hotels/skywings-sarovar-portico-mathura/dining/skywings-sarovar-portico-mathura-chill-bar-raise-a-glass-to-good-times,https://youtube.com/@sarovarhotels,404,external
/hotels/sobit-sarovar-portico-palolem-beach-hotel-goa/dining/sobit-sarovar-portico-palolem-beach-hotel-goa-sumptuous-dining-at-sobit-sarovar-portico-goa,https://youtube.com/@sarovarhotels,404,external
/hotels/skywings-sarovar-portico-mathura/dining/skywings-sarovar-portico-mathura-experience-dining-in-mathura-at-flavours,https://youtube.com/@sarovarhotels,404,external
/hotels/taurus-hotel-mahipalpur-new-delhi/dining/taurus-hotel-mahipalpur-new-delhi-alfa-63-at-taurus-sarovar-portico-new-delhi,https://youtube.com/@sarovarhotels,404,external
/hotels/taurus-hotel-mahipalpur-new-delhi/dining/taurus-hotel-mahipalpur-new-delhi-delhi-barbeque-at-taurus-sarovar-portico-new-delhi-near-igi-airport,https://youtube.com/@sarovarhotels,404,external
/hotels/the-ashtan-sarovar-portico-new-delhi/dining/the-ashtan-sarovar-portico-new-delhi-twenty-ten-fine-dining-restaurant-in-delhi-at-the-ashton-sarovar-portico,https://youtube.com/@sarovarhotels,404,external
/hotels/the-gaurs-sarovar-premiere/dining/the-gaurs-sarovar-premiere-flavours-one-of-the-best-coffee-shops-in-greater-noida,https://youtube.com/@sarovarhotels,404,external
/hotels/the-gaurs-sarovar-premiere/dining/the-gaurs-sarovar-premiere-liiquidz-a-casual-bar-in-greater-noida,https://youtube.com/@sarovarhotels,404,external
/hotels/the-gokulam-park-kochi/dining/the-gokulam-park-kochi-la-boulangerie-at-the-gokulam-park-kochi,https://youtube.com/@sarovarhotels,404,external
/hotels/the-gokulam-park-kochi/dining/the-gokulam-park-kochi-champs-bar-at-the-gokulam-park-kochi,https://youtube.com/@sarovarhotels,404,external
/hotels/the-gokulam-park-kochi/dining/the-gokulam-park-kochi-periyar-restaurant-at-the-gokulam-park-kaloor-kochi,https://youtube.com/@sarovarhotels,404,external
/hotels/the-heron-portico-nairobi/dining/the-heron-portico-nairobi-bashasha-at-the-heron-by-sarovar-portico-india-nairobi,https://youtube.com/@sarovarhotels,404,external
/hotels/the-heron-portico-nairobi/dining/the-heron-portico-nairobi-casbah-steak-house-bar-at-the-heron-by-sarovar-portico-india-nairobi,https://youtube.com/@sarovarhotels,404,external
/hotels/the-heron-portico-nairobi/dining/the-heron-portico-nairobi-sirocco-aqua-bar-at-the-heron-by-sarovar-portico-india-nairobi,https://youtube.com/@sarovarhotels,404,external
/hotels/the-muse-sarovar-portico-nehru-place-new-delhi/dining/the-muse-sarovar-portico-nehru-place-new-delhi-restaurant-at-the-muse-sarovar-portico-nehru-place-new-delhi,https://youtube.com/@sarovarhotels,404,external
/hotels/the-promenade-pondicherry/dining/the-promenade-pondicherry-bay-of-buddha-rooftop-restaurant-in-pondicherry,https://youtube.com/@sarovarhotels,404,external
/hotels/the-promenade-pondicherry/dining/the-promenade-pondicherry-risque-at-the-promenade-pondicherry,https://youtube.com/@sarovarhotels,404,external
/hotels/the-promenade-pondicherry/dining/the-promenade-pondicherry-blueline-restaurant-at-the-promenade-pondicherry,https://youtube.com/@sarovarhotels,404,external
/hotels/the-promenade-pondicherry/dining/the-promenade-pondicherry-the-storyteller-s-bar-a-uniquely-conceptualized-bar-in-pondicherry,https://youtube.com/@sarovarhotels,404,external
/hotels/tulip-inn-bhopal/dining/tulip-inn-bhopal-sip-and-unwind-at-l-atelier,https://youtube.com/@sarovarhotels,404,external
/hotels/tulip-inn-bhopal/dining/tulip-inn-bhopal-dining-delights-await-at-our-restaurant-in-bhopal,https://youtube.com/@sarovarhotels,404,external
/hotels/the-promenade-pondicherry/dining/the-promenade-pondicherry-wildfish-bistro-at-the-promenade-pondicherry,https://youtube.com/@sarovarhotels,404,external
/hotels/tulip-inn-koramangala/dining/tulip-inn-koramangala-scrumptious-delicacies-at-altar-restaurant,https://youtube.com/@sarovarhotels,404,external
/hotels/tulip-inn-koramangala/dining/tulip-inn-koramangala-a-diverse-range-of-concoctions-at-sage-bar,https://youtube.com/@sarovarhotels,404,external
/hotels/tulip-inn-zirakpur/dining/tulip-inn-zirakpur-whistler-cafe-bar-the-best-restaurant-in-zirakpur,https://youtube.com/@sarovarhotels,404,external
/hotels/v-sarovar-portico-mi-road-jaipur/dining/v-sarovar-portico-mi-road-jaipur-flavours-at-v-sarovar-portico-mi-road-jaipur,https://youtube.com/@sarovarhotels,404,external
/hotels/v-sarovar-portico-mi-road-jaipur/dining/v-sarovar-portico-mi-road-jaipur-jharokha-at-v-sarovar-portico-mi-road-jaipur,https://youtube.com/@sarovarhotels,404,external
/hotels/vandhara-sarovar-premiere-patkote/dining/vandhara-sarovar-premiere-patkote-brahmkamal-relish-the-nuances-of-the-kumaoni-flavours,https://youtube.com/@sarovarhotels,404,external
/hotels/venizia-sarovar-portico-in-new-delhi/dining/venizia-sarovar-portico-in-new-delhi-dining-at-flavours-our-in-house-restaurant-in-new-delhi,https://youtube.com/@sarovarhotels,404,external
/hotels/viraj-sarovar-portico-jammu/dining/viraj-sarovar-portico-jammu-terrace-grill-at-the-viraj-sarovar-portico-jammu,https://youtube.com/@sarovarhotels,404,external
/hotels/viraj-sarovar-portico-jammu/dining/viraj-sarovar-portico-jammu-flavours-coffee-shop-at-viraj-sarovar-portico-jammu,https://youtube.com/@sarovarhotels,404,external
/hotels/viraj-sarovar-portico-jammu/dining/viraj-sarovar-portico-jammu-zing-bar-at-the-viraj-sarovar-portico-jammu,https://youtube.com/@sarovarhotels,404,external
/hotels/sarovar-premiere-delhi/banquets/grand-ballroom-sarovar-premiere-delhi,https://youtube.com/@sarovarhotels,404,external
/hotels/sarovar-premiere-delhi/banquets/conference-hall-sarovar-premiere-delhi,https://youtube.com/@sarovarhotels,404,external
/hotels/sarovar-portico-jaipur/banquets/grand-ballroom-sarovar-portico-jaipur,https://youtube.com/@sarovarhotels,404,external
/hotels/sarovar-portico-jaipur/banquets/conference-hall-sarovar-portico-jaipur,https://youtube.com/@sarovarhotels,404,external
/hotels/sarovar-premiere-goa-beach-resort/banquets/conference-hall-sarovar-premiere-goa-beach-resort,https://youtube.com/@sarovarhotels,404,external
/hotels/sarovar-premiere-goa-beach-resort/banquets/grand-ballroom-sarovar-premiere-goa-beach-resort,https://youtube.com/@sarovarhotels,404,external
/hotels/sarovar-portico-mumbai/banquets/grand-ballroom-sarovar-portico-mumbai,https://youtube.com/@sarovarhotels,404,external
/hotels/sarovar-portico-mumbai/banquets/conference-hall-sarovar-portico-mumbai,https://youtube.com/@sarovarhotels,404,external
/hotels/sarovar-regency-shimla/banquets/grand-ballroom-sarovar-regency-shimla,https://youtube.com/@sarovarhotels,404,external
/hotels/sarovar-regency-shimla/banquets/conference-hall-sarovar-regency-shimla,https://youtube.com/@sarovarhotels,404,external
/hotels/sarovar-regency-rishikesh/banquets/grand-ballroom-sarovar-regency-rishikesh,https://youtube.com/@sarovarhotels,404,external
/hotels/sarovar-regency-rishikesh/banquets/conference-hall-sarovar-regency-rishikesh,https://youtube.com/@sarovarhotels,404,external
/hotels/sarovar-portico-delhi-aerocity/banquets/grand-ballroom-sarovar-portico-delhi-aerocity,https://youtube.com/@sarovarhotels,404,external
/hotels/sarovar-portico-delhi-aerocity/banquets/conference-hall-sarovar-portico-delhi-aerocity,https://youtube.com/@sarovarhotels,404,external
/hotels/sarovar-premiere-jaipur-heritage/banquets/grand-ballroom-sarovar-premiere-jaipur-heritage,https://youtube.com/@sarovarhotels,404,external
/hotels/sarovar-premiere-jaipur-heritage/banquets/conference-hall-sarovar-premiere-jaipur-heritage,https://youtube.com/@sarovarhotels,404,external
/hotels/abn-sarovar-portico-jim-corbett/banquets/abn-sarovar-portico-jim-corbett-clove,https://youtube.com/@sarovarhotels,404,external
/hotels/abn-sarovar-portico-jim-corbett/banquets/abn-sarovar-portico-jim-corbett-lawn,https://youtube.com/@sarovarhotels,404,external
/hotels/ambar-sarovar-portico-gandhidham-hotel/banquets/ambar-sarovar-portico-gandhidham-hotel-meetings-events-at-ambar-sarovar-portico-gandhidham,https://youtube.com/@sarovarhotels,404,external
/hotels/abn-sarovar-portico-jim-corbett/banquets/abn-sarovar-portico-jim-corbett-saffron,https://youtube.com/@sarovarhotels,404,external
/hotels/aditya-hometel-hyderabad/banquets/aditya-hometel-hyderabad-meetings-events-at-aditya-hometel-hyderabad,https://youtube.com/@sarovarhotels,404,external
/hotels/balaji-sarovar-premiere-solapur/banquets/balaji-sarovar-premiere-solapur-meetings-events-at-balaji-sarovar-premiere-solapur,https://youtube.com/@sarovarhotels,404,external
/hotels/bamus-sarovar-portico-kampala/banquets/bamus-sarovar-portico-kampala-amber-a-space-for-focus-and-finesse,https://youtube.com/@sarovarhotels,404,external
/hotels/bamus-sarovar-portico-kampala/banquets/bamus-sarovar-portico-kampala-emerald-focused-flawless-events-in-flexible-spaces,https://youtube.com/@sarovarhotels,404,external
/hotels/bamus-sarovar-portico-kampala/banquets/bamus-sarovar-portico-kampala-opal-make-your-events-sparkle,https://youtube.com/@sarovarhotels,404,external
/hotels/bamus-sarovar-portico-kampala/banquets/bamus-sarovar-portico-kampala-ruby-a-sophisticated-space-for-gatherings-business,https://youtube.com/@sarovarhotels,404,external
/hotels/bamus-sarovar-portico-kampala/banquets/bamus-sarovar-portico-kampala-sapphire-versatility-meets-sophistication,https://youtube.com/@sarovarhotels,404,external
/hotels/bamus-sarovar-portico-kampala/banquets/bamus-sarovar-portico-kampala-shine-bright-at-solitaire,https://youtube.com/@sarovarhotels,404,external
/hotels/bamus-sarovar-portico-kampala/banquets/bamus-sarovar-portico-kampala-topaz-sophisticated-space-for-seamless-gatherings,https://youtube.com/@sarovarhotels,404,external
/hotels/classic-sarovar-portico-thiruvananthapuram/banquets/classic-sarovar-portico-thiruvananthapuram-meetings-events-at-classic-sarovar-portico-thiruvananthapuram,https://youtube.com/@sarovarhotels,404,external
/hotels/davanam-sarovar-portico-suites-bangalore/banquets/davanam-sarovar-portico-suites-bangalore-meetings-events-at-davanam-sarovar-portico-suites-bangalore,https://youtube.com/@sarovarhotels,404,external
/hotels/delite-sarovar-portico-faridabad/banquets/delite-sarovar-portico-faridabad-classic-hall-at-delite-sarovar-portico-faridabad,https://youtube.com/@sarovarhotels,404,external
/hotels/delite-sarovar-portico-faridabad/banquets/delite-sarovar-portico-faridabad-imperial-hall-i-at-delite-sarovar-portico-faridabad,https://youtube.com/@sarovarhotels,404,external
/hotels/delite-sarovar-portico-faridabad/banquets/delite-sarovar-portico-faridabad-imperial-hall-ii-at-delite-sarovar-portico-faridabad,https://youtube.com/@sarovarhotels,404,external
/hotels/delite-sarovar-portico-faridabad/banquets/delite-sarovar-portico-faridabad-royal-hall-at-delite-sarovar-portico-faridabad,https://youtube.com/@sarovarhotels,404,external
/hotels/deventure-sarovar-portico--kapashera-new-delhi/banquets/deventure-sarovar-portico-kapashera-new-delhi-meetings-events-at-deventure-sarovar-portico-kapashera-new-delhi,https://youtube.com/@sarovarhotels,404,external
/hotels/estuary-sarovar-Premiere-poovar/banquets/estuary-sarovar-premiere-poovar-banquet-halls-at-estuary-sarovar-premiere-poovar-island,https://youtube.com/@sarovarhotels,404,external
/hotels/estuary-sarovar-Premiere-poovar/banquets/estuary-sarovar-premiere-poovar-board-rooms-at-estuary-sarovar-premiere-poovar-island,https://youtube.com/@sarovarhotels,404,external
/hotels/geeta-sarovar-portico-hotels-panipat/banquets/geeta-sarovar-portico-hotels-panipat-crystal-a-banquet-hall-at-geeta-sarovar-portico-panipat,https://youtube.com/@sarovarhotels,404,external
/hotels/geeta-sarovar-portico-hotels-panipat/banquets/geeta-sarovar-portico-hotels-panipat-regal-a-banquet-hall-at-geeta-sarovar-portico-panipat,https://youtube.com/@sarovarhotels,404,external
/hotels/geeta-sarovar-portico-hotels-panipat/banquets/geeta-sarovar-portico-hotels-panipat-imperial-a-banquet-hall-at-geeta-sarovar-portico-panipat,https://youtube.com/@sarovarhotels,404,external
/hotels/golden-sarovar-portico-amritsar/banquets/golden-sarovar-portico-amritsar-meetings-events-at-golden-sarovar-portico-amritsar,https://youtube.com/@sarovarhotels,404,external
/hotels/golden-tulip-agra/banquets/golden-tulip-agra-royale-ballroom-an-elegant-and-versatile-ballroom-in-agra,https://youtube.com/@sarovarhotels,404,external
/hotels/golden-tulip-agra/banquets/golden-tulip-agra-elevate-your-meetings-and-intimate-gatherings-at-royale-house,https://youtube.com/@sarovarhotels,404,external
/hotels/golden-tulip-agra/banquets/golden-tulip-agra-royale-park-the-perfect-open-air-lawn-for-your-elegant-events-in-agra,https://youtube.com/@sarovarhotels,404,external
/hotels/golden-tulip-candolim-goa/banquets/golden-tulip-candolim-goa-senate-i-crafted-for-celebrations-of-every-scale,https://youtube.com/@sarovarhotels,404,external
/hotels/golden-tulip-bhopal/banquets/golden-tulip-bhopal-summit-cherish-your-celebrations,https://youtube.com/@sarovarhotels,404,external
/hotels/golden-tulip-candolim-goa/banquets/golden-tulip-candolim-goa-senate-ii-smartly-sized-fully-equipped,https://youtube.com/@sarovarhotels,404,external
/hotels/golden-tulip-goa-mandrem/banquets/golden-tulip-goa-mandrem-the-grandeur-where-celebrations-shine-brighter,https://youtube.com/@sarovarhotels,404,external
/hotels/golden-tulip-hari-nagar/banquets/golden-tulip-hari-nagar-board-room-i,https://youtube.com/@sarovarhotels,404,external
/hotels/golden-tulip-hari-nagar/banquets/golden-tulip-hari-nagar-board-room-ii,https://youtube.com/@sarovarhotels,404,external
/hotels/golden-tulip-hari-nagar/banquets/golden-tulip-hari-nagar-imperial-i,https://youtube.com/@sarovarhotels,404,external
/hotels/golden-tulip-hari-nagar/banquets/golden-tulip-hari-nagar-imperial-iii,https://youtube.com/@sarovarhotels,404,external
/hotels/golden-tulip-hari-nagar/banquets/golden-tulip-hari-nagar-imperial-iv,https://youtube.com/@sarovarhotels,404,external
/hotels/golden-tulip-hari-nagar/banquets/golden-tulip-hari-nagar-imperial-ii,https://youtube.com/@sarovarhotels,404,external
/hotels/golden-tulip-hari-nagar/banquets/golden-tulip-hari-nagar-imperial-v,https://youtube.com/@sarovarhotels,404,external
/hotels/golden-tulip-hotel-in-jaipur/banquets/golden-tulip-hotel-in-jaipur-durbar-hall-at-golden-tulip-jaipur-city-center,https://youtube.com/@sarovarhotels,404,external
/hotels/golden-tulip-hotel-in-jaipur/banquets/golden-tulip-hotel-in-jaipur-meeting-room-at-golden-tulip-jaipur-city-center,https://youtube.com/@sarovarhotels,404,external
/hotels/golden-tulip-hotel-in-jaipur/banquets/golden-tulip-hotel-in-jaipur-maharaja-hall-at-golden-tulip-jaipur-city-center,https://youtube.com/@sarovarhotels,404,external
/hotels/golden-tulip-hotel-in-jaipur/banquets/golden-tulip-hotel-in-jaipur-maharani-hall-at-golden-tulip-jaipur-city-center,https://youtube.com/@sarovarhotels,404,external
/hotels/golden-tulip-hotel-in-jaipur/banquets/golden-tulip-hotel-in-jaipur-mehfil-hall-at-golden-tulip-jaipur-city-center,https://youtube.com/@sarovarhotels,404,external
/hotels/golden-tulip-hotel-in-jaipur/banquets/golden-tulip-hotel-in-jaipur-rajputana-hall-at-golden-tulip-jaipur-city-center,https://youtube.com/@sarovarhotels,404,external
/hotels/golden-tulip-hotel-in-jaipur/banquets/golden-tulip-hotel-in-jaipur-training-room-at-golden-tulip-jaipur-city-center,https://youtube.com/@sarovarhotels,404,external
/hotels/golden-tulip-jalandhar/banquets/golden-tulip-jalandhar-celebrate-your-achievements-in-style,https://youtube.com/@sarovarhotels,404,external
/hotels/golden-tulip-jalandhar/banquets/golden-tulip-jalandhar-create-indelible-memories-in-our-party-halls,https://youtube.com/@sarovarhotels,404,external
/hotels/golden-tulip-jalandhar/banquets/golden-tulip-jalandhar-memorable-celebrations-befitting-memorable-milestones,https://youtube.com/@sarovarhotels,404,external
/hotels/golden-tulip-jalandhar/banquets/golden-tulip-jalandhar-seminars-and-conferences-in-jalandhar,https://youtube.com/@sarovarhotels,404,external
/hotels/golden-tulip-jalandhar/banquets/golden-tulip-jalandhar-unforgettable-weddings-in-jalandhar,https://youtube.com/@sarovarhotels,404,external
/hotels/golden-tulip-kukas-jaipur/banquets/golden-tulip-kukas-jaipur-boardroom-professional-space-for-executive-discussions,https://youtube.com/@sarovarhotels,404,external
/hotels/golden-tulip-kukas-jaipur/banquets/golden-tulip-kukas-jaipur-grand-ballroom-a-flexible-venue-for-every-occasion,https://youtube.com/@sarovarhotels,404,external
/hotels/golden-tulip-kukas-jaipur/banquets/golden-tulip-kukas-jaipur-lawn-celebrate-under-open-skies,https://youtube.com/@sarovarhotels,404,external
/hotels/golden-tulip-kukas-jaipur/banquets/golden-tulip-kukas-jaipur-royal-ballroom-where-large-celebrations-come-together,https://youtube.com/@sarovarhotels,404,external
/hotels/golden-tulip-lucknow/banquets/golden-tulip-lucknow-meetings-events-at-golden-tulip-lucknow,https://youtube.com/@sarovarhotels,404,external
/hotels/golden-tulip-tirupati/banquets/golden-tulip-tirupati-grand-ball-room-cherish-celebrations,https://youtube.com/@sarovarhotels,404,external
/hotels/golden-tulip-srinagar/banquets/golden-tulip-srinagar-meetings-events-at-golden-tulip-srinagar,https://youtube.com/@sarovarhotels,404,external
/hotels/golden-tulip-udaipur/banquets/golden-tulip-udaipur-ballroom-the-perfect-event-venue-in-udaipur,https://youtube.com/@sarovarhotels,404,external
/hotels/golden-tulip-udaipur/banquets/golden-tulip-udaipur-gardens-an-expansive-outdoor-event-venue-in-udaipur,https://youtube.com/@sarovarhotels,404,external
/hotels/golden-tulip-udaipur/banquets/golden-tulip-udaipur-silver-room-a-versatile-party-hall-in-udaipur,https://youtube.com/@sarovarhotels,404,external
/hotels/grand-continent-anjuna/banquets/grand-continent-anjuna-meetings-events-at-grand-continent-anjuna-a-sarovar-portico-affiliate-hotel,https://youtube.com/@sarovarhotels,404,external
/hotels/grand-continent-hosur/banquets/grand-continent-hosur-memorable-events-at-grand-continental-hosur,https://youtube.com/@sarovarhotels,404,external
/hotels/grand-continent-mahabalipuram/banquets/grand-continent-mahabalipuram-boardroom-in-mahabalipuram,https://youtube.com/@sarovarhotels,404,external
/hotels/grand-continent-mahabalipuram/banquets/grand-continent-mahabalipuram-mandapa-the-ballroom-banquet-hall-in-mahabalipuram,https://youtube.com/@sarovarhotels,404,external
/hotels/grand-continent-malleshwaram-bangalore/banquets/grand-continent-malleshwaram-bangalore-a-grand-banquet-hall-in-malleshwaram,https://youtube.com/@sarovarhotels,404,external
/hotels/grand-continent-mahabalipuram/banquets/grand-continent-mahabalipuram-rathas-the-open-lawn-outdoor-event-venue-in-mahabalipuram,https://youtube.com/@sarovarhotels,404,external
/hotels/grand-portico-hotel-in-latur/banquets/grand-portico-hotel-in-latur-meetings-events-at-grand-sarovar-portico-latur,https://youtube.com/@sarovarhotels,404,external
/hotels/hometel-chandigarh/banquets/hometel-chandigarh-wedding-packages-at-hometel-chandigarh,https://youtube.com/@sarovarhotels,404,external
/hotels/hometel-chandigarh/banquets/hometel-chandigarh-meetings-events-at-hometel-chandigarh,https://youtube.com/@sarovarhotels,404,external
/hotels/hrj-sarovar-portico-indore/banquets/hrj-sarovar-portico-indore-host-majestic-events-in-indore-at-sarovar-portico,https://youtube.com/@sarovarhotels,404,external
/hotels/iris-sarovar-portico-gurugram/banquets/iris-sarovar-portico-gurugram-elevate-your-celebrations-at-senate,https://youtube.com/@sarovarhotels,404,external
/hotels/ishaan-sarovar-portico-deoghar/banquets/ishaan-sarovar-portico-deoghar-aamantran-banquet-hall-in-deoghar,https://youtube.com/@sarovarhotels,404,external
/hotels/ishaan-sarovar-portico-deoghar/banquets/ishaan-sarovar-portico-deoghar-aarambh-party-hall-in-deoghar,https://youtube.com/@sarovarhotels,404,external
/hotels/ishaan-sarovar-portico-deoghar/banquets/ishaan-sarovar-portico-deoghar-abhinandan-marriage-hall-in-deoghar,https://youtube.com/@sarovarhotels,404,external
/hotels/kpg-sarovar-portico-raj-nagar-extension-ghaziabad/banquets/kpg-sarovar-portico-raj-nagar-extension-ghaziabad-sapphire-ballroom-designed-for-conferences-and-celebrations-alike,https://youtube.com/@sarovarhotels,404,external
/hotels/kpg-sarovar-portico-raj-nagar-extension-ghaziabad/banquets/kpg-sarovar-portico-raj-nagar-extension-ghaziabad-solitaire-host-elegant-events-in-a-scenic-setting,https://youtube.com/@sarovarhotels,404,external
/hotels/kpg-sarovar-portico-raj-nagar-extension-ghaziabad/banquets/kpg-sarovar-portico-raj-nagar-extension-ghaziabad-emerald-a-creative-conference-room-for-inspired-gatherings,https://youtube.com/@sarovarhotels,404,external
/hotels/la-place-sarovar-portico-lucknow/banquets/la-place-sarovar-portico-lucknow-meetings-events-at-la-place-sarovar-portico-lucknow,https://youtube.com/@sarovarhotels,404,external
/hotels/madhuban-sarovar-portico-mussorie/banquets/madhuban-sarovar-portico-mussorie-meetings-events-at-hotel-madhubhan-sarovar-portico-mussoorie,https://youtube.com/@sarovarhotels,404,external
/hotels/mahagun-sarovar-portico-suites-vaishali/banquets/mahagun-sarovar-portico-suites-vaishali-meetings-events-at-mahagun-sarovar-portico-suites-vaishali,https://youtube.com/@sarovarhotels,404,external
/hotels/majestic-court-sarovar-portico-navi-mumbai/banquets/majestic-court-sarovar-portico-navi-mumbai-banquet-and-conference-hall-in-navi-mumbai,https://youtube.com/@sarovarhotels,404,external
/hotels/marasa-sarovar-premiere-tirupati-hotels/banquets/marasa-sarovar-premiere-tirupati-hotels-meetings-events-at-marasa-sarovar-premiere-a-5-star-hotel-in-tirupati,https://youtube.com/@sarovarhotels,404,external
/hotels/marigold-sarovar-portico-mashobra-shimla/banquets/marigold-sarovar-portico-mashobra-shimla-meetings-and-banquet-halls-in-mashobra-at-marigold-sarovar-portico,https://youtube.com/@sarovarhotels,404,external
/hotels/marine-plaza-mumbai/banquets/marine-plaza-mumbai-meetings-events-at-hotel-marine-plaza-mumbai,https://youtube.com/@sarovarhotels,404,external
/hotels/mj-sarovar-portico-haridwar/banquets/mj-sarovar-portico-haridwar-sampark-your-go-to-venue-for-cosy-celebrations,https://youtube.com/@sarovarhotels,404,external
/hotels/mj-sarovar-portico-haridwar/banquets/mj-sarovar-portico-haridwar-sanjog-elevate-your-events-in-haridwar-to-new-heights,https://youtube.com/@sarovarhotels,404,external
/hotels/mj-sarovar-portico-haridwar/banquets/mj-sarovar-portico-haridwar-sangeet-the-ideal-destination-for-grand-events-in-haridwar,https://youtube.com/@sarovarhotels,404,external
/hotels/mj-sarovar-portico-haridwar/banquets/mj-sarovar-portico-haridwar-sargam-where-grand-indoors-meet-open-skies,https://youtube.com/@sarovarhotels,404,external
/hotels/mukundra-sarovar-premiere-kota/banquets/mukundra-sarovar-premiere-kota-aangan-courtyard-mandap-for-your-forever-promises,https://youtube.com/@sarovarhotels,404,external
/hotels/mukundra-sarovar-premiere-kota/banquets/mukundra-sarovar-premiere-kota-darbar-refined-boardroom-for-impactful-meetings,https://youtube.com/@sarovarhotels,404,external
/hotels/mukundra-sarovar-premiere-kota/banquets/mukundra-sarovar-premiere-kota-gajanand-vanah-special-lawn-for-joyful-social-gatherings,https://youtube.com/@sarovarhotels,404,external
/hotels/mukundra-sarovar-premiere-kota/banquets/mukundra-sarovar-premiere-kota-neelkanth-vatika-grand-open-air-lawn-for-spectacular-celebrations,https://youtube.com/@sarovarhotels,404,external
/hotels/mukundra-sarovar-premiere-kota/banquets/mukundra-sarovar-premiere-kota-rajwada-versatile-banquet-space-for-every-occasion,https://youtube.com/@sarovarhotels,404,external
/hotels/mukundra-sarovar-premiere-kota/banquets/mukundra-sarovar-premiere-kota-utsav-contemporary-indoor-venue-for-seamless-conferences,https://youtube.com/@sarovarhotels,404,external
/hotels/mukundra-sarovar-premiere-kota/banquets/mukundra-sarovar-premiere-kota-virasat-banquet-hall-inspired-by-heritage-for-intimate-celebrations,https://youtube.com/@sarovarhotels,404,external
/hotels/naturevilas-portico-manali/banquets/naturevilas-portico-manali-plan-sophisticated-meetings-events-in-manali,https://youtube.com/@sarovarhotels,404,external
/hotels/neelkanth-sarovar-premiere-lusaka/banquets/neelkanth-sarovar-premiere-lusaka-banquets-conferences-at-neelkanth-sarovar-premiere-lusaka,https://youtube.com/@sarovarhotels,404,external
/hotels/nidhivan-sarovar-portico-vrindavan/banquets/nidhivan-sarovar-portico-vrindavan-meetings-events-at-nidhivan-sarovar-portico-vrindavan,https://youtube.com/@sarovarhotels,404,external
/hotels/nirwana-hometel-jaipur-sarovar/banquets/nirwana-hometel-jaipur-sarovar-meetings-events-at-nirwana-hometel-best-banqquet-halls-in-jaipur,https://youtube.com/@sarovarhotels,404,external
/hotels/park-inn-gurgaon/banquets/park-inn-gurgaon-meetings-events-at-park-inn-gurgaon-banquet-halls-in-gurgaon,https://youtube.com/@sarovarhotels,404,external
/hotels/park-plaza-faridabad/banquets/park-plaza-faridabad-meetings-events-at-park-plaza-faridabad-by-the-radisson-hotel-group-managed-by-sarovar-hotels,https://youtube.com/@sarovarhotels,404,external
/hotels/park-plaza-jalandhar/banquets/park-plaza-jalandhar-imperial-i-party-hall-in-jalandhar,https://youtube.com/@sarovarhotels,404,external
/hotels/park-plaza-jalandhar/banquets/park-plaza-jalandhar-imperial-ii-event-venue-in-jalandhar,https://youtube.com/@sarovarhotels,404,external
/hotels/park-plaza-jalandhar/banquets/park-plaza-jalandhar-imperial-banquet-hall-in-jalandhar,https://youtube.com/@sarovarhotels,404,external
/hotels/park-plaza-jalandhar/banquets/park-plaza-jalandhar-senate-meeting-room-in-jalandhar,https://youtube.com/@sarovarhotels,404,external
/hotels/park-plaza-jodhpur/banquets/park-plaza-jodhpur-meetings-events-at-park-plaza-jodhpur-by-the-radisson-hotel-group-managed-by-sarovar-hotels,https://youtube.com/@sarovarhotels,404,external
/hotels/park-plaza-ludhiana/banquets/park-plaza-ludhiana-meetings-events-at-park-plaza-ludhiana-by-the-radisson-hotel-group-managed-by-sarovar-hotels,https://youtube.com/@sarovarhotels,404,external
/hotels/park-plaza-shahadra--east-delhi/banquets/park-plaza-shahadra-east-delhi-meetings-events-at-park-plaza-shahadra-east-delhi-radisson-hotel-group-managed-by-sarovar-hotels,https://youtube.com/@sarovarhotels,404,external
/hotels/prachi-sarovar-premiere-bhubaneswar/banquets/prachi-sarovar-premiere-bhubaneswar-crystal-ballroom-i-sparkling-spaces-for-spectacular-gatherings,https://youtube.com/@sarovarhotels,404,external
/hotels/prachi-sarovar-premiere-bhubaneswar/banquets/prachi-sarovar-premiere-bhubaneswar-crystal-ballroom-where-grand-events-unfold,https://youtube.com/@sarovarhotels,404,external
/hotels/prachi-sarovar-premiere-bhubaneswar/banquets/prachi-sarovar-premiere-bhubaneswar-crystal-ballroom-ii-polished-spaces-for-picture-perfect-gatherings,https://youtube.com/@sarovarhotels,404,external
/hotels/prachi-sarovar-premiere-bhubaneswar/banquets/prachi-sarovar-premiere-bhubaneswar-crystal-lawn-ii-your-perfectly-celebratory-outdoor-lawn,https://youtube.com/@sarovarhotels,404,external
/hotels/prachi-sarovar-premiere-bhubaneswar/banquets/prachi-sarovar-premiere-bhubaneswar-crystal-lawn-i-charm-meets-the-open-air-lawn,https://youtube.com/@sarovarhotels,404,external
/hotels/prachi-sarovar-premiere-bhubaneswar/banquets/prachi-sarovar-premiere-bhubaneswar-crystal-lawn-event-lawn-where-the-sky-joins-in,https://youtube.com/@sarovarhotels,404,external
/hotels/radha-hometel-bangalore/banquets/radha-hometel-bangalore-meetings-events-at-radha-hometel-bangalore,https://youtube.com/@sarovarhotels,404,external
/hotels/pushkara-portico-hotel-in-dibrugarh/banquets/pushkara-portico-hotel-in-dibrugarh-banquets-conferences-at-pushkara-sarovar-portico,https://youtube.com/@sarovarhotels,404,external
/hotels/prachi-sarovar-premiere-bhubaneswar/banquets/prachi-sarovar-premiere-bhubaneswar-crystal-room-where-decisions-are-made,https://youtube.com/@sarovarhotels,404,external
/hotels/radisson-hyderabad--hitec/banquets/radisson-hyderabad-hitec-meetings-events-at-radisson-hyderabad-hitec-by-the-radisson-hotel-group-managed-by-sarovar-hotels,https://youtube.com/@sarovarhotels,404,external
/hotels/radisson-mumbai-goregaon/banquets/radisson-mumbai-goregaon-meetings-events-at-radisson-mumbai-goregaon-by-the-radisson-hotel-group-managed-by-sarovar-hotels,https://youtube.com/@sarovarhotels,404,external
/hotels/rbd-sarovar-portico-outer-ring-road-bengaluru/banquets/rbd-sarovar-portico-outer-ring-road-bengaluru-crystal-palace-at-rbd-sarovar-portico-outer-ring-road-bengaluru,https://youtube.com/@sarovarhotels,404,external
/hotels/riviera-sarovar-portico-pathankot/banquets/riviera-sarovar-portico-pathankot-sapphire-i-versatile-mid-sized-venue-for-gatherings,https://youtube.com/@sarovarhotels,404,external
/hotels/riviera-sarovar-portico-pathankot/banquets/riviera-sarovar-portico-pathankot-sapphire-ii-elegant-space-for-social-corporate-events,https://youtube.com/@sarovarhotels,404,external
/hotels/riviera-sarovar-portico-pathankot/banquets/riviera-sarovar-portico-pathankot-sapphire-where-grand-celebrations-take-centre-stage,https://youtube.com/@sarovarhotels,404,external
/hotels/royal-hometel-suites-dahisar-mumbai/banquets/royal-hometel-suites-dahisar-mumbai-meetings-events-at-royal-hometel-suites,https://youtube.com/@sarovarhotels,404,external
/hotels/royal-kingdom-sarovar-portico-pilibhit/banquets/royal-kingdom-sarovar-portico-pilibhit-victoria-hall,https://youtube.com/@sarovarhotels,404,external
/hotels/royal-kingdom-sarovar-portico-pilibhit/banquets/royal-kingdom-sarovar-portico-pilibhit-kitty-hall,https://youtube.com/@sarovarhotels,404,external
/hotels/royal-sarovar-portico-siliguri/banquets/royal-sarovar-portico-siliguri-meetings-events-at-royal-sarovar-portico-siliguri,https://youtube.com/@sarovarhotels,404,external
/hotels/royal-tulip-chitwan/banquets/royal-tulip-chitwan-dhyan-sadan-state-of-the-art-boardroom-for-productive-meetings,https://youtube.com/@sarovarhotels,404,external
/hotels/royal-tulip-chitwan/banquets/royal-tulip-chitwan-gyan-sadan-your-ideal-venue-for-meetings-and-events,https://youtube.com/@sarovarhotels,404,external
/hotels/royal-tulip-kathmandu-shivapuri-national-park/banquets/royal-tulip-kathmandu-shivapuri-national-park-daphne-garden-i-open-air-elegance-amid-lush-greenery,https://youtube.com/@sarovarhotels,404,external
/hotels/royal-tulip-chitwan/banquets/royal-tulip-chitwan-veda-sadan-versatile-banquet-hall-for-weddings-corporate-events-and-mice-gatherings,https://youtube.com/@sarovarhotels,404,external
/hotels/royal-tulip-kathmandu-shivapuri-national-park/banquets/royal-tulip-kathmandu-shivapuri-national-park-daphne-garden-ii-our-elegant-outdoor-event-venue-in-kathmandu,https://youtube.com/@sarovarhotels,404,external
/hotels/royal-tulip-kathmandu-shivapuri-national-park/banquets/royal-tulip-kathmandu-shivapuri-national-park-royal-arena-amphitheatre-tiered-seating-amid-scenic-views,https://youtube.com/@sarovarhotels,404,external
/hotels/royal-tulip-kathmandu-shivapuri-national-park/banquets/royal-tulip-kathmandu-shivapuri-national-park-shivpuri-hall-host-events-with-luxurious-indoors-open-air-charm,https://youtube.com/@sarovarhotels,404,external
/hotels/royal-tulip-kathmandu/banquets/royal-tulip-kathmandu-dhaulagiri-for-focused-conversations-that-matter,https://youtube.com/@sarovarhotels,404,external
/hotels/royal-tulip-kathmandu/banquets/royal-tulip-kathmandu-gaurishankar-elevate-every-event-with-a-view,https://youtube.com/@sarovarhotels,404,external
/hotels/royal-tulip-kathmandu/banquets/royal-tulip-kathmandu-kanchenjunga-versatile-venue-for-inspired-exchange,https://youtube.com/@sarovarhotels,404,external
/hotels/royal-tulip-kathmandu/banquets/royal-tulip-kathmandu-langtang-where-collaboration-comes-naturally,https://youtube.com/@sarovarhotels,404,external
/hotels/royal-tulip-kathmandu/banquets/royal-tulip-kathmandu-lhotse-where-grand-gatherings-take-shape,https://youtube.com/@sarovarhotels,404,external
/hotels/royal-tulip-kathmandu/banquets/royal-tulip-kathmandu-makalu-a-smart-space-for-small-group-synergy,https://youtube.com/@sarovarhotels,404,external
/hotels/royal-tulip-kathmandu/banquets/royal-tulip-kathmandu-manaslu-practicality-meets-professionalism,https://youtube.com/@sarovarhotels,404,external
/hotels/royal-tulip-kathmandu/banquets/royal-tulip-kathmandu-nilgiri-a-quiet-space-for-clear-thinking,https://youtube.com/@sarovarhotels,404,external
/hotels/royal-tulip-kathmandu/banquets/royal-tulip-kathmandu-nuptse-a-social-space-that-blends-seamlessly,https://youtube.com/@sarovarhotels,404,external
/hotels/royal-tulip-kathmandu/banquets/royal-tulip-kathmandu-sagarmatha-the-crown-jewel-of-kathmandu-events,https://youtube.com/@sarovarhotels,404,external
/hotels/sairafort-sarovar-portico-jaisalmer/banquets/sairafort-sarovar-portico-jaisalmer-meetings-events-at-sairafort-sarovar-portico-jaisalmer,https://youtube.com/@sarovarhotels,404,external
/hotels/sairafort-sarovar-portico-jaisalmer/banquets/sairafort-sarovar-portico-jaisalmer-lawns-at-sairafort-sarovar-portico-jaisalmer,https://youtube.com/@sarovarhotels,404,external
/hotels/sarovar-ahmedabad/banquets/sarovar-ahmedabad-chancellor-court-a-contemporary-banquet-hall-in-ahmedabad,https://youtube.com/@sarovarhotels,404,external
/hotels/sarovar-portico-ajmer/banquets/sarovar-portico-ajmer-ruby-where-every-meeting-leaves-a-mark,https://youtube.com/@sarovarhotels,404,external
/hotels/sarovar-portico-ajmer/banquets/sarovar-portico-ajmer-sapphire-i-party-with-a-view-in-the-heart-of-ajmer,https://youtube.com/@sarovarhotels,404,external
/hotels/sarovar-portico-bhubaneswar/banquets/sarovar-portico-bhubaneswar-drive-productivity-at-the-forum,https://youtube.com/@sarovarhotels,404,external
/hotels/sarovar-portico-ajmer/banquets/sarovar-portico-ajmer-sapphire-ii-where-city-views-meet-perfect-celebrations,https://youtube.com/@sarovarhotels,404,external
/hotels/sarovar-portico-bhubaneswar/banquets/sarovar-portico-bhubaneswar-celebrate-big-at-the-pavilion-garden-venue,https://youtube.com/@sarovarhotels,404,external
/hotels/sarovar-portico-bhubaneswar/banquets/sarovar-portico-bhubaneswar-the-regal-designed-to-fit-every-occasion,https://youtube.com/@sarovarhotels,404,external
/hotels/sarovar-portico-bhubaneswar/banquets/sarovar-portico-bhubaneswar-the-regency-your-venue-your-way,https://youtube.com/@sarovarhotels,404,external
/hotels/sarovar-portico-bhubaneswar/banquets/sarovar-portico-bhubaneswar-water-lilli-celebrate-by-the-pool,https://youtube.com/@sarovarhotels,404,external
/hotels/sarovar-portico-birgunj/banquets/sarovar-portico-birgunj-annapurna-i,https://youtube.com/@sarovarhotels,404,external
/hotels/sarovar-portico-birgunj/banquets/sarovar-portico-birgunj-annapurna-ii,https://youtube.com/@sarovarhotels,404,external
/hotels/sarovar-portico-birgunj/banquets/sarovar-portico-birgunj-aura,https://youtube.com/@sarovarhotels,404,external
/hotels/sarovar-portico-birgunj/banquets/sarovar-portico-birgunj-everest,https://youtube.com/@sarovarhotels,404,external
/hotels/sarovar-portico-birgunj/banquets/sarovar-portico-birgunj-the-aura-terrace,https://youtube.com/@sarovarhotels,404,external
/hotels/sarovar-portico-dehradun/banquets/sarovar-portico-dehradun-meetings-events-at-sarovar-portico-dehradun,https://youtube.com/@sarovarhotels,404,external
/hotels/sarovar-portico-hanumangarh/banquets/sarovar-portico-hanumangarh-lawn-a-grand-setting-for-celebrations-under-the-sky,https://youtube.com/@sarovarhotels,404,external
/hotels/sarovar-portico-sonipat/banquets/sarovar-portico-sonipat-garnet,https://youtube.com/@sarovarhotels,404,external
/hotels/sarovar-portico-hanumangarh/banquets/sarovar-portico-hanumangarh-sapphire-where-celebrations-take-centre-stage,https://youtube.com/@sarovarhotels,404,external
/hotels/sarovar-portico-sonipat/banquets/sarovar-portico-sonipat-grand-crystal,https://youtube.com/@sarovarhotels,404,external
/hotels/sarovar-portico-sonipat/banquets/sarovar-portico-sonipat-opal,https://youtube.com/@sarovarhotels,404,external
/hotels/sarovar-portico-sriperumbudur/banquets/sarovar-portico-sriperumbudur-boardroom-private-space-for-executive-meetings-team-discussions,https://youtube.com/@sarovarhotels,404,external
/hotels/sarovar-portico-sriperumbudur/banquets/sarovar-portico-sriperumbudur-crescent-private-meeting-room-for-focused-business-sessions,https://youtube.com/@sarovarhotels,404,external
/hotels/sarovar-portico-sriperumbudur/banquets/sarovar-portico-sriperumbudur-summit-grand-venue-for-celebrations-conferences,https://youtube.com/@sarovarhotels,404,external
/hotels/sarovar-portico-sriperumbudur/banquets/sarovar-portico-sriperumbudur-senate-versatile-venue-for-mid-sized-corporate-social-events,https://youtube.com/@sarovarhotels,404,external
/hotels/sarovar-premiere-alwar/banquets/sarovar-premiere-alwar-maharaja-a-premium-event-venue-in-alwar,https://youtube.com/@sarovarhotels,404,external
/hotels/sarovar-portico-surajkund/banquets/sarovar-portico-surajkund-banquets-conferences-at-sarovar-portico-surajkund,https://youtube.com/@sarovarhotels,404,external
/hotels/sarovar-premiere-alwar/banquets/sarovar-premiere-alwar-maharani-2-a-refined-event-space-in-alwar,https://youtube.com/@sarovarhotels,404,external
/hotels/sarovar-premiere-alwar/banquets/sarovar-premiere-alwar-maharani-1-an-elegant-banquet-hall-in-alwar,https://youtube.com/@sarovarhotels,404,external
/hotels/sarovar-premiere-amritsar/banquets/sarovar-premiere-amritsar-banquet-lawns-redefining-wedding-lawns-in-amritsar,https://youtube.com/@sarovarhotels,404,external
/hotels/sarovar-premiere-amritsar/banquets/sarovar-premiere-amritsar-pearl-for-your-gleaming-celebrations-in-amritsar,https://youtube.com/@sarovarhotels,404,external
/hotels/sarovar-premiere-amritsar/banquets/sarovar-premiere-amritsar-royal-ballroom-for-seamless-social-and-corporate-gatherings,https://youtube.com/@sarovarhotels,404,external
/hotels/sarovar-premiere-srinagar/banquets/sarovar-premiere-srinagar-habba-khatoon-banquet-hall-in-srinagar,https://youtube.com/@sarovarhotels,404,external
/hotels/sea-breeze-sarovar-portico-varca-goa/banquets/sea-breeze-sarovar-portico-varca-goa-tempest-at-sea-breeze-sarovar-portico-varca-goa,https://youtube.com/@sarovarhotels,404,external
/hotels/sea-breeze-sarovar-portico-varca-goa/banquets/sea-breeze-sarovar-portico-varca-goa-aqua-at-sea-breeze-sarovar-portico-varca-goa,https://youtube.com/@sarovarhotels,404,external
/hotels/sea-breeze-sarovar-portico-varca-goa/banquets/sea-breeze-sarovar-portico-varca-goa-tide-at-sea-breeze-sarovar-portico-varca-goa,https://youtube.com/@sarovarhotels,404,external
/hotels/serene-premiere-hargeisa/banquets/serene-premiere-hargeisa-bander-wanaag-a-hall-as-big-as-your-event,https://youtube.com/@sarovarhotels,404,external
/hotels/serene-premiere-hargeisa/banquets/serene-premiere-hargeisa-business-centre-built-for-business-travellers-on-the-go,https://youtube.com/@sarovarhotels,404,external
/hotels/serene-premiere-hargeisa/banquets/serene-premiere-hargeisa-meeting-room-1-where-business-meets-success,https://youtube.com/@sarovarhotels,404,external
/hotels/serene-premiere-hargeisa/banquets/serene-premiere-hargeisa-meeting-room-2-designed-for-success-comfort,https://youtube.com/@sarovarhotels,404,external
/hotels/serene-premiere-hargeisa/banquets/serene-premiere-hargeisa-meeting-room-3-high-end-boardroom-for-key-discussions,https://youtube.com/@sarovarhotels,404,external
/hotels/serene-premiere-hargeisa/banquets/serene-premiere-hargeisa-ramad-cosy-equipped-and-ready-for-you,https://youtube.com/@sarovarhotels,404,external
/hotels/serene-premiere-hargeisa/banquets/serene-premiere-hargeisa-rental-offices-private-cabins-a-high-tech-boardroom,https://youtube.com/@sarovarhotels,404,external
/hotels/shyama-sarovar-portico-orai/banquets/shyama-sarovar-portico-orai-daffodil,https://youtube.com/@sarovarhotels,404,external
/hotels/shyama-sarovar-portico-orai/banquets/shyama-sarovar-portico-orai-hibiscus,https://youtube.com/@sarovarhotels,404,external
/hotels/shyama-sarovar-portico-orai/banquets/shyama-sarovar-portico-orai-euphorbia,https://youtube.com/@sarovarhotels,404,external
/hotels/shyama-sarovar-portico-orai/banquets/shyama-sarovar-portico-orai-lotus-garden,https://youtube.com/@sarovarhotels,404,external
/hotels/shyama-sarovar-portico-orai/banquets/shyama-sarovar-portico-orai-lotus,https://youtube.com/@sarovarhotels,404,external
/hotels/shyama-sarovar-portico-orai/banquets/shyama-sarovar-portico-orai-poolside,https://youtube.com/@sarovarhotels,404,external
/hotels/singhania-sarovar-portico-raipur/banquets/singhania-sarovar-portico-raipur-chambers-meeting-halls-at-singhania-sarovar-portico-raipur,https://youtube.com/@sarovarhotels,404,external
/hotels/skywings-sarovar-portico-mathura/banquets/skywings-sarovar-portico-mathura-aanandam-i-your-ideal-banquet-space-in-mathura,https://youtube.com/@sarovarhotels,404,external
/hotels/skywings-sarovar-portico-mathura/banquets/skywings-sarovar-portico-mathura-aanandam-ii-an-elegant-space-for-intimate-gatherings,https://youtube.com/@sarovarhotels,404,external
/hotels/skywings-sarovar-portico-mathura/banquets/skywings-sarovar-portico-mathura-anandam-the-perfect-banquet-hall-in-mathura,https://youtube.com/@sarovarhotels,404,external
/hotels/skywings-sarovar-portico-mathura/banquets/skywings-sarovar-portico-mathura-sanskriti-plan-your-next-meeting-at-our-boardroom-in-mathura,https://youtube.com/@sarovarhotels,404,external
/hotels/sobit-sarovar-portico-palolem-beach-hotel-goa/banquets/sobit-sarovar-portico-palolem-beach-hotel-goa-meetings-events-at-sobit-sarovar-portico-goa,https://youtube.com/@sarovarhotels,404,external
/hotels/taurus-hotel-mahipalpur-new-delhi/banquets/taurus-hotel-mahipalpur-new-delhi-meetings-events-at-taurus-sarovar-portico-new-delhi-near-igi-airport,https://youtube.com/@sarovarhotels,404,external
/hotels/the-gaurs-sarovar-premiere/banquets/the-gaurs-sarovar-premiere-the-best-banquet-halls-in-greater-noida,https://youtube.com/@sarovarhotels,404,external
/hotels/the-gokulam-park-kochi/banquets/the-gokulam-park-kochi-meetings-events-at-the-gokulam-park-kochi,https://youtube.com/@sarovarhotels,404,external
/hotels/the-muse-sarovar-portico-nehru-place-new-delhi/banquets/the-muse-sarovar-portico-nehru-place-new-delhi-meetings-events-at-the-muse-sarovar-portico-nehru-place-new-delhi,https://youtube.com/@sarovarhotels,404,external
/hotels/tulip-inn-bhopal/banquets/tulip-inn-bhopal-host-your-events-in-style-at-emerald,https://youtube.com/@sarovarhotels,404,external
/hotels/tulip-inn-bhopal/banquets/tulip-inn-bhopal-palm-court-your-perfect-event-space,https://youtube.com/@sarovarhotels,404,external
/hotels/tulip-inn-bhopal/banquets/tulip-inn-bhopal-royal-court-where-events-shine,https://youtube.com/@sarovarhotels,404,external
/hotels/tulip-inn-gurugram-near-medanta/banquets/tulip-inn-gurugram-near-medanta-emerald-a-our-sophisticated-space-for-gatherings-business,https://youtube.com/@sarovarhotels,404,external
/hotels/tulip-inn-bhopal/banquets/tulip-inn-bhopal-unleash-the-potential-of-every-event-at-sapphire,https://youtube.com/@sarovarhotels,404,external
/hotels/tulip-inn-gurugram-near-medanta/banquets/tulip-inn-gurugram-near-medanta-emerald-b-where-every-event-comes-together,https://youtube.com/@sarovarhotels,404,external
/hotels/tulip-inn-gurugram-near-medanta/banquets/tulip-inn-gurugram-near-medanta-terrace-intimate-events-under-the-open-sky,https://youtube.com/@sarovarhotels,404,external
/hotels/tulip-inn-koramangala/banquets/tulip-inn-koramangala-celebrate-your-occassions-in-grandeur-at-tulip-inn,https://youtube.com/@sarovarhotels,404,external
/hotels/tulip-inn-shravasti/banquets/tulip-inn-shravasti-boardroom,https://youtube.com/@sarovarhotels,404,external
/hotels/tulip-inn-shravasti/banquets/tulip-inn-shravasti-hall-1-banquet-hall-in-shravasti,https://youtube.com/@sarovarhotels,404,external
/hotels/tulip-inn-shravasti/banquets/tulip-inn-shravasti-lawn-area,https://youtube.com/@sarovarhotels,404,external
/hotels/tulip-inn-zirakpur/banquets/tulip-inn-zirakpur-mystic-a-banquet-hall-that-adapts-to-your-needs,https://youtube.com/@sarovarhotels,404,external
/hotels/tulip-inn-zirakpur/banquets/tulip-inn-zirakpur-zurich-a-chic-conference-hall-in-zirakpur,https://youtube.com/@sarovarhotels,404,external
/hotels/v-sarovar-portico-mi-road-jaipur/banquets/v-sarovar-portico-mi-road-jaipur-boardroom-i-at-v-sarovar-portico-mi-road-jaipur,https://youtube.com/@sarovarhotels,404,external
/hotels/v-sarovar-portico-mi-road-jaipur/banquets/v-sarovar-portico-mi-road-jaipur-boardroom-ii-at-v-sarovar-portico-mi-road-jaipur,https://youtube.com/@sarovarhotels,404,external
/hotels/v-sarovar-portico-mi-road-jaipur/banquets/v-sarovar-portico-mi-road-jaipur-regal-i-at-v-sarovar-portico-mi-road-jaipur,https://youtube.com/@sarovarhotels,404,external
/hotels/v-sarovar-portico-mi-road-jaipur/banquets/v-sarovar-portico-mi-road-jaipur-regal-ii-at-v-sarovar-portico-mi-road-jaipur,https://youtube.com/@sarovarhotels,404,external
/hotels/vaishnodevi-portico-katra/banquets/vaishnodevi-portico-katra-meetings-events-at-the-vaishnodevi-sarovar-portico-katra,https://youtube.com/@sarovarhotels,404,external
/hotels/vandhara-sarovar-premiere-patkote/banquets/vandhara-sarovar-premiere-patkote-nakshatra-hall-i-a-stellar-stage-for-your-celebrations,https://youtube.com/@sarovarhotels,404,external
/hotels/vandhara-sarovar-premiere-patkote/banquets/vandhara-sarovar-premiere-patkote-nakshatra-hall-ii-elevate-your-meetings-intimate-gatherings,https://youtube.com/@sarovarhotels,404,external
/hotels/vandhara-sarovar-premiere-patkote/banquets/vandhara-sarovar-premiere-patkote-nakshatra-lawn-celebrate-like-a-star,https://youtube.com/@sarovarhotels,404,external
/hotels/venizia-sarovar-portico-in-new-delhi/banquets/venizia-sarovar-portico-in-new-delhi-meetings-events-at-venizia-sarovar-portico-new-delhi,https://youtube.com/@sarovarhotels,404,external
/hotels/viraj-sarovar-portico-jammu/banquets/viraj-sarovar-portico-jammu-board-room-at-viraj-sarovar-portico-jammu,https://youtube.com/@sarovarhotels,404,external
/hotels/viraj-sarovar-portico-jammu/banquets/viraj-sarovar-portico-jammu-coral-banquet-hall-at-viraj-sarovar-portico-jammu,https://youtube.com/@sarovarhotels,404,external
/hotels/viraj-sarovar-portico-jammu/banquets/viraj-sarovar-portico-jammu-emerald-2-hall-at-viraj-sarovar-portico-jammu,https://youtube.com/@sarovarhotels,404,external
/hotels/viraj-sarovar-portico-jammu/banquets/viraj-sarovar-portico-jammu-emerald-hall-at-viraj-sarovar-portico-jammu,https://youtube.com/@sarovarhotels,404,external
/hotels/viraj-sarovar-portico-jammu/banquets/viraj-sarovar-portico-jammu-sapphire-hall-at-viraj-sarovar-portico-jammu,https://youtube.com/@sarovarhotels,404,external
/hotels/viraj-sarovar-portico-jammu/banquets/viraj-sarovar-portico-jammu-the-grand-lawns-at-viraj-sarovar-portico-jammu,https://youtube.com/@sarovarhotels,404,external
/hotels/golden-tulip-hotel-in-jaipur/banquets/golden-tulip-hotel-in-jaipur-meeting-room,https://youtube.com/@sarovarhotels,404,external
/hotels/aditya-hometel-hyderabad/nearby/aditya-hometel-hyderabad-tourist-places-in-hyderabad-explore-the-entrancing-city,https://youtube.com/@sarovarhotels,404,external
/hotels/ambar-sarovar-portico-gandhidham-hotel/nearby/ambar-sarovar-portico-gandhidham-hotel-explore-gandhidham-top-tourist-places-in-gandhidham,https://youtube.com/@sarovarhotels,404,external
/hotels/aditya-park-hyderabad/nearby/aditya-park-hyderabad-explore-hyderabad,https://youtube.com/@sarovarhotels,404,external
/hotels/ambrosia-sarovar-portico-haridwar/nearby/ambrosia-sarovar-portico-haridwar-explore-haridwar,https://youtube.com/@sarovarhotels,404,external
/hotels/balaji-sarovar-premiere-solapur/nearby/balaji-sarovar-premiere-solapur-explore-solapur,https://youtube.com/@sarovarhotels,404,external
/hotels/bellevue-sarovar-premiere-junagadh/nearby/bellevue-sarovar-premiere-junagadh-visit-tourist-places-as-you-stay-in-our-junagadh-hotel,https://youtube.com/@sarovarhotels,404,external
/hotels/classic-sarovar-portico-thiruvananthapuram/nearby/classic-sarovar-portico-thiruvananthapuram-things-to-do-in-thiruvananthapuram,https://youtube.com/@sarovarhotels,404,external
/hotels/davanam-sarovar-portico-suites-bangalore/nearby/davanam-sarovar-portico-suites-bangalore-explore-bangalore-well-known-tourist-places-in-bangalore,https://youtube.com/@sarovarhotels,404,external
/hotels/efcee-sarovar-portico-bhavnagar/nearby/efcee-sarovar-portico-bhavnagar-explore-bhavnagar,https://youtube.com/@sarovarhotels,404,external
/hotels/deventure-sarovar-portico--kapashera-new-delhi/nearby/deventure-sarovar-portico-kapashera-new-delhi-things-to-do-in-delhi,https://youtube.com/@sarovarhotels,404,external
/hotels/golden-sarovar-portico-amritsar/nearby/golden-sarovar-portico-amritsar-explore-amritsar,https://youtube.com/@sarovarhotels,404,external
/hotels/golden-tulip-essential-jaipur/nearby/golden-tulip-essential-jaipur-explore-jaipur,https://youtube.com/@sarovarhotels,404,external
/hotels/golden-tulip-lucknow/nearby/golden-tulip-lucknow-explore-lucknow-cuisines,https://youtube.com/@sarovarhotels,404,external
/hotels/golden-tulip-srinagar/nearby/golden-tulip-srinagar-things-to-do-in-srinagar,https://youtube.com/@sarovarhotels,404,external
/hotels/grand-continent-malleshwaram-bangalore/nearby/grand-continent-malleshwaram-bangalore-explore-bangalore,https://youtube.com/@sarovarhotels,404,external
/hotels/hometel-chandigarh/nearby/hometel-chandigarh-explore-the-best-of-chandigarh,https://youtube.com/@sarovarhotels,404,external
/hotels/hometel-roorkee/nearby/hometel-roorkee-explore-roorkee,https://youtube.com/@sarovarhotels,404,external
/hotels/la-place-sarovar-portico-lucknow/nearby/la-place-sarovar-portico-lucknow-explore-lucknow,https://youtube.com/@sarovarhotels,404,external
/hotels/le-dupleix-pondicherry/nearby/le-dupleix-pondicherry-activities,https://youtube.com/@sarovarhotels,404,external
/hotels/le-dupleix-pondicherry/nearby/le-dupleix-pondicherry-heritage,https://youtube.com/@sarovarhotels,404,external
/hotels/le-dupleix-pondicherry/nearby/le-dupleix-pondicherry-shopping,https://youtube.com/@sarovarhotels,404,external
/hotels/legend-sarovar-portico/nearby/legend-sarovar-portico-explore-baddi,https://youtube.com/@sarovarhotels,404,external
/hotels/le-lac-sarovar-ranchi/nearby/le-lac-sarovar-ranchi-explore-ranchi,https://youtube.com/@sarovarhotels,404,external
/hotels/mahagun-sarovar-portico-suites-vaishali/nearby/mahagun-sarovar-portico-suites-vaishali-explore-vaishali,https://youtube.com/@sarovarhotels,404,external
/hotels/majestic-court-sarovar-portico-navi-mumbai/nearby/majestic-court-sarovar-portico-navi-mumbai-things-to-do-in-mumbai,https://youtube.com/@sarovarhotels,404,external
/hotels/marasa-sarovar-portico-rajkot/nearby/marasa-sarovar-portico-rajkot-explore-rajkot,https://youtube.com/@sarovarhotels,404,external
/hotels/marasa-sarovar-premiere-bodhgaya/nearby/marasa-sarovar-premiere-bodhgaya-explore-bodhgaya,https://youtube.com/@sarovarhotels,404,external
/hotels/marasa-sarovar-premiere-tirupati-hotels/nearby/marasa-sarovar-premiere-tirupati-hotels-4-must-visit-temples-in-tirupati,https://youtube.com/@sarovarhotels,404,external
/hotels/marigold-sarovar-portico-mashobra-shimla/nearby/marigold-sarovar-portico-mashobra-shimla-explore-shimla,https://youtube.com/@sarovarhotels,404,external
/hotels/marine-plaza-mumbai/nearby/marine-plaza-mumbai-explore-mumbai,https://youtube.com/@sarovarhotels,404,external
/hotels/neelkanth-sarovar-premiere-lusaka/nearby/neelkanth-sarovar-premiere-lusaka-explore-lusaka,https://youtube.com/@sarovarhotels,404,external
/hotels/nidhivan-sarovar-portico-vrindavan/nearby/nidhivan-sarovar-portico-vrindavan-explore-vrindavan,https://youtube.com/@sarovarhotels,404,external
/hotels/nirvana-sarovar-portico-gorakhpur/nearby/nirvana-sarovar-portico-gorakhpur-a-tryst-with-food,https://youtube.com/@sarovarhotels,404,external
/hotels/nirvana-sarovar-portico-gorakhpur/nearby/nirvana-sarovar-portico-gorakhpur-explore-gorakhpur,https://youtube.com/@sarovarhotels,404,external
/hotels/nirwana-hometel-jaipur-sarovar/nearby/nirwana-hometel-jaipur-sarovar-things-to-do-in-jaipur,https://youtube.com/@sarovarhotels,404,external
/hotels/paradigm-sarovar-kakinada/nearby/paradigm-sarovar-kakinada-explore-kakinada,https://youtube.com/@sarovarhotels,404,external
/hotels/Park-Inn-Radisson-Goa-Candolim/nearby/park-inn-radisson-goa-candolim-explore-goa,https://youtube.com/@sarovarhotels,404,external
/hotels/park-inn-gurgaon/nearby/park-inn-gurgaon-explore-gurgaon,https://youtube.com/@sarovarhotels,404,external
/hotels/park-plaza-faridabad/nearby/park-plaza-faridabad-surajkund-mela,https://youtube.com/@sarovarhotels,404,external
/hotels/park-plaza-jodhpur/nearby/park-plaza-jodhpur-top-places-to-visit-in-jodhpur,https://youtube.com/@sarovarhotels,404,external
/hotels/park-plaza-shahadra--east-delhi/nearby/park-plaza-shahadra-east-delhi-places-to-visit-in-delhi,https://youtube.com/@sarovarhotels,404,external
/hotels/park-plaza-ludhiana/nearby/park-plaza-ludhiana-things-to-do-in-ludhiana,https://youtube.com/@sarovarhotels,404,external
/hotels/park-plaza-zirakpur/nearby/park-plaza-zirakpur-explore-zirakpur,https://youtube.com/@sarovarhotels,404,external
/hotels/radha-hometel-bangalore/nearby/radha-hometel-bangalore-major-tech-hubs-in-bangalore,https://youtube.com/@sarovarhotels,404,external
/hotels/radisson-blu--bengaluru-outer-ring-road/nearby/radisson-blu-bengaluru-outer-ring-road-explore-bangalore,https://youtube.com/@sarovarhotels,404,external
/hotels/radha-regent-chennai/nearby/radha-regent-chennai-explore-chennai-best-tourist-places-in-chennai,https://youtube.com/@sarovarhotels,404,external
/hotels/radisson-hyderabad--hitec/nearby/radisson-hyderabad-hitec-major-tech-hubs-in-hyderabad,https://youtube.com/@sarovarhotels,404,external
/hotels/radisson-mumbai-goregaon/nearby/radisson-mumbai-goregaon-4-things-to-do-in-mumbai,https://youtube.com/@sarovarhotels,404,external
/hotels/rbd-sarovar-portico-outer-ring-road-bengaluru/nearby/rbd-sarovar-portico-outer-ring-road-bengaluru-explore-bengaluru,https://youtube.com/@sarovarhotels,404,external
/hotels/residency-sarovar-portico-mumbai/nearby/residency-sarovar-portico-mumbai-explore-mumbai,https://youtube.com/@sarovarhotels,404,external
/hotels/rivera-sarovar-portico-ahmedabad/nearby/rivera-sarovar-portico-ahmedabad-explore-ahmedabad,https://youtube.com/@sarovarhotels,404,external
/hotels/royal-sarovar-portico-siliguri/nearby/royal-sarovar-portico-siliguri-explore-siliguri,https://youtube.com/@sarovarhotels,404,external
/hotels/royal-hometel-suites-dahisar-mumbai/nearby/royal-hometel-suites-dahisar-mumbai-explore-dahisar-mumbai,https://youtube.com/@sarovarhotels,404,external
/hotels/rs-sarovar-portico-palampur/nearby/rs-sarovar-portico-palampur-explore-palampur,https://youtube.com/@sarovarhotels,404,external
/hotels/sairafort-sarovar-portico-jaisalmer/nearby/sairafort-sarovar-portico-jaisalmer-explore-jaisalmer,https://youtube.com/@sarovarhotels,404,external
/hotels/sarovar-portico-badrinath-uttarakhand/nearby/sarovar-portico-badrinath-uttarakhand-explore-badrinath,https://youtube.com/@sarovarhotels,404,external
/hotels/sarovar-ahmedabad/nearby/sarovar-ahmedabad-explore-ahmedabad,https://youtube.com/@sarovarhotels,404,external
/hotels/sarovar-portico-dehradun/nearby/sarovar-portico-dehradun-explore-dehradun,https://youtube.com/@sarovarhotels,404,external
/hotels/sarovar-portico-jaipur/nearby/sarovar-portico-jaipur-explore-jaipur,https://youtube.com/@sarovarhotels,404,external
/hotels/sarovar-portico-jalandhar/nearby/sarovar-portico-jalandhar-explore-jalandhar,https://youtube.com/@sarovarhotels,404,external
/hotels/sarovar-portico-morbi/nearby/sarovar-portico-morbi-places-to-visit-in-morbi,https://youtube.com/@sarovarhotels,404,external
/hotels/sarovar-portico-naraina-new-delhi/nearby/sarovar-portico-naraina-new-delhi-4-must-visit-historical-monuments,https://youtube.com/@sarovarhotels,404,external
/hotels/sarovar-portico-somnath/nearby/sarovar-portico-somnath-explore-somnath,https://youtube.com/@sarovarhotels,404,external
/hotels/sarovar-portico-surajkund/nearby/sarovar-portico-surajkund-must-visit-places-in-surajkund,https://youtube.com/@sarovarhotels,404,external
/hotels/sarovar-premiere-jaipur/nearby/sarovar-premiere-jaipur-explore-jaipur,https://youtube.com/@sarovarhotels,404,external
/hotels/shravanthi-sarovar-portico-bengaluru/nearby/shravanthi-sarovar-portico-bengaluru-explore-bengaluru,https://youtube.com/@sarovarhotels,404,external
/hotels/singhania-sarovar-portico-raipur/nearby/singhania-sarovar-portico-raipur-explore-raipur,https://youtube.com/@sarovarhotels,404,external
/hotels/taurus-hotel-mahipalpur-new-delhi/nearby/taurus-hotel-mahipalpur-new-delhi-must-visit-places-in-delhi,https://youtube.com/@sarovarhotels,404,external
/hotels/the-ashtan-sarovar-portico-new-delhi/nearby/the-ashtan-sarovar-portico-new-delhi-top-tourist-attractions-in-new-delhi,https://youtube.com/@sarovarhotels,404,external
/hotels/the-gaurs-sarovar-premiere/nearby/the-gaurs-sarovar-premiere-places-to-visit-in-greater-noida,https://youtube.com/@sarovarhotels,404,external
/hotels/the-gokulam-park-kochi/nearby/the-gokulam-park-kochi-explore-kochi,https://youtube.com/@sarovarhotels,404,external
/hotels/the-heron-portico-nairobi/nearby/the-heron-portico-nairobi-explore-nairobi,https://youtube.com/@sarovarhotels,404,external
/hotels/the-muse-sarovar-portico-nehru-place-new-delhi/nearby/the-muse-sarovar-portico-nehru-place-new-delhi-things-to-in-new-delhi,https://youtube.com/@sarovarhotels,404,external
/hotels/the-promenade-pondicherry/nearby/the-promenade-pondicherry-activities,https://youtube.com/@sarovarhotels,404,external
/hotels/the-promenade-pondicherry/nearby/the-promenade-pondicherry-heritage,https://youtube.com/@sarovarhotels,404,external
/hotels/the-promenade-pondicherry/nearby/the-promenade-pondicherry-shopping,https://youtube.com/@sarovarhotels,404,external
/hotels/viraj-sarovar-portico-jammu/nearby/viraj-sarovar-portico-jammu-explore-jammu,https://youtube.com/@sarovarhotels,404,external
/destinations/delhi,https://youtube.com/@sarovarhotels,404,external
/destinations/jaipur,https://youtube.com/@sarovarhotels,404,external
/destinations/goa,https://youtube.com/@sarovarhotels,404,external
/destinations/mumbai,https://youtube.com/@sarovarhotels,404,external
/destinations/shimla,https://youtube.com/@sarovarhotels,404,external
/destinations/rishikesh,https://youtube.com/@sarovarhotels,404,external
/destinations/jim-corbett,https://youtube.com/@sarovarhotels,404,external
/destinations/ahmedabad,https://youtube.com/@sarovarhotels,404,external
/destinations/faridabad,https://youtube.com/@sarovarhotels,404,external
/destinations/dibrugarh,https://youtube.com/@sarovarhotels,404,external
/destinations/agra,https://youtube.com/@sarovarhotels,404,external
/destinations/ghaziabad-vaishali,https://youtube.com/@sarovarhotels,404,external
/destinations/gandhidham,https://youtube.com/@sarovarhotels,404,external
/destinations/gorakhpur,https://youtube.com/@sarovarhotels,404,external
/destinations/hanumangarh,https://youtube.com/@sarovarhotels,404,external
/destinations/gurugram,https://youtube.com/@sarovarhotels,404,external
/destinations/hargeisa,https://youtube.com/@sarovarhotels,404,external
/destinations/haridwar,https://youtube.com/@sarovarhotels,404,external
/destinations/indore,https://youtube.com/@sarovarhotels,404,external
/destinations/hyderabad,https://youtube.com/@sarovarhotels,404,external
/destinations/jalandhar,https://youtube.com/@sarovarhotels,404,external
/destinations/jaisalmer,https://youtube.com/@sarovarhotels,404,external
/destinations/jammu,https://youtube.com/@sarovarhotels,404,external
/destinations/jhansi,https://youtube.com/@sarovarhotels,404,external
/destinations/jodhpur,https://youtube.com/@sarovarhotels,404,external
/destinations/junagadh,https://youtube.com/@sarovarhotels,404,external
/destinations/kathmandu,https://youtube.com/@sarovarhotels,404,external
/destinations/katra,https://youtube.com/@sarovarhotels,404,external
/destinations/kampala,https://youtube.com/@sarovarhotels,404,external
/destinations/kochi,https://youtube.com/@sarovarhotels,404,external
/destinations/kolkata,https://youtube.com/@sarovarhotels,404,external
/destinations/kota,https://youtube.com/@sarovarhotels,404,external
/destinations/lucknow,https://youtube.com/@sarovarhotels,404,external
/destinations/latur,https://youtube.com/@sarovarhotels,404,external
/destinations/ludhiana,https://youtube.com/@sarovarhotels,404,external
/destinations/manali,https://youtube.com/@sarovarhotels,404,external
/destinations/lusaka-zambia,https://youtube.com/@sarovarhotels,404,external
/destinations/mathura-vrindavan,https://youtube.com/@sarovarhotels,404,external
/destinations/mashobra-shimla,https://youtube.com/@sarovarhotels,404,external
/destinations/morbi,https://youtube.com/@sarovarhotels,404,external
/destinations/mussoorie,https://youtube.com/@sarovarhotels,404,external
/destinations/mysore,https://youtube.com/@sarovarhotels,404,external
/destinations/nairobi-kenya,https://youtube.com/@sarovarhotels,404,external
/destinations/new-delhi,https://youtube.com/@sarovarhotels,404,external
/destinations/noida,https://youtube.com/@sarovarhotels,404,external
/destinations/orai,https://youtube.com/@sarovarhotels,404,external
/destinations/pahalgam,https://youtube.com/@sarovarhotels,404,external
/destinations/panipat,https://youtube.com/@sarovarhotels,404,external
/destinations/palampur,https://youtube.com/@sarovarhotels,404,external
/destinations/patkote,https://youtube.com/@sarovarhotels,404,external
/destinations/pondicherry,https://youtube.com/@sarovarhotels,404,external
/destinations/pathankot,https://youtube.com/@sarovarhotels,404,external
/destinations/pilibhit,https://youtube.com/@sarovarhotels,404,external
/destinations/raipur,https://youtube.com/@sarovarhotels,404,external
/destinations/poovar-island-kerala,https://youtube.com/@sarovarhotels,404,external
/destinations/ranchi,https://youtube.com/@sarovarhotels,404,external
/destinations/rajkot,https://youtube.com/@sarovarhotels,404,external
/destinations/roorkee,https://youtube.com/@sarovarhotels,404,external
/destinations/saharanpur,https://youtube.com/@sarovarhotels,404,external
/destinations/secunderabad,https://youtube.com/@sarovarhotels,404,external
/destinations/shrawasti,https://youtube.com/@sarovarhotels,404,external
/destinations/siliguri,https://youtube.com/@sarovarhotels,404,external
/destinations/sindhudurg,https://youtube.com/@sarovarhotels,404,external
/destinations/solapur,https://youtube.com/@sarovarhotels,404,external
/destinations/somnath,https://youtube.com/@sarovarhotels,404,external
/destinations/sonipat,https://youtube.com/@sarovarhotels,404,external
/destinations/srinagar,https://youtube.com/@sarovarhotels,404,external
/destinations/sriperumbudur,https://youtube.com/@sarovarhotels,404,external
/destinations/thiruvananthapuram,https://youtube.com/@sarovarhotels,404,external
/destinations/udaipur,https://youtube.com/@sarovarhotels,404,external
/destinations/alwar,https://youtube.com/@sarovarhotels,404,external
/destinations/mahabalipuram,https://youtube.com/@sarovarhotels,404,external
/destinations/ajmer,https://youtube.com/@sarovarhotels,404,external
/destinations/amritsar,https://youtube.com/@sarovarhotels,404,external
/destinations/ayodhya,https://youtube.com/@sarovarhotels,404,external
/destinations/badrinath,https://youtube.com/@sarovarhotels,404,external
/destinations/baddi,https://youtube.com/@sarovarhotels,404,external
/destinations/bangalore-bengaluru,https://youtube.com/@sarovarhotels,404,external
/destinations/bhiwadi,https://youtube.com/@sarovarhotels,404,external
/destinations/bhavnagar,https://youtube.com/@sarovarhotels,404,external
/destinations/bhubaneswar,https://youtube.com/@sarovarhotels,404,external
/destinations/bhimtal,https://youtube.com/@sarovarhotels,404,external
/destinations/bhopal,https://youtube.com/@sarovarhotels,404,external
/destinations/birgunj-nepal,https://youtube.com/@sarovarhotels,404,external
/destinations/bodhgaya,https://youtube.com/@sarovarhotels,404,external
/destinations/chandigarh,https://youtube.com/@sarovarhotels,404,external
/destinations/dalhousie,https://youtube.com/@sarovarhotels,404,external
/destinations/chitwan-nepal,https://youtube.com/@sarovarhotels,404,external
/destinations/chennai,https://youtube.com/@sarovarhotels,404,external
/destinations/dehradun,https://youtube.com/@sarovarhotels,404,external
/destinations/deoghar,https://youtube.com/@sarovarhotels,404,external
/destinations/hosur,https://youtube.com/@sarovarhotels,404,external
/destinations/kakinada,https://youtube.com/@sarovarhotels,404,external
/destinations/navi-mumbai,https://youtube.com/@sarovarhotels,404,external
/destinations/sasan-gir,https://youtube.com/@sarovarhotels,404,external
/destinations/tirupati,https://youtube.com/@sarovarhotels,404,external
/offers/early-bird-getaway,https://youtube.com/@sarovarhotels,404,external
/offers/weekend-staycation-special,https://youtube.com/@sarovarhotels,404,external
/offers/honeymoon-bliss-package,https://youtube.com/@sarovarhotels,404,external
/offers/mice-season-special,https://youtube.com/@sarovarhotels,404,external
/offers/aditya-hometel-hyderabad-book-direct-special-offer,https://youtube.com/@sarovarhotels,404,external
/offers/aditya-park-hyderabad-book-direct-offer,https://youtube.com/@sarovarhotels,404,external
/offers/ambar-sarovar-portico-gandhidham-hotel-book-direct-special-offer,https://youtube.com/@sarovarhotels,404,external
/offers/ambar-sarovar-portico-gandhidham-hotel-flexi-check-in-and-check-out,https://youtube.com/@sarovarhotels,404,external
/offers/ambar-sarovar-portico-gandhidham-hotel-chef-made-my-breakfast-my-way,https://youtube.com/@sarovarhotels,404,external
/offers/ambar-sarovar-portico-gandhidham-hotel-take-away-breakfast-with-early-checkout,https://youtube.com/@sarovarhotels,404,external
/offers/ambar-sarovar-portico-gandhidham-hotel-high-speed-browsing-at-no-charge,https://youtube.com/@sarovarhotels,404,external
/offers/balaji-sarovar-premiere-solapur-free-wi-fi,https://youtube.com/@sarovarhotels,404,external
/offers/bellevue-sarovar-premiere-junagadh-promotions,https://youtube.com/@sarovarhotels,404,external
/offers/ambrosia-sarovar-portico-haridwar-book-direct-special-offer,https://youtube.com/@sarovarhotels,404,external
/offers/classic-sarovar-portico-thiruvananthapuram-free-wi-fi,https://youtube.com/@sarovarhotels,404,external
/offers/davanam-sarovar-portico-suites-bangalore-book-direct-special-offer,https://youtube.com/@sarovarhotels,404,external
/offers/deventure-sarovar-portico-kapashera-new-delhi-free-wi-fi,https://youtube.com/@sarovarhotels,404,external
/offers/efcee-sarovar-portico-bhavnagar-book-direct-special-offer,https://youtube.com/@sarovarhotels,404,external
/offers/golden-sarovar-portico-amritsar-book-direct-special-offer,https://youtube.com/@sarovarhotels,404,external
/offers/golden-sarovar-portico-amritsar-chef-made-my-breakfast-my-way,https://youtube.com/@sarovarhotels,404,external
/offers/golden-sarovar-portico-amritsar-flexi-check-in-check-out,https://youtube.com/@sarovarhotels,404,external
/offers/golden-sarovar-portico-amritsar-high-speed-browsing-at-no-charge,https://youtube.com/@sarovarhotels,404,external
/offers/golden-sarovar-portico-amritsar-take-away-breakfast-with-early-check-out,https://youtube.com/@sarovarhotels,404,external
/offers/golden-tulip-candolim-goa-flat-30-discount,https://youtube.com/@sarovarhotels,404,external
/offers/golden-tulip-candolim-goa-10-members-only-discount,https://youtube.com/@sarovarhotels,404,external
/offers/golden-tulip-goa-mandrem-corporate-group-package-with-all-inclusive-35-rooms-70-guest,https://youtube.com/@sarovarhotels,404,external
/offers/golden-tulip-goa-mandrem-destination-wedding-exclusive-buyout-package-for-108-guest-with-all-inclusive,https://youtube.com/@sarovarhotels,404,external
/offers/golden-tulip-goa-mandrem-monsoon-bonanza,https://youtube.com/@sarovarhotels,404,external
/offers/golden-tulip-lucknow-ayodhya-tour-package,https://youtube.com/@sarovarhotels,404,external
/offers/golden-tulip-lucknow-book-direct-offer,https://youtube.com/@sarovarhotels,404,external
/offers/golden-tulip-lucknow-flexi-check-in-check-out,https://youtube.com/@sarovarhotels,404,external
/offers/golden-tulip-lucknow-chef-made-my-breakfast-my-way,https://youtube.com/@sarovarhotels,404,external
/offers/golden-tulip-lucknow-free-wi-fi,https://youtube.com/@sarovarhotels,404,external
/offers/golden-tulip-lucknow-high-speed-browsing-at-no-charge,https://youtube.com/@sarovarhotels,404,external
/offers/golden-tulip-lucknow-take-away-breakfast-with-early-check-out,https://youtube.com/@sarovarhotels,404,external
/offers/grand-continent-anjuna-flat-30-discount,https://youtube.com/@sarovarhotels,404,external
/offers/hometel-chandigarh-book-direct-special-offer,https://youtube.com/@sarovarhotels,404,external
/offers/hometel-chandigarh-diamond-packages-rs2199-taxes,https://youtube.com/@sarovarhotels,404,external
/offers/hometel-chandigarh-platinum-packages-2499-taxes,https://youtube.com/@sarovarhotels,404,external
/offers/hometel-chandigarh-silver-packages-rs1799-taxes,https://youtube.com/@sarovarhotels,404,external
/offers/hometel-roorkee-free-wi-fi,https://youtube.com/@sarovarhotels,404,external
/offers/la-place-sarovar-portico-lucknow-free-wi-fi-at-la-place-sarovar-portico-lucknow,https://youtube.com/@sarovarhotels,404,external
/offers/le-dupleix-pondicherry-lobster-nights-at-le-dupleix,https://youtube.com/@sarovarhotels,404,external
/offers/le-lac-sarovar-ranchi-free-wi-fi,https://youtube.com/@sarovarhotels,404,external
/offers/mahagun-sarovar-portico-suites-vaishali-book-direct-special-offer,https://youtube.com/@sarovarhotels,404,external
/offers/legend-sarovar-portico-book-direct-special-offer,https://youtube.com/@sarovarhotels,404,external
/offers/mahagun-sarovar-portico-suites-vaishali-free-wi-fi-at-mahagun-sarovar-portico-suites-vaishali,https://youtube.com/@sarovarhotels,404,external
/offers/majestic-court-sarovar-portico-navi-mumbai-free-wi-fi,https://youtube.com/@sarovarhotels,404,external
/offers/marasa-sarovar-portico-rajkot-free-wi-fi,https://youtube.com/@sarovarhotels,404,external
/offers/marasa-sarovar-premiere-tirupati-hotels-complimentary-wi-fi,https://youtube.com/@sarovarhotels,404,external
/offers/marigold-sarovar-portico-mashobra-shimla-book-direct-special-offer,https://youtube.com/@sarovarhotels,404,external
/offers/marigold-sarovar-portico-mashobra-shimla-weekend-weekdays-offer,https://youtube.com/@sarovarhotels,404,external
/offers/nataraj-sarovar-portico-jhansi-complimentary-wi-fi,https://youtube.com/@sarovarhotels,404,external
/offers/marine-plaza-mumbai-complimentary-wi-fi,https://youtube.com/@sarovarhotels,404,external
/offers/nirvana-sarovar-portico-gorakhpur-book-direct-special-offer,https://youtube.com/@sarovarhotels,404,external
/offers/paradigm-sarovar-kakinada-free-wi-fi,https://youtube.com/@sarovarhotels,404,external
/offers/park-inn-gurgaon-free-wi-fi,https://youtube.com/@sarovarhotels,404,external
/offers/park-inn-radisson-goa-candolim-free-wi-fi,https://youtube.com/@sarovarhotels,404,external
/offers/park-plaza-faridabad-free-wi-fi,https://youtube.com/@sarovarhotels,404,external
/offers/park-plaza-jodhpur-free-wi-fi,https://youtube.com/@sarovarhotels,404,external
/offers/park-plaza-ludhiana-orient-blade-chinese-and-asian-cuisine,https://youtube.com/@sarovarhotels,404,external
/offers/park-plaza-ludhiana-panorama,https://youtube.com/@sarovarhotels,404,external
/offers/park-plaza-zirakpur-free-wi-fi,https://youtube.com/@sarovarhotels,404,external
/offers/park-plaza-ludhiana-passion-lounge-bar,https://youtube.com/@sarovarhotels,404,external
/offers/park-plaza-shahadra-east-delhi-free-wi-fi,https://youtube.com/@sarovarhotels,404,external
/offers/radha-hometel-bangalore-book-direct-special-offer,https://youtube.com/@sarovarhotels,404,external
/offers/radha-hometel-bangalore-complimentary-breakfast-offer,https://youtube.com/@sarovarhotels,404,external
/offers/radisson-hyderabad-hitec-free-wi-fi,https://youtube.com/@sarovarhotels,404,external
/offers/radha-regent-chennai-book-direct-offer,https://youtube.com/@sarovarhotels,404,external
/offers/radisson-mumbai-goregaon-free-wi-fi,https://youtube.com/@sarovarhotels,404,external
/offers/rbd-sarovar-portico-outer-ring-road-bengaluru-book-direct-special-offer,https://youtube.com/@sarovarhotels,404,external
/offers/residency-sarovar-portico-mumbai-free-wifi,https://youtube.com/@sarovarhotels,404,external
/offers/rivera-sarovar-portico-ahmedabad-book-direct-special-offer,https://youtube.com/@sarovarhotels,404,external
/offers/sarovar-portico-badrinath-uttarakhand-book-direct-special-offer,https://youtube.com/@sarovarhotels,404,external
/offers/royal-sarovar-portico-siliguri-free-wi-fi,https://youtube.com/@sarovarhotels,404,external
/offers/sarovar-portico-dehradun-high-speed-browsing-at-no-charge,https://youtube.com/@sarovarhotels,404,external
/offers/sarovar-portico-hanumangarh-direct-booking-offer,https://youtube.com/@sarovarhotels,404,external
/offers/sarovar-portico-jalandhar-free-wi-fi,https://youtube.com/@sarovarhotels,404,external
/offers/sarovar-portico-jaipur-free-wifi,https://youtube.com/@sarovarhotels,404,external
/offers/sarovar-portico-naraina-new-delhi-free-wi-fi,https://youtube.com/@sarovarhotels,404,external
/offers/sarovar-portico-surajkund-book-direct-special-offer,https://youtube.com/@sarovarhotels,404,external
/offers/sarovar-portico-somnath-book-direct,https://youtube.com/@sarovarhotels,404,external
/offers/sarovar-premiere-jaipur-day-conference-package,https://youtube.com/@sarovarhotels,404,external
/offers/sarovar-premiere-jaipur-free-wi-fi,https://youtube.com/@sarovarhotels,404,external
/offers/singhania-sarovar-portico-raipur-free-wi-fi,https://youtube.com/@sarovarhotels,404,external
/offers/skywings-sarovar-portico-mathura-winter-package,https://youtube.com/@sarovarhotels,404,external
/offers/sobit-sarovar-portico-palolem-beach-hotel-goa-book-direct-exclusive-website-offer,https://youtube.com/@sarovarhotels,404,external
/offers/sobit-sarovar-portico-palolem-beach-hotel-goa-travel-local-stay-local-live-the-new-normal,https://youtube.com/@sarovarhotels,404,external
/offers/taurus-hotel-mahipalpur-new-delhi-free-wi-fi,https://youtube.com/@sarovarhotels,404,external
/offers/the-ashtan-sarovar-portico-new-delhi-free-wifi,https://youtube.com/@sarovarhotels,404,external
/offers/the-gokulam-park-kochi-free-wi-fi,https://youtube.com/@sarovarhotels,404,external
/offers/the-gaurs-sarovar-premiere-book-direct-offer,https://youtube.com/@sarovarhotels,404,external
/blogs.html,https://youtube.com/@sarovarhotels,404,external
/offers/tulip-inn-gurugram-near-medanta-medanta-care-stay-package,https://youtube.com/@sarovarhotels,404,external
/offers/the-muse-sarovar-portico-nehru-place-new-delhi-free-wi-fi,https://youtube.com/@sarovarhotels,404,external
/our-destinations.html,https://youtube.com/@sarovarhotels,404,external
/about-us.html,https://youtube.com/@sarovarhotels,404,external
/about-us/discover.html,https://youtube.com/@sarovarhotels,404,external
/about-us/our-brands.html,https://youtube.com/@sarovarhotels,404,external
/about-us/our-team.html,https://youtube.com/@sarovarhotels,404,external
/careers.html,https://youtube.com/@sarovarhotels,404,external
/careers/careers.html,https://youtube.com/@sarovarhotels,404,external
/contact-us/contact-sarovar-hotels.html,https://youtube.com/@sarovarhotels,404,external
/events/meetings-and-events.html,https://youtube.com/@sarovarhotels,404,external
/hotel-directory/hotel-directory.html,https://youtube.com/@sarovarhotels,404,external
/amex-offer-terms-and-conditions.html,https://youtube.com/@sarovarhotels,404,external
/disclaimer.html,https://youtube.com/@sarovarhotels,404,external
/elder-stay-package.html,https://youtube.com/@sarovarhotels,404,external
/foodgully.html,https://youtube.com/@sarovarhotels,404,external
/golden-tulip.html,https://youtube.com/@sarovarhotels,404,external
/happiness-sarovar.html,https://youtube.com/@sarovarhotels,404,external
/manage-booking.html,https://youtube.com/@sarovarhotels,404,external
/offers.html,https://youtube.com/@sarovarhotels,404,external
/mountain-destinations.html,https://youtube.com/@sarovarhotels,404,external
/opening-soon.html,https://youtube.com/@sarovarhotels,404,external
/secretarial.html,https://youtube.com/@sarovarhotels,404,external
/sitemap.html,https://youtube.com/@sarovarhotels,404,external
/weddings.html,https://youtube.com/@sarovarhotels,404,external
/awards/awards.html,https://youtube.com/@sarovarhotels,404,external
/beyond-consultancy/beyond-consultancy.html,https://youtube.com/@sarovarhotels,404,external
/experiences/business-hotels.html,https://youtube.com/@sarovarhotels,404,external
/experiences/pilgrimage-hotels.html,https://youtube.com/@sarovarhotels,404,external
/experiences/leisure-hotels.html,https://youtube.com/@sarovarhotels,404,external
/flash-sale/flash-sale.html,https://youtube.com/@sarovarhotels,404,external
/happiness-sarovar/get-the-best-weekend-weekdays-offer-at-our-mashobra-hotel.html,https://youtube.com/@sarovarhotels,404,external
/happiness-sarovar/rs-sarovar-portico---summer-holiday-offers.html,https://youtube.com/@sarovarhotels,404,external
/home-delivery/home-delivery.html,https://youtube.com/@sarovarhotels,404,external
/lywwh/city-package.html,https://youtube.com/@sarovarhotels,404,external
/lywwh/estuary-sarovar-premiere-poovar.html,https://youtube.com/@sarovarhotels,404,external
/newsletter/newsletter.html,https://youtube.com/@sarovarhotels,404,external
/newsroom/newsroom.html,https://youtube.com/@sarovarhotels,404,external
/partner-with-us/corporate-travel-agents.html,https://youtube.com/@sarovarhotels,404,external
/partner-with-us/hotel-partner.html,https://youtube.com/@sarovarhotels,404,external
/privacy-policy/privacy-policy.html,https://youtube.com/@sarovarhotels,404,external
/partner-with-us/vendors-and-suppliers.html,https://youtube.com/@sarovarhotels,404,external
/spin-and-win/spin-and-win.html,https://youtube.com/@sarovarhotels,404,external
/terms-and-conditions/terms-and-conditions.html,https://youtube.com/@sarovarhotels,404,external
/weddings/terms-conditions-of-wedding-packages.html,https://youtube.com/@sarovarhotels,404,external
/summer-offer/special-summer-offer.html,https://youtube.com/@sarovarhotels,404,external
/blog/blogs-an-escape-to-poovar-island,https://youtube.com/@sarovarhotels,404,external
/blog/blogs-beautiful-locations-to-get-married-in-this-summer,https://youtube.com/@sarovarhotels,404,external
/blog/blogs-best-beaches-to-visit-in-goa,https://youtube.com/@sarovarhotels,404,external
/blog/blogs-best-destinations-for-drivable-holidays-over-long-weekends,https://youtube.com/@sarovarhotels,404,external
/blog/blogs-best-places-to-visit-in-agra,https://youtube.com/@sarovarhotels,404,external
/blog/blogs-best-summer-destinations-in-india,https://youtube.com/@sarovarhotels,404,external
/blog/blogs-enjoy-divine-experience-in-mathura,https://youtube.com/@sarovarhotels,404,external
/blog/blogs-easter-recipe,https://youtube.com/@sarovarhotels,404,external
/blog/blogs-experience-chandigarh-culture-food-architecture,https://youtube.com/@sarovarhotels,404,external
/blog/blogs-experience-mashobra-with-marigold-sarovar-portico,https://youtube.com/@sarovarhotels,404,external
/blog/blogs-experience-the-best-attractions-of-kerala,https://youtube.com/@sarovarhotels,404,external
/blog/blogs-experience-the-glorious-past-of-agra-with-sarovar-hotels,https://youtube.com/@sarovarhotels,404,external
/blog/blogs-explore-the-beauty-of-jaisalmer,https://youtube.com/@sarovarhotels,404,external
/blog/blogs-experiential-things-to-do-in-bhimtal,https://youtube.com/@sarovarhotels,404,external
/blog/blogs-explore-the-best-of-palampur,https://youtube.com/@sarovarhotels,404,external
/blog/blogs-explore-the-city-of-jhansi,https://youtube.com/@sarovarhotels,404,external
/blog/blogs-explore-the-rich-heritage-of-pondicherry-with-sarovar-hotels,https://youtube.com/@sarovarhotels,404,external
/blog/blogs-explore-the-royal-capital-of-rajasthan,https://youtube.com/@sarovarhotels,404,external
/blog/blogs-following-the-food-trail-in-gujarat,https://youtube.com/@sarovarhotels,404,external
/blog/blogs-food-trail-through-north-east-india,https://youtube.com/@sarovarhotels,404,external
/blog/blogs-hidden-gems-of-andhra-pradesh-that-you-must-visit,https://youtube.com/@sarovarhotels,404,external
/blog/blogs-india-during-monsoons,https://youtube.com/@sarovarhotels,404,external
/blog/blogs-hidden-gems-sasan-gir-junagadh-jaisalmer-and-south-goa,https://youtube.com/@sarovarhotels,404,external
/blog/blogs-mashobra-a-safe-place-to-travel-to,https://youtube.com/@sarovarhotels,404,external
/blog/blogs-most-popular-places-to-visit-in-jaipur,https://youtube.com/@sarovarhotels,404,external
/blog/blogs-nutritious-homemade-meals-with-sarovars-ghar-ka-khana,https://youtube.com/@sarovarhotels,404,external
/blog/blogs-places-to-visit-in-maharashtra-this-monsoon,https://youtube.com/@sarovarhotels,404,external
/blog/blogs-rajasthan-a-unique-summer-destination-in-india,https://youtube.com/@sarovarhotels,404,external
/blog/blogs-rediscover-india-delhi-ncr,https://youtube.com/@sarovarhotels,404,external
/blog/blogs-rediscover-india-dibrugarh,https://youtube.com/@sarovarhotels,404,external
/blog/blogs-rediscover-india-bodhgaya,https://youtube.com/@sarovarhotels,404,external
/blog/blogs-rediscover-india-jaisalmer,https://youtube.com/@sarovarhotels,404,external
/blog/blogs-rediscover-india-mussoorie,https://youtube.com/@sarovarhotels,404,external
/blog/blogs-rediscover-india-palampur,https://youtube.com/@sarovarhotels,404,external
/blog/blogs-rejoice-amid-the-ethereal-vistas-of-shimla,https://youtube.com/@sarovarhotels,404,external
/blog/blogs-revel-in-the-mesmerizing-beauty-of-gangtok,https://youtube.com/@sarovarhotels,404,external
/blog/blogs-romantic-things-to-do-during-valentines-day,https://youtube.com/@sarovarhotels,404,external
/blog/blogs-take-your-life-on-a-holiday-drive-down-kerala-getaway-awaits,https://youtube.com/@sarovarhotels,404,external
/blog/blogs-the-alluring-poovar-island,https://youtube.com/@sarovarhotels,404,external
/blog/blogs-things-to-do-in-vaishali-corporate-business-hubs,https://youtube.com/@sarovarhotels,404,external
/blog/blogs-the-mountains-beckon-this-january,https://youtube.com/@sarovarhotels,404,external
/blog/blogs-top-5-places-to-explore-in-mashobra,https://youtube.com/@sarovarhotels,404,external
/blog/blogs-top-5-places-to-visit-in-kerala-with-sarovar-hotels,https://youtube.com/@sarovarhotels,404,external
/blog/blogs-tourists-guide-and-top-attractions-in-new-delhi,https://youtube.com/@sarovarhotels,404,external
/blog/blogs-travel-restrictions-across-india,https://youtube.com/@sarovarhotels,404,external
/blog/blogs-workation-destinations-in-india,https://youtube.com/@sarovarhotels,404,external
/offers,https://youtube.com/@sarovarhotels,404,external
/,https://youtube.com/@sarovarhotels,404,external
/blog,https://youtube.com/@sarovarhotels,404,external
/destinations,https://youtube.com/@sarovarhotels,404,external
/weddings-events,https://youtube.com/@sarovarhotels,404,external
/hotels,https://youtube.com/@sarovarhotels,404,external
