type,documentId,field,in_db,rendered,issues
hotel,sr28j4o4s0502lkqya9j3nq1,name,true,true,
hotel,sr28j4o4s0502lkqya9j3nq1,description,true,true,
hotel,sr28j4o4s0502lkqya9j3nq1,address_line1,true,true,
hotel,sr28j4o4s0502lkqya9j3nq1,phone,true,true,
hotel,sr28j4o4s0502lkqya9j3nq1,brand.name,true,true,
hotel,sr28j4o4s0502lkqya9j3nq1,destination.city,true,true,
hotel,sr28j4o4s0502lkqya9j3nq1,check_in_time,true,true,
hotel,sr28j4o4s0502lkqya9j3nq1,check_out_time,true,true,
hotel,cq3x0k9ydpgaq8g63cr814a9,name,true,true,
hotel,cq3x0k9ydpgaq8g63cr814a9,description,true,true,
hotel,cq3x0k9ydpgaq8g63cr814a9,address_line1,true,true,
hotel,cq3x0k9ydpgaq8g63cr814a9,phone,true,true,
hotel,cq3x0k9ydpgaq8g63cr814a9,brand.name,true,true,
hotel,cq3x0k9ydpgaq8g63cr814a9,destination.city,true,true,
hotel,cq3x0k9ydpgaq8g63cr814a9,check_in_time,true,true,
hotel,cq3x0k9ydpgaq8g63cr814a9,check_out_time,true,true,
hotel,kj0pmuwptrnwwu7uieirolti,name,true,true,
hotel,kj0pmuwptrnwwu7uieirolti,description,true,true,
hotel,kj0pmuwptrnwwu7uieirolti,address_line1,true,true,
hotel,kj0pmuwptrnwwu7uieirolti,phone,true,true,
hotel,kj0pmuwptrnwwu7uieirolti,brand.name,true,true,
hotel,kj0pmuwptrnwwu7uieirolti,destination.city,true,true,
hotel,kj0pmuwptrnwwu7uieirolti,check_in_time,true,true,
hotel,kj0pmuwptrnwwu7uieirolti,check_out_time,true,true,
hotel,ln0gj8rlj4rxumo7x99iy8ve,name,true,true,
hotel,ln0gj8rlj4rxumo7x99iy8ve,description,true,true,
hotel,ln0gj8rlj4rxumo7x99iy8ve,address_line1,true,true,
hotel,ln0gj8rlj4rxumo7x99iy8ve,phone,true,true,
hotel,ln0gj8rlj4rxumo7x99iy8ve,brand.name,true,true,
hotel,ln0gj8rlj4rxumo7x99iy8ve,destination.city,true,true,
hotel,ln0gj8rlj4rxumo7x99iy8ve,check_in_time,true,true,
hotel,ln0gj8rlj4rxumo7x99iy8ve,check_out_time,true,true,
hotel,mw8ueg6zyc37gcywhrm1qmks,name,true,true,
hotel,mw8ueg6zyc37gcywhrm1qmks,description,true,true,
hotel,mw8ueg6zyc37gcywhrm1qmks,address_line1,true,true,
hotel,mw8ueg6zyc37gcywhrm1qmks,phone,true,true,
hotel,mw8ueg6zyc37gcywhrm1qmks,brand.name,true,true,
hotel,mw8ueg6zyc37gcywhrm1qmks,destination.city,true,true,
hotel,mw8ueg6zyc37gcywhrm1qmks,check_in_time,true,true,
hotel,mw8ueg6zyc37gcywhrm1qmks,check_out_time,true,true,
hotel,tuc0lt9c0l0na2pxpdrgpjcy,name,true,true,
hotel,tuc0lt9c0l0na2pxpdrgpjcy,description,true,true,
hotel,tuc0lt9c0l0na2pxpdrgpjcy,address_line1,true,true,
hotel,tuc0lt9c0l0na2pxpdrgpjcy,phone,true,true,
hotel,tuc0lt9c0l0na2pxpdrgpjcy,brand.name,true,true,
hotel,tuc0lt9c0l0na2pxpdrgpjcy,destination.city,true,true,
hotel,tuc0lt9c0l0na2pxpdrgpjcy,check_in_time,true,true,
hotel,tuc0lt9c0l0na2pxpdrgpjcy,check_out_time,true,true,
hotel,ievhz3zi8m0wnimukmab9sf3,name,true,true,
hotel,ievhz3zi8m0wnimukmab9sf3,description,true,true,
hotel,ievhz3zi8m0wnimukmab9sf3,address_line1,true,true,
hotel,ievhz3zi8m0wnimukmab9sf3,phone,true,true,
hotel,ievhz3zi8m0wnimukmab9sf3,brand.name,true,true,
hotel,ievhz3zi8m0wnimukmab9sf3,destination.city,true,true,
hotel,ievhz3zi8m0wnimukmab9sf3,check_in_time,true,true,
hotel,ievhz3zi8m0wnimukmab9sf3,check_out_time,true,true,
hotel,h956jqot2rkpm49hmtisj2y2,name,true,true,
hotel,h956jqot2rkpm49hmtisj2y2,description,true,true,
hotel,h956jqot2rkpm49hmtisj2y2,address_line1,true,true,
hotel,h956jqot2rkpm49hmtisj2y2,phone,true,true,
hotel,h956jqot2rkpm49hmtisj2y2,brand.name,true,true,
hotel,h956jqot2rkpm49hmtisj2y2,destination.city,true,true,
hotel,h956jqot2rkpm49hmtisj2y2,check_in_time,true,true,
hotel,h956jqot2rkpm49hmtisj2y2,check_out_time,true,true,
hotel,kjw454m5jgmcu0bczmcid856,name,true,true,
hotel,kjw454m5jgmcu0bczmcid856,description,true,true,
hotel,kjw454m5jgmcu0bczmcid856,address_line1,true,true,
hotel,kjw454m5jgmcu0bczmcid856,phone,true,true,
hotel,kjw454m5jgmcu0bczmcid856,brand.name,true,true,
hotel,kjw454m5jgmcu0bczmcid856,destination.city,true,true,
hotel,kjw454m5jgmcu0bczmcid856,check_in_time,true,true,
hotel,kjw454m5jgmcu0bczmcid856,check_out_time,true,true,
hotel,vt2ug2ez0s8hya3j0oihwbrd,name,true,true,
hotel,vt2ug2ez0s8hya3j0oihwbrd,description,true,true,
hotel,vt2ug2ez0s8hya3j0oihwbrd,address_line1,true,true,
hotel,vt2ug2ez0s8hya3j0oihwbrd,phone,true,true,
hotel,vt2ug2ez0s8hya3j0oihwbrd,brand.name,true,true,
hotel,vt2ug2ez0s8hya3j0oihwbrd,check_in_time,true,true,
hotel,vt2ug2ez0s8hya3j0oihwbrd,check_out_time,true,true,
hotel,rqhof3eo3ccww1itbquu765a,name,true,true,
hotel,rqhof3eo3ccww1itbquu765a,description,true,true,
hotel,rqhof3eo3ccww1itbquu765a,address_line1,true,true,
hotel,rqhof3eo3ccww1itbquu765a,phone,true,true,
hotel,rqhof3eo3ccww1itbquu765a,brand.name,true,true,
hotel,rqhof3eo3ccww1itbquu765a,destination.city,true,true,
hotel,rqhof3eo3ccww1itbquu765a,check_in_time,true,true,
hotel,rqhof3eo3ccww1itbquu765a,check_out_time,true,true,
hotel,glk2wfzrstdbocv6bpstqswh,name,true,true,
hotel,glk2wfzrstdbocv6bpstqswh,description,true,true,
hotel,glk2wfzrstdbocv6bpstqswh,address_line1,true,true,
hotel,glk2wfzrstdbocv6bpstqswh,phone,true,true,
hotel,glk2wfzrstdbocv6bpstqswh,brand.name,true,true,
hotel,glk2wfzrstdbocv6bpstqswh,destination.city,true,true,
hotel,glk2wfzrstdbocv6bpstqswh,check_in_time,true,true,
hotel,glk2wfzrstdbocv6bpstqswh,check_out_time,true,true,
hotel,in0kis219t8nbhztema6bsmn,name,true,true,
hotel,in0kis219t8nbhztema6bsmn,description,true,true,
hotel,in0kis219t8nbhztema6bsmn,address_line1,true,true,
hotel,in0kis219t8nbhztema6bsmn,phone,true,true,
hotel,in0kis219t8nbhztema6bsmn,brand.name,true,true,
hotel,in0kis219t8nbhztema6bsmn,destination.city,true,true,
hotel,in0kis219t8nbhztema6bsmn,check_in_time,true,true,
hotel,in0kis219t8nbhztema6bsmn,check_out_time,true,true,
hotel,xliva2mj2oisblywnnmzb4io,name,true,true,
hotel,xliva2mj2oisblywnnmzb4io,description,true,true,
hotel,xliva2mj2oisblywnnmzb4io,address_line1,true,true,
hotel,xliva2mj2oisblywnnmzb4io,phone,true,true,
hotel,xliva2mj2oisblywnnmzb4io,brand.name,true,true,
hotel,xliva2mj2oisblywnnmzb4io,destination.city,true,true,
hotel,xliva2mj2oisblywnnmzb4io,check_in_time,true,true,
hotel,xliva2mj2oisblywnnmzb4io,check_out_time,true,true,
hotel,myzp4bufrciaeqa1f7hwnthq,name,true,true,
hotel,myzp4bufrciaeqa1f7hwnthq,description,true,true,
hotel,myzp4bufrciaeqa1f7hwnthq,address_line1,true,true,
hotel,myzp4bufrciaeqa1f7hwnthq,phone,true,true,
hotel,myzp4bufrciaeqa1f7hwnthq,brand.name,true,true,
hotel,myzp4bufrciaeqa1f7hwnthq,destination.city,true,true,
hotel,myzp4bufrciaeqa1f7hwnthq,check_in_time,true,true,
hotel,myzp4bufrciaeqa1f7hwnthq,check_out_time,true,true,
hotel,jlgiovfnn7iwclcfq1tst38o,name,true,true,
hotel,jlgiovfnn7iwclcfq1tst38o,description,true,true,
hotel,jlgiovfnn7iwclcfq1tst38o,address_line1,true,true,
hotel,jlgiovfnn7iwclcfq1tst38o,phone,true,true,
hotel,jlgiovfnn7iwclcfq1tst38o,brand.name,true,true,
hotel,jlgiovfnn7iwclcfq1tst38o,destination.city,true,true,
hotel,jlgiovfnn7iwclcfq1tst38o,check_in_time,true,true,
hotel,jlgiovfnn7iwclcfq1tst38o,check_out_time,true,true,
hotel,nheqorhkiaxribfpkk6qffzt,name,true,true,
hotel,nheqorhkiaxribfpkk6qffzt,description,true,true,
hotel,nheqorhkiaxribfpkk6qffzt,address_line1,true,true,
hotel,nheqorhkiaxribfpkk6qffzt,phone,true,true,
hotel,nheqorhkiaxribfpkk6qffzt,brand.name,true,true,
hotel,nheqorhkiaxribfpkk6qffzt,destination.city,true,true,
hotel,nheqorhkiaxribfpkk6qffzt,check_in_time,true,true,
hotel,nheqorhkiaxribfpkk6qffzt,check_out_time,true,true,
hotel,pi0kgqvv2mby22nmi5va3i5j,name,true,true,
hotel,pi0kgqvv2mby22nmi5va3i5j,description,true,true,
hotel,pi0kgqvv2mby22nmi5va3i5j,address_line1,true,true,
hotel,pi0kgqvv2mby22nmi5va3i5j,phone,true,true,
hotel,pi0kgqvv2mby22nmi5va3i5j,brand.name,true,true,
hotel,pi0kgqvv2mby22nmi5va3i5j,destination.city,true,true,
hotel,pi0kgqvv2mby22nmi5va3i5j,check_in_time,true,true,
hotel,pi0kgqvv2mby22nmi5va3i5j,check_out_time,true,true,
hotel,nj93qgtto0lgesdjc499yrd2,name,true,true,
hotel,nj93qgtto0lgesdjc499yrd2,description,true,true,
hotel,nj93qgtto0lgesdjc499yrd2,address_line1,true,true,
hotel,nj93qgtto0lgesdjc499yrd2,phone,true,true,
hotel,nj93qgtto0lgesdjc499yrd2,brand.name,true,true,
hotel,nj93qgtto0lgesdjc499yrd2,destination.city,true,true,
hotel,nj93qgtto0lgesdjc499yrd2,check_in_time,true,true,
hotel,nj93qgtto0lgesdjc499yrd2,check_out_time,true,true,
hotel,gl4vmpykhppii6cv6a6eutbz,name,true,true,
hotel,gl4vmpykhppii6cv6a6eutbz,description,true,true,
hotel,gl4vmpykhppii6cv6a6eutbz,address_line1,true,true,
hotel,gl4vmpykhppii6cv6a6eutbz,phone,true,true,
hotel,gl4vmpykhppii6cv6a6eutbz,brand.name,true,true,
hotel,gl4vmpykhppii6cv6a6eutbz,check_in_time,true,true,
hotel,gl4vmpykhppii6cv6a6eutbz,check_out_time,true,true,
hotel,oxljj6tebeltew10ljuqnbcs,name,true,true,
hotel,oxljj6tebeltew10ljuqnbcs,description,true,true,
hotel,oxljj6tebeltew10ljuqnbcs,address_line1,true,true,
hotel,oxljj6tebeltew10ljuqnbcs,phone,true,true,
hotel,oxljj6tebeltew10ljuqnbcs,brand.name,true,true,
hotel,oxljj6tebeltew10ljuqnbcs,check_in_time,true,true,
hotel,oxljj6tebeltew10ljuqnbcs,check_out_time,true,true,
hotel,zhdk257u85fi0awyg3tpxwrt,name,true,true,
hotel,zhdk257u85fi0awyg3tpxwrt,description,true,true,
hotel,zhdk257u85fi0awyg3tpxwrt,address_line1,true,true,
hotel,zhdk257u85fi0awyg3tpxwrt,phone,true,true,
hotel,zhdk257u85fi0awyg3tpxwrt,brand.name,true,true,
hotel,zhdk257u85fi0awyg3tpxwrt,destination.city,true,true,
hotel,zhdk257u85fi0awyg3tpxwrt,check_in_time,true,true,
hotel,zhdk257u85fi0awyg3tpxwrt,check_out_time,true,true,
hotel,kyixj09apb6tuuo9448fzoto,name,true,true,
hotel,kyixj09apb6tuuo9448fzoto,description,true,true,
hotel,kyixj09apb6tuuo9448fzoto,address_line1,true,true,
hotel,kyixj09apb6tuuo9448fzoto,phone,true,true,
hotel,kyixj09apb6tuuo9448fzoto,brand.name,true,true,
hotel,kyixj09apb6tuuo9448fzoto,destination.city,true,true,
hotel,kyixj09apb6tuuo9448fzoto,check_in_time,true,true,
hotel,kyixj09apb6tuuo9448fzoto,check_out_time,true,true,
hotel,a8yzgu7kccovpvtki1a8of7w,name,true,true,
hotel,a8yzgu7kccovpvtki1a8of7w,description,true,true,
hotel,a8yzgu7kccovpvtki1a8of7w,address_line1,true,true,
hotel,a8yzgu7kccovpvtki1a8of7w,phone,true,true,
hotel,a8yzgu7kccovpvtki1a8of7w,brand.name,true,true,
hotel,a8yzgu7kccovpvtki1a8of7w,check_in_time,true,true,
hotel,a8yzgu7kccovpvtki1a8of7w,check_out_time,true,true,
hotel,cvezpiutdrsntdy2ttr9vbwq,name,true,true,
hotel,cvezpiutdrsntdy2ttr9vbwq,description,true,true,
hotel,cvezpiutdrsntdy2ttr9vbwq,address_line1,true,true,
hotel,cvezpiutdrsntdy2ttr9vbwq,phone,true,true,
hotel,cvezpiutdrsntdy2ttr9vbwq,brand.name,true,true,
hotel,cvezpiutdrsntdy2ttr9vbwq,destination.city,true,true,
hotel,cvezpiutdrsntdy2ttr9vbwq,check_in_time,true,true,
hotel,cvezpiutdrsntdy2ttr9vbwq,check_out_time,true,true,
hotel,zbdydapaezsdchbhigwbzw71,name,true,true,
hotel,zbdydapaezsdchbhigwbzw71,description,true,true,
hotel,zbdydapaezsdchbhigwbzw71,address_line1,true,true,
hotel,zbdydapaezsdchbhigwbzw71,phone,true,true,
hotel,zbdydapaezsdchbhigwbzw71,brand.name,true,true,
hotel,zbdydapaezsdchbhigwbzw71,check_in_time,true,true,
hotel,zbdydapaezsdchbhigwbzw71,check_out_time,true,true,
hotel,eshvg3smsdhll8od16ofykzn,name,true,true,
hotel,eshvg3smsdhll8od16ofykzn,description,true,true,
hotel,eshvg3smsdhll8od16ofykzn,address_line1,true,true,
hotel,eshvg3smsdhll8od16ofykzn,phone,true,true,
hotel,eshvg3smsdhll8od16ofykzn,brand.name,true,true,
hotel,eshvg3smsdhll8od16ofykzn,check_in_time,true,true,
hotel,eshvg3smsdhll8od16ofykzn,check_out_time,true,true,
hotel,wwvbmh6fki9v5xfb9ifbdymi,name,true,true,
hotel,wwvbmh6fki9v5xfb9ifbdymi,description,true,true,
hotel,wwvbmh6fki9v5xfb9ifbdymi,address_line1,true,true,
hotel,wwvbmh6fki9v5xfb9ifbdymi,phone,true,true,
hotel,wwvbmh6fki9v5xfb9ifbdymi,brand.name,true,true,
hotel,wwvbmh6fki9v5xfb9ifbdymi,destination.city,true,true,
hotel,wwvbmh6fki9v5xfb9ifbdymi,check_in_time,true,true,
hotel,wwvbmh6fki9v5xfb9ifbdymi,check_out_time,true,true,
hotel,kylyag77ozfu7dw4fge295xl,name,true,true,
hotel,kylyag77ozfu7dw4fge295xl,description,true,true,
hotel,kylyag77ozfu7dw4fge295xl,address_line1,true,true,
hotel,kylyag77ozfu7dw4fge295xl,phone,true,true,
hotel,kylyag77ozfu7dw4fge295xl,brand.name,true,true,
hotel,kylyag77ozfu7dw4fge295xl,check_in_time,true,true,
hotel,kylyag77ozfu7dw4fge295xl,check_out_time,true,true,
hotel,lrfe2tp0kn5yferboipi6fjc,name,true,true,
hotel,lrfe2tp0kn5yferboipi6fjc,description,true,true,
hotel,lrfe2tp0kn5yferboipi6fjc,address_line1,true,true,
hotel,lrfe2tp0kn5yferboipi6fjc,phone,true,true,
hotel,lrfe2tp0kn5yferboipi6fjc,brand.name,true,true,
hotel,lrfe2tp0kn5yferboipi6fjc,destination.city,true,true,
hotel,lrfe2tp0kn5yferboipi6fjc,check_in_time,true,true,
hotel,lrfe2tp0kn5yferboipi6fjc,check_out_time,true,true,
hotel,bbjcv7jcjmz1n85wljcjftqj,name,true,true,
hotel,bbjcv7jcjmz1n85wljcjftqj,description,true,true,
hotel,bbjcv7jcjmz1n85wljcjftqj,address_line1,true,true,
hotel,bbjcv7jcjmz1n85wljcjftqj,phone,true,true,
hotel,bbjcv7jcjmz1n85wljcjftqj,brand.name,true,true,
hotel,bbjcv7jcjmz1n85wljcjftqj,check_in_time,true,true,
hotel,bbjcv7jcjmz1n85wljcjftqj,check_out_time,true,true,
hotel,cn1xygizaysd9wumjcv5exkl,name,true,true,
hotel,cn1xygizaysd9wumjcv5exkl,description,true,true,
hotel,cn1xygizaysd9wumjcv5exkl,address_line1,true,true,
hotel,cn1xygizaysd9wumjcv5exkl,phone,true,true,
hotel,cn1xygizaysd9wumjcv5exkl,brand.name,true,true,
hotel,cn1xygizaysd9wumjcv5exkl,check_in_time,true,true,
hotel,cn1xygizaysd9wumjcv5exkl,check_out_time,true,true,
hotel,bmtx3bphwi1k401p89ritkvp,name,true,true,
hotel,bmtx3bphwi1k401p89ritkvp,description,true,true,
hotel,bmtx3bphwi1k401p89ritkvp,address_line1,true,true,
hotel,bmtx3bphwi1k401p89ritkvp,phone,true,true,
hotel,bmtx3bphwi1k401p89ritkvp,brand.name,true,true,
hotel,bmtx3bphwi1k401p89ritkvp,check_in_time,true,true,
hotel,bmtx3bphwi1k401p89ritkvp,check_out_time,true,true,
hotel,tgxknqo7yxdn0g6gy6pdwe5g,name,true,true,
hotel,tgxknqo7yxdn0g6gy6pdwe5g,description,true,true,
hotel,tgxknqo7yxdn0g6gy6pdwe5g,address_line1,true,true,
hotel,tgxknqo7yxdn0g6gy6pdwe5g,phone,true,true,
hotel,tgxknqo7yxdn0g6gy6pdwe5g,brand.name,true,true,
hotel,tgxknqo7yxdn0g6gy6pdwe5g,check_in_time,true,true,
hotel,tgxknqo7yxdn0g6gy6pdwe5g,check_out_time,true,true,
hotel,gpj43v7o7gtk0y7yntzr28my,name,true,true,
hotel,gpj43v7o7gtk0y7yntzr28my,description,true,true,
hotel,gpj43v7o7gtk0y7yntzr28my,address_line1,true,true,
hotel,gpj43v7o7gtk0y7yntzr28my,phone,true,true,
hotel,gpj43v7o7gtk0y7yntzr28my,brand.name,true,true,
hotel,gpj43v7o7gtk0y7yntzr28my,check_in_time,true,true,
hotel,gpj43v7o7gtk0y7yntzr28my,check_out_time,true,true,
hotel,zkf3jgbetp7dsrj3mwbb6qj9,name,true,true,
hotel,zkf3jgbetp7dsrj3mwbb6qj9,description,true,true,
hotel,zkf3jgbetp7dsrj3mwbb6qj9,address_line1,true,true,
hotel,zkf3jgbetp7dsrj3mwbb6qj9,phone,true,true,
hotel,zkf3jgbetp7dsrj3mwbb6qj9,brand.name,true,true,
hotel,zkf3jgbetp7dsrj3mwbb6qj9,check_in_time,true,true,
hotel,zkf3jgbetp7dsrj3mwbb6qj9,check_out_time,true,true,
hotel,mxkwek8pauu2zl96w5s0p353,name,true,true,
hotel,mxkwek8pauu2zl96w5s0p353,description,true,true,
hotel,mxkwek8pauu2zl96w5s0p353,address_line1,true,true,
hotel,mxkwek8pauu2zl96w5s0p353,phone,true,true,
hotel,mxkwek8pauu2zl96w5s0p353,brand.name,true,true,
hotel,mxkwek8pauu2zl96w5s0p353,check_in_time,true,true,
hotel,mxkwek8pauu2zl96w5s0p353,check_out_time,true,true,
hotel,vpev1rnivzb43qifo0dksqbq,name,true,true,
hotel,vpev1rnivzb43qifo0dksqbq,description,true,true,
hotel,vpev1rnivzb43qifo0dksqbq,address_line1,true,true,
hotel,vpev1rnivzb43qifo0dksqbq,phone,true,true,
hotel,vpev1rnivzb43qifo0dksqbq,brand.name,true,true,
hotel,vpev1rnivzb43qifo0dksqbq,check_in_time,true,true,
hotel,vpev1rnivzb43qifo0dksqbq,check_out_time,true,true,
hotel,yl7977lzdf050nx76202p8x0,name,true,true,
hotel,yl7977lzdf050nx76202p8x0,description,true,true,
hotel,yl7977lzdf050nx76202p8x0,address_line1,true,true,
hotel,yl7977lzdf050nx76202p8x0,phone,true,true,
hotel,yl7977lzdf050nx76202p8x0,brand.name,true,true,
hotel,yl7977lzdf050nx76202p8x0,destination.city,true,true,
hotel,yl7977lzdf050nx76202p8x0,check_in_time,true,true,
hotel,yl7977lzdf050nx76202p8x0,check_out_time,true,true,
hotel,ag0ne7ux6h82mi0ufls4pgtk,name,true,true,
hotel,ag0ne7ux6h82mi0ufls4pgtk,description,true,true,
hotel,ag0ne7ux6h82mi0ufls4pgtk,address_line1,true,true,
hotel,ag0ne7ux6h82mi0ufls4pgtk,phone,true,true,
hotel,ag0ne7ux6h82mi0ufls4pgtk,brand.name,true,true,
hotel,ag0ne7ux6h82mi0ufls4pgtk,check_in_time,true,true,
hotel,ag0ne7ux6h82mi0ufls4pgtk,check_out_time,true,true,
hotel,exqs3n9e3rg4os6w2veyccb8,name,true,true,
hotel,exqs3n9e3rg4os6w2veyccb8,description,true,true,
hotel,exqs3n9e3rg4os6w2veyccb8,address_line1,true,true,
hotel,exqs3n9e3rg4os6w2veyccb8,phone,true,true,
hotel,exqs3n9e3rg4os6w2veyccb8,brand.name,true,true,
hotel,exqs3n9e3rg4os6w2veyccb8,destination.city,true,true,
hotel,exqs3n9e3rg4os6w2veyccb8,check_in_time,true,true,
hotel,exqs3n9e3rg4os6w2veyccb8,check_out_time,true,true,
hotel,oycar1zhbavm4r2f4j35fkm6,name,true,true,
hotel,oycar1zhbavm4r2f4j35fkm6,description,true,true,
hotel,oycar1zhbavm4r2f4j35fkm6,address_line1,true,true,
hotel,oycar1zhbavm4r2f4j35fkm6,phone,true,true,
hotel,oycar1zhbavm4r2f4j35fkm6,brand.name,true,true,
hotel,oycar1zhbavm4r2f4j35fkm6,destination.city,true,true,
hotel,oycar1zhbavm4r2f4j35fkm6,check_in_time,true,true,
hotel,oycar1zhbavm4r2f4j35fkm6,check_out_time,true,true,
hotel,dzceu61lxiy9w6jhj8k2t3j4,name,true,true,
hotel,dzceu61lxiy9w6jhj8k2t3j4,description,true,true,
hotel,dzceu61lxiy9w6jhj8k2t3j4,address_line1,true,true,
hotel,dzceu61lxiy9w6jhj8k2t3j4,phone,true,true,
hotel,dzceu61lxiy9w6jhj8k2t3j4,brand.name,true,true,
hotel,dzceu61lxiy9w6jhj8k2t3j4,destination.city,true,true,
hotel,dzceu61lxiy9w6jhj8k2t3j4,check_in_time,true,true,
hotel,dzceu61lxiy9w6jhj8k2t3j4,check_out_time,true,true,
hotel,ubmswdq1c1g6cfhwrp4q7lc2,name,true,true,
hotel,ubmswdq1c1g6cfhwrp4q7lc2,description,true,true,
hotel,ubmswdq1c1g6cfhwrp4q7lc2,address_line1,true,true,
hotel,ubmswdq1c1g6cfhwrp4q7lc2,phone,true,true,
hotel,ubmswdq1c1g6cfhwrp4q7lc2,brand.name,true,true,
hotel,ubmswdq1c1g6cfhwrp4q7lc2,check_in_time,true,true,
hotel,ubmswdq1c1g6cfhwrp4q7lc2,check_out_time,true,true,
hotel,wm4irbpis6w0bbd7mtwucuks,name,true,true,
hotel,wm4irbpis6w0bbd7mtwucuks,description,true,true,
hotel,wm4irbpis6w0bbd7mtwucuks,address_line1,true,true,
hotel,wm4irbpis6w0bbd7mtwucuks,phone,true,true,
hotel,wm4irbpis6w0bbd7mtwucuks,brand.name,true,true,
hotel,wm4irbpis6w0bbd7mtwucuks,destination.city,true,true,
hotel,wm4irbpis6w0bbd7mtwucuks,check_in_time,true,true,
hotel,wm4irbpis6w0bbd7mtwucuks,check_out_time,true,true,
hotel,z0upqx69ydricmx0x7oluej9,name,true,true,
hotel,z0upqx69ydricmx0x7oluej9,description,true,true,
hotel,z0upqx69ydricmx0x7oluej9,address_line1,true,true,
hotel,z0upqx69ydricmx0x7oluej9,phone,true,true,
hotel,z0upqx69ydricmx0x7oluej9,brand.name,true,true,
hotel,z0upqx69ydricmx0x7oluej9,check_in_time,true,true,
hotel,z0upqx69ydricmx0x7oluej9,check_out_time,true,true,
hotel,rv3gyw02f35a4hofvyr7no2s,name,true,true,
hotel,rv3gyw02f35a4hofvyr7no2s,description,true,true,
hotel,rv3gyw02f35a4hofvyr7no2s,address_line1,true,true,
hotel,rv3gyw02f35a4hofvyr7no2s,phone,true,true,
hotel,rv3gyw02f35a4hofvyr7no2s,brand.name,true,true,
hotel,rv3gyw02f35a4hofvyr7no2s,destination.city,true,true,
hotel,rv3gyw02f35a4hofvyr7no2s,check_in_time,true,true,
hotel,rv3gyw02f35a4hofvyr7no2s,check_out_time,true,true,
hotel,glejblzsz4kwa25vs0f9h4bn,name,true,true,
hotel,glejblzsz4kwa25vs0f9h4bn,description,true,true,
hotel,glejblzsz4kwa25vs0f9h4bn,address_line1,true,true,
hotel,glejblzsz4kwa25vs0f9h4bn,phone,true,true,
hotel,glejblzsz4kwa25vs0f9h4bn,brand.name,true,true,
hotel,glejblzsz4kwa25vs0f9h4bn,destination.city,true,true,
hotel,glejblzsz4kwa25vs0f9h4bn,check_in_time,true,true,
hotel,glejblzsz4kwa25vs0f9h4bn,check_out_time,true,true,
hotel,eabvldp442te264l6uqzcc01,name,true,true,
hotel,eabvldp442te264l6uqzcc01,description,true,true,
hotel,eabvldp442te264l6uqzcc01,address_line1,true,true,
hotel,eabvldp442te264l6uqzcc01,phone,true,true,
hotel,eabvldp442te264l6uqzcc01,brand.name,true,true,
hotel,eabvldp442te264l6uqzcc01,destination.city,true,true,
hotel,eabvldp442te264l6uqzcc01,check_in_time,true,true,
hotel,eabvldp442te264l6uqzcc01,check_out_time,true,true,
hotel,h8vbecw43qgvtaieaq4dp8ev,name,true,true,
hotel,h8vbecw43qgvtaieaq4dp8ev,description,true,true,
hotel,h8vbecw43qgvtaieaq4dp8ev,address_line1,true,true,
hotel,h8vbecw43qgvtaieaq4dp8ev,phone,true,true,
hotel,h8vbecw43qgvtaieaq4dp8ev,brand.name,true,true,
hotel,h8vbecw43qgvtaieaq4dp8ev,destination.city,true,true,
hotel,h8vbecw43qgvtaieaq4dp8ev,check_in_time,true,true,
hotel,h8vbecw43qgvtaieaq4dp8ev,check_out_time,true,true,
hotel,de3w9emq8p80n6tcxzdhishw,name,true,true,
hotel,de3w9emq8p80n6tcxzdhishw,description,true,true,
hotel,de3w9emq8p80n6tcxzdhishw,address_line1,true,true,
hotel,de3w9emq8p80n6tcxzdhishw,phone,true,true,
hotel,de3w9emq8p80n6tcxzdhishw,brand.name,true,true,
hotel,de3w9emq8p80n6tcxzdhishw,destination.city,true,true,
hotel,de3w9emq8p80n6tcxzdhishw,check_in_time,true,true,
hotel,de3w9emq8p80n6tcxzdhishw,check_out_time,true,true,
hotel,wvfdxegmsefrcqnkv0wlk1g2,name,true,true,
hotel,wvfdxegmsefrcqnkv0wlk1g2,description,true,true,
hotel,wvfdxegmsefrcqnkv0wlk1g2,address_line1,true,true,
hotel,wvfdxegmsefrcqnkv0wlk1g2,phone,true,true,
hotel,wvfdxegmsefrcqnkv0wlk1g2,brand.name,true,true,
hotel,wvfdxegmsefrcqnkv0wlk1g2,destination.city,true,true,
hotel,wvfdxegmsefrcqnkv0wlk1g2,check_in_time,true,true,
hotel,wvfdxegmsefrcqnkv0wlk1g2,check_out_time,true,true,
hotel,rrp79c5xowigpxuvth1pymtz,name,true,true,
hotel,rrp79c5xowigpxuvth1pymtz,description,true,true,
hotel,rrp79c5xowigpxuvth1pymtz,address_line1,true,true,
hotel,rrp79c5xowigpxuvth1pymtz,phone,true,true,
hotel,rrp79c5xowigpxuvth1pymtz,brand.name,true,true,
hotel,rrp79c5xowigpxuvth1pymtz,check_in_time,true,true,
hotel,rrp79c5xowigpxuvth1pymtz,check_out_time,true,true,
hotel,l00w2hfl8p99urg4isa14iv0,name,true,true,
hotel,l00w2hfl8p99urg4isa14iv0,description,true,true,
hotel,l00w2hfl8p99urg4isa14iv0,address_line1,true,true,
hotel,l00w2hfl8p99urg4isa14iv0,phone,true,true,
hotel,l00w2hfl8p99urg4isa14iv0,brand.name,true,true,
hotel,l00w2hfl8p99urg4isa14iv0,check_in_time,true,true,
hotel,l00w2hfl8p99urg4isa14iv0,check_out_time,true,true,
hotel,a0olawjkl11bho3oq692bs43,name,true,true,
hotel,a0olawjkl11bho3oq692bs43,description,true,true,
hotel,a0olawjkl11bho3oq692bs43,address_line1,true,true,
hotel,a0olawjkl11bho3oq692bs43,phone,true,true,
hotel,a0olawjkl11bho3oq692bs43,brand.name,true,true,
hotel,a0olawjkl11bho3oq692bs43,check_in_time,true,true,
hotel,a0olawjkl11bho3oq692bs43,check_out_time,true,true,
hotel,cb9t2cns47wpg0h5sun5zehk,name,true,true,
hotel,cb9t2cns47wpg0h5sun5zehk,description,true,true,
hotel,cb9t2cns47wpg0h5sun5zehk,address_line1,true,true,
hotel,cb9t2cns47wpg0h5sun5zehk,phone,true,true,
hotel,cb9t2cns47wpg0h5sun5zehk,brand.name,true,true,
hotel,cb9t2cns47wpg0h5sun5zehk,check_in_time,true,true,
hotel,cb9t2cns47wpg0h5sun5zehk,check_out_time,true,true,
hotel,bg7b0me5wfypkbah8oyjldzn,name,true,true,
hotel,bg7b0me5wfypkbah8oyjldzn,description,true,true,
hotel,bg7b0me5wfypkbah8oyjldzn,address_line1,true,true,
hotel,bg7b0me5wfypkbah8oyjldzn,phone,true,true,
hotel,bg7b0me5wfypkbah8oyjldzn,brand.name,true,true,
hotel,bg7b0me5wfypkbah8oyjldzn,check_in_time,true,true,
hotel,bg7b0me5wfypkbah8oyjldzn,check_out_time,true,true,
hotel,utx6f0169wb4zw8bciv92u9x,name,true,true,
hotel,utx6f0169wb4zw8bciv92u9x,description,true,true,
hotel,utx6f0169wb4zw8bciv92u9x,address_line1,true,true,
hotel,utx6f0169wb4zw8bciv92u9x,phone,true,true,
hotel,utx6f0169wb4zw8bciv92u9x,brand.name,true,true,
hotel,utx6f0169wb4zw8bciv92u9x,check_in_time,true,true,
hotel,utx6f0169wb4zw8bciv92u9x,check_out_time,true,true,
hotel,f49yr9el4hyp8wm0mwz619fq,name,true,true,
hotel,f49yr9el4hyp8wm0mwz619fq,description,true,true,
hotel,f49yr9el4hyp8wm0mwz619fq,address_line1,true,true,
hotel,f49yr9el4hyp8wm0mwz619fq,phone,true,true,
hotel,f49yr9el4hyp8wm0mwz619fq,brand.name,true,true,
hotel,f49yr9el4hyp8wm0mwz619fq,destination.city,true,true,
hotel,f49yr9el4hyp8wm0mwz619fq,check_in_time,true,true,
hotel,f49yr9el4hyp8wm0mwz619fq,check_out_time,true,true,
hotel,rre6ugf4nom5jgnyaksyrbte,name,true,true,
hotel,rre6ugf4nom5jgnyaksyrbte,description,true,true,
hotel,rre6ugf4nom5jgnyaksyrbte,address_line1,true,true,
hotel,rre6ugf4nom5jgnyaksyrbte,phone,true,true,
hotel,rre6ugf4nom5jgnyaksyrbte,brand.name,true,true,
hotel,rre6ugf4nom5jgnyaksyrbte,destination.city,true,true,
hotel,rre6ugf4nom5jgnyaksyrbte,check_in_time,true,true,
hotel,rre6ugf4nom5jgnyaksyrbte,check_out_time,true,true,
hotel,arnplnbalzptqjyw3jcfhbaq,name,true,true,
hotel,arnplnbalzptqjyw3jcfhbaq,description,true,true,
hotel,arnplnbalzptqjyw3jcfhbaq,address_line1,true,true,
hotel,arnplnbalzptqjyw3jcfhbaq,phone,true,true,
hotel,arnplnbalzptqjyw3jcfhbaq,brand.name,true,true,
hotel,arnplnbalzptqjyw3jcfhbaq,destination.city,true,true,
hotel,arnplnbalzptqjyw3jcfhbaq,check_in_time,true,true,
hotel,arnplnbalzptqjyw3jcfhbaq,check_out_time,true,true,
hotel,yguny2p9yh5zqh29nvfoqvyl,name,true,true,
hotel,yguny2p9yh5zqh29nvfoqvyl,description,true,true,
hotel,yguny2p9yh5zqh29nvfoqvyl,address_line1,true,true,
hotel,yguny2p9yh5zqh29nvfoqvyl,phone,true,true,
hotel,yguny2p9yh5zqh29nvfoqvyl,brand.name,true,true,
hotel,yguny2p9yh5zqh29nvfoqvyl,destination.city,true,true,
hotel,yguny2p9yh5zqh29nvfoqvyl,check_in_time,true,true,
hotel,yguny2p9yh5zqh29nvfoqvyl,check_out_time,true,true,
hotel,rygi0vqbp5opssa7p5vpfbs2,name,true,true,
hotel,rygi0vqbp5opssa7p5vpfbs2,description,true,true,
hotel,rygi0vqbp5opssa7p5vpfbs2,address_line1,true,true,
hotel,rygi0vqbp5opssa7p5vpfbs2,phone,true,true,
hotel,rygi0vqbp5opssa7p5vpfbs2,brand.name,true,true,
hotel,rygi0vqbp5opssa7p5vpfbs2,destination.city,true,true,
hotel,rygi0vqbp5opssa7p5vpfbs2,check_in_time,true,true,
hotel,rygi0vqbp5opssa7p5vpfbs2,check_out_time,true,true,
hotel,llshsw5zsai8ap90e9ty762k,name,true,true,
hotel,llshsw5zsai8ap90e9ty762k,description,true,true,
hotel,llshsw5zsai8ap90e9ty762k,address_line1,true,true,
hotel,llshsw5zsai8ap90e9ty762k,phone,true,true,
hotel,llshsw5zsai8ap90e9ty762k,brand.name,true,true,
hotel,llshsw5zsai8ap90e9ty762k,destination.city,true,true,
hotel,llshsw5zsai8ap90e9ty762k,check_in_time,true,true,
hotel,llshsw5zsai8ap90e9ty762k,check_out_time,true,true,
hotel,mtpj0l8nrlrjwvhgkri3brfw,name,true,true,
hotel,mtpj0l8nrlrjwvhgkri3brfw,description,true,true,
hotel,mtpj0l8nrlrjwvhgkri3brfw,address_line1,true,true,
hotel,mtpj0l8nrlrjwvhgkri3brfw,phone,true,true,
hotel,mtpj0l8nrlrjwvhgkri3brfw,brand.name,true,true,
hotel,mtpj0l8nrlrjwvhgkri3brfw,destination.city,true,true,
hotel,mtpj0l8nrlrjwvhgkri3brfw,check_in_time,true,true,
hotel,mtpj0l8nrlrjwvhgkri3brfw,check_out_time,true,true,
hotel,mpd0qk2ccww22xrhklqfiq92,name,true,true,
hotel,mpd0qk2ccww22xrhklqfiq92,description,true,true,
hotel,mpd0qk2ccww22xrhklqfiq92,address_line1,true,true,
hotel,mpd0qk2ccww22xrhklqfiq92,phone,true,true,
hotel,mpd0qk2ccww22xrhklqfiq92,brand.name,true,true,
hotel,mpd0qk2ccww22xrhklqfiq92,destination.city,true,true,
hotel,mpd0qk2ccww22xrhklqfiq92,check_in_time,true,true,
hotel,mpd0qk2ccww22xrhklqfiq92,check_out_time,true,true,
hotel,q7ha9n4x1s8jcrgz1btra8i4,name,true,true,
hotel,q7ha9n4x1s8jcrgz1btra8i4,description,true,true,
hotel,q7ha9n4x1s8jcrgz1btra8i4,address_line1,true,true,
hotel,q7ha9n4x1s8jcrgz1btra8i4,phone,true,true,
hotel,q7ha9n4x1s8jcrgz1btra8i4,brand.name,true,true,
hotel,q7ha9n4x1s8jcrgz1btra8i4,destination.city,true,true,
hotel,q7ha9n4x1s8jcrgz1btra8i4,check_in_time,true,true,
hotel,q7ha9n4x1s8jcrgz1btra8i4,check_out_time,true,true,
hotel,q50xom97u7k70gcrlkjyhuj2,name,true,true,
hotel,q50xom97u7k70gcrlkjyhuj2,description,true,true,
hotel,q50xom97u7k70gcrlkjyhuj2,address_line1,true,true,
hotel,q50xom97u7k70gcrlkjyhuj2,phone,true,true,
hotel,q50xom97u7k70gcrlkjyhuj2,brand.name,true,true,
hotel,q50xom97u7k70gcrlkjyhuj2,check_in_time,true,true,
hotel,q50xom97u7k70gcrlkjyhuj2,check_out_time,true,true,
hotel,l29ccsfyjm041637w1sssg3e,name,true,true,
hotel,l29ccsfyjm041637w1sssg3e,description,true,true,
hotel,l29ccsfyjm041637w1sssg3e,address_line1,true,true,
hotel,l29ccsfyjm041637w1sssg3e,phone,true,true,
hotel,l29ccsfyjm041637w1sssg3e,brand.name,true,true,
hotel,l29ccsfyjm041637w1sssg3e,check_in_time,true,true,
hotel,l29ccsfyjm041637w1sssg3e,check_out_time,true,true,
hotel,qt7r4ao6fwnzqt838fuj4l4c,name,true,true,
hotel,qt7r4ao6fwnzqt838fuj4l4c,description,true,true,
hotel,qt7r4ao6fwnzqt838fuj4l4c,address_line1,true,true,
hotel,qt7r4ao6fwnzqt838fuj4l4c,phone,true,true,
hotel,qt7r4ao6fwnzqt838fuj4l4c,brand.name,true,true,
hotel,qt7r4ao6fwnzqt838fuj4l4c,check_in_time,true,true,
hotel,qt7r4ao6fwnzqt838fuj4l4c,check_out_time,true,true,
hotel,vdqj0qajfbxhnsoguhgkjezr,name,true,true,
hotel,vdqj0qajfbxhnsoguhgkjezr,description,true,true,
hotel,vdqj0qajfbxhnsoguhgkjezr,address_line1,true,true,
hotel,vdqj0qajfbxhnsoguhgkjezr,phone,true,true,
hotel,vdqj0qajfbxhnsoguhgkjezr,brand.name,true,true,
hotel,vdqj0qajfbxhnsoguhgkjezr,check_in_time,true,true,
hotel,vdqj0qajfbxhnsoguhgkjezr,check_out_time,true,true,
hotel,tyghvr1m6xufwzv90ecxv9f9,name,true,true,
hotel,tyghvr1m6xufwzv90ecxv9f9,description,true,true,
hotel,tyghvr1m6xufwzv90ecxv9f9,address_line1,true,true,
hotel,tyghvr1m6xufwzv90ecxv9f9,phone,true,true,
hotel,tyghvr1m6xufwzv90ecxv9f9,brand.name,true,true,
hotel,tyghvr1m6xufwzv90ecxv9f9,destination.city,true,true,
hotel,tyghvr1m6xufwzv90ecxv9f9,check_in_time,true,true,
hotel,tyghvr1m6xufwzv90ecxv9f9,check_out_time,true,true,
hotel,xji3gdmxeh6ziosixs2ab8t0,name,true,true,
hotel,xji3gdmxeh6ziosixs2ab8t0,description,true,true,
hotel,xji3gdmxeh6ziosixs2ab8t0,address_line1,true,true,
hotel,xji3gdmxeh6ziosixs2ab8t0,phone,true,true,
hotel,xji3gdmxeh6ziosixs2ab8t0,brand.name,true,true,
hotel,xji3gdmxeh6ziosixs2ab8t0,check_in_time,true,true,
hotel,xji3gdmxeh6ziosixs2ab8t0,check_out_time,true,true,
hotel,yeyd4tcv5dz9nq4qc6mozjc7,name,true,true,
hotel,yeyd4tcv5dz9nq4qc6mozjc7,description,true,true,
hotel,yeyd4tcv5dz9nq4qc6mozjc7,address_line1,true,true,
hotel,yeyd4tcv5dz9nq4qc6mozjc7,phone,true,true,
hotel,yeyd4tcv5dz9nq4qc6mozjc7,brand.name,true,true,
hotel,yeyd4tcv5dz9nq4qc6mozjc7,destination.city,true,true,
hotel,yeyd4tcv5dz9nq4qc6mozjc7,check_in_time,true,true,
hotel,yeyd4tcv5dz9nq4qc6mozjc7,check_out_time,true,true,
hotel,zsf47aenm1mc810vpi3c9fsl,name,true,true,
hotel,zsf47aenm1mc810vpi3c9fsl,description,true,true,
hotel,zsf47aenm1mc810vpi3c9fsl,address_line1,true,true,
hotel,zsf47aenm1mc810vpi3c9fsl,phone,true,true,
hotel,zsf47aenm1mc810vpi3c9fsl,brand.name,true,true,
hotel,zsf47aenm1mc810vpi3c9fsl,check_in_time,true,true,
hotel,zsf47aenm1mc810vpi3c9fsl,check_out_time,true,true,
hotel,qyepag2vwhs0m9mfl9ggha23,name,true,true,
hotel,qyepag2vwhs0m9mfl9ggha23,description,true,true,
hotel,qyepag2vwhs0m9mfl9ggha23,address_line1,true,true,
hotel,qyepag2vwhs0m9mfl9ggha23,phone,true,true,
hotel,qyepag2vwhs0m9mfl9ggha23,brand.name,true,true,
hotel,qyepag2vwhs0m9mfl9ggha23,destination.city,true,true,
hotel,qyepag2vwhs0m9mfl9ggha23,check_in_time,true,true,
hotel,qyepag2vwhs0m9mfl9ggha23,check_out_time,true,true,
hotel,wdwr9na3dtnngunn8nn2r31v,name,true,true,
hotel,wdwr9na3dtnngunn8nn2r31v,description,true,true,
hotel,wdwr9na3dtnngunn8nn2r31v,address_line1,true,true,
hotel,wdwr9na3dtnngunn8nn2r31v,phone,true,true,
hotel,wdwr9na3dtnngunn8nn2r31v,brand.name,true,true,
hotel,wdwr9na3dtnngunn8nn2r31v,destination.city,true,true,
hotel,wdwr9na3dtnngunn8nn2r31v,check_in_time,true,true,
hotel,wdwr9na3dtnngunn8nn2r31v,check_out_time,true,true,
hotel,iai2tjski38mzismfohs5gy7,name,true,true,
hotel,iai2tjski38mzismfohs5gy7,description,true,true,
hotel,iai2tjski38mzismfohs5gy7,address_line1,true,true,
hotel,iai2tjski38mzismfohs5gy7,phone,true,true,
hotel,iai2tjski38mzismfohs5gy7,brand.name,true,true,
hotel,iai2tjski38mzismfohs5gy7,check_in_time,true,true,
hotel,iai2tjski38mzismfohs5gy7,check_out_time,true,true,
hotel,yuscko7rq2l1rzz4duy1e44s,name,true,true,
hotel,yuscko7rq2l1rzz4duy1e44s,description,true,true,
hotel,yuscko7rq2l1rzz4duy1e44s,address_line1,true,true,
hotel,yuscko7rq2l1rzz4duy1e44s,phone,true,true,
hotel,yuscko7rq2l1rzz4duy1e44s,brand.name,true,true,
hotel,yuscko7rq2l1rzz4duy1e44s,check_in_time,true,true,
hotel,yuscko7rq2l1rzz4duy1e44s,check_out_time,true,true,
hotel,vmsu2hjxtzi8g2gr5px9h69g,name,true,true,
hotel,vmsu2hjxtzi8g2gr5px9h69g,description,true,true,
hotel,vmsu2hjxtzi8g2gr5px9h69g,address_line1,true,true,
hotel,vmsu2hjxtzi8g2gr5px9h69g,phone,true,true,
hotel,vmsu2hjxtzi8g2gr5px9h69g,brand.name,true,true,
hotel,vmsu2hjxtzi8g2gr5px9h69g,destination.city,true,true,
hotel,vmsu2hjxtzi8g2gr5px9h69g,check_in_time,true,true,
hotel,vmsu2hjxtzi8g2gr5px9h69g,check_out_time,true,true,
hotel,z5tyyl7sg79gpz8rbma5pfcl,name,true,true,
hotel,z5tyyl7sg79gpz8rbma5pfcl,description,true,true,
hotel,z5tyyl7sg79gpz8rbma5pfcl,address_line1,true,true,
hotel,z5tyyl7sg79gpz8rbma5pfcl,phone,true,true,
hotel,z5tyyl7sg79gpz8rbma5pfcl,brand.name,true,true,
hotel,z5tyyl7sg79gpz8rbma5pfcl,destination.city,true,true,
hotel,z5tyyl7sg79gpz8rbma5pfcl,check_in_time,true,true,
hotel,z5tyyl7sg79gpz8rbma5pfcl,check_out_time,true,true,
hotel,ycp1hc8rc6v0fmdjmv0m7ssl,name,true,true,
hotel,ycp1hc8rc6v0fmdjmv0m7ssl,description,true,true,
hotel,ycp1hc8rc6v0fmdjmv0m7ssl,address_line1,true,true,
hotel,ycp1hc8rc6v0fmdjmv0m7ssl,phone,true,true,
hotel,ycp1hc8rc6v0fmdjmv0m7ssl,brand.name,true,true,
hotel,ycp1hc8rc6v0fmdjmv0m7ssl,check_in_time,true,true,
hotel,ycp1hc8rc6v0fmdjmv0m7ssl,check_out_time,true,true,
hotel,wh66kzx9qnxpgnsk6okst09m,name,true,true,
hotel,wh66kzx9qnxpgnsk6okst09m,description,true,true,
hotel,wh66kzx9qnxpgnsk6okst09m,address_line1,true,true,
hotel,wh66kzx9qnxpgnsk6okst09m,phone,true,true,
hotel,wh66kzx9qnxpgnsk6okst09m,brand.name,true,true,
hotel,wh66kzx9qnxpgnsk6okst09m,check_in_time,true,true,
hotel,wh66kzx9qnxpgnsk6okst09m,check_out_time,true,true,
hotel,m2ooofx864jahbhmgq6mvsqj,name,true,true,
hotel,m2ooofx864jahbhmgq6mvsqj,description,true,true,
hotel,m2ooofx864jahbhmgq6mvsqj,address_line1,true,true,
hotel,m2ooofx864jahbhmgq6mvsqj,phone,true,true,
hotel,m2ooofx864jahbhmgq6mvsqj,brand.name,true,true,
hotel,m2ooofx864jahbhmgq6mvsqj,destination.city,true,true,
hotel,m2ooofx864jahbhmgq6mvsqj,check_in_time,true,true,
hotel,m2ooofx864jahbhmgq6mvsqj,check_out_time,true,true,
hotel,woistsdi8ww9jdzupmvhz9ih,name,true,true,
hotel,woistsdi8ww9jdzupmvhz9ih,description,true,true,
hotel,woistsdi8ww9jdzupmvhz9ih,address_line1,true,true,
hotel,woistsdi8ww9jdzupmvhz9ih,phone,true,true,
hotel,woistsdi8ww9jdzupmvhz9ih,brand.name,true,true,
hotel,woistsdi8ww9jdzupmvhz9ih,destination.city,true,true,
hotel,woistsdi8ww9jdzupmvhz9ih,check_in_time,true,true,
hotel,woistsdi8ww9jdzupmvhz9ih,check_out_time,true,true,
hotel,bfykycaabzujxza1zakrdg69,name,true,true,
hotel,bfykycaabzujxza1zakrdg69,description,true,true,
hotel,bfykycaabzujxza1zakrdg69,address_line1,true,true,
hotel,bfykycaabzujxza1zakrdg69,phone,true,true,
hotel,bfykycaabzujxza1zakrdg69,brand.name,true,true,
hotel,bfykycaabzujxza1zakrdg69,destination.city,true,true,
hotel,bfykycaabzujxza1zakrdg69,check_in_time,true,true,
hotel,bfykycaabzujxza1zakrdg69,check_out_time,true,true,
hotel,rvqei2o7yte035qa7trmc9ec,name,true,true,
hotel,rvqei2o7yte035qa7trmc9ec,description,true,true,
hotel,rvqei2o7yte035qa7trmc9ec,address_line1,true,true,
hotel,rvqei2o7yte035qa7trmc9ec,phone,true,true,
hotel,rvqei2o7yte035qa7trmc9ec,brand.name,true,true,
hotel,rvqei2o7yte035qa7trmc9ec,check_in_time,true,true,
hotel,rvqei2o7yte035qa7trmc9ec,check_out_time,true,true,
hotel,swfoozfri0jpabi3tmo1jtg4,name,true,true,
hotel,swfoozfri0jpabi3tmo1jtg4,description,true,true,
hotel,swfoozfri0jpabi3tmo1jtg4,address_line1,true,true,
hotel,swfoozfri0jpabi3tmo1jtg4,phone,true,true,
hotel,swfoozfri0jpabi3tmo1jtg4,brand.name,true,true,
hotel,swfoozfri0jpabi3tmo1jtg4,destination.city,true,true,
hotel,swfoozfri0jpabi3tmo1jtg4,check_in_time,true,true,
hotel,swfoozfri0jpabi3tmo1jtg4,check_out_time,true,true,
hotel,iq1dy64wt2sh24bzl2w3u1g7,name,true,true,
hotel,iq1dy64wt2sh24bzl2w3u1g7,description,true,true,
hotel,iq1dy64wt2sh24bzl2w3u1g7,address_line1,true,true,
hotel,iq1dy64wt2sh24bzl2w3u1g7,phone,true,true,
hotel,iq1dy64wt2sh24bzl2w3u1g7,brand.name,true,true,
hotel,iq1dy64wt2sh24bzl2w3u1g7,check_in_time,true,true,
hotel,iq1dy64wt2sh24bzl2w3u1g7,check_out_time,true,true,
hotel,nsbwxjvi448rtb44p3znh35v,name,true,true,
hotel,nsbwxjvi448rtb44p3znh35v,description,true,true,
hotel,nsbwxjvi448rtb44p3znh35v,address_line1,true,true,
hotel,nsbwxjvi448rtb44p3znh35v,phone,true,true,
hotel,nsbwxjvi448rtb44p3znh35v,brand.name,true,true,
hotel,nsbwxjvi448rtb44p3znh35v,check_in_time,true,true,
hotel,nsbwxjvi448rtb44p3znh35v,check_out_time,true,true,
hotel,vo48ogiq4ionzq2ceemyz2sy,name,true,true,
hotel,vo48ogiq4ionzq2ceemyz2sy,description,true,true,
hotel,vo48ogiq4ionzq2ceemyz2sy,address_line1,true,true,
hotel,vo48ogiq4ionzq2ceemyz2sy,phone,true,true,
hotel,vo48ogiq4ionzq2ceemyz2sy,brand.name,true,true,
hotel,vo48ogiq4ionzq2ceemyz2sy,check_in_time,true,true,
hotel,vo48ogiq4ionzq2ceemyz2sy,check_out_time,true,true,
hotel,cj46m70icy1hurkk7hgmiah2,name,true,true,
hotel,cj46m70icy1hurkk7hgmiah2,description,true,true,
hotel,cj46m70icy1hurkk7hgmiah2,address_line1,true,true,
hotel,cj46m70icy1hurkk7hgmiah2,phone,true,true,
hotel,cj46m70icy1hurkk7hgmiah2,brand.name,true,true,
hotel,cj46m70icy1hurkk7hgmiah2,check_in_time,true,true,
hotel,cj46m70icy1hurkk7hgmiah2,check_out_time,true,true,
hotel,pt954m6bhats2hzir541zmgi,name,true,true,
hotel,pt954m6bhats2hzir541zmgi,description,true,true,
hotel,pt954m6bhats2hzir541zmgi,address_line1,true,true,
hotel,pt954m6bhats2hzir541zmgi,phone,true,true,
hotel,pt954m6bhats2hzir541zmgi,brand.name,true,true,
hotel,pt954m6bhats2hzir541zmgi,destination.city,true,true,
hotel,pt954m6bhats2hzir541zmgi,check_in_time,true,true,
hotel,pt954m6bhats2hzir541zmgi,check_out_time,true,true,
hotel,rogz5szgn13cvdmeevwa8jbo,name,true,true,
hotel,rogz5szgn13cvdmeevwa8jbo,description,true,true,
hotel,rogz5szgn13cvdmeevwa8jbo,address_line1,true,true,
hotel,rogz5szgn13cvdmeevwa8jbo,phone,true,true,
hotel,rogz5szgn13cvdmeevwa8jbo,brand.name,true,true,
hotel,rogz5szgn13cvdmeevwa8jbo,destination.city,true,true,
hotel,rogz5szgn13cvdmeevwa8jbo,check_in_time,true,true,
hotel,rogz5szgn13cvdmeevwa8jbo,check_out_time,true,true,
hotel,kpf4gals2yxkg9mvvb5esdwd,name,true,true,
hotel,kpf4gals2yxkg9mvvb5esdwd,description,true,true,
hotel,kpf4gals2yxkg9mvvb5esdwd,address_line1,true,true,
hotel,kpf4gals2yxkg9mvvb5esdwd,phone,true,true,
hotel,kpf4gals2yxkg9mvvb5esdwd,brand.name,true,true,
hotel,kpf4gals2yxkg9mvvb5esdwd,destination.city,true,true,
hotel,kpf4gals2yxkg9mvvb5esdwd,check_in_time,true,true,
hotel,kpf4gals2yxkg9mvvb5esdwd,check_out_time,true,true,
hotel,vew069pph0gharh0lgj6jfpc,name,true,true,
hotel,vew069pph0gharh0lgj6jfpc,description,true,true,
hotel,vew069pph0gharh0lgj6jfpc,address_line1,true,true,
hotel,vew069pph0gharh0lgj6jfpc,phone,true,true,
hotel,vew069pph0gharh0lgj6jfpc,brand.name,true,true,
hotel,vew069pph0gharh0lgj6jfpc,destination.city,true,true,
hotel,vew069pph0gharh0lgj6jfpc,check_in_time,true,true,
hotel,vew069pph0gharh0lgj6jfpc,check_out_time,true,true,
hotel,ueqmqq9p5ufoksylov1ltvpn,name,true,true,
hotel,ueqmqq9p5ufoksylov1ltvpn,description,true,true,
hotel,ueqmqq9p5ufoksylov1ltvpn,address_line1,true,true,
hotel,ueqmqq9p5ufoksylov1ltvpn,phone,true,true,
hotel,ueqmqq9p5ufoksylov1ltvpn,brand.name,true,true,
hotel,ueqmqq9p5ufoksylov1ltvpn,destination.city,true,true,
hotel,ueqmqq9p5ufoksylov1ltvpn,check_in_time,true,true,
hotel,ueqmqq9p5ufoksylov1ltvpn,check_out_time,true,true,
hotel,ep147k3lkgsp9rkbvdjzxbvk,name,true,true,
hotel,ep147k3lkgsp9rkbvdjzxbvk,description,true,true,
hotel,ep147k3lkgsp9rkbvdjzxbvk,address_line1,true,true,
hotel,ep147k3lkgsp9rkbvdjzxbvk,phone,true,true,
hotel,ep147k3lkgsp9rkbvdjzxbvk,brand.name,true,true,
hotel,ep147k3lkgsp9rkbvdjzxbvk,check_in_time,true,true,
hotel,ep147k3lkgsp9rkbvdjzxbvk,check_out_time,true,true,
hotel,lcsiof3ol3u5cvyr5rm2s13k,name,true,true,
hotel,lcsiof3ol3u5cvyr5rm2s13k,description,true,true,
hotel,lcsiof3ol3u5cvyr5rm2s13k,address_line1,true,true,
hotel,lcsiof3ol3u5cvyr5rm2s13k,phone,true,true,
hotel,lcsiof3ol3u5cvyr5rm2s13k,brand.name,true,true,
hotel,lcsiof3ol3u5cvyr5rm2s13k,check_in_time,true,true,
hotel,lcsiof3ol3u5cvyr5rm2s13k,check_out_time,true,true,
hotel,idt7wgbvd0n6d27aoc53y8xo,name,true,true,
hotel,idt7wgbvd0n6d27aoc53y8xo,description,true,true,
hotel,idt7wgbvd0n6d27aoc53y8xo,address_line1,true,true,
hotel,idt7wgbvd0n6d27aoc53y8xo,phone,true,true,
hotel,idt7wgbvd0n6d27aoc53y8xo,brand.name,true,true,
hotel,idt7wgbvd0n6d27aoc53y8xo,check_in_time,true,true,
hotel,idt7wgbvd0n6d27aoc53y8xo,check_out_time,true,true,
hotel,z9keid6l1ze9uu6sqghp69ux,name,true,true,
hotel,z9keid6l1ze9uu6sqghp69ux,description,true,true,
hotel,z9keid6l1ze9uu6sqghp69ux,address_line1,true,true,
hotel,z9keid6l1ze9uu6sqghp69ux,phone,true,true,
hotel,z9keid6l1ze9uu6sqghp69ux,brand.name,true,true,
hotel,z9keid6l1ze9uu6sqghp69ux,check_in_time,true,true,
hotel,z9keid6l1ze9uu6sqghp69ux,check_out_time,true,true,
hotel,t4oqb5tlt6ljuhw8g0cwq93d,name,true,true,
hotel,t4oqb5tlt6ljuhw8g0cwq93d,description,true,true,
hotel,t4oqb5tlt6ljuhw8g0cwq93d,address_line1,true,true,
hotel,t4oqb5tlt6ljuhw8g0cwq93d,phone,true,true,
hotel,t4oqb5tlt6ljuhw8g0cwq93d,brand.name,true,true,
hotel,t4oqb5tlt6ljuhw8g0cwq93d,destination.city,true,true,
hotel,t4oqb5tlt6ljuhw8g0cwq93d,check_in_time,true,true,
hotel,t4oqb5tlt6ljuhw8g0cwq93d,check_out_time,true,true,
hotel,foaeyxlinknkd1mdi61yjr96,name,true,true,
hotel,foaeyxlinknkd1mdi61yjr96,description,true,true,
hotel,foaeyxlinknkd1mdi61yjr96,address_line1,true,true,
hotel,foaeyxlinknkd1mdi61yjr96,phone,true,true,
hotel,foaeyxlinknkd1mdi61yjr96,brand.name,true,true,
hotel,foaeyxlinknkd1mdi61yjr96,check_in_time,true,true,
hotel,foaeyxlinknkd1mdi61yjr96,check_out_time,true,true,
hotel,dulazj3fbpm363og0pk6zo3z,name,true,true,
hotel,dulazj3fbpm363og0pk6zo3z,description,true,true,
hotel,dulazj3fbpm363og0pk6zo3z,address_line1,true,true,
hotel,dulazj3fbpm363og0pk6zo3z,phone,true,true,
hotel,dulazj3fbpm363og0pk6zo3z,brand.name,true,true,
hotel,dulazj3fbpm363og0pk6zo3z,destination.city,true,true,
hotel,dulazj3fbpm363og0pk6zo3z,check_in_time,true,true,
hotel,dulazj3fbpm363og0pk6zo3z,check_out_time,true,true,
hotel,wn5u3hgyo2zeytt4pol2eulr,name,true,true,
hotel,wn5u3hgyo2zeytt4pol2eulr,description,true,true,
hotel,wn5u3hgyo2zeytt4pol2eulr,address_line1,true,true,
hotel,wn5u3hgyo2zeytt4pol2eulr,phone,true,true,
hotel,wn5u3hgyo2zeytt4pol2eulr,brand.name,true,true,
hotel,wn5u3hgyo2zeytt4pol2eulr,destination.city,true,true,
hotel,wn5u3hgyo2zeytt4pol2eulr,check_in_time,true,true,
hotel,wn5u3hgyo2zeytt4pol2eulr,check_out_time,true,true,
hotel,gof0nrzn7xg5fnnc3i2x4dih,name,true,true,
hotel,gof0nrzn7xg5fnnc3i2x4dih,description,true,true,
hotel,gof0nrzn7xg5fnnc3i2x4dih,address_line1,true,true,
hotel,gof0nrzn7xg5fnnc3i2x4dih,phone,true,true,
hotel,gof0nrzn7xg5fnnc3i2x4dih,brand.name,true,true,
hotel,gof0nrzn7xg5fnnc3i2x4dih,destination.city,true,true,
hotel,gof0nrzn7xg5fnnc3i2x4dih,check_in_time,true,true,
hotel,gof0nrzn7xg5fnnc3i2x4dih,check_out_time,true,true,
hotel,rc58adgip2rl5q0ug9txf8a9,name,true,true,
hotel,rc58adgip2rl5q0ug9txf8a9,description,true,true,
hotel,rc58adgip2rl5q0ug9txf8a9,address_line1,true,true,
hotel,rc58adgip2rl5q0ug9txf8a9,phone,true,true,
hotel,rc58adgip2rl5q0ug9txf8a9,brand.name,true,true,
hotel,rc58adgip2rl5q0ug9txf8a9,destination.city,true,true,
hotel,rc58adgip2rl5q0ug9txf8a9,check_in_time,true,true,
hotel,rc58adgip2rl5q0ug9txf8a9,check_out_time,true,true,
hotel,ki1vjxay15jnujjcikq2kceb,name,true,true,
hotel,ki1vjxay15jnujjcikq2kceb,description,true,true,
hotel,ki1vjxay15jnujjcikq2kceb,address_line1,true,true,
hotel,ki1vjxay15jnujjcikq2kceb,phone,true,true,
hotel,ki1vjxay15jnujjcikq2kceb,brand.name,true,true,
hotel,ki1vjxay15jnujjcikq2kceb,destination.city,true,true,
hotel,ki1vjxay15jnujjcikq2kceb,check_in_time,true,true,
hotel,ki1vjxay15jnujjcikq2kceb,check_out_time,true,true,
hotel,kehsc82vkbibh4alwh3k5oa9,name,true,true,
hotel,kehsc82vkbibh4alwh3k5oa9,description,true,true,
hotel,kehsc82vkbibh4alwh3k5oa9,address_line1,true,true,
hotel,kehsc82vkbibh4alwh3k5oa9,phone,true,true,
hotel,kehsc82vkbibh4alwh3k5oa9,brand.name,true,true,
hotel,kehsc82vkbibh4alwh3k5oa9,destination.city,true,true,
hotel,kehsc82vkbibh4alwh3k5oa9,check_in_time,true,true,
hotel,kehsc82vkbibh4alwh3k5oa9,check_out_time,true,true,
hotel,a64dvsnts2wpcxgi82saqckj,name,true,true,
hotel,a64dvsnts2wpcxgi82saqckj,description,true,true,
hotel,a64dvsnts2wpcxgi82saqckj,address_line1,true,true,
hotel,a64dvsnts2wpcxgi82saqckj,phone,true,true,
hotel,a64dvsnts2wpcxgi82saqckj,brand.name,true,true,
hotel,a64dvsnts2wpcxgi82saqckj,destination.city,true,true,
hotel,a64dvsnts2wpcxgi82saqckj,check_in_time,true,true,
hotel,a64dvsnts2wpcxgi82saqckj,check_out_time,true,true,
hotel,rd1rckytbfr5zidvklxad3an,name,true,true,
hotel,rd1rckytbfr5zidvklxad3an,description,true,true,
hotel,rd1rckytbfr5zidvklxad3an,address_line1,true,true,
hotel,rd1rckytbfr5zidvklxad3an,phone,true,true,
hotel,rd1rckytbfr5zidvklxad3an,brand.name,true,true,
hotel,rd1rckytbfr5zidvklxad3an,destination.city,true,true,
hotel,rd1rckytbfr5zidvklxad3an,check_in_time,true,true,
hotel,rd1rckytbfr5zidvklxad3an,check_out_time,true,true,
hotel,kn4tliuzdetbggkmpcovxyf0,name,true,true,
hotel,kn4tliuzdetbggkmpcovxyf0,description,true,true,
hotel,kn4tliuzdetbggkmpcovxyf0,address_line1,true,true,
hotel,kn4tliuzdetbggkmpcovxyf0,phone,true,true,
hotel,kn4tliuzdetbggkmpcovxyf0,brand.name,true,true,
hotel,kn4tliuzdetbggkmpcovxyf0,destination.city,true,true,
hotel,kn4tliuzdetbggkmpcovxyf0,check_in_time,true,true,
hotel,kn4tliuzdetbggkmpcovxyf0,check_out_time,true,true,
hotel,tbz50k3vm3evehr5ssezs6yu,name,true,true,
hotel,tbz50k3vm3evehr5ssezs6yu,description,true,true,
hotel,tbz50k3vm3evehr5ssezs6yu,address_line1,true,true,
hotel,tbz50k3vm3evehr5ssezs6yu,phone,true,true,
hotel,tbz50k3vm3evehr5ssezs6yu,brand.name,true,true,
hotel,tbz50k3vm3evehr5ssezs6yu,destination.city,true,true,
hotel,tbz50k3vm3evehr5ssezs6yu,check_in_time,true,true,
hotel,tbz50k3vm3evehr5ssezs6yu,check_out_time,true,true,
hotel,gjvj1n7efo6nn3mfmrgi9nw1,name,true,true,
hotel,gjvj1n7efo6nn3mfmrgi9nw1,description,true,true,
hotel,gjvj1n7efo6nn3mfmrgi9nw1,address_line1,true,true,
hotel,gjvj1n7efo6nn3mfmrgi9nw1,phone,true,true,
hotel,gjvj1n7efo6nn3mfmrgi9nw1,brand.name,true,true,
hotel,gjvj1n7efo6nn3mfmrgi9nw1,destination.city,true,true,
hotel,gjvj1n7efo6nn3mfmrgi9nw1,check_in_time,true,true,
hotel,gjvj1n7efo6nn3mfmrgi9nw1,check_out_time,true,true,
hotel,fgsh1iqwzppm69u11dbdmn7s,name,true,true,
hotel,fgsh1iqwzppm69u11dbdmn7s,description,true,true,
hotel,fgsh1iqwzppm69u11dbdmn7s,address_line1,true,true,
hotel,fgsh1iqwzppm69u11dbdmn7s,phone,true,true,
hotel,fgsh1iqwzppm69u11dbdmn7s,brand.name,true,true,
hotel,fgsh1iqwzppm69u11dbdmn7s,check_in_time,true,true,
hotel,fgsh1iqwzppm69u11dbdmn7s,check_out_time,true,true,
hotel,y2sfqfyjssjimziuyt95eg82,name,true,true,
hotel,y2sfqfyjssjimziuyt95eg82,description,true,true,
hotel,y2sfqfyjssjimziuyt95eg82,address_line1,true,true,
hotel,y2sfqfyjssjimziuyt95eg82,phone,true,true,
hotel,y2sfqfyjssjimziuyt95eg82,brand.name,true,true,
hotel,y2sfqfyjssjimziuyt95eg82,destination.city,true,true,
hotel,y2sfqfyjssjimziuyt95eg82,check_in_time,true,true,
hotel,y2sfqfyjssjimziuyt95eg82,check_out_time,true,true,
hotel,v1vfqrshexf95orkxb6fpw5a,name,true,true,
hotel,v1vfqrshexf95orkxb6fpw5a,description,true,true,
hotel,v1vfqrshexf95orkxb6fpw5a,address_line1,true,true,
hotel,v1vfqrshexf95orkxb6fpw5a,phone,true,true,
hotel,v1vfqrshexf95orkxb6fpw5a,brand.name,true,true,
hotel,v1vfqrshexf95orkxb6fpw5a,destination.city,true,true,
hotel,v1vfqrshexf95orkxb6fpw5a,check_in_time,true,true,
hotel,v1vfqrshexf95orkxb6fpw5a,check_out_time,true,true,
hotel,d7i07ozxdule8j9edzacv4ez,name,true,true,
hotel,d7i07ozxdule8j9edzacv4ez,description,true,true,
hotel,d7i07ozxdule8j9edzacv4ez,address_line1,true,true,
hotel,d7i07ozxdule8j9edzacv4ez,phone,true,true,
hotel,d7i07ozxdule8j9edzacv4ez,brand.name,true,true,
hotel,d7i07ozxdule8j9edzacv4ez,destination.city,true,true,
hotel,d7i07ozxdule8j9edzacv4ez,check_in_time,true,true,
hotel,d7i07ozxdule8j9edzacv4ez,check_out_time,true,true,
hotel,tr1ubf9cir92pxyuy19is6fl,name,true,true,
hotel,tr1ubf9cir92pxyuy19is6fl,description,true,true,
hotel,tr1ubf9cir92pxyuy19is6fl,address_line1,true,true,
hotel,tr1ubf9cir92pxyuy19is6fl,phone,true,true,
hotel,tr1ubf9cir92pxyuy19is6fl,brand.name,true,true,
hotel,tr1ubf9cir92pxyuy19is6fl,destination.city,true,true,
hotel,tr1ubf9cir92pxyuy19is6fl,check_in_time,true,true,
hotel,tr1ubf9cir92pxyuy19is6fl,check_out_time,true,true,
hotel,dgafbx7g4eyjn7767cvguenw,name,true,true,
hotel,dgafbx7g4eyjn7767cvguenw,description,true,true,
hotel,dgafbx7g4eyjn7767cvguenw,address_line1,true,true,
hotel,dgafbx7g4eyjn7767cvguenw,phone,true,true,
hotel,dgafbx7g4eyjn7767cvguenw,brand.name,true,true,
hotel,dgafbx7g4eyjn7767cvguenw,check_in_time,true,true,
hotel,dgafbx7g4eyjn7767cvguenw,check_out_time,true,true,
hotel,j9s68jd94a0m0zet5j93fqyt,name,true,true,
hotel,j9s68jd94a0m0zet5j93fqyt,description,true,true,
hotel,j9s68jd94a0m0zet5j93fqyt,address_line1,true,true,
hotel,j9s68jd94a0m0zet5j93fqyt,phone,true,true,
hotel,j9s68jd94a0m0zet5j93fqyt,brand.name,true,true,
hotel,j9s68jd94a0m0zet5j93fqyt,check_in_time,true,true,
hotel,j9s68jd94a0m0zet5j93fqyt,check_out_time,true,true,
hotel,yd7h2lz0gatji8bmfouve33w,name,true,true,
hotel,yd7h2lz0gatji8bmfouve33w,description,true,true,
hotel,yd7h2lz0gatji8bmfouve33w,address_line1,true,true,
hotel,yd7h2lz0gatji8bmfouve33w,phone,true,true,
hotel,yd7h2lz0gatji8bmfouve33w,brand.name,true,true,
hotel,yd7h2lz0gatji8bmfouve33w,check_in_time,true,true,
hotel,yd7h2lz0gatji8bmfouve33w,check_out_time,true,true,
hotel,isyez2n6zynxzjv0vmc70x81,name,true,true,
hotel,isyez2n6zynxzjv0vmc70x81,description,true,true,
hotel,isyez2n6zynxzjv0vmc70x81,address_line1,true,true,
hotel,isyez2n6zynxzjv0vmc70x81,phone,true,true,
hotel,isyez2n6zynxzjv0vmc70x81,brand.name,true,true,
hotel,isyez2n6zynxzjv0vmc70x81,destination.city,true,true,
hotel,isyez2n6zynxzjv0vmc70x81,check_in_time,true,true,
hotel,isyez2n6zynxzjv0vmc70x81,check_out_time,true,true,
hotel,kx78qv4r0voji7gdp78u56dg,name,true,true,
hotel,kx78qv4r0voji7gdp78u56dg,description,true,true,
hotel,kx78qv4r0voji7gdp78u56dg,address_line1,true,true,
hotel,kx78qv4r0voji7gdp78u56dg,phone,true,true,
hotel,kx78qv4r0voji7gdp78u56dg,brand.name,true,true,
hotel,kx78qv4r0voji7gdp78u56dg,check_in_time,true,true,
hotel,kx78qv4r0voji7gdp78u56dg,check_out_time,true,true,
hotel,mc9i8dsw86tgh0h0lfgkutq3,name,true,true,
hotel,mc9i8dsw86tgh0h0lfgkutq3,description,true,true,
hotel,mc9i8dsw86tgh0h0lfgkutq3,address_line1,true,true,
hotel,mc9i8dsw86tgh0h0lfgkutq3,phone,true,true,
hotel,mc9i8dsw86tgh0h0lfgkutq3,brand.name,true,true,
hotel,mc9i8dsw86tgh0h0lfgkutq3,check_in_time,true,true,
hotel,mc9i8dsw86tgh0h0lfgkutq3,check_out_time,true,true,
hotel,wd93vbljhxrqaahd4j8ltzzm,name,true,true,
hotel,wd93vbljhxrqaahd4j8ltzzm,description,true,true,
hotel,wd93vbljhxrqaahd4j8ltzzm,address_line1,true,true,
hotel,wd93vbljhxrqaahd4j8ltzzm,phone,true,true,
hotel,wd93vbljhxrqaahd4j8ltzzm,brand.name,true,true,
hotel,wd93vbljhxrqaahd4j8ltzzm,destination.city,true,true,
hotel,wd93vbljhxrqaahd4j8ltzzm,check_in_time,true,true,
hotel,wd93vbljhxrqaahd4j8ltzzm,check_out_time,true,true,
hotel,b2p0vkm0vbb1vy4ld0ona55t,name,true,true,
hotel,b2p0vkm0vbb1vy4ld0ona55t,description,true,true,
hotel,b2p0vkm0vbb1vy4ld0ona55t,address_line1,true,true,
hotel,b2p0vkm0vbb1vy4ld0ona55t,phone,true,true,
hotel,b2p0vkm0vbb1vy4ld0ona55t,brand.name,true,true,
hotel,b2p0vkm0vbb1vy4ld0ona55t,destination.city,true,true,
hotel,b2p0vkm0vbb1vy4ld0ona55t,check_in_time,true,true,
hotel,b2p0vkm0vbb1vy4ld0ona55t,check_out_time,true,true,
hotel,n5xo9z0j7xzrkgssvpxz53qd,name,true,true,
hotel,n5xo9z0j7xzrkgssvpxz53qd,description,true,true,
hotel,n5xo9z0j7xzrkgssvpxz53qd,address_line1,true,true,
hotel,n5xo9z0j7xzrkgssvpxz53qd,phone,true,true,
hotel,n5xo9z0j7xzrkgssvpxz53qd,brand.name,true,true,
hotel,n5xo9z0j7xzrkgssvpxz53qd,destination.city,true,true,
hotel,n5xo9z0j7xzrkgssvpxz53qd,check_in_time,true,true,
hotel,n5xo9z0j7xzrkgssvpxz53qd,check_out_time,true,true,
hotel,wgsaao2613c13tc6lsq8o4nj,name,true,true,
hotel,wgsaao2613c13tc6lsq8o4nj,description,true,true,
hotel,wgsaao2613c13tc6lsq8o4nj,address_line1,true,true,
hotel,wgsaao2613c13tc6lsq8o4nj,phone,true,true,
hotel,wgsaao2613c13tc6lsq8o4nj,brand.name,true,true,
hotel,wgsaao2613c13tc6lsq8o4nj,destination.city,true,true,
hotel,wgsaao2613c13tc6lsq8o4nj,check_in_time,true,true,
hotel,wgsaao2613c13tc6lsq8o4nj,check_out_time,true,true,
hotel,o1da0ksqldub948k1y3nbdg0,name,true,true,
hotel,o1da0ksqldub948k1y3nbdg0,description,true,true,
hotel,o1da0ksqldub948k1y3nbdg0,address_line1,true,true,
hotel,o1da0ksqldub948k1y3nbdg0,phone,true,true,
hotel,o1da0ksqldub948k1y3nbdg0,brand.name,true,true,
hotel,o1da0ksqldub948k1y3nbdg0,destination.city,true,true,
hotel,o1da0ksqldub948k1y3nbdg0,check_in_time,true,true,
hotel,o1da0ksqldub948k1y3nbdg0,check_out_time,true,true,
hotel,b7vkbewua16i1y9unkbwk835,name,true,true,
hotel,b7vkbewua16i1y9unkbwk835,description,true,true,
hotel,b7vkbewua16i1y9unkbwk835,address_line1,true,true,
hotel,b7vkbewua16i1y9unkbwk835,phone,true,true,
hotel,b7vkbewua16i1y9unkbwk835,brand.name,true,true,
hotel,b7vkbewua16i1y9unkbwk835,destination.city,true,true,
hotel,b7vkbewua16i1y9unkbwk835,check_in_time,true,true,
hotel,b7vkbewua16i1y9unkbwk835,check_out_time,true,true,
hotel,m079kakdl1x8fkqgebw3jzax,name,true,true,
hotel,m079kakdl1x8fkqgebw3jzax,description,true,true,
hotel,m079kakdl1x8fkqgebw3jzax,address_line1,true,true,
hotel,m079kakdl1x8fkqgebw3jzax,phone,true,true,
hotel,m079kakdl1x8fkqgebw3jzax,brand.name,true,true,
hotel,m079kakdl1x8fkqgebw3jzax,destination.city,true,true,
hotel,m079kakdl1x8fkqgebw3jzax,check_in_time,true,true,
hotel,m079kakdl1x8fkqgebw3jzax,check_out_time,true,true,
hotel,y7i33qrfe7zsl54lgrfp20wr,name,true,true,
hotel,y7i33qrfe7zsl54lgrfp20wr,description,true,true,
hotel,y7i33qrfe7zsl54lgrfp20wr,address_line1,true,true,
hotel,y7i33qrfe7zsl54lgrfp20wr,phone,true,true,
hotel,y7i33qrfe7zsl54lgrfp20wr,brand.name,true,true,
hotel,y7i33qrfe7zsl54lgrfp20wr,destination.city,true,true,
hotel,y7i33qrfe7zsl54lgrfp20wr,check_in_time,true,true,
hotel,y7i33qrfe7zsl54lgrfp20wr,check_out_time,true,true,
hotel,qgb7rx7eo65id7uscqk1vsvm,name,true,true,
hotel,qgb7rx7eo65id7uscqk1vsvm,description,true,true,
hotel,qgb7rx7eo65id7uscqk1vsvm,address_line1,true,true,
hotel,qgb7rx7eo65id7uscqk1vsvm,phone,true,true,
hotel,qgb7rx7eo65id7uscqk1vsvm,brand.name,true,true,
hotel,qgb7rx7eo65id7uscqk1vsvm,destination.city,true,true,
hotel,qgb7rx7eo65id7uscqk1vsvm,check_in_time,true,true,
hotel,qgb7rx7eo65id7uscqk1vsvm,check_out_time,true,true,
hotel,lg68oiqz8ht4rcfp586f3qef,name,true,true,
hotel,lg68oiqz8ht4rcfp586f3qef,description,true,true,
hotel,lg68oiqz8ht4rcfp586f3qef,address_line1,true,true,
hotel,lg68oiqz8ht4rcfp586f3qef,phone,true,true,
hotel,lg68oiqz8ht4rcfp586f3qef,brand.name,true,true,
hotel,lg68oiqz8ht4rcfp586f3qef,destination.city,true,true,
hotel,lg68oiqz8ht4rcfp586f3qef,check_in_time,true,true,
hotel,lg68oiqz8ht4rcfp586f3qef,check_out_time,true,true,
hotel,dpi1ztz03r00h0s0lhm7dr14,name,true,true,
hotel,dpi1ztz03r00h0s0lhm7dr14,description,true,true,
hotel,dpi1ztz03r00h0s0lhm7dr14,address_line1,true,true,
hotel,dpi1ztz03r00h0s0lhm7dr14,phone,true,true,
hotel,dpi1ztz03r00h0s0lhm7dr14,brand.name,true,true,
hotel,dpi1ztz03r00h0s0lhm7dr14,check_in_time,true,true,
hotel,dpi1ztz03r00h0s0lhm7dr14,check_out_time,true,true,
hotel,mls77b7hie6jp3b8zlcznf2a,name,true,true,
hotel,mls77b7hie6jp3b8zlcznf2a,description,true,true,
hotel,mls77b7hie6jp3b8zlcznf2a,address_line1,true,true,
hotel,mls77b7hie6jp3b8zlcznf2a,phone,true,true,
hotel,mls77b7hie6jp3b8zlcznf2a,brand.name,true,true,
hotel,mls77b7hie6jp3b8zlcznf2a,destination.city,true,true,
hotel,mls77b7hie6jp3b8zlcznf2a,check_in_time,true,true,
hotel,mls77b7hie6jp3b8zlcznf2a,check_out_time,true,true,
hotel,kwn3byhz868jji95h57sfjxh,name,true,true,
hotel,kwn3byhz868jji95h57sfjxh,description,true,true,
hotel,kwn3byhz868jji95h57sfjxh,address_line1,true,true,
hotel,kwn3byhz868jji95h57sfjxh,phone,true,true,
hotel,kwn3byhz868jji95h57sfjxh,brand.name,true,true,
hotel,kwn3byhz868jji95h57sfjxh,destination.city,true,true,
hotel,kwn3byhz868jji95h57sfjxh,check_in_time,true,true,
hotel,kwn3byhz868jji95h57sfjxh,check_out_time,true,true,
hotel,gjai9v986449xj50no17n8ut,name,true,true,
hotel,gjai9v986449xj50no17n8ut,description,true,true,
hotel,gjai9v986449xj50no17n8ut,address_line1,true,true,
hotel,gjai9v986449xj50no17n8ut,phone,true,true,
hotel,gjai9v986449xj50no17n8ut,brand.name,true,true,
hotel,gjai9v986449xj50no17n8ut,check_in_time,true,true,
hotel,gjai9v986449xj50no17n8ut,check_out_time,true,true,
hotel,kkc9mdz9qxvh2qkqfkz58cf5,name,true,true,
hotel,kkc9mdz9qxvh2qkqfkz58cf5,description,true,true,
hotel,kkc9mdz9qxvh2qkqfkz58cf5,address_line1,true,true,
hotel,kkc9mdz9qxvh2qkqfkz58cf5,phone,true,true,
hotel,kkc9mdz9qxvh2qkqfkz58cf5,brand.name,true,true,
hotel,kkc9mdz9qxvh2qkqfkz58cf5,destination.city,true,true,
hotel,kkc9mdz9qxvh2qkqfkz58cf5,check_in_time,true,true,
hotel,kkc9mdz9qxvh2qkqfkz58cf5,check_out_time,true,true,
hotel,y2svrpznr4562wz1o9p6j564,name,true,true,
hotel,y2svrpznr4562wz1o9p6j564,description,true,true,
hotel,y2svrpznr4562wz1o9p6j564,address_line1,true,true,
hotel,y2svrpznr4562wz1o9p6j564,phone,true,true,
hotel,y2svrpznr4562wz1o9p6j564,brand.name,true,true,
hotel,y2svrpznr4562wz1o9p6j564,check_in_time,true,true,
hotel,y2svrpznr4562wz1o9p6j564,check_out_time,true,true,
hotel,ezhwjan3er65wzp0pjxsgboz,name,true,true,
hotel,ezhwjan3er65wzp0pjxsgboz,description,true,true,
hotel,ezhwjan3er65wzp0pjxsgboz,address_line1,true,true,
hotel,ezhwjan3er65wzp0pjxsgboz,phone,true,true,
hotel,ezhwjan3er65wzp0pjxsgboz,brand.name,true,true,
hotel,ezhwjan3er65wzp0pjxsgboz,destination.city,true,true,
hotel,ezhwjan3er65wzp0pjxsgboz,check_in_time,true,true,
hotel,ezhwjan3er65wzp0pjxsgboz,check_out_time,true,true,
hotel,gezrbajohui6w08c7b1k72v3,name,true,true,
hotel,gezrbajohui6w08c7b1k72v3,description,true,true,
hotel,gezrbajohui6w08c7b1k72v3,address_line1,true,true,
hotel,gezrbajohui6w08c7b1k72v3,phone,true,true,
hotel,gezrbajohui6w08c7b1k72v3,brand.name,true,true,
hotel,gezrbajohui6w08c7b1k72v3,destination.city,true,true,
hotel,gezrbajohui6w08c7b1k72v3,check_in_time,true,true,
hotel,gezrbajohui6w08c7b1k72v3,check_out_time,true,true,
hotel,orfnykm3gp3alkxubofqqwos,name,true,true,
hotel,orfnykm3gp3alkxubofqqwos,description,true,true,
hotel,orfnykm3gp3alkxubofqqwos,address_line1,true,true,
hotel,orfnykm3gp3alkxubofqqwos,phone,true,true,
hotel,orfnykm3gp3alkxubofqqwos,brand.name,true,true,
hotel,orfnykm3gp3alkxubofqqwos,destination.city,true,true,
hotel,orfnykm3gp3alkxubofqqwos,check_in_time,true,true,
hotel,orfnykm3gp3alkxubofqqwos,check_out_time,true,true,
hotel,ngqmxp5f1z6g2cx2rqlcuey1,name,true,true,
hotel,ngqmxp5f1z6g2cx2rqlcuey1,description,true,true,
hotel,ngqmxp5f1z6g2cx2rqlcuey1,address_line1,true,true,
hotel,ngqmxp5f1z6g2cx2rqlcuey1,phone,true,true,
hotel,ngqmxp5f1z6g2cx2rqlcuey1,brand.name,true,true,
hotel,ngqmxp5f1z6g2cx2rqlcuey1,check_in_time,true,true,
hotel,ngqmxp5f1z6g2cx2rqlcuey1,check_out_time,true,true,
hotel,dp3pchx3z0m8varr1x2wjpqm,name,true,true,
hotel,dp3pchx3z0m8varr1x2wjpqm,description,true,true,
hotel,dp3pchx3z0m8varr1x2wjpqm,address_line1,true,true,
hotel,dp3pchx3z0m8varr1x2wjpqm,phone,true,true,
hotel,dp3pchx3z0m8varr1x2wjpqm,brand.name,true,true,
hotel,dp3pchx3z0m8varr1x2wjpqm,destination.city,true,true,
hotel,dp3pchx3z0m8varr1x2wjpqm,check_in_time,true,true,
hotel,dp3pchx3z0m8varr1x2wjpqm,check_out_time,true,true,
hotel,iyftn1x1hf4um63b5ab1ocmz,name,true,true,
hotel,iyftn1x1hf4um63b5ab1ocmz,description,true,true,
hotel,iyftn1x1hf4um63b5ab1ocmz,address_line1,true,true,
hotel,iyftn1x1hf4um63b5ab1ocmz,phone,true,true,
hotel,iyftn1x1hf4um63b5ab1ocmz,brand.name,true,true,
hotel,iyftn1x1hf4um63b5ab1ocmz,destination.city,true,true,
hotel,iyftn1x1hf4um63b5ab1ocmz,check_in_time,true,true,
hotel,iyftn1x1hf4um63b5ab1ocmz,check_out_time,true,true,
hotel,m3reigqloix1tkxm3bj53hpr,name,true,true,
hotel,m3reigqloix1tkxm3bj53hpr,description,true,true,
hotel,m3reigqloix1tkxm3bj53hpr,address_line1,true,true,
hotel,m3reigqloix1tkxm3bj53hpr,phone,true,true,
hotel,m3reigqloix1tkxm3bj53hpr,brand.name,true,true,
hotel,m3reigqloix1tkxm3bj53hpr,check_in_time,true,true,
hotel,m3reigqloix1tkxm3bj53hpr,check_out_time,true,true,
hotel,e5sbgltc4ta0yf8ldyusskak,name,true,true,
hotel,e5sbgltc4ta0yf8ldyusskak,description,true,true,
hotel,e5sbgltc4ta0yf8ldyusskak,address_line1,true,true,
hotel,e5sbgltc4ta0yf8ldyusskak,phone,true,true,
hotel,e5sbgltc4ta0yf8ldyusskak,brand.name,true,true,
hotel,e5sbgltc4ta0yf8ldyusskak,destination.city,true,true,
hotel,e5sbgltc4ta0yf8ldyusskak,check_in_time,true,true,
hotel,e5sbgltc4ta0yf8ldyusskak,check_out_time,true,true,
hotel,iq0ggiovctbvy6vshivlfz3p,name,true,true,
hotel,iq0ggiovctbvy6vshivlfz3p,description,true,true,
hotel,iq0ggiovctbvy6vshivlfz3p,address_line1,true,true,
hotel,iq0ggiovctbvy6vshivlfz3p,phone,true,true,
hotel,iq0ggiovctbvy6vshivlfz3p,brand.name,true,true,
hotel,iq0ggiovctbvy6vshivlfz3p,destination.city,true,true,
hotel,iq0ggiovctbvy6vshivlfz3p,check_in_time,true,true,
hotel,iq0ggiovctbvy6vshivlfz3p,check_out_time,true,true,
hotel,gkq13tosaf6d6ol2u2o4kvuu,name,true,true,
hotel,gkq13tosaf6d6ol2u2o4kvuu,description,true,true,
hotel,gkq13tosaf6d6ol2u2o4kvuu,address_line1,true,true,
hotel,gkq13tosaf6d6ol2u2o4kvuu,phone,true,true,
hotel,gkq13tosaf6d6ol2u2o4kvuu,brand.name,true,true,
hotel,gkq13tosaf6d6ol2u2o4kvuu,check_in_time,true,true,
hotel,gkq13tosaf6d6ol2u2o4kvuu,check_out_time,true,true,
hotel,qiylpmyuzgutlu2nf1pawhxa,name,true,true,
hotel,qiylpmyuzgutlu2nf1pawhxa,description,true,true,
hotel,qiylpmyuzgutlu2nf1pawhxa,address_line1,true,true,
hotel,qiylpmyuzgutlu2nf1pawhxa,phone,true,true,
hotel,qiylpmyuzgutlu2nf1pawhxa,brand.name,true,true,
hotel,qiylpmyuzgutlu2nf1pawhxa,destination.city,true,true,
hotel,qiylpmyuzgutlu2nf1pawhxa,check_in_time,true,true,
hotel,qiylpmyuzgutlu2nf1pawhxa,check_out_time,true,true,
hotel,rpmfc42m6nyd97zn7h9r9mz0,name,true,true,
hotel,rpmfc42m6nyd97zn7h9r9mz0,description,true,true,
hotel,rpmfc42m6nyd97zn7h9r9mz0,address_line1,true,true,
hotel,rpmfc42m6nyd97zn7h9r9mz0,phone,true,true,
hotel,rpmfc42m6nyd97zn7h9r9mz0,brand.name,true,true,
hotel,rpmfc42m6nyd97zn7h9r9mz0,check_in_time,true,true,
hotel,rpmfc42m6nyd97zn7h9r9mz0,check_out_time,true,true,
hotel,z3i1yye4jqyvi7q7mzvmks84,name,true,true,
hotel,z3i1yye4jqyvi7q7mzvmks84,description,true,true,
hotel,z3i1yye4jqyvi7q7mzvmks84,address_line1,true,true,
hotel,z3i1yye4jqyvi7q7mzvmks84,phone,true,true,
hotel,z3i1yye4jqyvi7q7mzvmks84,brand.name,true,true,
hotel,z3i1yye4jqyvi7q7mzvmks84,destination.city,true,true,
hotel,z3i1yye4jqyvi7q7mzvmks84,check_in_time,true,true,
hotel,z3i1yye4jqyvi7q7mzvmks84,check_out_time,true,true,
hotel,kz2a1fb8hgo1wiq6r10mhnp1,name,true,true,
hotel,kz2a1fb8hgo1wiq6r10mhnp1,description,true,true,
hotel,kz2a1fb8hgo1wiq6r10mhnp1,address_line1,true,true,
hotel,kz2a1fb8hgo1wiq6r10mhnp1,phone,true,true,
hotel,kz2a1fb8hgo1wiq6r10mhnp1,brand.name,true,true,
hotel,kz2a1fb8hgo1wiq6r10mhnp1,check_in_time,true,true,
hotel,kz2a1fb8hgo1wiq6r10mhnp1,check_out_time,true,true,
hotel,gdpihuh8tywh8jhfnqlldh4a,name,true,true,
hotel,gdpihuh8tywh8jhfnqlldh4a,description,true,true,
hotel,gdpihuh8tywh8jhfnqlldh4a,address_line1,true,true,
hotel,gdpihuh8tywh8jhfnqlldh4a,phone,true,true,
hotel,gdpihuh8tywh8jhfnqlldh4a,brand.name,true,true,
hotel,gdpihuh8tywh8jhfnqlldh4a,destination.city,true,true,
hotel,gdpihuh8tywh8jhfnqlldh4a,check_in_time,true,true,
hotel,gdpihuh8tywh8jhfnqlldh4a,check_out_time,true,true,
hotel,rbtnosd0eitqwls5ure6p6wo,name,true,true,
hotel,rbtnosd0eitqwls5ure6p6wo,description,true,true,
hotel,rbtnosd0eitqwls5ure6p6wo,address_line1,true,true,
hotel,rbtnosd0eitqwls5ure6p6wo,phone,true,true,
hotel,rbtnosd0eitqwls5ure6p6wo,brand.name,true,true,
hotel,rbtnosd0eitqwls5ure6p6wo,destination.city,true,true,
hotel,rbtnosd0eitqwls5ure6p6wo,check_in_time,true,true,
hotel,rbtnosd0eitqwls5ure6p6wo,check_out_time,true,true,
hotel,rm561tf3834rlb6mra6g9f1o,name,true,true,
hotel,rm561tf3834rlb6mra6g9f1o,description,true,true,
hotel,rm561tf3834rlb6mra6g9f1o,address_line1,true,true,
hotel,rm561tf3834rlb6mra6g9f1o,phone,true,true,
hotel,rm561tf3834rlb6mra6g9f1o,brand.name,true,true,
hotel,rm561tf3834rlb6mra6g9f1o,destination.city,true,true,
hotel,rm561tf3834rlb6mra6g9f1o,check_in_time,true,true,
hotel,rm561tf3834rlb6mra6g9f1o,check_out_time,true,true,
hotel,vy36fssx9wwtmjuhqplr9uy9,name,true,true,
hotel,vy36fssx9wwtmjuhqplr9uy9,description,true,true,
hotel,vy36fssx9wwtmjuhqplr9uy9,address_line1,true,true,
hotel,vy36fssx9wwtmjuhqplr9uy9,phone,true,true,
hotel,vy36fssx9wwtmjuhqplr9uy9,brand.name,true,true,
hotel,vy36fssx9wwtmjuhqplr9uy9,destination.city,true,true,
hotel,vy36fssx9wwtmjuhqplr9uy9,check_in_time,true,true,
hotel,vy36fssx9wwtmjuhqplr9uy9,check_out_time,true,true,
hotel,yilu5qua4f2j6ugbs1tfgre7,name,true,true,
hotel,yilu5qua4f2j6ugbs1tfgre7,description,true,true,
hotel,yilu5qua4f2j6ugbs1tfgre7,address_line1,true,true,
hotel,yilu5qua4f2j6ugbs1tfgre7,phone,true,true,
hotel,yilu5qua4f2j6ugbs1tfgre7,brand.name,true,true,
hotel,yilu5qua4f2j6ugbs1tfgre7,destination.city,true,true,
hotel,yilu5qua4f2j6ugbs1tfgre7,check_in_time,true,true,
hotel,yilu5qua4f2j6ugbs1tfgre7,check_out_time,true,true,
hotel,ad5iag5fvfvzdo2laageof0b,name,true,true,
hotel,ad5iag5fvfvzdo2laageof0b,description,true,true,
hotel,ad5iag5fvfvzdo2laageof0b,address_line1,true,true,
hotel,ad5iag5fvfvzdo2laageof0b,phone,true,true,
hotel,ad5iag5fvfvzdo2laageof0b,brand.name,true,true,
hotel,ad5iag5fvfvzdo2laageof0b,destination.city,true,true,
hotel,ad5iag5fvfvzdo2laageof0b,check_in_time,true,true,
hotel,ad5iag5fvfvzdo2laageof0b,check_out_time,true,true,
hotel,yczwat3spjzrg7aczxbng90b,name,true,true,
hotel,yczwat3spjzrg7aczxbng90b,address_line1,true,false,db_value_not_found_in_rendered_text (path=/hotels/sarovar-portico-sriperumbudur)
hotel,yczwat3spjzrg7aczxbng90b,phone,true,false,db_value_not_found_in_rendered_text (path=/hotels/sarovar-portico-sriperumbudur)
hotel,yczwat3spjzrg7aczxbng90b,brand.name,true,true,
hotel,yczwat3spjzrg7aczxbng90b,destination.city,true,true,
hotel,yczwat3spjzrg7aczxbng90b,check_in_time,true,false,db_value_not_found_in_rendered_text (path=/hotels/sarovar-portico-sriperumbudur)
hotel,yczwat3spjzrg7aczxbng90b,check_out_time,true,false,db_value_not_found_in_rendered_text (path=/hotels/sarovar-portico-sriperumbudur)
room,a1l06n6ealblirlf37lphntz,name,true,true,
room,a1l06n6ealblirlf37lphntz,description,true,true,
room,nwvi45huqlv48q118191guqs,name,true,true,
room,nwvi45huqlv48q118191guqs,description,true,true,
room,pg10yms1xecnp3srspvfzutf,name,true,true,
room,pg10yms1xecnp3srspvfzutf,description,true,true,
room,m0phglqq4wgu5edsi7azp47b,name,true,true,
room,m0phglqq4wgu5edsi7azp47b,description,true,true,
room,a1vatuztuasvxk81txiowp5g,name,true,true,
room,a1vatuztuasvxk81txiowp5g,description,true,true,
room,i0fsez274ewgxiezu0p4ifrx,name,true,true,
room,i0fsez274ewgxiezu0p4ifrx,description,true,true,
room,e3mvdlwkrwdna9j02lkd4kz4,name,true,true,
room,e3mvdlwkrwdna9j02lkd4kz4,description,true,true,
room,fa9z6qj366boik0zcwdb6pw6,name,true,true,
room,fa9z6qj366boik0zcwdb6pw6,description,true,true,
room,xkgr43zun9nrfh3uae5j9gsr,name,true,true,
room,xkgr43zun9nrfh3uae5j9gsr,description,true,true,
room,c82o4eufi6zcb2knsx5dosy0,name,true,true,
room,c82o4eufi6zcb2knsx5dosy0,description,true,true,
room,ie1ml249tf1iestxyn8t7ndp,name,true,true,
room,ie1ml249tf1iestxyn8t7ndp,description,true,true,
room,grtqfxzsj7aegoo6rozii1n4,name,true,true,
room,grtqfxzsj7aegoo6rozii1n4,description,true,true,
room,s350yse2pcnwro9dfvrncszf,name,true,true,
room,s350yse2pcnwro9dfvrncszf,description,true,true,
room,ded9xa5v2s04m5tewoz1ed12,name,true,true,
room,ded9xa5v2s04m5tewoz1ed12,description,true,true,
room,iuj3s1kp4nhzqvus7liqe4yn,name,true,true,
room,iuj3s1kp4nhzqvus7liqe4yn,description,true,true,
room,fg9y9v6xpnyy2ptqqgammvmi,name,true,true,
room,fg9y9v6xpnyy2ptqqgammvmi,description,true,true,
room,shl8bzgsnia9rhuhl0bxxdz9,name,true,true,
room,shl8bzgsnia9rhuhl0bxxdz9,description,true,true,
room,k4xlchfcpyu1bijxjpn5yyt7,name,true,true,
room,k4xlchfcpyu1bijxjpn5yyt7,description,true,true,
room,jfecqgjqga008nrqhorc8gkm,name,true,true,
room,jfecqgjqga008nrqhorc8gkm,description,true,true,
room,di87ojozas765163lcku062t,name,true,true,
room,di87ojozas765163lcku062t,description,true,true,
room,dwk6ftsftrgzjy32ovdo4jrr,name,true,true,
room,dwk6ftsftrgzjy32ovdo4jrr,description,true,true,
room,oods86r7vx690accv3f5szg3,name,true,true,
room,oods86r7vx690accv3f5szg3,description,true,true,
room,avb1rd14wyd0lr72oxl3wpqp,name,true,true,
room,avb1rd14wyd0lr72oxl3wpqp,description,true,true,
room,ist9vd85w0imd11llnlyeh3t,name,true,true,
room,ist9vd85w0imd11llnlyeh3t,description,true,true,
room,vxzgrsw50lnttr6dc19sqmcc,name,true,true,
room,vxzgrsw50lnttr6dc19sqmcc,description,true,true,
room,cby66izdqb8sodjrrkcgh7vx,name,true,true,
room,cby66izdqb8sodjrrkcgh7vx,description,true,true,
room,jdmvrj2pifozqbph1kxymhx5,name,true,true,
room,sm9d42dk167catfij0h5w2gr,name,true,true,
room,b1w9qxpexw6c87kzodg2dvbw,name,true,true,
room,e1cirtb7fniav7xhbzdlslqz,name,true,true,
room,kulliow4p379hvsst4ri0e00,name,true,true,
room,gfvoa4owmpt0loxslt4twavu,name,true,true,
room,rq6jk1uf5toaz6mqykfv7hko,name,true,true,
room,efuvyz9ah5ylga7ti38u071o,name,true,true,
room,a7zbw2402ke4ziap4zqdkhvo,name,true,true,
room,fllmqrnk8lunqhxlrltlmjjf,name,true,true,
room,h19c9dvxei0fzzb8yz8thlx0,name,true,true,
room,w7q4ii25f4buzp7axfq8zv3s,name,true,true,
room,gpsdasp86p0mclx57myajtcp,name,true,true,
room,vh83gs0bkj9yvzw45vfhvx5g,name,true,true,
room,tpkgvcgg2rjfp4eknc82xzfb,name,true,true,
room,sw2ydrdznhzerj13yno0ndlj,name,true,true,
room,qi5bsytnw9ewooiaybcu3eb5,name,true,true,
room,wae85x4c232ztgczuqb7u0jh,name,true,true,
room,fu62vi93sl1bf28enq97nbej,name,true,true,
room,fklbkvnolptlix00ln7wmsn6,name,true,true,
room,p6y92vb8oa4nteelkg5di8m1,name,true,true,
room,rv50k9cz0d28vwedhsse74um,name,true,true,
room,q1xfwwlxhfi066vcbkvih1ey,name,true,true,
room,dxlobnggk4swm99kiw7yoynx,name,true,true,
room,gra1zmgr5q9nbk02jaqapnhc,name,true,true,
room,tf2ngauhyn04vc06gn3nci8g,name,true,true,
room,f5s52293si6dhvd96ukh5x75,name,true,true,
room,smfkp3dchlbjmra4zvymbhjb,name,true,true,
room,sbuwh44mtcoumv675ixme6ni,name,true,true,
room,l70ujtki16v9j8ywd7lsl991,name,true,true,
room,i4f7c65crggjca7uth6m9m79,name,true,true,
room,iv1i36ym5y6uzu0v4syucqrl,name,true,true,
room,kgkyjp8v75n5owfdxf75c39e,name,true,true,
room,s04t97g5huakyxeyu325g89j,name,true,true,
room,ypav48ugk1lof34rjd37v801,name,true,true,
room,cpbllks1xd8hbu4oxkjvtbtb,name,true,true,
room,n5vjefnx3f1yr9dukrcfpd02,name,true,true,
room,mgbzuq4mzy4apzv0tg355ilm,name,true,true,
room,mfzrgx4848r79zwo89xi3kee,name,true,true,
room,d9r9i4olip5h0aox1yumald9,name,true,true,
room,x0aqtf57334phf6e8w2ox257,name,true,true,
room,s1c3vtvu623bump807dej2gd,name,true,true,
room,a7pfki01q9rbt4iqhfkk97hj,name,true,true,
room,kzvmgw908nyxur2lf8kxffad,name,true,true,
room,a260rvl4uqtyi5ut6yalijfo,name,true,true,
room,asm5hic8yt5p6cc5vymxbbm1,name,true,true,
room,oldkyn71kdwc2oswxuofxn1s,name,true,true,
room,ypvpazv6hk5ny84wr82x8ipu,name,true,true,
room,szd1edba201c83g7vc21oqlv,name,true,true,
room,xbasz119edmqaah1xz1jkahc,name,true,true,
room,xbdq69t3naumoce7y22ghqb3,name,true,true,
room,ez6i1714karzdguhit5pvgoo,name,true,true,
room,csoawd4g2lng6jol7txlzcig,name,true,true,
room,w1t7h62bjmefral883qb1kyo,name,true,true,
room,wk7cynji8gastsd9ybumplzo,name,true,true,
room,ws1hsfzigmnd28j2erew7wy2,name,true,true,
room,o5naxus2wjakqpjw9jx7m2cv,name,true,true,
room,c1prwlvwbtbwquvzq2a3tkxq,name,true,true,
room,g10777fzgjv60au34bzxnp1f,name,true,true,
room,v397m5f8awzqptcyolo3yfi2,name,true,true,
room,yhi41af1jb035bqm8c3piwpu,name,true,true,
room,qjn0qulnl0m7hvl6f9e774os,name,true,true,
room,hj47hunj9mkpkr0g18gw1pwi,name,true,true,
room,n9h5447zs5w3rvannuautzsu,name,true,true,
room,u3uss7rxasnuscidbxwn8vcx,name,true,true,
room,v7ty3rcipju17qtkk2n40i39,name,true,true,
room,riv4ypt6snsko040dvrxffj6,name,true,true,
room,msjm2wayrxs2ul76zb4aneic,name,true,true,
room,nrmocpa1b6vov1oedzitmhi8,name,true,true,
room,fwexmemwi1ibi3lmkkyif1yn,name,true,true,
room,cy3djjrk96pqbjz8mdzdun5d,name,true,true,
room,sd8bdwr1iz8v3tdft04m80tq,name,true,true,
room,vpsg1y595nnk5acti26yoi6v,name,true,true,
room,hdr8dg2v2gi10zwbbeplirr5,name,true,true,
room,ya71nu2icjzpwoba0c36sjn7,name,true,true,
room,nl5v8wtbeurn56f9qjsx3ssx,name,true,true,
room,shpv48fntlhebfkf0ax7fvbs,name,true,true,
room,oxvqo05vbd3q5zk4pkhux4y2,name,true,true,
room,rc5ut9n3q27ozafjwwxhyytl,name,true,true,
room,f5ovwfvia15q5ywv64np7nhc,name,true,true,
room,l3vrnsvigfu6udd32l157bzi,name,true,true,
room,ppbayvtku9j3xohg8e4j6udh,name,true,true,
room,tftio8ztsco0y4fpx93rf9jj,name,true,true,
room,wfcq5915ekescaivsi0cowdk,name,true,true,
room,qaksmgaagk04qm2fdxk3ykj0,name,true,true,
room,imghi70dwa3nzkrvfbxntl21,name,true,true,
room,zcqnlocxltsx82op1lrcsb7e,name,true,true,
room,qcmi8haxijqo57wiwkmny9oh,name,true,true,
room,iu38wdrdrztzmi8vvgmwl4qg,name,true,true,
room,yu3cv0p4klfmzk71url2zs93,name,true,true,
room,is93ra8d7ipf6i4pvdg9b2ro,name,true,true,
room,xf5dzkktvvg58q7datoq27bw,name,true,true,
room,j0qvqxsl42wndj1ci6dc6bcy,name,true,true,
room,pyqvfh6szn5h4hj1u54b9anm,name,true,true,
room,nb4w5n82zqjxuixrwxasx8wj,name,true,true,
room,nb3qh6m5vqpnwzobv9q2bggf,name,true,true,
room,ss340p64xevisk5unjbw2223,name,true,true,
room,hzl4h5vgbcrhdzi5yuizdupq,name,true,true,
room,d2emmx0jzadjnpq07ptvaine,name,true,true,
room,z6qrpiuqh94c235zxhlmthrc,name,true,true,
room,koz85wac9t93kpctgxoozagm,name,true,true,
room,cpfpkg5api7unmvt0lvift6f,name,true,true,
room,ys7odnbqz39akgth4othrkkb,name,true,true,
room,uhsp8hkru5u725f4ppxk06nz,name,true,true,
room,qtuewb2a0jdfockiv6banycq,name,true,true,
room,q2ndqang6upisjhe2sr09fw4,name,true,true,
room,w6dw5qsegho9bvysfls516cb,name,true,true,
room,j4xkj4zypyx6kcoi4mhws665,name,true,true,
room,nzi6ldpunbvplojjk73f6eoa,name,true,true,
room,o5etmndj0rml04nw2s0lev7j,name,true,true,
room,qchgemc7l3yfelph80bisio3,name,true,true,
room,rb9ixlag9d78mnpjx5pz4ng1,name,true,true,
room,htwb6oh6eo1didji3g37vshn,name,true,true,
room,s6ex2nqqu7dwi6g45f1x0p6s,name,true,true,
room,rga3j60z4z900sgpx5dll4p4,name,true,true,
room,gdxvisjptruvjia7vx536ghi,name,true,true,
room,c5fn9swd99fzghdzup75lc23,name,true,true,
room,esbpwv6mlhy7a67z4c5b5sev,name,true,true,
room,gkpuuu7jmrnilt66b89wl123,name,true,true,
room,mjpq8lf7q8fnw0g47xtrmwue,name,true,true,
room,jwutxt26sf7jnj4cze9gu5ab,name,true,true,
room,fz2b9obwgduir6bueuw228kr,name,true,true,
room,ouj120h15im5lgjg1gdgdv0a,name,true,true,
room,qoivxg7y5vf7qlm9hxucq6g2,name,true,true,
room,pgniaomv9sv4hr6lkwss7mgc,name,true,true,
room,h90b54g19strleb9g9brnz0b,name,true,true,
room,wyxwzx5nkiqxoo5l55bi9bld,name,true,true,
room,rd5pyabwbw8rzahn42kpn081,name,true,true,
room,bz2buzgh12sdoyo1p51prnxq,name,true,true,
room,nzej65v9nhpnprm4bz2jp6pc,name,true,true,
room,jsj7s6eayfhmhsv5za18twqx,name,true,true,
room,sr2fya6e1zr6017ggmraequg,name,true,true,
room,gkqxjkoo816rat9ezzqwfehe,name,true,true,
room,t5v8dqt4o6kobcb2hc3wrazv,name,true,true,
room,qqf8w643nifykli4evf6wtk0,name,true,true,
room,p0z1ahrfwesarshvxiw819pd,name,true,true,
room,b7l45ozlleyz8itbo9hdpnep,name,true,true,
room,dprw0llxy0zic6dmn16rvyae,name,true,true,
room,rgcxm0kx2maj5cy0jgyd8o2s,name,true,true,
room,t6j3jndeqb9a4e0p56aaxd7i,name,true,true,
room,lrpsyybyhp1tzzr5les7ic71,name,true,true,
room,vj9sngp9ol0i3nz5h9pluhf0,name,true,true,
room,afsrbnq7f8btadkaqn7yeana,name,true,true,
room,e0ku4umsvqiq46zhphcbios0,name,true,true,
room,iiadr7jdadt73lbviqfumkw0,name,true,true,
room,iy9g5us50atn3hdqeym0i0vi,name,true,true,
room,sc1hyh4lgj1m5l4prpt1vl89,name,true,true,
room,ixgccfnkfz75f3vsspfbpcvo,name,true,true,
room,nuxr7x1oo1s2cqyiyz6sv37m,name,true,true,
room,s9dib4jiouost54byl6ypl38,name,true,true,
room,c0r1opnomeccvlb4tpood7hg,name,true,true,
room,g9dr9qmbau7ufl344d747e89,name,true,true,
room,dpl4ehi9qyzuh9kpbcc8lwzn,name,true,true,
room,rda0uttqqloyxrfd6guwexbq,name,true,true,
room,wu56225fqwksrphv43f6vbw2,name,true,true,
room,wgijvy0ftys7no71mnrt5bdm,name,true,true,
room,k432hpbxj9eisr8v3zv0sbgu,name,true,true,
room,z5ekuzyusztemogcrxk2jhur,name,true,true,
room,syo7bescpf6sh6d65a44mjcy,name,true,true,
room,swk65eafel73skcnxqkoawlr,name,true,true,
room,tuk8r11aelq32dsb3d3cikfu,name,true,true,
room,vau1r0srsxk5zwqb7ym5gocx,name,true,true,
room,z1xg446uvwnp0xksejx1gj3f,name,true,true,
room,yywa0q646j746e9dj3dqagya,name,true,true,
room,blote0yyn87983nzg7tb6pdz,name,true,true,
room,tarcess7q8vqv61hgo8yfv1t,name,true,true,
room,jxjqao16ync76jorjojg382k,name,true,true,
room,fmcebzamdp0ud5f2zqi07ll1,name,true,true,
room,m03gtftq81275354kc4u4sd5,name,true,true,
room,ei4daoweeqmetgv97uczltdz,name,true,true,
room,jg3ealhcbyiges7wowoft7od,name,true,true,
room,trh0j8rvniziob0jh4injfuw,name,true,true,
room,cd4euqfjmwjzg3voy7d3nmil,name,true,true,
room,jh30wj5e347e1apukjy6cvbr,name,true,true,
room,chfhvly5seadyve5mpfc44ra,name,true,true,
room,fli3u3usct8qe51eq7rttx1z,name,true,true,
room,lz9ynej3hsqd0aj8fn08tw71,name,true,true,
room,ia6xiprag7tgd5wv413mpjnr,name,true,true,
room,earo553h25trwxgo91y16f1z,name,true,true,
room,so73o1k7ha0er3hv5zrvgi9r,name,true,true,
room,bm3k2xll099x49dsby8udg0m,name,true,true,
room,jdpkyve108h1uikqebwzgu87,name,true,true,
room,ubd6v6o6ymlr9yjei148hihl,name,true,true,
room,ykq4c71fjiwbe3m472rtsapq,name,true,true,
room,urn4zco7jilcvv4j4sqgsupy,name,true,true,
room,o6vgzuh13t49olcvemsmmgl3,name,true,true,
room,pvi17u96km5u1kg1yowj6rp9,name,true,true,
room,lo9521nv350nu9wom24yzfi5,name,true,true,
room,da6gb7ambtvyqmu4lnon796u,name,true,true,
room,c70vqbo8o60wjrqbpz0k1ea5,name,true,true,
room,xp1lqyl8p6e5cngms3jsc7ib,name,true,true,
room,ojv406ysi5vq922ltdmknwfv,name,true,true,
room,g8wwiavnjspnt70awwzqvtky,name,true,true,
room,w2tua238sulwrij44iltwsdx,name,true,true,
room,dqe35g3dgosszn5o9d6i1quo,name,true,true,
room,ztx4sekh3beim668aep2cbp3,name,true,true,
room,t8310dlj8ba2to4t1v0tckb1,name,true,true,
room,h2a5t0gixmpxb2dw16v1zof9,name,true,true,
room,ae8oz566kyc2f4luvooe9f3i,name,true,true,
room,p6u24lmdgwqxsm5kmheaw2pw,name,true,true,
room,g9iu2kxffrvqlf20jw9dzidw,name,true,true,
room,gj96gy362ii6q2l1ay6d9tn1,name,true,true,
room,u95e9yan1ypgdrm14ss66jtt,name,true,true,
room,qv69shtgoy6kxbdsyakfvgxb,name,true,true,
room,pqsycxl1n2dp1vg5214gz226,name,true,true,
room,seoexfavwo1iu7m7izg0c0ak,name,true,true,
room,w6scrq1cqq8mqavng9tso4l7,name,true,true,
room,rejcdwj610vvfz15avatgsbt,name,true,true,
room,cfo365b0qcqowuevmpkx2kj4,name,true,true,
room,pgvcawhv1ymg06t06hfg3mqs,name,true,true,
room,mvat187wfp396ivbkjpueow9,name,true,true,
room,fdz804w50asto7tpws73wgtt,name,true,true,
room,erze4lhh3l55lh33w0kmqo6s,name,true,true,
room,vtcme52rhqghs3b0uybos5zv,name,true,true,
room,wj4qzvdgwhrgzj5jh1cz0tiw,name,true,true,
room,t30rcq9hk8jgw5wf1ad715ic,name,true,true,
room,gc4rteuu80iicp74gfhwvs7m,name,true,true,
room,kax4c5neu3mfxjyr1caz1xbp,name,true,true,
room,br93wd97gsv7x9gmheeda9px,name,true,true,
room,mbvc7hpetofelqfmn2gl12bk,name,true,true,
room,eu0ai4zs6sv4n6iva9myhvzj,name,true,true,
room,sfy9a3i508pl44t6xbhsekix,name,true,true,
room,gu3sjyyfvg60ddegvx6i1ne3,name,true,true,
room,kz3wizs08x13elk6uqyisix8,name,true,true,
room,ue52gjcdfu0p0rwhfpzxks66,name,true,true,
room,gbpo6f3a72lj5aw0jtlt04um,name,true,true,
room,atx5smgunaokvk2jmev9mxup,name,true,true,
room,i9wakiw7mlr8e1rbjeuthn3n,name,true,true,
room,p9xxotervvuabs4nartpupmd,name,true,true,
room,a8nwp501ctrambfp40v4ca4n,name,true,true,
room,a5vi5h8nip68w1qrjpfslajd,name,true,true,
room,dd10lcn9pnkvkw6qiercjghv,name,true,true,
room,mcnxyjm77nxcs9wbqc20m21m,name,true,true,
room,c6vyxpgy3uy0mpan1xblnfsz,name,true,true,
room,firv4ru4kvcecfw87eugx9w4,name,true,true,
room,h9ndf235mabof5uawnolgo16,name,true,true,
room,dwjf91d7ms5qmjcdiqamaxkk,name,true,true,
room,su3575ykriozm99tf89hxt0x,name,true,true,
room,ehmmdp74p4o7qgphgn4s7tjg,name,true,true,
room,js3lcndm9lzbusmzabhnc3s5,name,true,true,
room,hr997os27nt8c26i8tkso0j4,name,true,true,
room,bboxbvoyjibcl2sj3dw23w6i,name,true,true,
room,k3j1ylkxc6q39ksj3lc97gyi,name,true,true,
room,w0yuskbunuruyx2kz58hrnl7,name,true,true,
room,x11larpvbwcvefhy2e3nfzwu,name,true,true,
room,vwxcyz7dcfbqvfsphog8l193,name,true,true,
room,hsaw3l6tnhzvl9vb9wgd1vvw,name,true,true,
room,kael03v7d2d787v0a5zumjaa,name,true,true,
room,yfo1ji45pfiji9dzzionkckn,name,true,true,
room,y9iihny98316yeggnl0u11jl,name,true,true,
room,rzgut7sm3euq8ed9vg4hlyg3,name,true,true,
room,jq80zbbnlpl81q5b3om4rccr,name,true,true,
room,rqou0assz7vjmh0eg92kwui4,name,true,true,
room,yzuie8x91gc1ot80ci7r2uol,name,true,true,
room,cmz8zotfxbyw46xea8o9uqw1,name,true,true,
room,r13306e5z8oytlye2pcpfc4y,name,true,true,
room,yuijk1k69rckz1jqovveaa69,name,true,true,
room,k230cxvt7ikog2kutk6b0yut,name,true,true,
room,m751yqufa6g42c8uqotx54ps,name,true,true,
room,guepyvy0orse3e1q7gg7ljrp,name,true,true,
room,mvkij8ewgdsjecc0y3x5cq86,name,true,true,
room,m5afe4yyhfc0ctbvh19rc5ni,name,true,true,
room,rb2lbrsujjgb3ygx53b2klo6,name,true,true,
room,satwcc2zn3ku3fbm1crekedp,name,true,true,
room,bdtljvjb1c9ridz2n0dc68yh,name,true,true,
room,vvwi1zdilx41pwlk2e1t7joz,name,true,true,
room,rd2bp40h7joocp5iec20f3ng,name,true,true,
room,qllwik5edfar7diemeude2en,name,true,true,
room,j6p3m5ey2bvyrlvcx5tk9nhc,name,true,true,
room,p8yysuxs3zfhbl1syot3nqsh,name,true,true,
room,rchqrg1nng1dy243hfj0g996,name,true,true,
room,x3v8tthe3sssvjqg4lvpl9r4,name,true,true,
room,thjmf75py8209d7fb4lq1a4f,name,true,true,
room,ngllwrb0k8yz7vrw9hmfxlg6,name,true,true,
room,fhb1dy81sj4t7rcnty15el6h,name,true,true,
room,macvrm0edok3f95e5fzqav59,name,true,true,
room,g0vnwkuznhd546yezqtr7y2j,name,true,true,
room,f0r4jr5jb2pvdn4wr1io2pcb,name,true,true,
room,im796hnhc3vcciv5vn35zi57,name,true,true,
room,x6hov0qc4slxmtuw3tr1gek7,name,true,true,
room,hhgwlcbvkj3249r7s2qaot59,name,true,true,
room,azsqy3snt2utgus7oh1o747i,name,true,true,
room,pzckso11obazamkebbcgmr0o,name,true,true,
room,ncrqry8w4nvjpcxq7toxh52h,name,true,true,
room,ba2q3ubyena7vdp2ujbi6y61,name,true,true,
room,cdr3d0rt6gjxezsc37bgwc3e,name,true,true,
room,x5atfr32k8nixcx7zkorpfv8,name,true,true,
room,idj4mys7gqwsot4j1gfga0n3,name,true,true,
room,lzncymnux2xyqhjvd6zbuu3b,name,true,true,
room,pt59zgm6yygiln84s625zeue,name,true,true,
room,aagu8017kc1zzqbhzdinbr09,name,true,true,
room,cqta21pw4bnkhmw9kzdq3rkh,name,true,true,
room,utfqc5eqlhauclqwztv8luqd,name,true,true,
room,o345i8u0ooxfkl1k5msui33z,name,true,true,
room,h2v8qj3kzssqa14ldpeuabg2,name,true,true,
room,woi3e8dozou3h7h7x13qqqrj,name,true,true,
room,hbtdin1hqw27shddpktavnsk,name,true,true,
room,zwnn49obew409651s7hpxpoj,name,true,true,
room,ah4a81402z7rsngapmz901lu,name,true,true,
room,g03od5sxia7acs4b5qi03d3r,name,true,true,
room,yukk9dnwvjk72ocsv5szpn2q,name,true,true,
room,fygj9hefp2uca7tv94t76qmr,name,true,true,
room,kcrpzrtnvughjj14y1r0yucp,name,true,true,
room,l0ljwb33ptcc091hbypzxzbo,name,true,true,
room,rq7lc35kari5rc7gvvbf5cmq,name,true,true,
room,audetexw99rrgtczgsjc3co6,name,true,true,
room,jjyclz75v6dagpr0lmxvzixj,name,true,true,
room,ru8enx38s3kbr0yopycbp3da,name,true,true,
room,hvanqfmneatsew9undo09pw8,name,true,true,
room,nnnqboegf4zyi6inppbltw5q,name,true,true,
room,a32ppydj0g3pcacrap2xc50h,name,true,true,
room,gilt0ywx46y2751b3nhnce78,name,true,true,
room,o5pywkak4fs4j376h8eis933,name,true,true,
room,gx75kdnph7no6vnlw0olk9gu,name,true,true,
room,abcuur9z566iy6pxncfojacr,name,true,true,
room,z0gonmqbmfc408ce2fmn4nlh,name,true,true,
room,vxy8x1d2rjgrlddwy5qoohb1,name,true,true,
room,g4ux6ui4aib1mhzr06uiiad6,name,true,true,
room,xxjdkekcjngi07yotrcntuio,name,true,true,
room,vq2287a3dx035rmqp7asfxuz,name,true,true,
room,jxnepw2ng7iz6ntwxvid6g1g,name,true,true,
room,nznqghyq5lrr6dub8myrndey,name,true,true,
room,a2yki0rldbit0ps3iypvpz6k,name,true,true,
room,pd3sg0g10jdb3v1po8g5y5e2,name,true,true,
room,b9oteufll90zu1gmofmyhqze,name,true,true,
room,mx7fl6bbgs46ctpmfxncosq9,name,true,true,
room,c5ag81qq3ne7q7u23wgifpsq,name,true,true,
room,ofdd785n5g1233q9fs0gvi9s,name,true,true,
room,sasngeeld9qejlf01ppaxrrr,name,true,true,
room,fk6k6le7db16s0pm0ckncbdd,name,true,true,
room,s92gqqebhhhreudyv11udqsq,name,true,true,
room,he3ku2livgo9j2rdib305xrf,name,true,true,
room,emq2bywm9hmvwc04hpuia55m,name,true,true,
room,iljpyu3y2m6jw0bo50idqmy5,name,true,true,
room,yf2l13gff3tflfseq7ubu6eo,name,true,true,
room,r821k81yma375ocbpgx2fh5c,name,true,true,
room,tbm0nz7hq7e8nj64c17xhuoi,name,true,true,
room,xsws6sw5kc38o1u24um4l5g5,name,true,true,
room,ro8w5wy63a8i9i5g5ftfyxxq,name,true,true,
room,u6isp2o89cefmoedx231cceh,name,true,true,
room,x1jvtxujzzndfzhn8v3a12y9,name,true,true,
room,zt6n9lu160p2iz4ofrb0hi19,name,true,true,
room,n3mjjunub5isxbmppypahwxf,name,true,true,
room,r3ndhma4innt3iufqkkfkwij,name,true,true,
room,nmdxmc6geod8kmacm8gjrg3t,name,true,true,
room,mjkeq14fup8p45l4g98zx0hf,name,true,true,
room,zu7zjpibxde5u23ajzvzse3m,name,true,true,
room,oe9nna7hossjfipksisbvsk5,name,true,true,
room,c0v8fg5167gzlb0f9v9e10fg,name,true,true,
room,ct2fq6az14cpmxm87tx653kz,name,true,true,
room,tl1ziny7xczsbh8xdsdoyqaq,name,true,true,
room,lzhtkdg5wxy2mjdnwuvcgrin,name,true,true,
room,xmfzndrldu2rzv2e9nelcsm6,name,true,true,
room,y4wiu287a3c4wkmrxfwp85xs,name,true,true,
room,n9gkva6hybnujedvq4hkjsie,name,true,true,
room,r3yk0ois2ddv27rsu28qonl5,name,true,true,
room,wq9jd8lbum7x1qvqzbe4kfv2,name,true,true,
room,ppmlfvu3go0vpoj642ozkzh2,name,true,true,
room,t1vejl8zotobngxh9q38h8gc,name,true,true,
room,sgu2xnsuunoyxkv7e9w1k793,name,true,true,
room,hyzpwijwm4xopw8ah6ma0rbs,name,true,true,
room,t4hcghul5ipat79fwxwnseut,name,true,true,
room,mbjcbw1re25nyw3yaipy6vo0,name,true,true,
room,f9fb12t0epyp5u068nmsar2q,name,true,true,
room,ay2rdcq513kdps0dgadhwukp,name,true,true,
room,sdscdpbbn8brjp25p3e1ohh0,name,true,true,
room,pyit4q1b3r1mk55s43bp6mad,name,true,true,
room,kwtntdtdreibllrpkrlfsnko,name,true,true,
room,h39fo8gyq8gs4pjuvktcfyvh,name,true,true,
room,mdv1z3m0zbpp87drjmxr0wbi,name,true,true,
room,kxhwiy90b6d79827kvdawib4,name,true,true,
room,rjui4p93vxx8hoth27nb7pe9,name,true,true,
room,q1aqhq1725g7bl8xurd262ls,name,true,true,
room,zgv7ibkix5yv0aixhmu2fyll,name,true,true,
room,o2mhghch2vjfr0l2gws19tew,name,true,true,
room,ro8j8gi6see1mltzwokcy7nl,name,true,true,
room,moc9z3lxjjyegfzlu5qrmm2k,name,true,true,
room,rbplmnmknh1qt24gsx00pueh,name,true,true,
room,i5mca6nzinfb4n2qqnmcifmf,name,true,true,
room,i4w3tyvt00kxowciybas158r,name,true,true,
room,vzkccp2o9w0r3hrlbc7schw5,name,true,true,
room,gx6lmesu2odgp39xiraq93sk,name,true,true,
room,z4gpvie1mbu4kbjhoz90qwf5,name,true,true,
room,b9ti4w2o3ffmd3icm9mmjiu9,name,true,true,
room,x619lk9jlvmq4nq62hwfwhq4,name,true,true,
room,qwyr55q3dodx12lhnvj83ksc,name,true,true,
room,mgu2i8dengbm6o7uhdr80wxf,name,true,true,
room,gnea1k6qwqofes7fo1ofvkrh,name,true,true,
room,cc97oy3ak6xgxafqzzubbtmc,name,true,true,
room,gcez7jm8rc0h6ys4kgtt6zqo,name,true,true,
room,o8mtdx4nnpxwpusl8h1zedf6,name,true,true,
room,k0gh7xp0cstq7x26olmuongb,name,true,true,
room,mv7x8tkggxzf8sdwfbljblbm,name,true,true,
room,v66nl1oaouarrz1357gvjmhh,name,true,true,
room,b60gfswv08zgeqd72q196q7q,name,true,true,
room,r9duqhte1tk5b8z3bs36do2h,name,true,true,
room,y3wli92dgqq95m98hm7vuqvq,name,true,true,
room,r0xzhe38m0ui1cezve4w9qjr,name,true,true,
room,abx4cg720wpxg355zndrzs4r,name,true,true,
room,c3kwv07cqj77rmtprzmiudg2,name,true,true,
room,yr5s93v5oclidxt5kc22jlhr,name,true,true,
room,d88uas32ps8bbuhbnhu02qw9,name,true,true,
room,knpply1itc5t8yliaa4lxx0y,name,true,true,
room,tv0sqy81gxtq2wrblekhtqkx,name,true,true,
room,volqy0ofjvjbr2ohuuai6uwb,name,true,true,
room,vb0yg0j2omsw4tmrva24m03t,name,true,true,
room,swp0354zpdsm1vjo3k85hk0n,name,true,true,
room,jghb8oq6db3sebgnw2soarv5,name,true,true,
room,f1aj36v05ehyt8u6gn27lal9,name,true,true,
room,dm9p9qcf5gfct61clhchbgbu,name,true,true,
room,rqxhnagngzbics89s1gjiwl8,name,true,true,
room,oxenkjb3gu717tkd8x2s7vyu,name,true,true,
room,bxve2cfkat52lk9lj5xqhhd0,name,true,true,
room,quljsgz19vyqrmdqvn795xzq,name,true,true,
room,dk0p89x96wzuv39rmc1it69t,name,true,true,
room,oii0fufklnj1l9hqlz7f54on,name,true,true,
room,nf5gytqod9nnst2t73wjok6e,name,true,true,
room,rqq3s2aq8dvowvu20jwyrb3r,name,true,true,
room,yqc7bmj5c42xa1jq13nv2xzp,name,true,true,
room,ykwvsd0ruwbpbyhorbxf0ywh,name,true,true,
room,l7wcienh5ti1r08j6auy868z,name,true,true,
room,rwe4ob1rtm1qz6whbsu83o2w,name,true,true,
room,xedxsy54ngy703860pqwzr8s,name,true,true,
room,n40qyretsfqx081jc5fg9ftw,name,true,true,
room,xrfqfwnr8u7923k4och76hw4,name,true,true,
room,bro5gxo8maqfsuecsyzhrg9a,name,true,true,
room,wf88nglrrdz8dq6dbggnvq72,name,true,true,
room,dlipfq0on7rexmnviafi97ap,name,true,true,
room,xxc2r1aznn1lax6dc2qxvs98,name,true,true,
room,qn713cr4otsmda0m4awzfanl,name,true,true,
room,neiljv7ij7bsprmwge5jlyi5,name,true,true,
room,rkf3scpvoa6enw0hpk8zwy7k,name,true,true,
room,oa1shdkr3kqtb908b98k3tq9,name,true,true,
room,dxnnjzlo2fzm8agupw3bagan,name,true,true,
room,pt7d351eqbhrggu5gf0u7g7m,name,true,true,
room,yptbk1hbtu8v697yyk6adgqy,name,true,true,
room,i53t6vsqxmg3m1bk6hgd74pv,name,true,true,
room,woyle7byvn660vlmtz6ed12m,name,true,true,
room,xk93ypzsne96s8snod3fnp4c,name,true,true,
room,k3cah2v9o6d88vzzjn1n962b,name,true,true,
room,p6fpf8k1mpxlkumpf3ddhu51,name,true,true,
room,od79lf5tepv19vs79hgv8l1a,name,true,true,
room,xgxmuioqsghxibsm2j3f4yxd,name,true,true,
room,hamnd41na5t43l9j2zkaf2gj,name,true,true,
room,k7wse39wctrensnstlkctn3w,name,true,true,
room,sggln1q3wqgryz4pvr5upibq,name,true,true,
room,qrr8ljf99lnd6gjtillylp73,name,true,true,
room,k5py9skvlxa5ntwz6bwak9uo,name,true,true,
room,h4t9u0dp4fqn6xk2x2beiv5g,name,true,true,
room,j371x6z9q3c8se3h4qmez2hz,name,true,true,
room,iw9mgrx1w9uefzkz6hforq3o,name,true,true,
room,t17rr67lvxrs7erlanhasdmy,name,true,true,
room,wvzdu3zpg42llhyecffeof9o,name,true,true,
room,unzob2e8z0uvizgtxo5qqwr2,name,true,true,
room,gegvp1uifsq16z6xm55id3wx,name,true,true,
room,yh0tp9mjmww981fqv9lpe2ws,name,true,true,
room,aogzttqixks057r5iym9xgbt,name,true,true,
room,u7xl9qk2pau7j2l26m6bqv8f,name,true,true,
room,r5rvlwjaimf9i9xq73ps5nnx,name,true,true,
room,dyowcyz8uc3f2jx1dymcy7ei,name,true,true,
room,ygacy133vv50jmju497q571h,name,true,true,
room,z6dt6x22352huq27808ck5y0,name,true,true,
room,epy2w2rmd04v11y11btdxspi,name,true,true,
room,ho4aj5ll47cyvgt4ocge8887,name,true,true,
room,icicyr0imms265obrvnud8a6,name,true,true,
room,jpqgtv36yux3tmablbo0n13v,name,true,true,
room,opehi07k8pgbnleeeemt2q8k,name,true,true,
room,u2fmwy0xn1wy8pop1nakmans,name,true,true,
room,t7iwyzb8ajfmbihumd2fpn0l,name,true,true,
room,i5topwc4tvl9xkj60ayoo5sy,name,true,true,
room,hnko3xe61v202zcgaawsem85,name,true,true,
room,s5vwop96v6xyp09sj5y4fl0i,name,true,true,
room,cbxypn2fjvmlguwycpdoohgk,name,true,true,
room,h0jd1ywm5t0bck8b5omzcx26,name,true,true,
room,grce91lurqc9j24nmyzr13u3,name,true,true,
room,aql1ra680lt053a4t4dyg340,name,true,true,
room,ka0t09imxkywooas8rzcao7h,name,true,true,
room,n0xxkqrp6wmbxqirlixmjlw4,name,true,true,
room,idjviwrqyg4karx4aiw8l3xp,name,true,true,
room,o9og1iba4kclc1bdwil6jiju,name,true,true,
room,ox2g990etwsroo9efau1w5ge,name,true,true,
room,gmey3p62noy7tbq31ekipx90,name,true,true,
room,c5a5hzcxumyuggwix5lelc35,name,true,true,
room,vjyt8t6sr8odif39atbkwfk2,name,true,true,
room,kiw9ocx5hvovajsk5xkhuef9,name,true,true,
room,ofo5w7slhzj5642v023hqs0h,name,true,true,
room,j3h9lmkwb5a7buumm1qiipz8,name,true,true,
room,tjqti3t09tow7kzs1k1mc2oq,name,true,true,
room,tot39bsx21kt4mqi29v6nvbx,name,true,true,
room,li0u1vhnrnts343ns62xunl9,name,true,true,
room,b5yoi0hukwb43yxtlhloh7qf,name,true,true,
room,jb6sn55dtsd2018s98yqkzcb,name,true,true,
room,ygyhgzig3ymaeaqirpsbe0wq,name,true,true,
room,x6wyviyzwwi10j5tsspjie6u,name,true,true,
room,xaweof0up51g5nsf17mujgc7,name,true,true,
room,w9o9v3vj84wgjtbib9hd95aa,name,true,true,
room,iamop5jlyaormwyqu6oyad2h,name,true,true,
room,y99loymux0eciihr1eyqrb4v,name,true,true,
room,kc4v4zo6plz8n6mdd752g3pl,name,true,true,
room,a5lck2v5fqfm8d18zzb9wbzt,name,true,true,
room,sixj23tyb8651thmlgb36x7r,name,true,true,
room,yaqfrtqwol368p159cjn87pt,name,true,true,
room,uw47y1tadd4rvh8n8kmxz8j0,name,true,true,
room,vuh9iu2zm2n5qsgvo171tj05,name,true,true,
room,bl3lzcornqb7dduuuin52osg,name,true,true,
room,idzdwz22lvcjyfj8tiz5yshb,name,true,true,
room,b2t4tmj7s8xzfgqbjakbgidd,name,true,true,
room,ufunkwabwfiiqclsypw5y2ri,name,true,true,
room,qoh57yjqc1pgz2a8pmgyb318,name,true,true,
room,yuraxajw42tctr2w99nfb99b,name,true,true,
room,thl7l456zgs9jd0jmupjn2k9,name,true,true,
room,zu7n6kqfrjw6snykoj9m24rn,name,true,true,
room,le8r2r1jm020314x8hdujgp9,name,true,true,
room,pwhs3fnv4wcx3h2z9fdsxri5,name,true,true,
room,wpdz43o5ikoy9sy8oi6m3njl,name,true,true,
room,lhym40fgsdfhutb0den3u5a0,name,true,true,
room,na2t4uxb4696mbk4j42dlpmb,name,true,true,
room,hl5w3uk3wz8pqgwcxgwr438p,name,true,true,
room,kieilqrjsufcsy8ys0p6snzv,name,true,true,
room,p5x2pabqd88b59d0z5tr4a2q,name,true,true,
room,ca2lstgypbgu66d29tptaozt,name,true,true,
room,e8vpyingy0xo2n6wz86wjb1y,name,true,true,
room,mr6ezn4s1mlje7cmsqzay5zn,name,true,true,
room,dknto8382eiuwbf9p2h85hj2,name,true,true,
room,rh62cbc2tbp60xej3yujwihz,name,true,true,
room,t124rxb8j2k7dw5w31srevpg,name,true,true,
room,cmd38k41c2ctl8txutb0jnq5,name,true,true,
room,tm305kd92p8d7zhzirrfavku,name,true,true,
room,a77yxuu4d3jo5g148clhit80,name,true,true,
room,oqeojcoifj4w6ytmwft46fmf,name,true,true,
room,dutuan0o1dtp88qs5o1b5qd6,name,true,true,
room,idie9e6gdpewznu0cnwb3gu4,name,true,true,
room,d06vdwx6eleu3kin1zt4a9qk,name,true,true,
room,xdsru0hw02b179v124kt2n1u,name,true,true,
room,v4tlr18nzdj9unp2atfr4ruy,name,true,true,
room,zb7wo6t99rzryfouh86cqajq,name,true,true,
room,h0u24nhqypdu6q2qjc2b1sr4,name,true,true,
room,du6mj1kp2l3q96cw7ldembc2,name,true,true,
room,w6ggneid50ml3oesruk3mm7f,name,true,true,
room,sbuqhzf6vzuka37vkt7ciec5,name,true,true,
room,z0eexrt6fimsd7hlwjuga786,name,true,true,
room,vmk4uopfgqrngpdkerm3dfnl,name,true,true,
room,gk90mmln0ug1dz020na3i390,name,true,true,
room,y5k1pog8kl052cz1oqy7ilxq,name,true,true,
room,m6a7wjdtj5v1841y17u338h2,name,true,true,
room,thxywppbk70ak8q5e8yn3hoq,name,true,true,
room,i6aay4s7zp3qx3wf77d47wr5,name,true,true,
room,dpztm2lp323se4kntl00hiio,name,true,true,
room,w0vxkyqfs8iipf2r58nvgt49,name,true,true,
room,cpis19uaw5aoxljabhqsa8ba,name,true,true,
room,i6x0cb70ggz2mdz70bzxhx1s,name,true,true,
room,xqg3d629dqc9a7ipc8cdo1y8,name,true,true,
room,j0x8rexrsuxe2i7590zsdseg,name,true,true,
room,touwbu0z646r3s6gimdxh84f,name,true,true,
room,rihrz2bf0sy34izm4ms83108,name,true,true,
room,f0j7t7pm1dzy0htqsan9h0oc,name,true,true,
room,yohbmuj6vu4g7vr3m7ihwdto,name,true,true,
room,qwtr3wgwba0gucdd6ilc4ww0,name,true,true,
room,i0jfsex8vn66eamhfqpcbkp2,name,true,true,
room,ez7dylpiv9tx0qym4lzieks2,name,true,true,
room,s1tmxvvf1hl05hrpybj010a6,name,true,true,
room,aw4jwo02hqwr74qcq05peq1j,name,true,true,
room,bthiu1ywycjs1ku854gyty4f,name,true,true,
room,dmyfjcl3grrpv034o2a4yo6h,name,true,true,
room,lzvzb1gpfzzxzxqmzx6i9fs4,name,true,true,
room,c4btvw94tnqr6wz1gxvrn3mq,name,true,true,
room,h85sf86lyoqw0oy4vhb5550w,name,true,true,
room,y9uazjhj2j0aj9n17nmd3lrm,name,true,true,
room,dhqi0egf0o94hbfrh2pr20bv,name,true,true,
room,wjx6kltoqyfucoy3qhtcggyo,name,true,true,
room,ralhbd1utrfannjrxpwu8qrm,name,true,true,
room,osyo1cm7vd0kdw1jw96trery,name,true,true,
room,qcn013kpwtxz5gs8vvufnqmv,name,true,true,
room,n60wk0ft84ig1vx34iyhd0ju,name,true,true,
room,peqmc2a8ny5a62oldxr0ez4y,name,true,true,
room,q7dvlljid7oeo2mwourq1ftu,name,true,true,
room,m6maz6p2ihu9i8plqxm927o1,name,true,true,
room,yi8ahvvthfyzi4nghu59oq7t,name,true,true,
room,jo8t4stjq3wwdsigslgjakpd,name,true,true,
room,sw7ja965ddhuqxr96myz1hpq,name,true,true,
room,epfe2ijzwkzwl9qb1qc7nun8,name,true,true,
room,g88j2jjs39vxga702xytuc5x,name,true,true,
room,eicogcmdwu15dso8g5hgjloj,name,true,true,
room,xmsrwtujj7l1r1fo1u34wcfs,name,true,true,
room,wrr32pifw21dzevxo0essml8,name,true,true,
room,ap8kt417z8os31p5oiwaia3j,name,true,true,
room,lqplhaxxye9y38ugtw1bjial,name,true,true,
room,rar0cprbtgdxhgbs4oaxn52k,name,true,true,
room,bskjzfagzfb42d88xabv92sp,name,true,true,
room,nqcxnz412bwhfp8xhukf1e7t,name,true,true,
room,ene4ss5nlwvxcundqvsjh2qv,name,true,true,
room,pjhwxqo14ft9wqvaj69ylily,name,true,true,
room,k0lnky3lx6orxp4fteoad7s4,name,true,true,
room,n82m2hydwsijz24erfsj68nk,name,true,true,
room,e6x82ulonv8yc6aa3cj8l73n,name,true,true,
room,reseqofu14sjgw3gc3ny4elt,name,true,true,
room,dmd2ncylg5nrmgcmhrme6mip,name,true,true,
room,wcb7um0zv4cakyb2n9rjfsgl,name,true,true,
room,dg8ofy0gp5ez7olvc2qfipju,name,true,true,
room,jwrny5gqqmo26dexlkjw48ll,name,true,true,
room,glayz2jxzyha5rkgco5sqzoh,name,true,true,
room,daqbxd8xnbp9ql7e5hjf1kg1,name,true,true,
room,oyn9pmcogfsnhzpiqcqp06n1,name,true,true,
room,fbn5sqqyxpogj5wyhn3ilmdp,name,true,true,
room,bwblabf0p24twp4rfmbgwpye,name,true,true,
room,fx12tl4o7yseuesj2moclqcd,name,true,true,
room,vdyr37sflgxwkz5ft8arfesr,name,true,true,
room,wuxnj7m2jbxkn5bq9uy07iu9,name,true,true,
room,nftp06325su8fu6xu9at1uro,name,true,true,
room,wp565xo0hkl39zexm6f7g7ic,name,true,true,
room,xcgao5achjtewz3mbojrmo5e,name,true,true,
room,ljja2bxvq3do40bk0o5n0x3i,name,true,true,
room,tjtu0957cm5mrhmpk52lfn77,name,true,true,
room,rnu2lshh8s79i3zm2ehfki3q,name,true,true,
dining,grw54li7o43bf8l27s63yc9y,name,true,true,
dining,grw54li7o43bf8l27s63yc9y,description,true,true,
dining,m511x8u2omlugvpn12zq9k9z,name,true,true,
dining,m511x8u2omlugvpn12zq9k9z,description,true,true,
dining,v0hqgljc7igvg5s4499bjg73,name,true,true,
dining,v0hqgljc7igvg5s4499bjg73,description,true,true,
dining,osu2a6tpguud27h5s8olvt6y,name,true,true,
dining,osu2a6tpguud27h5s8olvt6y,description,true,true,
dining,g9plvk1j5m65pirlsyr37blj,name,true,true,
dining,g9plvk1j5m65pirlsyr37blj,description,true,true,
dining,gqsrh633xkafxdl92pcxn0ov,name,true,true,
dining,gqsrh633xkafxdl92pcxn0ov,description,true,true,
dining,w44zvdhrm2mvan3c1skx92wx,name,true,true,
dining,w44zvdhrm2mvan3c1skx92wx,description,true,true,
dining,d0fd2t221uho31rg1jpb26cz,name,true,true,
dining,d0fd2t221uho31rg1jpb26cz,description,true,true,
dining,mtnfmzlpnvjd0sedlofvwxp7,name,true,true,
dining,mtnfmzlpnvjd0sedlofvwxp7,description,true,true,
dining,ycldhmj40lnjdp7bhz2joj4t,name,true,true,
dining,ycldhmj40lnjdp7bhz2joj4t,description,true,true,
dining,tionx0e6p8malctulqtvks95,name,true,true,
dining,tionx0e6p8malctulqtvks95,description,true,true,
dining,xkacb1vn7xhja1k1t8h8zbui,name,true,true,
dining,xkacb1vn7xhja1k1t8h8zbui,description,true,true,
dining,rm6krkpm93lgq1k0g7rg6ssb,name,true,true,
dining,rm6krkpm93lgq1k0g7rg6ssb,description,true,true,
dining,x76hs3iovk28eq0l3n1l89ro,name,true,true,
dining,x76hs3iovk28eq0l3n1l89ro,description,true,true,
dining,yubpkx8ila3705t54wv7dxn6,name,true,true,
dining,yubpkx8ila3705t54wv7dxn6,description,true,true,
dining,umby2zq961dvptzckwyax3zq,name,true,true,
dining,umby2zq961dvptzckwyax3zq,description,true,true,
dining,eax5p5nkiv97c7z42o3smxod,name,true,true,
dining,eiqh87r672w03z53p7ffryym,name,true,true,
dining,cftxcld360d6asllzhjrrlph,name,true,true,
dining,b3jps581w1m09a08nrz5drov,name,true,true,
dining,ta7wv7jivsavf37mwf9svmkv,name,true,true,
dining,eeq31oryahdzi6t4keuhrcql,name,true,true,
dining,ulccvtiocc91y874cuzkjgd6,name,true,true,
dining,at52yvb1ldpr0f58gt8bga50,name,true,true,
dining,fcfkki8wxz9mie9yz0s99mlw,name,true,true,
dining,bp77n4qyrw9m0hw5yz9vlfwh,name,true,true,
dining,yob4z9pedge1uvl3so59r76n,name,true,true,
dining,zazwt5ludv5o2yq4b42o87bk,name,true,true,
dining,zibglwzq8cwx36kqaerqlyd4,name,true,true,
dining,knqjcynvimfka4pk0rg63dwc,name,true,true,
dining,xjb9kwez8aypjf8x7nay04yz,name,true,true,
dining,ca9kwj9zs4vm0vdjxf3bdm22,name,true,true,
dining,ygm62xmeny6qlfy3b2u1vsmc,name,true,true,
dining,zzentgo1oqsjntfsugvj0gg0,name,true,true,
dining,xta5h2zq3uohuvlt1z1kg5be,name,true,true,
dining,snwzry4zjo9wyxdzxj93fvh8,name,true,true,
dining,qxgopckskg45y5iaj0mdqzbe,name,true,true,
dining,ka04y5syc180ys7pveokumsq,name,true,true,
dining,ysoncgectcgdb1ck945mhhbb,name,true,true,
dining,z6xbxvw5u4gapvtlqnrycr4k,name,true,true,
dining,h5f8vpgmsecu9m6wqn82y6is,name,true,true,
dining,iao7qxhny9m0c4d49mc7jx2n,name,true,true,
dining,so4frycqdjcj5yi8satej4t6,name,true,true,
dining,bcc8z8dsx4b0z647greq4h9h,name,true,true,
dining,ntwecyjmb6el0p81kepkam2z,name,true,true,
dining,i40coktk0ozt4p8ryz2tabw4,name,true,true,
dining,jk1anhbwzznek3iix4tobbby,name,true,true,
dining,zhxyphp9smetiyt5qivdac49,name,true,true,
dining,z1cum2xljpudymnj36tnma0o,name,true,true,
dining,ru9solax5te8y4lqbb0rakbj,name,true,true,
dining,qbmstayv7fu2g2r1r4q4xjk2,name,true,true,
dining,frxh5qrfuk86m5yj1w993d5h,name,true,true,
dining,cmcpmpc1ezmw8326qj4ae779,name,true,true,
dining,pnshn3ence6exy2chmmtxdwt,name,true,true,
dining,hu5evj5p5sl77hohkeh5yrly,name,true,true,
dining,lr55ugkhufzllbywzsgnceri,name,true,true,
dining,ssqd1c7ei71eqvf66tea7geu,name,true,true,
dining,ne4jdqae2dw6qidp35fq73qo,name,true,true,
dining,hguh00vqr5678gbrdljxswna,name,true,true,
dining,z4dfeyxcognh1ye3qjfjx7b5,name,true,true,
dining,valw5gaqdhqed6hwpdj0ewzn,name,true,true,
dining,vlgk1hgojfsk32zrzcplfd1f,name,true,true,
dining,e4ujkcpc679tdczae76nf6h3,name,true,true,
dining,ifj2xjs52epu12m4huayyd5a,name,true,true,
dining,t264n2zp2esnzjw2rlvryvrn,name,true,true,
dining,dib94qcx3taiqgt0uf3hktx9,name,true,true,
dining,lbfr7aowtbwml8el0grq1ugf,name,true,true,
dining,w5tfnulub0a8zt64ynm3dfjw,name,true,true,
dining,gjfxp8sfwgyvpk8ik2m9mtvr,name,true,true,
dining,jy20h78kqpkl5zvoxnx6vz56,name,true,true,
dining,b603ykgx4okil0dl6vy9aagd,name,true,true,
dining,nw0fbw41p86lqtrepl9xam4w,name,true,true,
dining,y9u3lytzf5uz8zcnm3fy0zb2,name,true,true,
dining,ig069dnep72h5d090eb3wph1,name,true,true,
dining,g19x76ovv5dewk9wb4f68bur,name,true,true,
dining,o07zyzs7z7drxgmlyr40ezfg,name,true,true,
dining,gc5mrjhmkxxpusjf0vwfl2fw,name,true,true,
dining,cz49gzqlcfyyikc8yxw2c406,name,true,true,
dining,prhba49joyx6qyvk8b8zd3fk,name,true,true,
dining,urf25pct03qubhwxg5r406ve,name,true,true,
dining,lhik1drgn8wsodsgdsegy66m,name,true,true,
dining,om02tpa83alomuyybr6zqu5h,name,true,true,
dining,w6lduiyutytrafs3uh35lg7t,name,true,true,
dining,hdw0tou60x4gsyy2kc57s2zt,name,true,true,
dining,gplfhv88b39612inyz4jyai9,name,true,true,
dining,sjpcw6q8eu7ovxx1u8yojtlv,name,true,true,
dining,fwg54esp0dt290c0hxkg3np2,name,true,true,
dining,yjonshim0z5y23tjnx8x0qp5,name,true,true,
dining,cjolf6vma37efnyz242q6hg7,name,true,true,
dining,uya3ac2dy8hgyi0cw1azok88,name,true,true,
dining,qe57axt3ftgmb02kinhfs88w,name,true,true,
dining,xy881riq57udtletoinsm1g5,name,true,true,
dining,gqugf3341x5g5rggh09kgttl,name,true,true,
dining,f8lyh8cp8o2b7hgdoi5otb3r,name,true,true,
dining,kaonhupzudcjamdd07scaj8d,name,true,true,
dining,r4twfja9zx25fk109lw8sl9v,name,true,true,
dining,fwyl28ub1cg173debxruwcgw,name,true,true,
dining,cbykczdsu3hb9ikqminimm57,name,true,true,
dining,cbno8stvg3synlxrxcii0eix,name,true,true,
dining,w1q00ntabtcryz538elhwx9b,name,true,true,
dining,yh9s72okc505rpfkqaif8wj1,name,true,true,
dining,owy0yyachliy9osn3nfk5xv0,name,true,true,
dining,oq5vi54kb8sxd1nskrpq6jn4,name,true,true,
dining,h24hc8ln7ioo82f5571aluah,name,true,true,
dining,igwo4zw05e6bl2vu5nmwvar1,name,true,true,
dining,w8sv397guolfrml8p3sz3egv,name,true,true,
dining,jxcwqo7hd5059e50mzqalt0c,name,true,true,
dining,hp1d0vf37obt3gy7upjnpk8n,name,true,true,
dining,wa1ab8msl0t6f88kec7vq09r,name,true,true,
dining,woyhgkgjoayikqtvpb6he3ih,name,true,true,
dining,a9hvunncdm2eawn5tbtd17lj,name,true,true,
dining,m7de5zs11xbe41s7rq43rvef,name,true,true,
dining,j5rbca89eilqh8jb16nmyetm,name,true,true,
dining,iekaxrigqe16la41tg6z7i1y,name,true,true,
dining,xsw3eott32y8gk7w0u18ku6h,name,true,true,
dining,zeaokv7o6c05ciuofqcsx3au,name,true,true,
dining,p3j08zkoiyihv6qhqaelrex9,name,true,true,
dining,h3kdyz69qpz0vo3kyzztdt4y,name,true,true,
dining,h2v1d8y462s1978fgez8smsh,name,true,true,
dining,hc2pka74g0hgv2wbfdts7pae,name,true,true,
dining,de0rcv0ks6ygawaccyxifegw,name,true,true,
dining,ewy3u5rvuznmq9snpg9jl2ab,name,true,true,
dining,brxvitt99zhkwa8kpj77afc5,name,true,true,
dining,p5cez5n5gmcef1gs05ttnmt9,name,true,true,
dining,n5qldornr8ydzckblclm02vk,name,true,true,
dining,mnq8c195d991xt3bwo8c8s8o,name,true,true,
dining,xtf9b8keqqmp0uls7g7rhlai,name,true,true,
dining,lc4oo3hwlrbmmp7bf40njpep,name,true,true,
dining,mqptlgno3f01ynnn5o7tvz0d,name,true,true,
dining,r739eu2lwotxlsidvybolwcd,name,true,true,
dining,q0nhpoyzpi6z9ql5hecuqnv5,name,true,true,
dining,cpdkhnu4e4oe7afjim1z5alt,name,true,true,
dining,b1to92la6udd61az8esdljlb,name,true,true,
dining,ey2gxq6uu02w8s3anhiq0t8k,name,true,true,
dining,u9zlup6g14auh0oez24k2t2k,name,true,true,
dining,vezubp8ij6q7jz7x9e8oo3bj,name,true,true,
dining,wdsah7r7llwrszxioe948vib,name,true,true,
dining,kl4w62foda2l44pa1e9bs01q,name,true,true,
dining,e4vh3q5dyl7tbu7q8z5rmgfw,name,true,true,
dining,neyv312284v88l901njeza27,name,true,true,
dining,zltltz9vki30qh4ptrbgq4bv,name,true,true,
dining,hmo6y3zv55bvluklfc489h2e,name,true,true,
dining,dpsfmvqxx54ytzfpbssvvsbi,name,true,true,
dining,hqpjdwj5jgtrkql9ym0zhc92,name,true,true,
dining,v7x6joqqudj6zm8tmmrhqdsw,name,true,true,
dining,rmzrmt4966f7d6yi64pmj5pj,name,true,true,
dining,fxj1mr6dc4li2drmqtfcl3c4,name,true,true,
dining,er9ee0intcmfz8lf3l3f6m13,name,true,true,
dining,i97vbpx0zow3bqf3knae0s1a,name,true,true,
dining,cnav7mrj9b023yh29c4q7eze,name,true,true,
dining,ydyy6971f0s0f5iwywqc7nk7,name,true,true,
dining,tbxsac72cm5x38s9g99du0qc,name,true,true,
dining,csmljoatsxlbrwx0bdw40zkr,name,true,true,
dining,pads3umvzd1mgxeo29qjhoqp,name,true,true,
dining,zu8lv7ztvjyiqemq32ht08gw,name,true,true,
dining,lybf1dzbe1xjoxcgo906j5np,name,true,true,
dining,c3a4aa2njn33m0n9osmshz0x,name,true,true,
dining,n2b8u7v4ux8t8eods2vntzc2,name,true,true,
dining,ufwtssid2oh718063ab0krj5,name,true,true,
dining,ak9i6mo19njakzymdkdr1eje,name,true,true,
dining,a8j26ck2vv8637waso2rju5l,name,true,true,
dining,o7u8jw7z90cdl7leqr0jt72n,name,true,true,
dining,ab9xv7faqbwmdtj3q2rqghhb,name,true,true,
dining,pmz6bvbrkx2vrpaaych8i0rz,name,true,true,
dining,n97skeo23mjgfoxwkgr666xi,name,true,true,
dining,d4hc52rk6vochch8phby31fx,name,true,true,
dining,frudjc6vfvmjddo1o8d56q4h,name,true,true,
dining,diygjrews0trgxdl5c9ao15d,name,true,true,
dining,pddmztco9t5j2w5nt7kpj04w,name,true,true,
dining,mohhqeoevgfwd0786swmdpfo,name,true,true,
dining,zf8y8hr0vmk4fd87rnza5bow,name,true,true,
dining,rf9lbig93y5t913vyf4up5au,name,true,true,
dining,xv4ldxm3glpik4o4t7mucfqy,name,true,true,
dining,jxdjfk2cdhgdl8yejv20se0e,name,true,true,
dining,dwywnlbggg8mtj6beb7ys8tb,name,true,true,
dining,v5jnzweln3nd4a5c5nvn6zpj,name,true,true,
dining,iw3scp9e9kpmr5xcwa06g7zk,name,true,true,
dining,yyoa46ukh1zmfewcf4wo28il,name,true,true,
dining,uvut9n5gewa0zmjzb1i3enkz,name,true,true,
dining,lmp9ihybuz0jl0n078cwirds,name,true,true,
dining,jd07wu9zz7g6noqerufczrse,name,true,true,
dining,svflwy18soitkhbwdg7a28zu,name,true,true,
dining,vqt1l1mduv1p695fhym8n2yc,name,true,true,
dining,kz99hz74b10itybm6cbb9jk2,name,true,true,
dining,wam16gi8kf166tm0iznzsk6k,name,true,true,
dining,bd247q4izvmq0i03wjdd3nhf,name,true,true,
dining,fv56pykhhgfjueyozaguivlv,name,true,true,
dining,tifngppix697dx97n7d3p219,name,true,true,
dining,yh8qmvqj8lyyu7wa255a9tvt,name,true,true,
dining,oze51vdv9fnl8jz43neeao8t,name,true,true,
dining,ize1wrnceo091lh957tys730,name,true,true,
dining,i56r6iukq76ffl8dpvxlfmbj,name,true,true,
dining,rf48gz604j9sgfb75plmelsd,name,true,true,
dining,n3x2f9nogfkt4k0f9kkbapnf,name,true,true,
dining,dsfuokvoj2azf7869qpf80tr,name,true,true,
dining,vcwrno4lhzpl7zztq7a77bg5,name,true,true,
dining,inrvbqbzu412aa7i8l2wwhq4,name,true,true,
dining,q0vato3btzb1n18ehhav68p8,name,true,true,
dining,cjbtwwi0vicq5n0umhbr5vz8,name,true,true,
dining,zjkvt8rt6plp8twhnebhrej1,name,true,true,
dining,surd3ql8fa68s3lipoo5qj5h,name,true,true,
dining,jcz5pun3d0p7fcc9xg3xo7h9,name,true,true,
dining,gqj0z68dck214w79cx7565ew,name,true,true,
dining,xyh1ti38yvvvisgclsvzcssf,name,true,true,
dining,xmacfrst3ekeip3rvvw3in8r,name,true,true,
dining,s4qgl7l4m7emphjd0y9yg01m,name,true,true,
dining,fo05prgqvnv0f9gs1beiq0ny,name,true,true,
dining,ex6qlrpsv9v90sr62hi49vd1,name,true,true,
dining,o3z2t5c7vvdam2rt4e99bt6c,name,true,true,
dining,fmyxfgs9hkqehdwlesupfoxe,name,true,true,
dining,eh1nijoy9ijl35b2e1wuylw0,name,true,true,
dining,ris1lmj7dsw1eo3cb2mtoxjt,name,true,true,
dining,htmj0mk24hi7oa7jhiplaqm5,name,true,true,
dining,inij6c6hfrqtweg1g965c1rc,name,true,true,
dining,h7pms87xkqluo2dcovuid8b3,name,true,true,
dining,z0rgzynvq38cgwfujsnvld9j,name,true,true,
dining,yiyiwe0mu4inihu7jtl9q3ph,name,true,true,
dining,irhjyuy8h5n8uuhke9drc0ne,name,true,true,
dining,kp1rrftw9f25s417g5l95ohd,name,true,true,
dining,zaiku8ekp9tai4pty64rkvlj,name,true,true,
dining,u53kjmbe0aetz2p50r1gbtnc,name,true,true,
dining,kgtuz4nms6hiry3j6cql4gzq,name,true,true,
dining,wi59o3v4zch0j78b29udo6an,name,true,true,
dining,k7ztnevf4426kegwtef23koi,name,true,true,
dining,d3deocj0n4g8lqr91n2da9gf,name,true,true,
dining,qyay35h6uln7xr5olmh9pjj0,name,true,true,
dining,fcdk0h6e47ife3xh8yel3jtn,name,true,true,
dining,fa8ir8bu5r2xky9ty467roa4,name,true,true,
dining,msg3h2dz2j3mmn9b7r20jpfb,name,true,true,
dining,ygfyvsb5ttjm4h5e5ovwz9la,name,true,true,
dining,gn8umxwudg1csnr3mml3taz9,name,true,true,
dining,uxpfzpiqf1zq16bd5uwphitz,name,true,true,
dining,ay85emtb1l341o65zarnxhur,name,true,true,
dining,sozv3r3tetrf0an3njs2v0st,name,true,true,
dining,x1jvcs0zifca19r6e90mrqsy,name,true,true,
dining,uz19z7gkns0lhopikf2459it,name,true,true,
dining,h0deytgpl9rpfbcveryc3lzq,name,true,true,
dining,pyfmsromx79mvk04n2ztn60j,name,true,true,
dining,i6go5mr3rc8isj6yfln19z3n,name,true,true,
dining,akfupum3adywpxqh1fhwkcck,name,true,true,
dining,fbuhqytdvsxw9mjqm2q56d5f,name,true,true,
dining,o2dudz1pfwzr7p9pqf8rih0e,name,true,true,
dining,yf9fgt7by82f55mlxpzigcri,name,true,true,
dining,bneeow73bbhps611qmtv9clc,name,true,true,
dining,gnv76enof5545ytdg6r0jjg5,name,true,true,
dining,cayuk051qem5kysopqvrsua2,name,true,true,
dining,m69fot6twgrw62swvt6y3103,name,true,true,
dining,x1msnr6pesmi89g4fhnwn61y,name,true,true,
dining,xumo6pcbn8l5dtb0ezlfbpkv,name,true,true,
dining,boop4j56iny6v55m2g5m61y3,name,true,true,
dining,t887xb5we2vh6bwoffno1hb5,name,true,true,
dining,kixwhkxnmxvy9oel81ctmgi4,name,true,true,
dining,of0sqgv0go36cyljg56bo7lb,name,true,true,
dining,nq0yfp5akohgykj9m853igjw,name,true,true,
dining,df6n7bw3kmff8ndqxkst2vxc,name,true,true,
dining,yqjyx23kwxlmj33tt78v2y46,name,true,true,
dining,ci9uytks9g2z51csvz3m2xbo,name,true,true,
dining,cbgq0oaltwt1kmeua75r4tu8,name,true,true,
dining,us9wf1v3j7996na1izqzp92k,name,true,true,
dining,l9fsqac99ja7ugim7z0h7gvc,name,true,true,
dining,dbcmerafvdc022jen1tnuej6,name,true,true,
dining,t6fsulx1369sfg48q1qpednd,name,true,true,
dining,bqqhjj17peeccv48x8lw3t3f,name,true,true,
dining,kf2wn9iuiyrgziyjmfxujkvc,name,true,true,
dining,vrrfezaxu7hhukw1wdojmjlx,name,true,true,
dining,ilpww1feotppn2vr97o624ij,name,true,true,
dining,w14xznk7cphaa9zb7vvlx9s6,name,true,true,
dining,vn02e79ymsfge7lvntswvcru,name,true,true,
dining,qwxojtsw37vlk0ror1ckdlhj,name,true,true,
dining,bxxm5zd5f5o4u4xjq0q14mke,name,true,true,
dining,ytwccs5rn6e745c8qup074s7,name,true,true,
dining,hw3buy5kul043umcenhmu0h3,name,true,true,
dining,ogvdz0nv0herz7hcw88piszz,name,true,true,
dining,f1zpcil4hzaks8iy4z257ut0,name,true,true,
dining,wixwxvshisotggvo97qpwcxq,name,true,true,
dining,d40gpho7bmyo06cwfgqfl9ew,name,true,true,
dining,q9cpjmxqw1f05j4zaptct0y3,name,true,true,
dining,pfl0c0eie6rxcrulm1p4qk20,name,true,true,
dining,up9mglajdn0tng0wwkdwkq3u,name,true,true,
dining,j5u1eqwrsthcygx0t9rocblf,name,true,true,
dining,rla4zmjhz42txp1lsjsgkma2,name,true,true,
dining,i3irekwghoe187au9zzeuloa,name,true,true,
dining,kkpvmuy2ca3nyn875p79egmf,name,true,true,
dining,z2jwfi8f55gt2vlz8gaiu8oh,name,true,true,
dining,hrmjb1sixyo18zfmgww8g8yi,name,true,true,
dining,r1wg6bom7ucum5e83rsd1csl,name,true,true,
dining,noey0t412dxtdfs6fxdclhky,name,true,true,
dining,govrx8opxre1a5hv24k2jf66,name,true,true,
dining,y3r5g534whdbs07vlm77tl2i,name,true,true,
dining,w3c2furicujca15kpy368216,name,true,true,
dining,xwqy97xb3buw3vqxxctztv8w,name,true,true,
dining,vok6priag1945l0ax9tgdggz,name,true,true,
dining,i8e29hajoh85rp86v25xt3vj,name,true,true,
dining,yu3rui4qog4ghb20sstv8b0s,name,true,true,
dining,n0v7pwc7jq0br311sbad87g7,name,true,true,
dining,co4asosqvwuiww4zo22ex8av,name,true,true,
dining,qjma4kfhx0ye90mi073u6zns,name,true,true,
dining,hpeb1n1si2fy21sp1fuuq17m,name,true,true,
dining,srna13fktsg5x8diski6nxhj,name,true,true,
dining,dt5ienzbtrapda61yn3ku516,name,true,true,
dining,a6x00r4xkqzo81vlw6hdiai2,name,true,true,
dining,pjhz77pk206h997gc5rewqss,name,true,true,
dining,vadhx2004s78uwtelyqo5lkq,name,true,true,
dining,e20wxmjpliu4b8ez4hhr7gua,name,true,true,
dining,sb2th30cmphhrfbpkw5wm22v,name,true,true,
dining,jsqqi1qqpt5iow98tm7wukjo,name,true,true,
dining,o48a02y4k5jda4894b4gxeit,name,true,true,
dining,gncn126um60wqjah6884npvc,name,true,true,
dining,xk1jjn9jfo594r88dpls9u60,name,true,true,
dining,uvrz6u44fvh7jc2ex5qarvfc,name,true,true,
dining,kkblqwjvvhad1fry8cr6qvv3,name,true,true,
dining,a5eidovdwgv3k4as60ejrh4q,name,true,true,
dining,gmchphr3bcxxonrf3wk3tkdz,name,true,true,
dining,nnw2b6b1jlunkayehfalt7cx,name,true,true,
banquet,spx2h02k38zwtahb263x0m1w,name,true,true,
banquet,spx2h02k38zwtahb263x0m1w,description,true,true,
banquet,z1oyc5usag9e4ivpqwoyanrp,name,true,true,
banquet,z1oyc5usag9e4ivpqwoyanrp,description,true,true,
banquet,wtb2kfwuekw840v2jiw8yloa,name,true,true,
banquet,wtb2kfwuekw840v2jiw8yloa,description,true,true,
banquet,cb6l8drmex240peb3ci1geul,name,true,true,
banquet,cb6l8drmex240peb3ci1geul,description,true,true,
banquet,teol54r9ewdiyhwi5h1116xx,name,true,true,
banquet,teol54r9ewdiyhwi5h1116xx,description,true,true,
banquet,ndjey9nloumzfw16olszytud,name,true,true,
banquet,ndjey9nloumzfw16olszytud,description,true,true,
banquet,tnat79g0o71zgamiae8zrdax,name,true,true,
banquet,tnat79g0o71zgamiae8zrdax,description,true,true,
banquet,of5ie552dqdb9uee5svrhxlj,name,true,true,
banquet,of5ie552dqdb9uee5svrhxlj,description,true,true,
banquet,jdc60qgmf31o00pzi1ma4o6s,name,true,true,
banquet,jdc60qgmf31o00pzi1ma4o6s,description,true,true,
banquet,pb3ihbyfh5slczqnbjcxsrff,name,true,true,
banquet,pb3ihbyfh5slczqnbjcxsrff,description,true,true,
banquet,a56rfc6i367yl4hhndjs9orw,name,true,true,
banquet,a56rfc6i367yl4hhndjs9orw,description,true,true,
banquet,yfgznbzc8oxw615u6xsjiz0c,name,true,true,
banquet,yfgznbzc8oxw615u6xsjiz0c,description,true,true,
banquet,lsiyc411d8ngspt9utu7ygx6,name,true,true,
banquet,lsiyc411d8ngspt9utu7ygx6,description,true,true,
banquet,zyrmm614b2hrj7bu7hardnf5,name,true,true,
banquet,zyrmm614b2hrj7bu7hardnf5,description,true,true,
banquet,ny8xi2uhdp6dxn1iaf0ljqhe,name,true,true,
banquet,ny8xi2uhdp6dxn1iaf0ljqhe,description,true,true,
banquet,ngcd0i9vq3865tpf5puof6of,name,true,true,
banquet,ngcd0i9vq3865tpf5puof6of,description,true,true,
banquet,i2bnnrpg9n3xtssb38azx8ww,name,true,true,
banquet,o1mqdcibfiy6cp3x9s17bxn7,name,true,true,
banquet,c53iubltk83rg79zkxc4gwpl,name,true,true,
banquet,acraojrlysp51l3c5r1767xi,name,true,true,
banquet,ka2kc010jpbxg2s9y7lmpgzi,name,true,true,
banquet,dj9i5htwv7f0n5nsmdb5s35x,name,true,true,
banquet,ogchcx1yw765uuvxhnzljs66,name,true,true,
banquet,lzbnztiaveu0y38wcgm0vjje,name,true,true,
banquet,ayi2yme8dmit0lp1jx9xg0gl,name,true,true,
banquet,fg4tzdh4qsaqwm8svyqe8im2,name,true,true,
banquet,uagtsauhnaw8txzm4zuuv7vz,name,true,true,
banquet,hj27r8yqmwdlui43zsv8udjq,name,true,true,
banquet,le6in8d7igkd3h1gel32va05,name,true,true,
banquet,l5u37hqtdr5mjscxtd89zprw,name,true,true,
banquet,z43cikhzdkr3u3oz4ij4a3qu,name,true,true,
banquet,cpfjcsdhq121ijfp9ymcvwoa,name,true,true,
banquet,k5hqc17geha2zxz3ihpi7djc,name,true,true,
banquet,ac98eqlel529urzp7pudrr53,name,true,true,
banquet,k26je4z5uxbl04c3h52uah0n,name,true,true,
banquet,z2oa7d748l9572pfkhpmmkg8,name,true,true,
banquet,dydoy6og5hwiffpsnqul6pfj,name,true,true,
banquet,iw9owwc0flb09tufelauv24p,name,true,true,
banquet,s5dhw3bfxk1xf1b9znvntgm0,name,true,true,
banquet,pvn1mom5pedvix8yr8base7l,name,true,true,
banquet,aqdna2q8bhjt3p7n79opem0d,name,true,true,
banquet,ovllrp1xfpaopqdr96pyynmt,name,true,true,
banquet,xxg5wrrq6rj4i1bkrda1pzrf,name,true,true,
banquet,a96cjarizi61soedvmuhu484,name,true,true,
banquet,z164rnvk2ddlf6cuxkc12i4d,name,true,true,
banquet,qso49f0dxwp56tt4dp0evap1,name,true,true,
banquet,ftjos6i2lf73n1csvvhiljs3,name,true,true,
banquet,byxziypn2ycjgycrihyco4ms,name,true,true,
banquet,kqhg42k11wbtrgruz0x2qjh7,name,true,true,
banquet,jquy1vtww9wfrfqpfpeiz8dk,name,true,true,
banquet,gj86alqalisz3814xdcmh15s,name,true,true,
banquet,w4phlbte2ojxs916jn2hfooh,name,true,true,
banquet,evh7qtlzogt5q5u6s1l3bxw4,name,true,true,
banquet,hq8vuuw4p9kha4q0ayz5jfit,name,true,true,
banquet,c250frrv908idpbw37g3ubx9,name,true,true,
banquet,a5y0915tpb34ph5hykmw5der,name,true,true,
banquet,ws5uzkrqbsukkkrio0u2z9ry,name,true,true,
banquet,wmvwuyeld7qce561gzomkcgs,name,true,true,
banquet,jxipyoksdmg1rdoidzv3ohyd,name,true,true,
banquet,oml92igplcf8t5nq384rkhrd,name,true,true,
banquet,kbb4ck7imp61d49ha5usamlu,name,true,true,
banquet,nw783dm2uwu54jfmkmylep0m,name,true,true,
banquet,ex7lhfe892r7kikdn9ud2h51,name,true,true,
banquet,w42ggh02z8f8d4c3sckt5oll,name,true,true,
banquet,madng9zsxtmjlz3y47wbq46w,name,true,true,
banquet,cfooslt63sgwrqhj2jdhabmq,name,true,true,
banquet,pbig3qsiw2vw6mb0m0gggf8g,name,true,true,
banquet,v9thhq34h9tippopuhcaw9xx,name,true,true,
banquet,bew788n7dny11qmr3co4qv10,name,true,true,
banquet,hnb6ujuwd4m9miqmmzxoqirs,name,true,true,
banquet,f6livqrcqokn4umdjqkefm89,name,true,true,
banquet,hu5xqydunzhdpv6idc0t0ajw,name,true,true,
banquet,vwjeogxuk18bptlgf8zy3gme,name,true,true,
banquet,oncu0qoz4sg9j7tuevoeokah,name,true,true,
banquet,ntq9rvvp97282h67jyc0mgpf,name,true,true,
banquet,nfm8zmw5790o63yzc6cx2u4e,name,true,true,
banquet,kz7qrm0gc8koyekcmj8yiopr,name,true,true,
banquet,b9msdz345hin7smuaepocai8,name,true,true,
banquet,as4dayp890wahaseic8wmvgo,name,true,true,
banquet,fdb5ey4cf820ifmo21t7pzr3,name,true,true,
banquet,jap1m9xfmqe1nfkz6fdgpise,name,true,true,
banquet,lzomtzmx2stub1jg8yd6xev3,name,true,true,
banquet,mvqozl22nraw0q3utv2l18ch,name,true,true,
banquet,vb7maskc6d6jgkom6zu3i62i,name,true,true,
banquet,a460rmfdiaj2dszsu90yt063,name,true,true,
banquet,hdn9nkesoq1x7p6ffdlt8wnl,name,true,true,
banquet,etph3k29kndjheyz1ihr1aou,name,true,true,
banquet,cz2aa6tlfx6rw03sbpl0y7hm,name,true,true,
banquet,bph3nfptsa5j57fy2jw52ypy,name,true,true,
banquet,z21g0d4dzp755xtog2u96dun,name,true,true,
banquet,tl1edu4yz46ledip6czgatgn,name,true,true,
banquet,a2qddc2zuohnknbzu1euv1w3,name,true,true,
banquet,qwj2peypb4o5jpj3hwv0ffxw,name,true,true,
banquet,v92fs3wbvzner36x7bymouns,name,true,true,
banquet,mflib5gtw5avqgy4aw2cvuwm,name,true,true,
banquet,daeviwprbrspqtxbmgw8mwfs,name,true,true,
banquet,lioc670ate5agnh49bw0ahzl,name,true,true,
banquet,lqtx5qnranbwavdx7p2wj2x3,name,true,true,
banquet,amrbkm87wv4c03ro7d9u6mpu,name,true,true,
banquet,dqc8tuu36sxg4x41kprnclsn,name,true,true,
banquet,sp0v8lakcal13cwdq461mrx1,name,true,true,
banquet,qrdk3wevg1xe7lkcrk4dxsxc,name,true,true,
banquet,cxmvol8ay3ahxuujjjitph6g,name,true,true,
banquet,fls3qkmmhxo7l021kceotdkd,name,true,true,
banquet,xr5luitgolfxg70552sys4ve,name,true,true,
banquet,hy4u2z1vyz9zehv24224g6po,name,true,true,
banquet,r9bynfqrbwiat6zsc464ccs5,name,true,true,
banquet,hgngprgrl02g64ioj45g10rq,name,true,true,
banquet,guh56399fd7g10g4balyhfyq,name,true,true,
banquet,t7wjh9fyr1epabuevht2fakv,name,true,true,
banquet,tqd55udlycf8o2e6ulwq09ip,name,true,true,
banquet,f3znde8ndt9kjqa4d8sern1d,name,true,true,
banquet,ys0ryx1rujqbrd3m0oqjslc0,name,true,true,
banquet,hwpbyo4oaibm00swhccq4q7o,name,true,true,
banquet,frpscja8rs45yk7o6jyr5v1k,name,true,true,
banquet,lnw4ly4msgm3017ifiw9qvss,name,true,true,
banquet,q2ndlqr7dbgo92pbajnmidmm,name,true,true,
banquet,e84yncjpv4owrzcicpfy19jr,name,true,true,
banquet,rc8eqvbbgmqtxd5xf1spe65e,name,true,true,
banquet,hby1bn98b3u7h8k20s2x8xl4,name,true,true,
banquet,toj2bp94c37qume1tqlbf6hp,name,true,true,
banquet,ybnuyxo7suc51e7f3jzihixv,name,true,true,
banquet,yr6iaioh51o57j4owtfqrto8,name,true,true,
banquet,ptup21j9b3ahg2bj2p7w3uf3,name,true,true,
banquet,yqkb1oli5pulbb8ty7432o1c,name,true,true,
banquet,nh5970ki4noqak9ag254incy,name,true,true,
banquet,wt7e8rya21gxbxgxl3rl4xka,name,true,true,
banquet,zu2hgn6tuura2eywtepcsawo,name,true,true,
banquet,xwu3s66eea1eh7t95n3e0aqn,name,true,true,
banquet,ddq2miwmhk7mw2vvemh2oed5,name,true,true,
banquet,yaim3ciajrnazwfapjolyf45,name,true,true,
banquet,ocxsd9bdntrb1i95rhgjnrt1,name,true,true,
banquet,l2h3180bbjdixv4g5tvuabmj,name,true,true,
banquet,gtkjzlcw4r4zr42nlt087u2c,name,true,true,
banquet,k08v7o5zp37xvwzcppkdfsh5,name,true,true,
banquet,be2kyhg2xzlhnmj3bir372e2,name,true,true,
banquet,u5hc7vv1fzwzl6o47wk6ggo7,name,true,true,
banquet,u1g69cyjmkx2h41r9cpyez0u,name,true,true,
banquet,eqdgvwhizt07c7a1pr1h11z6,name,true,true,
banquet,pbcizh2jqyh4qtrufccb3xk7,name,true,true,
banquet,gnfy2rfaejbm1gq9yu70mmqf,name,true,true,
banquet,qvcsmjbgtfmuw0mt0aifxg8y,name,true,true,
banquet,igdenid6oml9sgttyz68cukb,name,true,true,
banquet,w1umh56xvr574904s4k7dl89,name,true,true,
banquet,lbt88wqkqtncu8xcmbq1b8lq,name,true,true,
banquet,rxda5q5iw43bxuy0q3ocqyxl,name,true,true,
banquet,egn246wthvq8jrb5k72i1rov,name,true,true,
banquet,nzx3dh8ce28n96jb8ibyxwrs,name,true,true,
banquet,c13hen9r7lavjl729ahkuzvq,name,true,true,
banquet,f8l3rajr9g8eq2f476cp23cy,name,true,true,
banquet,ny93ttxyxhb4o3gl1t4xjlj1,name,true,true,
banquet,lio11xt95cv185n3tinlhz5m,name,true,true,
banquet,jc1wmse842l3ookpczcvv6vu,name,true,true,
banquet,dlzoqx14xwjqo42myy7wze5h,name,true,true,
banquet,ezdxibz9sbcdpgybqgge7rik,name,true,true,
banquet,jpejoilgp2p72vgkkgg912aa,name,true,true,
banquet,sdom95dfjhw6gdgx2t3ds4vb,name,true,true,
banquet,evrjb1kmk3y7wrg8b2bwxwoc,name,true,true,
banquet,l6wmxijo2gd3uud8d0t63dsl,name,true,true,
banquet,yqfdmhdzyh2vtdh0is9mj15j,name,true,true,
banquet,hi7vme2gkv2kuw09ecdk35jy,name,true,true,
banquet,imjot8i0vaks6dtkbscf9p54,name,true,true,
banquet,sso3g3wr0cabkwvl14w2z8vj,name,true,true,
banquet,x3nfslltq7z82neyvwsjv1ry,name,true,true,
banquet,r4klnhhsrkgnsdbg92gnsm7s,name,true,true,
banquet,gvdc9r5kb13rwedb8e172o18,name,true,true,
banquet,fuxk7coen07g2ooin4frme7k,name,true,true,
banquet,s7tekqoc2z8pw1git8j2igvv,name,true,true,
banquet,q650ongvmsh91z6qapag9ffa,name,true,true,
banquet,hvg6no334dowtyigvq6vd545,name,true,true,
banquet,dlp1i9e1zm5kfaz7c3zneh2l,name,true,true,
banquet,j73kbzbybir8sk9yip6schfx,name,true,true,
banquet,xac11fali5qcxjryu7r2dxfk,name,true,true,
banquet,bymmplzn2n0cbz172y85b2fa,name,true,true,
banquet,xgnq9nmht5ybp04009ye2j69,name,true,true,
banquet,zui3bzfqy1gbi7jrjgs647oi,name,true,true,
banquet,o1mg5jiri1onyu2t6h3h01bn,name,true,true,
banquet,aa6viyqpfqhojmjutj1u70eq,name,true,true,
banquet,zstwi63dul12gkiv3ta65mfc,name,true,true,
banquet,oy1j9s78zbyps0ki52gj0588,name,true,true,
banquet,mklx78t210vfmd4pqueupge1,name,true,true,
banquet,q1fu61vh97gl7waivpm86uie,name,true,true,
banquet,l192dqufu6fex9vk9240v49e,name,true,true,
banquet,m0ia74nayyicw1q02t5vdjsk,name,true,true,
banquet,gefjgukpi8axgeuehu2xtic3,name,true,true,
banquet,f5x6bx8hro7ti8rx4x2s7tak,name,true,true,
banquet,jn9vg478pqgikaeapuxzh1mm,name,true,true,
banquet,pnqfpohdc00xccrwcs8sjzdy,name,true,true,
banquet,jtrnc8gqcnrrme0ym3dp51g2,name,true,true,
banquet,e0xuoz91c7zl4m9r46dd8rek,name,true,true,
banquet,pbrsb9mvmal1lhaxqkfb70b3,name,true,true,
banquet,na5lm8fv1tdrnqi1ojve57p3,name,true,true,
banquet,srxoyjziokmqellzmm1ddpn7,name,true,true,
banquet,orddtlhk4hc8c5p353bdkfm8,name,true,true,
banquet,pnpzu0mllk600z7rg4ks2e2s,name,true,true,
banquet,gex6iny3t0ey912v6hjh14jw,name,true,true,
banquet,hi4f5b5m6zifa34n0j20ibzy,name,true,true,
banquet,c9e7ycbdn4at5ytxywo2w5pv,name,true,true,
banquet,mrbyzc46c77bvtfk7ixn2l0n,name,true,true,
banquet,yir3i8znukd073u0fu8a3zru,name,true,true,
banquet,hi0xpzi62lq59w1how446w9m,name,true,true,
banquet,o59qw17hc84kzthnc5tw096k,name,true,true,
banquet,tfb0zo7pzea0v749vkeirz7x,name,true,true,
banquet,b6q68wa8gut1ggdpf8j9eeqx,name,true,true,
banquet,dvc6dejgeepn4bxmg0cdxrx4,name,true,true,
banquet,oe629lva32xhkmyrk6s031nx,name,true,true,
banquet,txck4v6tirv61hok83d3utgz,name,true,true,
banquet,klof0dxblzo3e1s9ixsehdw7,name,true,true,
banquet,afp4hwv3xehjxfi8l3nim1bd,name,true,true,
banquet,o01wwvgwf1joepl3k0ivmrb3,name,true,true,
banquet,jg1m34bp1ef50ybjlmoemmgr,name,true,true,
banquet,wo32cux433o1blgwljy29cxv,name,true,true,
banquet,livznnibepz4ixeqbpw9rvxb,name,true,true,
banquet,shwuqbilhtc17nbnftjxbq0t,name,true,true,
banquet,ibicmyb0wul4i0xpchybdmoa,name,true,true,
banquet,np5uh585d7rmf0sycmetzjvs,name,true,true,
banquet,t1j6lfjzqp3oq4ik7izf0xfs,name,true,true,
banquet,x31w65zeper8q8iejlkwgoqw,name,true,true,
banquet,gnixevdg9fhr03jum9wsbf1e,name,true,true,
banquet,i59mny7ipytf80x18ccy6eei,name,true,true,
banquet,ikr1jdb6r2ho7em8rf839am2,name,true,true,
banquet,n5btaufbbtw114auak682k62,name,true,true,
banquet,xdejo4sst7kid8wy5lqs547f,name,true,true,
banquet,ozik2nip58qrpd33ddi81zal,name,true,true,
banquet,c267blddtukkckvzyuxyj7f7,name,true,true,
banquet,geaz46j1vhner1lyne66bqln,name,true,true,
banquet,xzbreo0jpl5820xwlbpu7sq2,name,true,true,
banquet,govflgr39zoqcnxg1uyh0bmd,name,true,true,
banquet,r6vdd7ewv858ga11r88iy3r4,name,true,true,
banquet,jf6aw30oo6bpvpftgmqhhhgg,name,true,true,
banquet,k15hy7x3njtqwa7bzwof490x,name,true,true,
banquet,ntpmhh71qy0hky1jb987ua4e,name,true,true,
banquet,j657cqr7q67qzz3inp2z7zh0,name,true,true,
banquet,b2fs0v4ddzq5s2j5db4o2fpx,name,true,true,
banquet,shrbio16ex9hxtkmog390ude,name,true,true,
banquet,vnwfq89toq4six3999eqk9rn,name,true,true,
banquet,yei59dc8bwbr4ww5sin9qh9k,name,true,true,
banquet,d6yre4ekxekuulgc1x8xv9zf,name,true,true,
banquet,bvedy3u8y4t0b7jg1wi2rvzt,name,true,true,
banquet,y9iqlrgd0yi0iyxu2piv4hn6,name,true,true,
banquet,b5xaqnm8hwgj0rx0fd9f3r7i,name,true,true,
banquet,kb3bt8ys3c56qcz5vrljis6z,name,true,true,
banquet,w1dxyrv0evfxbg3zhxyg23aw,name,true,true,
banquet,dgoo8df1qqfw558hd5pnbfxr,name,true,true,
banquet,y8kqpabho39wxl163z46oh7a,name,true,true,
banquet,qpyo0lul8mrfrd3kry48ru9z,name,true,true,
banquet,oyqak8qwme7kwg1oefugni25,name,true,true,
banquet,avmhy60egni0rssl1yhtzya6,name,true,true,
banquet,xtkswyfof0mer1h507qy5mns,name,true,true,
banquet,lk33123p6zp237o8scyrkaas,name,true,true,
banquet,kwfomyvcf88bovdpc9ignwna,name,true,true,
destination,r36h7a5q2tfbgbyo28cjwuf8,name,true,true,
destination,r36h7a5q2tfbgbyo28cjwuf8,description,true,true,
destination,r36h7a5q2tfbgbyo28cjwuf8,city,true,false,db_value_not_found_in_rendered_text (path=/destinations/delhi)
destination,fblpo68wa0twzik4590s12zn,name,true,true,
destination,fblpo68wa0twzik4590s12zn,description,true,true,
destination,fblpo68wa0twzik4590s12zn,city,true,true,
destination,tggyudfiehfn3bekua5apvks,name,true,true,
destination,tggyudfiehfn3bekua5apvks,description,true,true,
destination,tggyudfiehfn3bekua5apvks,city,true,true,
destination,hc0w6rpjlhstr7eioukhmyxh,name,true,true,
destination,hc0w6rpjlhstr7eioukhmyxh,description,true,true,
destination,hc0w6rpjlhstr7eioukhmyxh,city,true,true,
destination,vygzbazz4tgsqc7y0qbyrdg1,name,true,true,
destination,vygzbazz4tgsqc7y0qbyrdg1,description,true,true,
destination,vygzbazz4tgsqc7y0qbyrdg1,city,true,true,
destination,zl5lc2zfkjt0jn7fhci6a9gj,name,true,true,
destination,zl5lc2zfkjt0jn7fhci6a9gj,description,true,true,
destination,zl5lc2zfkjt0jn7fhci6a9gj,city,true,true,
destination,hvwpueh5bee16ye1328lcbdx,name,true,true,
destination,hvwpueh5bee16ye1328lcbdx,city,true,true,
destination,ytjgkkvwzgl1stmds1toz4cv,name,true,true,
destination,ytjgkkvwzgl1stmds1toz4cv,city,true,true,
destination,hzmazmumyyn2t8v5mnfyhotx,name,true,true,
destination,hzmazmumyyn2t8v5mnfyhotx,city,true,true,
destination,eyz1hy5pi66cm47srrdulcl9,name,true,true,
destination,eyz1hy5pi66cm47srrdulcl9,city,true,true,
destination,t8xz6snksi9rlpx0gsauohnc,name,true,true,
destination,t8xz6snksi9rlpx0gsauohnc,city,true,true,
destination,gn3ims8jxak9qqed5r403jqs,name,true,true,
destination,gn3ims8jxak9qqed5r403jqs,city,true,true,
destination,ogz1hhov20giquv5i9q158qe,name,true,true,
destination,ogz1hhov20giquv5i9q158qe,city,true,true,
destination,pwppmhouwai1twxbzfggzxkp,name,true,true,
destination,pwppmhouwai1twxbzfggzxkp,city,true,true,
destination,iow55idqp7gtwmlmjzibvojx,name,true,true,
destination,iow55idqp7gtwmlmjzibvojx,city,true,true,
destination,vef5cgg66d40tmgfiiodu4mn,name,true,true,
destination,vef5cgg66d40tmgfiiodu4mn,city,true,true,
destination,yg15f20wo0qn10kqtfg7hfqq,name,true,true,
destination,yg15f20wo0qn10kqtfg7hfqq,city,true,true,
destination,cbqoeyioqk9x6xh160iahppf,name,true,true,
destination,cbqoeyioqk9x6xh160iahppf,city,true,true,
destination,ge7aqzl18i85kmacf2iy3stj,name,true,true,
destination,ge7aqzl18i85kmacf2iy3stj,city,true,true,
destination,wzoia1gyn1ynrddtw1zdty8t,name,true,true,
destination,wzoia1gyn1ynrddtw1zdty8t,city,true,true,
destination,mmwth3lj0uet15exke9r7m9j,name,true,true,
destination,mmwth3lj0uet15exke9r7m9j,city,true,true,
destination,sqc28s6784quqpbj98n9qzh0,name,true,true,
destination,sqc28s6784quqpbj98n9qzh0,city,true,true,
destination,qx1suolvsmkp03mur8eu7p9y,name,true,true,
destination,qx1suolvsmkp03mur8eu7p9y,city,true,true,
destination,iyyhojumzp6naxdwtis08u5e,name,true,true,
destination,iyyhojumzp6naxdwtis08u5e,city,true,true,
destination,dejvdrnmw73rnbrvtlyt8tp9,name,true,true,
destination,dejvdrnmw73rnbrvtlyt8tp9,city,true,true,
destination,pciedoqp6htrgwma10be6rky,name,true,true,
destination,pciedoqp6htrgwma10be6rky,city,true,true,
destination,f6weqsd15y4hck58omx491sd,name,true,true,
destination,f6weqsd15y4hck58omx491sd,city,true,true,
destination,nvibjcwtcfka5gsvxb9m30nn,name,true,true,
destination,nvibjcwtcfka5gsvxb9m30nn,city,true,true,
destination,bvblkugclc8r9awb31095q0p,name,true,true,
destination,bvblkugclc8r9awb31095q0p,city,true,true,
destination,xe8jq7dbldq9pixbfoi0tg5h,name,true,true,
destination,xe8jq7dbldq9pixbfoi0tg5h,city,true,true,
destination,klsuhzs7q5wcqf9gig3cfo62,name,true,true,
destination,klsuhzs7q5wcqf9gig3cfo62,city,true,true,
destination,mabq6b03elerfbx7y79vq3g3,name,true,true,
destination,mabq6b03elerfbx7y79vq3g3,city,true,true,
destination,tpxo2i0vj2gwfrau50q4exv8,name,true,true,
destination,tpxo2i0vj2gwfrau50q4exv8,city,true,true,
destination,bq7yy00v5l8j1z90holqcf1o,name,true,true,
destination,bq7yy00v5l8j1z90holqcf1o,city,true,true,
destination,ckm08gns3z7k6lkg1i6h7ei9,name,true,true,
destination,ckm08gns3z7k6lkg1i6h7ei9,city,true,true,
destination,nxdbovii8c44wf0ryhx46qe1,name,true,true,
destination,nxdbovii8c44wf0ryhx46qe1,city,true,true,
destination,f0v2si8e3kd3ohzo69z3sdco,name,true,true,
destination,f0v2si8e3kd3ohzo69z3sdco,city,true,true,
destination,bn78n8107fe737kcl13fk3v5,name,true,true,
destination,bn78n8107fe737kcl13fk3v5,city,true,true,
destination,e870r3n5qie2z4577a2sj43r,name,true,true,
destination,e870r3n5qie2z4577a2sj43r,city,true,true,
destination,hfaow8p1ugdduz0np2pkxz0h,name,true,true,
destination,hfaow8p1ugdduz0np2pkxz0h,city,true,true,
destination,l6gclqbzj7delbvvfa7s8rbd,name,true,true,
destination,l6gclqbzj7delbvvfa7s8rbd,city,true,true,
destination,d5sownnwln860ouv32x63sjb,name,true,true,
destination,d5sownnwln860ouv32x63sjb,city,true,true,
destination,rh6d7nr675n609u8jl15saof,name,true,true,
destination,rh6d7nr675n609u8jl15saof,city,true,true,
destination,boila1hbc6djnpapsl9si5te,name,true,true,
destination,boila1hbc6djnpapsl9si5te,city,true,true,
destination,m6g7btt3yvd7l5homnm6bbze,name,true,true,
destination,m6g7btt3yvd7l5homnm6bbze,city,true,true,
destination,dz7gp49dsfprh15jgedh97hm,name,true,true,
destination,dz7gp49dsfprh15jgedh97hm,city,true,true,
destination,siswvpabra03z2x4aa7euldt,name,true,true,
destination,siswvpabra03z2x4aa7euldt,city,true,true,
destination,b28mkolactqfcet3yjn8vd3x,name,true,true,
destination,b28mkolactqfcet3yjn8vd3x,city,true,true,
destination,u9ueihk6fxdrv70pjhytp8bv,name,true,true,
destination,u9ueihk6fxdrv70pjhytp8bv,city,true,true,
destination,tionrtabs53vd9xs37xghw3i,name,true,true,
destination,tionrtabs53vd9xs37xghw3i,city,true,true,
destination,ntx5lg5cwd79laaezadlo0xm,name,true,true,
destination,ntx5lg5cwd79laaezadlo0xm,city,true,true,
destination,ngcujryrjykc8q3qb8rl073x,name,true,true,
destination,ngcujryrjykc8q3qb8rl073x,city,true,true,
destination,ei464chm3yhsgmpzrtfpgfix,name,true,true,
destination,ei464chm3yhsgmpzrtfpgfix,city,true,true,
destination,hfoie9rzqc33nipfzqbzrqc9,name,true,true,
destination,hfoie9rzqc33nipfzqbzrqc9,city,true,true,
destination,yojcyv76cqnr5261suzle1te,name,true,true,
destination,yojcyv76cqnr5261suzle1te,city,true,true,
destination,aiu7hheke4ljhkh3rschr070,name,true,true,
destination,aiu7hheke4ljhkh3rschr070,city,true,true,
destination,jy3k3z1a6fx48bhw52jptf8r,name,true,true,
destination,jy3k3z1a6fx48bhw52jptf8r,city,true,true,
destination,uphwlrrfe3cfncx7zirb1nel,name,true,true,
destination,uphwlrrfe3cfncx7zirb1nel,city,true,true,
destination,lm12y35foqb8hbnzpk5ftw3g,name,true,true,
destination,lm12y35foqb8hbnzpk5ftw3g,city,true,true,
destination,qo32u2p4jshtib2n0cnyh26q,name,true,true,
destination,qo32u2p4jshtib2n0cnyh26q,city,true,true,
destination,rfaoec41vz2fk4b4ig4um99s,name,true,true,
destination,rfaoec41vz2fk4b4ig4um99s,city,true,true,
destination,sw3nns5we6adhwh3p3j09cr6,name,true,true,
destination,sw3nns5we6adhwh3p3j09cr6,city,true,true,
destination,a1k0gq8uchrzkyqmg5o460hl,name,true,true,
destination,a1k0gq8uchrzkyqmg5o460hl,city,true,true,
destination,p3a7nhuzvgfy0hhi7w23vrv5,name,true,true,
destination,p3a7nhuzvgfy0hhi7w23vrv5,city,true,true,
destination,r6im9mrko0qd3gjnyzy53ik4,name,true,true,
destination,r6im9mrko0qd3gjnyzy53ik4,city,true,true,
destination,o33skxs2x6g03brfg3jro3d6,name,true,true,
destination,o33skxs2x6g03brfg3jro3d6,city,true,true,
destination,k6ecypd791hicqf3tqsyouka,name,true,true,
destination,k6ecypd791hicqf3tqsyouka,city,true,true,
destination,cbwvgzjd66akvfhm4vrwj134,name,true,true,
destination,cbwvgzjd66akvfhm4vrwj134,city,true,true,
destination,m1y1qydywb0ssbdafbnjkftj,name,true,true,
destination,m1y1qydywb0ssbdafbnjkftj,city,true,true,
destination,n49fyb3d1q8xdyw5ah0fljkj,name,true,true,
destination,n49fyb3d1q8xdyw5ah0fljkj,city,true,true,
destination,qofk8kwmu3dbcwh6ff3k0fwq,name,true,true,
destination,qofk8kwmu3dbcwh6ff3k0fwq,city,true,true,
destination,x8fd2345tc43cd6btlv9rpyh,name,true,true,
destination,x8fd2345tc43cd6btlv9rpyh,city,true,true,
destination,jbet1ihsxbnv8ve6u0vt5z9v,name,true,true,
destination,jbet1ihsxbnv8ve6u0vt5z9v,city,true,true,
destination,eymuihdn0b4hhujdlw634mi2,name,true,true,
destination,eymuihdn0b4hhujdlw634mi2,city,true,true,
destination,v3zsunlqq3z3reh9724oagjk,name,true,true,
destination,v3zsunlqq3z3reh9724oagjk,city,true,true,
destination,f5u7rszcm0xs65kdkhmy02ry,name,true,true,
destination,f5u7rszcm0xs65kdkhmy02ry,city,true,true,
destination,hlxzom9lue8r9w9v0l3lzrem,name,true,true,
destination,hlxzom9lue8r9w9v0l3lzrem,city,true,true,
destination,pull38xmlu51ui1zm3y6ct8y,name,true,true,
destination,pull38xmlu51ui1zm3y6ct8y,city,true,true,
destination,qx7jxgyk3kfs88dfftuz8zwq,name,true,true,
destination,qx7jxgyk3kfs88dfftuz8zwq,city,true,true,
destination,kbuycasjrnq5lxrb9u7sr4ay,name,true,true,
destination,kbuycasjrnq5lxrb9u7sr4ay,city,true,true,
destination,be9vt5os68ybgqypb1bzx5wt,name,true,true,
destination,be9vt5os68ybgqypb1bzx5wt,city,true,true,
destination,tldpku80fh73w1pqktxqvw67,name,true,true,
destination,tldpku80fh73w1pqktxqvw67,city,true,true,
destination,aslghsfca7c0c7i3pna0zeae,name,true,true,
destination,aslghsfca7c0c7i3pna0zeae,city,true,true,
destination,q8tmio8nkdw18y91x09t0h1x,name,true,true,
destination,q8tmio8nkdw18y91x09t0h1x,city,true,true,
destination,a0u425s73km2l2n7y69ejp0v,name,true,true,
destination,a0u425s73km2l2n7y69ejp0v,city,true,true,
destination,ht592ggjg3ajj843zandajo2,name,true,true,
destination,ht592ggjg3ajj843zandajo2,city,true,true,
destination,vu596lop3met5kpn9vn4t7mv,name,true,true,
destination,vu596lop3met5kpn9vn4t7mv,city,true,true,
destination,r9irwb8bbvcbp12x7btn91ho,name,true,true,
destination,r9irwb8bbvcbp12x7btn91ho,city,true,true,
destination,ei26zen3zevkia2yj1pdpi9a,name,true,true,
destination,ei26zen3zevkia2yj1pdpi9a,city,true,true,
destination,wxk53zm5bgi6ydlea17b5lyd,name,true,true,
destination,wxk53zm5bgi6ydlea17b5lyd,city,true,true,
destination,qugjnmpit3pmm9o25doopts8,name,true,true,
destination,qugjnmpit3pmm9o25doopts8,city,true,true,
destination,x5lizrsnny14x0l853ycxd6t,name,true,true,
destination,x5lizrsnny14x0l853ycxd6t,city,true,true,
destination,n7ga96wha5gw88vsdxm9iarg,name,true,true,
destination,n7ga96wha5gw88vsdxm9iarg,city,true,true,
destination,dfx8rs3d6pcek041ez5qp537,name,true,true,
destination,dfx8rs3d6pcek041ez5qp537,city,true,true,
destination,n5oyt8h3mcxa1s9dhoanjww1,name,true,true,
destination,n5oyt8h3mcxa1s9dhoanjww1,city,true,true,
destination,boy8ftjo746yvpg633232qwg,name,true,true,
destination,boy8ftjo746yvpg633232qwg,city,true,true,
offer,ppy4pkg8pro0uglb2lfwq2as,title,true,true,
offer,ppy4pkg8pro0uglb2lfwq2as,description,true,true,
offer,g3kr8u9m32qc18lpalk9oo4i,title,true,true,
offer,g3kr8u9m32qc18lpalk9oo4i,description,true,true,
offer,os01pbjo4aj4ol3p90w8mi3p,title,true,true,
offer,os01pbjo4aj4ol3p90w8mi3p,description,true,true,
offer,oit7gnk0dmvcx2na2wf1fubr,title,true,true,
offer,oit7gnk0dmvcx2na2wf1fubr,description,true,true,
offer,pvdtjvghrgsz20j8kmf0a4hx,title,true,true,
offer,xjc71f0rb5ubaa1mn77bck7r,title,true,true,
offer,xb4nh5i4o1rdv3bid1q88p4w,title,true,true,
offer,f7m9oz6qq7zmtoletmp5hxw4,title,true,true,
offer,my6scq916xrvt88rrpdhohv6,title,true,true,
offer,tdgqpha04gn87ohmiclom0tb,title,true,true,
offer,meqi8zfwc4qdnnzfu013wqbh,title,true,true,
offer,rwm84ilx592fs3nh1s1cu86l,title,true,true,
offer,wjj4nix1x5qfghfx4yw918sk,title,true,true,
offer,cp7astkiyc4zacksul2naexk,title,true,true,
offer,o7pda8eg6e2joil4a21h0c7i,title,true,true,
offer,xmo4foe33jtz166c0bkng4jl,title,true,true,
offer,nf8745qreohcq1k75atq55zu,title,true,true,
offer,wh7uw27uo96xhg7tt1lyl3ut,title,true,true,
offer,m77ceuso3anam3n2jc90bjne,title,true,true,
offer,zu93refmkqebkg26uewffe41,title,true,true,
offer,loaergwyl91zs859smlizq62,title,true,true,
offer,zqgkm9h57nvwfhjuz886ui1p,title,true,true,
offer,dkavba8kjcqn4v69c8uu8cxv,title,true,true,
offer,erdg6fw9a7bj36jv8chze9vd,title,true,true,
offer,ngi7df1mx46wozkm7r25zv8l,title,true,true,
offer,qi78r98fptf2o2gxm6usa6f3,title,true,true,
offer,hjysuf1rp0xhve0vtnm4pjyi,title,true,true,
offer,st3ekf7r8ql6x6ye1uei5t80,title,true,true,
offer,g8wm19cs8mckwvbwf0g9pti0,title,true,true,
offer,b675xob42sqdkyl8kfz8cpnj,title,true,true,
offer,x1j9z3s3h94qbj0uv47v1lsw,title,true,true,
offer,s4j3ss63wsg1p2y54m8ir8rk,title,true,true,
offer,qp6x7ubgigd7n2goniz2gz91,title,true,true,
offer,qf7rsr0pkz3o2d3zlytev9ps,title,true,true,
offer,u6qg3od4lcq86k46xrcxxgiy,title,true,true,
offer,u8r4ll1jwf2vfa64oa8j2f9j,title,true,true,
offer,z7zq9d4uzrn95i6p3cbhz4ho,title,true,true,
offer,usf8hxuobm8lqe3gasssdf23,title,true,true,
offer,qd9qw0fy9s4m0xjq49ynzrgt,title,true,true,
offer,bfzk89973e2jv1jqznno24b8,title,true,true,
offer,g6cugr9d5wp0noyb7iit9cgq,title,true,true,
offer,tcw16zelr1esxk1gi3q5ry4t,title,true,true,
offer,t8su1gz1rtyj7agl2du1fq17,title,true,true,
offer,q06oneo93so45sja370yjl51,title,true,true,
offer,x5us8fm4ndd6nkfe2r3gbkmm,title,true,true,
offer,u7r8tztgiidb75brmr87bw5t,title,true,true,
offer,gj1u88kvy5b8bnntwk0oeo8u,title,true,true,
offer,vnf1icozwu0gnndsbg94os5n,title,true,true,
offer,e9e6f1pwywb47nk10svm1wut,title,true,true,
offer,vmrtkkrmo51avo3m17rjxhcg,title,true,true,
offer,kltlrstvzb15k0awm1ks3smt,title,true,true,
offer,ob34ogp5erd51569rzwcjjh0,title,true,true,
offer,y23woyotzy090ghfmyd2ks3b,title,true,true,
offer,yweqvtgwabw9cvba7ymcrby0,title,true,true,
offer,if63ksup3qg2550zh2xsc18n,title,true,true,
offer,in52zw43n9xptznl9vaxq8mq,title,true,true,
offer,whjxrklknsd1ihg9d85clxaq,title,true,true,
offer,h2bykhh5bq28aj25j2z9tl0h,title,true,true,
offer,dzhaeby7dd63w81sqwyho9ml,title,true,true,
offer,kdsralo2hgl7qwg7rmi22aon,title,true,true,
offer,rifvydhcsm6c3aa87qj15xwd,title,true,true,
offer,lvivbyr2o2ssy6l14j91uxb1,title,true,true,
offer,asepfg8bm0knsa1jwzwlanht,title,true,true,
offer,l7gbthfclrulmpqf4gvumaot,title,true,true,
offer,a6yhtbigsud8oj5ckxqe2nmm,title,true,true,
offer,e1z4b6sib5bay7zdqa885w9e,title,true,true,
offer,d0jklhnqf9gx1wk0eossqlqh,title,true,true,
offer,kdcifjyaxw4qgq6lk72upmnc,title,true,true,
offer,nk8cmz6s252jzy3cwq1w9fit,title,true,true,
offer,cfdhylb4czwh7aif8yl8mvss,title,true,true,
offer,ff633of1i2efpx4fqxb1q7ot,title,true,true,
offer,whyeybvr36k8kti7v3tifxgy,title,true,true,
offer,ea5jrb8gg9xdw51ubdh9gwcl,title,true,true,
offer,pj6tuk0wsl3bsdj4vcdwhj0r,title,true,true,
offer,xrifa69bdoxaqkajxn54b39y,title,true,true,
offer,zurwcehvu4v6lkzyn5hk93g6,title,true,true,
offer,dd3s9wifp11k2p8sher511z5,title,true,true,
offer,th1w5vxhbssc95626fi5raoq,title,true,true,
offer,z8c0uppjendwehjbcum3vs4a,title,true,true,
offer,t4obs4nzxw5w5fjbh7lqj71r,title,true,true,
offer,j5o3w2e8sepi1ewtkmpam4jk,title,true,true,
offer,we6qvr18g4e96fqh4sqmwh21,title,true,true,
offer,rn66mpizqyreua7c3vm4n3yp,title,true,true,
offer,bp3g8hdjqc2d4cb3qcszxnko,title,true,true,
offer,aj109s90vyyrmbjd977mbvp6,title,true,true,
offer,wjhnvgfa8qvx6fmx9slozv61,title,true,true,
offer,eaz0kn3pljsatgawvml4di08,title,true,true,
offer,kgqgwo0w98nlev1vxdf3gqx2,title,true,true,
offer,ulrb1kqj2zka9duk0chnella,title,true,true,
offer,czs5mclevh6e52rllmvmc558,title,true,true,
offer,pv9mevj0x0wtp7978kk6ooiw,title,true,true,
offer,cyhigl20qvhhjjyfj0i6kd5a,title,true,true,
offer,jpwe1o6ygql249cywqu1obzk,title,true,true,
offer,b0h5v9ohf9ctsylp19rofrqc,title,true,true,
article,tilyaneda7wlfd93bq46lfyj,title,true,true,
article,jt6hiuk25o9a99f92cef8itl,title,true,true,
article,x0h2lx5ks9sodkve06790xen,title,true,true,
article,vjyxiyogoz566osh363xaqf4,title,true,true,
article,n41kmnqpmjgdh20dgg0ts1mx,title,true,true,
article,q007y34o1favbv65afg90aag,title,true,true,
article,ykz7eh4hxkzfy98zi22dr2qa,title,true,true,
article,xsxnsz71x6n8v316f7ph81md,title,true,true,
article,ytv8zl6ufjhh5pdinum8kx5n,title,true,true,
article,airxktc3vjrrn3tivuez89q6,title,true,true,
article,ju82peptwsvagrh10afz5iiq,title,true,true,
article,lrw0exth2tb357odwgvwlg47,title,true,true,
article,isyny5htu8hhe47zxlokevpz,title,true,true,
article,hpfrz6jx8sonnkcolhbec6gk,title,true,true,
article,wrvi8xqver400k2rl0cnvf3w,title,true,true,
article,udqyty99tno25823dt1fo1cu,title,true,true,
article,qihi8i0zl3ymla37fncadgt4,title,true,true,
article,uol4xl8gvammfdqdnq6vpxvc,title,true,true,
article,tm3yycsjpxhj6fvf3enjce31,title,true,true,
article,sgjhpjdidm61dbdmunig37hh,title,true,true,
article,dis1y1yyp7mkmmg89ni1p3oh,title,true,true,
article,b495ez733ajuxcv3sdjo4o6z,title,true,true,
article,aj380r8ql9a2kuvvt56byiwg,title,true,true,
article,uu1m2i7rwnvi13dgd4kgiy51,title,true,true,
article,mxb8eohvejfs0jq4d6dww5vi,title,true,true,
article,p9jkfowhu6896iyqvbyk0bms,title,true,true,
article,ad15ow379k7bslwta9ocm2my,title,true,true,
article,p75xdgsrk9zcklomg9539xs0,title,true,true,
article,zcnsexwxwhrfaqwhptpmjwe4,title,true,true,
article,l1u1fxigkjy4974lklcwalf3,title,true,true,
article,vik5l4u6aano67vevvg5ggih,title,true,true,
article,a3oo204omm9ak5eaxcov1xst,title,true,true,
article,p3wx1lhcvmo5g6268hiff70i,title,true,true,
article,wsrkavxj8lqgyqetg2fqfvyg,title,true,true,
article,js5fm89exgivuksvdmfdheoq,title,true,true,
article,y2oljn8w1yh92odv2e8es27f,title,true,true,
article,i6x8jll20ux9euq2qja2quka,title,true,true,
article,g0fnu7brenisrwq9rvkpnr7f,title,true,true,
article,vjll7jvjt3o75psadkulb12y,title,true,true,
article,vv3tbolobbied20rj7j9pei9,title,true,true,
article,gvy7x6xfyruynchi8zrr8xpu,title,true,true,
article,uubw7b95rqslna46eljqoxeb,title,true,true,
article,fblpuvhrsd8fvh49gtqkrzu0,title,true,true,
article,r4e9jvkuoe727bfddtw2mr5u,title,true,true,
article,gue3fg8a6tha6qh5jlzbncye,title,true,true,
article,y8lktzjddn45nqb37jpsz8px,title,true,true,
page,dctqd17debur98kce4x2iu3c,title,true,true,
page,yvvvrzlp2h7ujd0wckgg3qlb,title,true,true,
page,l4e3lxfkjmil3cyr8w09ujsd,title,true,true,
page,iulkp6js7r9xkrh244m97zj3,title,true,true,
page,j7x7tv70zzwzkc15becwolui,title,true,true,
page,b1omwsvgfyvyssaih41p76n3,title,true,true,
page,f5cuasye4aeqe1ddpa9v9tzc,title,true,true,
page,z64h1946w00iiva65ce7pts5,title,true,true,
page,ar5gdgd7uda2bn7x5pzz2b1p,title,true,true,
page,xobnb0eljcibc0yda8jkcna9,title,true,true,
page,wdovdjpkr91a2opjucvwvpcn,title,true,true,
page,vz20gkdaazqxuml5dbnhibwh,title,true,true,
page,vwkkdqw1dwsa8yb8dh0yonst,title,true,true,
page,vjofznpvgp88q2xer4miild6,title,true,true,
page,xbtdf0qqg5v7yqjpep8ydv4k,title,true,true,
page,dbe17doevvxx7np5x45iwo94,title,true,true,
page,eozhdb9tw6pmqwqndpajjua6,title,true,true,
page,f1ckknj64ezvt9uc34yi7r4o,title,true,true,
page,b7qkcf05ubs3vrxso9ksscxm,title,true,true,
page,if3swajj3x713c85yzd168o6,title,true,true,
page,zb5x707u39yf11axrwp983bk,title,true,true,
page,wj374bvf8xms3r94lirgghhv,title,true,true,
page,mvaabey4dnbczbm1mrpv5kri,title,true,true,
page,idl7lbfqsva15vqtnqc4ajna,title,true,true,
page,hrot6gn86yialc1hj1aeetvp,title,true,true,
page,kh3ficaev8xoxek5927gu3cx,title,true,true,
page,xpukqvi7guu97ngibcprv1o3,title,true,true,
page,bipjwrvzpfy24fro5akumhdh,title,true,true,
page,akg0kr0mnuddxh83fytevsvr,title,true,true,
page,fg3c5f40zmfz6aivuy3hsctv,title,true,true,
page,iu0x7riek71rrpzj6cvvh8nr,title,true,true,
page,s38qmxjowsfwkdz35fmg2wfp,title,true,true,
page,ztwghrvw9sh1f0gjuoka9v91,title,true,true,
page,bgxvf6mskcsjmqxgnubwn2v3,title,true,true,
page,r53blver5umkvuoa8jwdthnc,title,true,true,
page,xwsaaeah11v5ngbl8rp2j2zj,title,true,true,
page,lz51v74ffjiev5g8dviieam7,title,true,true,
page,vc0ugnjsppwgndew973klzqd,title,true,false,db_value_not_found_in_rendered_text (path=/offers/mice-offers.html)
page,kt8t9i0d1shn0bson0lb0zie,title,true,false,db_value_not_found_in_rendered_text (path=/offers/sarovar-hotels-x-fly91.html)
page,yx7fxpc5h9xzrrkwibdonfu9,title,true,false,db_value_not_found_in_rendered_text (path=/offers/why-book-direct.html)
page,jecuua1k0bk5d5wm6zyfg8zt,title,true,true,
page,jrbagacq9s8o4mabq0k01lgb,title,true,true,
page,etbhddnx67uw4qvbextbgxl3,title,true,true,
page,h4fs9e2wadpakyoy86xdzxsh,title,true,true,
page,cvunxm8bqqs3bjtdl3z48pa3,title,true,true,
page,cmfr68oq2iiwo3zg8q0r2kso,title,true,true,
page,c20jfflwj83pj5scdudjnnr4,title,true,true,
page,pepaprainwiu1f58lod9pwi7,title,true,true,
hotel-page,kalwcspm9gfcz33pbsrrjgna,title,true,false,by_design_not_rendered_for_named_sections_(see_HotelSectionContent.tsx)_uses_a_static_label_instead
hotel-page,myj8x9adbr0nqsjmiic950hf,title,true,false,by_design_not_rendered_for_named_sections_(see_HotelSectionContent.tsx)_uses_a_static_label_instead
hotel-page,noufdks8wq62xdys9qywu81s,title,true,false,by_design_not_rendered_for_named_sections_(see_HotelSectionContent.tsx)_uses_a_static_label_instead
hotel-page,ew9h5km7avxf7cyu87e1g46t,title,true,false,by_design_not_rendered_for_named_sections_(see_HotelSectionContent.tsx)_uses_a_static_label_instead
hotel-page,n2g6c3anyn7yz1bw84rqkvta,title,true,false,by_design_not_rendered_for_named_sections_(see_HotelSectionContent.tsx)_uses_a_static_label_instead
hotel-page,gznykz25g6qraihebokw9v6p,title,true,false,by_design_not_rendered_for_named_sections_(see_HotelSectionContent.tsx)_uses_a_static_label_instead
hotel-page,pp8dj466kak4dorvbw2mk4nr,title,true,false,by_design_not_rendered_for_named_sections_(see_HotelSectionContent.tsx)_uses_a_static_label_instead
hotel-page,f9moyh1pntwdy1sthi6hh34i,title,true,false,by_design_not_rendered_for_named_sections_(see_HotelSectionContent.tsx)_uses_a_static_label_instead
hotel-page,pwx7wv99rjcw2aqs1hrmkedm,title,true,false,by_design_not_rendered_for_named_sections_(see_HotelSectionContent.tsx)_uses_a_static_label_instead
hotel-page,xwdll9fwyzpl1n3icl77zaq1,title,true,false,by_design_not_rendered_for_named_sections_(see_HotelSectionContent.tsx)_uses_a_static_label_instead
hotel-page,fdvjj0wov628owgtttpy8cbj,title,true,false,by_design_not_rendered_for_named_sections_(see_HotelSectionContent.tsx)_uses_a_static_label_instead
hotel-page,xphmujfa3eui0o7m4jg60iky,title,true,false,by_design_not_rendered_for_named_sections_(see_HotelSectionContent.tsx)_uses_a_static_label_instead
hotel-page,tv5jnj6x2txcaybbyy5qr4tr,title,true,false,by_design_not_rendered_for_named_sections_(see_HotelSectionContent.tsx)_uses_a_static_label_instead
hotel-page,mete606pl6l3s471vk6u79wd,title,true,false,by_design_not_rendered_for_named_sections_(see_HotelSectionContent.tsx)_uses_a_static_label_instead
hotel-page,je4n0fsbfrqgu1h7adl7ygoh,title,true,false,by_design_not_rendered_for_named_sections_(see_HotelSectionContent.tsx)_uses_a_static_label_instead
hotel-page,madjftev58w5jv9qjekns2zd,title,true,false,by_design_not_rendered_for_named_sections_(see_HotelSectionContent.tsx)_uses_a_static_label_instead
hotel-page,nusbk8nkw9vzff0e2gwfmmk2,title,true,false,by_design_not_rendered_for_named_sections_(see_HotelSectionContent.tsx)_uses_a_static_label_instead
hotel-page,lmvba3shfn7rgesnu8r15bsx,title,true,false,by_design_not_rendered_for_named_sections_(see_HotelSectionContent.tsx)_uses_a_static_label_instead
hotel-page,rphjzo33crnsqbvoae6brbtl,title,true,false,by_design_not_rendered_for_named_sections_(see_HotelSectionContent.tsx)_uses_a_static_label_instead
hotel-page,d6y2jj5vfj38gqf2na3ew595,title,true,false,by_design_not_rendered_for_named_sections_(see_HotelSectionContent.tsx)_uses_a_static_label_instead
hotel-page,n4hdoxgpvzszgze0x3ccrzrz,title,true,false,by_design_not_rendered_for_named_sections_(see_HotelSectionContent.tsx)_uses_a_static_label_instead
hotel-page,c423fftemj50aepjci08qb4h,title,true,false,by_design_not_rendered_for_named_sections_(see_HotelSectionContent.tsx)_uses_a_static_label_instead
hotel-page,ntpubythw79wvdl74av9l6gk,title,true,false,by_design_not_rendered_for_named_sections_(see_HotelSectionContent.tsx)_uses_a_static_label_instead
hotel-page,c8mus84a6ztke8hlgb31e0kw,title,true,false,by_design_not_rendered_for_named_sections_(see_HotelSectionContent.tsx)_uses_a_static_label_instead
hotel-page,e7xax4393m2o2a1juq83agq7,title,true,false,by_design_not_rendered_for_named_sections_(see_HotelSectionContent.tsx)_uses_a_static_label_instead
hotel-page,ws84fujwsrpsm02kw47v9x78,title,true,false,by_design_not_rendered_for_named_sections_(see_HotelSectionContent.tsx)_uses_a_static_label_instead
hotel-page,r4349zenjq9uiupm6zvc5ouh,title,true,false,by_design_not_rendered_for_named_sections_(see_HotelSectionContent.tsx)_uses_a_static_label_instead
hotel-page,a4eqnaxn69ie6f8v946ymulo,title,true,false,by_design_not_rendered_for_named_sections_(see_HotelSectionContent.tsx)_uses_a_static_label_instead
hotel-page,r67sypthaieziu1wzoqaxslt,title,true,false,by_design_not_rendered_for_named_sections_(see_HotelSectionContent.tsx)_uses_a_static_label_instead
hotel-page,guudpis60u3y4nrnmy4r3vu8,title,true,false,by_design_not_rendered_for_named_sections_(see_HotelSectionContent.tsx)_uses_a_static_label_instead
hotel-page,duk19y89sjoyacktv9ixlklj,title,true,false,by_design_not_rendered_for_named_sections_(see_HotelSectionContent.tsx)_uses_a_static_label_instead
hotel-page,z70uqowjz4zv5hi0cy6patjm,title,true,false,by_design_not_rendered_for_named_sections_(see_HotelSectionContent.tsx)_uses_a_static_label_instead
hotel-page,bnf97vy99fdf3279oho6sr9y,title,true,false,by_design_not_rendered_for_named_sections_(see_HotelSectionContent.tsx)_uses_a_static_label_instead
hotel-page,d95ymuptof03e9ta0v25f4lt,title,true,false,by_design_not_rendered_for_named_sections_(see_HotelSectionContent.tsx)_uses_a_static_label_instead
hotel-page,pxz8spv2ceh0o9thhn0v01tf,title,true,false,by_design_not_rendered_for_named_sections_(see_HotelSectionContent.tsx)_uses_a_static_label_instead
hotel-page,sg0jwjnwcvleyo5hj089q29f,title,true,false,by_design_not_rendered_for_named_sections_(see_HotelSectionContent.tsx)_uses_a_static_label_instead
hotel-page,vnz8qdgap6nzwoin67ckh1f9,title,true,false,by_design_not_rendered_for_named_sections_(see_HotelSectionContent.tsx)_uses_a_static_label_instead
hotel-page,cvfm0ajg8furt5c8qjeg7dk8,title,true,false,by_design_not_rendered_for_named_sections_(see_HotelSectionContent.tsx)_uses_a_static_label_instead
hotel-page,vunfx46f8e2z60e9h7lsq8s9,title,true,false,by_design_not_rendered_for_named_sections_(see_HotelSectionContent.tsx)_uses_a_static_label_instead
hotel-page,t5tqjbuavuya2waq9cf05k3x,title,true,false,by_design_not_rendered_for_named_sections_(see_HotelSectionContent.tsx)_uses_a_static_label_instead
hotel-page,s7ciev7u59ty3s2h5qqvz2oo,title,true,false,by_design_not_rendered_for_named_sections_(see_HotelSectionContent.tsx)_uses_a_static_label_instead
hotel-page,it1cog9yicuxtevjcje6szhp,title,true,false,by_design_not_rendered_for_named_sections_(see_HotelSectionContent.tsx)_uses_a_static_label_instead
hotel-page,hyygk2ggwokfv3gmj1hhd3qw,title,true,false,by_design_not_rendered_for_named_sections_(see_HotelSectionContent.tsx)_uses_a_static_label_instead
hotel-page,a68z2edwnz13u3fwp4jpvvmh,title,true,false,by_design_not_rendered_for_named_sections_(see_HotelSectionContent.tsx)_uses_a_static_label_instead
hotel-page,mh2369dmnlmyv3kapkswp3f0,title,true,false,by_design_not_rendered_for_named_sections_(see_HotelSectionContent.tsx)_uses_a_static_label_instead
hotel-page,jrpgywph9v54ea8swa0g1cf0,title,true,false,by_design_not_rendered_for_named_sections_(see_HotelSectionContent.tsx)_uses_a_static_label_instead
hotel-page,k7lt3o31f5n487yekcd1x7vk,title,true,false,by_design_not_rendered_for_named_sections_(see_HotelSectionContent.tsx)_uses_a_static_label_instead
hotel-page,j0z64iaw3hh8usbkf6zdix6m,title,true,false,by_design_not_rendered_for_named_sections_(see_HotelSectionContent.tsx)_uses_a_static_label_instead
hotel-page,fy3oqim6vzjsvn3eb4na33cj,title,true,false,by_design_not_rendered_for_named_sections_(see_HotelSectionContent.tsx)_uses_a_static_label_instead
hotel-page,coqmami0jw6yacuj62agykyo,title,true,false,by_design_not_rendered_for_named_sections_(see_HotelSectionContent.tsx)_uses_a_static_label_instead
hotel-page,b2f3x0z3i5mxpqvgnfz6avby,title,true,false,by_design_not_rendered_for_named_sections_(see_HotelSectionContent.tsx)_uses_a_static_label_instead
hotel-page,o0igsr3aqpeadpy2nv4suux2,title,true,false,by_design_not_rendered_for_named_sections_(see_HotelSectionContent.tsx)_uses_a_static_label_instead
hotel-page,doma2odkty3hfbe0xgnwyl30,title,true,false,by_design_not_rendered_for_named_sections_(see_HotelSectionContent.tsx)_uses_a_static_label_instead
hotel-page,q161731nyd1wxrqbbvqqrkgn,title,true,false,by_design_not_rendered_for_named_sections_(see_HotelSectionContent.tsx)_uses_a_static_label_instead
hotel-page,bplfs9bz57gp3dhnt4ywv9jn,title,true,false,by_design_not_rendered_for_named_sections_(see_HotelSectionContent.tsx)_uses_a_static_label_instead
hotel-page,w5240pqq5jp442itqvtbxwdl,title,true,false,by_design_not_rendered_for_named_sections_(see_HotelSectionContent.tsx)_uses_a_static_label_instead
hotel-page,dmd2ctwtdlzttbgnvjqjifts,title,true,false,by_design_not_rendered_for_named_sections_(see_HotelSectionContent.tsx)_uses_a_static_label_instead
hotel-page,i4t7p4cjrc85bjj72fs4oegg,title,true,false,by_design_not_rendered_for_named_sections_(see_HotelSectionContent.tsx)_uses_a_static_label_instead
hotel-page,p66hzzemfk9vg3xjh6buzi6n,title,true,false,by_design_not_rendered_for_named_sections_(see_HotelSectionContent.tsx)_uses_a_static_label_instead
hotel-page,umxyz7ww6lwto8ku0awzdd0q,title,true,false,by_design_not_rendered_for_named_sections_(see_HotelSectionContent.tsx)_uses_a_static_label_instead
hotel-page,i4ie97wy0aqiqsciw4hqq5o5,title,true,false,by_design_not_rendered_for_named_sections_(see_HotelSectionContent.tsx)_uses_a_static_label_instead
hotel-page,vn73lbxipvz364j2oyrlk87q,title,true,false,by_design_not_rendered_for_named_sections_(see_HotelSectionContent.tsx)_uses_a_static_label_instead
hotel-page,lowpuueyufgcdqr6dimtw0uj,title,true,false,by_design_not_rendered_for_named_sections_(see_HotelSectionContent.tsx)_uses_a_static_label_instead
hotel-page,tfk4x2cn0awgf155qizua428,title,true,false,by_design_not_rendered_for_named_sections_(see_HotelSectionContent.tsx)_uses_a_static_label_instead
hotel-page,pd840218i4lcftk1eguxb10m,title,true,false,by_design_not_rendered_for_named_sections_(see_HotelSectionContent.tsx)_uses_a_static_label_instead
hotel-page,yjr9zywpr6gkkj8glw344go2,title,true,false,by_design_not_rendered_for_named_sections_(see_HotelSectionContent.tsx)_uses_a_static_label_instead
hotel-page,jyn511lrr50ewa8gdx9j48gh,title,true,false,by_design_not_rendered_for_named_sections_(see_HotelSectionContent.tsx)_uses_a_static_label_instead
hotel-page,gjgcmkxfrus79msi56mkmqn3,title,true,false,by_design_not_rendered_for_named_sections_(see_HotelSectionContent.tsx)_uses_a_static_label_instead
hotel-page,qognw8hovyqz4c6vydvef9fd,title,true,false,by_design_not_rendered_for_named_sections_(see_HotelSectionContent.tsx)_uses_a_static_label_instead
hotel-page,rjyka79j3jo2w0n5b6xytryh,title,true,false,by_design_not_rendered_for_named_sections_(see_HotelSectionContent.tsx)_uses_a_static_label_instead
hotel-page,cfmkdvmtrpon5fhv81l1somn,title,true,false,by_design_not_rendered_for_named_sections_(see_HotelSectionContent.tsx)_uses_a_static_label_instead
hotel-page,z5yer5bei5dus0m97nyo8moe,title,true,false,by_design_not_rendered_for_named_sections_(see_HotelSectionContent.tsx)_uses_a_static_label_instead
hotel-page,uxjbcgat52d7slas0ppevf3h,title,true,false,by_design_not_rendered_for_named_sections_(see_HotelSectionContent.tsx)_uses_a_static_label_instead
hotel-page,i39m7pdutd91allqsda0gh9o,title,true,false,by_design_not_rendered_for_named_sections_(see_HotelSectionContent.tsx)_uses_a_static_label_instead
hotel-page,b1m6ph33m5uafjimgl100rf7,title,true,false,by_design_not_rendered_for_named_sections_(see_HotelSectionContent.tsx)_uses_a_static_label_instead
hotel-page,qz35eosn9b09rsmechcr4289,title,true,false,by_design_not_rendered_for_named_sections_(see_HotelSectionContent.tsx)_uses_a_static_label_instead
hotel-page,z7pbfc0zdg69ijtfkdz4kscr,title,true,false,by_design_not_rendered_for_named_sections_(see_HotelSectionContent.tsx)_uses_a_static_label_instead
hotel-page,n8l33k2bg84kkdt464f991pb,title,true,false,by_design_not_rendered_for_named_sections_(see_HotelSectionContent.tsx)_uses_a_static_label_instead
hotel-page,a8h5gxz46ujj242xmlnsy8ia,title,true,false,by_design_not_rendered_for_named_sections_(see_HotelSectionContent.tsx)_uses_a_static_label_instead
hotel-page,mwf047l5idkjilcso8q1xjy9,title,true,false,by_design_not_rendered_for_named_sections_(see_HotelSectionContent.tsx)_uses_a_static_label_instead
hotel-page,rvdghbgvbc5npednrq08aupe,title,true,false,by_design_not_rendered_for_named_sections_(see_HotelSectionContent.tsx)_uses_a_static_label_instead
hotel-page,cuhrht8v65i8uj6x2ppgvd8x,title,true,false,by_design_not_rendered_for_named_sections_(see_HotelSectionContent.tsx)_uses_a_static_label_instead
hotel-page,mbnzb2ykm9uw5d6k7rlt47i1,title,true,false,by_design_not_rendered_for_named_sections_(see_HotelSectionContent.tsx)_uses_a_static_label_instead
hotel-page,dbnqh3w6q7j5n4hdal6y1ny0,title,true,false,by_design_not_rendered_for_named_sections_(see_HotelSectionContent.tsx)_uses_a_static_label_instead
hotel-page,f76xspm5t6bxbg5wllw02y7n,title,true,false,by_design_not_rendered_for_named_sections_(see_HotelSectionContent.tsx)_uses_a_static_label_instead
hotel-page,up1p4xg9f75c0icnlmj26ccv,title,true,false,by_design_not_rendered_for_named_sections_(see_HotelSectionContent.tsx)_uses_a_static_label_instead
hotel-page,uds47yqh8xjif3s8lt2p9mdx,title,true,false,by_design_not_rendered_for_named_sections_(see_HotelSectionContent.tsx)_uses_a_static_label_instead
hotel-page,cbuwnbede9mawtlfomvelxeo,title,true,false,by_design_not_rendered_for_named_sections_(see_HotelSectionContent.tsx)_uses_a_static_label_instead
hotel-page,tfvrgcbwplkv70lac2lefzqo,title,true,false,by_design_not_rendered_for_named_sections_(see_HotelSectionContent.tsx)_uses_a_static_label_instead
hotel-page,vgt3nakx8ncvw8j3to8i89au,title,true,false,by_design_not_rendered_for_named_sections_(see_HotelSectionContent.tsx)_uses_a_static_label_instead
hotel-page,k2p86do6nz9x1fzpj99bz8ml,title,true,false,by_design_not_rendered_for_named_sections_(see_HotelSectionContent.tsx)_uses_a_static_label_instead
hotel-page,b8a4j96vmbzth3bcsj2husdm,title,true,false,by_design_not_rendered_for_named_sections_(see_HotelSectionContent.tsx)_uses_a_static_label_instead
hotel-page,cs23lt673v2dfpo30j03089b,title,true,false,by_design_not_rendered_for_named_sections_(see_HotelSectionContent.tsx)_uses_a_static_label_instead
hotel-page,sdtd1s9bqxlcrx2djad7dfm3,title,true,false,by_design_not_rendered_for_named_sections_(see_HotelSectionContent.tsx)_uses_a_static_label_instead
hotel-page,xth5s4ewi2cr2fb9o22q7qex,title,true,false,by_design_not_rendered_for_named_sections_(see_HotelSectionContent.tsx)_uses_a_static_label_instead
hotel-page,dfapz0975mesa0vtizzqmti4,title,true,false,by_design_not_rendered_for_named_sections_(see_HotelSectionContent.tsx)_uses_a_static_label_instead
hotel-page,i80c5230p8ufs91208ycl1vq,title,true,false,by_design_not_rendered_for_named_sections_(see_HotelSectionContent.tsx)_uses_a_static_label_instead
hotel-page,p0zkfnbk1n5b9vl7266ac24v,title,true,false,by_design_not_rendered_for_named_sections_(see_HotelSectionContent.tsx)_uses_a_static_label_instead
hotel-page,aj1mz4mxu1juaq8zbr37esij,title,true,false,by_design_not_rendered_for_named_sections_(see_HotelSectionContent.tsx)_uses_a_static_label_instead
hotel-page,ffplzgu3fhhwzdzat7w841d1,title,true,false,by_design_not_rendered_for_named_sections_(see_HotelSectionContent.tsx)_uses_a_static_label_instead
hotel-page,fkqqtv8i2u71liydh2otfpl2,title,true,false,by_design_not_rendered_for_named_sections_(see_HotelSectionContent.tsx)_uses_a_static_label_instead
hotel-page,cjmpcsu3lsru8tp652t3ee61,title,true,false,by_design_not_rendered_for_named_sections_(see_HotelSectionContent.tsx)_uses_a_static_label_instead
hotel-page,wfjp73trgdu2o7cxu4lojpcc,title,true,false,by_design_not_rendered_for_named_sections_(see_HotelSectionContent.tsx)_uses_a_static_label_instead
hotel-page,oshy97rl1g2xbnsj80t1fot1,title,true,false,by_design_not_rendered_for_named_sections_(see_HotelSectionContent.tsx)_uses_a_static_label_instead
hotel-page,sul8td9z8ayy7bjappntambs,title,true,false,by_design_not_rendered_for_named_sections_(see_HotelSectionContent.tsx)_uses_a_static_label_instead
hotel-page,wea0w6yvrgu38vfrilr5wlqt,title,true,false,by_design_not_rendered_for_named_sections_(see_HotelSectionContent.tsx)_uses_a_static_label_instead
hotel-page,c68ya9rjrvl6sh9gbcw6l80n,title,true,false,by_design_not_rendered_for_named_sections_(see_HotelSectionContent.tsx)_uses_a_static_label_instead
hotel-page,pycg7j23xetst4nebe36bo98,title,true,false,by_design_not_rendered_for_named_sections_(see_HotelSectionContent.tsx)_uses_a_static_label_instead
hotel-page,a8ixs11uj18d3446y20xssk5,title,true,false,by_design_not_rendered_for_named_sections_(see_HotelSectionContent.tsx)_uses_a_static_label_instead
hotel-page,p9i86v4b9vhywx6xi946tz27,title,true,false,by_design_not_rendered_for_named_sections_(see_HotelSectionContent.tsx)_uses_a_static_label_instead
hotel-page,c4i6c4wrhdy82dh65h88axh3,title,true,false,by_design_not_rendered_for_named_sections_(see_HotelSectionContent.tsx)_uses_a_static_label_instead
hotel-page,cs6pazyn089xpbawnl488b8b,title,true,false,by_design_not_rendered_for_named_sections_(see_HotelSectionContent.tsx)_uses_a_static_label_instead
hotel-page,emogy7fq7wlgitdjefqj33cv,title,true,false,by_design_not_rendered_for_named_sections_(see_HotelSectionContent.tsx)_uses_a_static_label_instead
hotel-page,leijs521whqzcbni0zngkm82,title,true,false,by_design_not_rendered_for_named_sections_(see_HotelSectionContent.tsx)_uses_a_static_label_instead
hotel-page,x4oy03engkpifta7ofsnekyc,title,true,false,by_design_not_rendered_for_named_sections_(see_HotelSectionContent.tsx)_uses_a_static_label_instead
hotel-page,lhjpmbrq4ospkovzk3tgedf6,title,true,false,by_design_not_rendered_for_named_sections_(see_HotelSectionContent.tsx)_uses_a_static_label_instead
hotel-page,a8l44nwiuq06v7hp2xbsc2hh,title,true,false,by_design_not_rendered_for_named_sections_(see_HotelSectionContent.tsx)_uses_a_static_label_instead
hotel-page,xum50ieytxy9qksvvs09uj5t,title,true,false,by_design_not_rendered_for_named_sections_(see_HotelSectionContent.tsx)_uses_a_static_label_instead
hotel-page,et3rm0stk4mpjvb76wgzuk4i,title,true,false,by_design_not_rendered_for_named_sections_(see_HotelSectionContent.tsx)_uses_a_static_label_instead
hotel-page,e69rkx8py4mcn8bl20nqhy2u,title,true,false,by_design_not_rendered_for_named_sections_(see_HotelSectionContent.tsx)_uses_a_static_label_instead
hotel-page,unmhq2al8qk2o61w32y8wqhu,title,true,false,by_design_not_rendered_for_named_sections_(see_HotelSectionContent.tsx)_uses_a_static_label_instead
hotel-page,wbh5o11ndf80217llyitffal,title,true,false,by_design_not_rendered_for_named_sections_(see_HotelSectionContent.tsx)_uses_a_static_label_instead
hotel-page,rotivd9sd2spziyxcyrfxd7f,title,true,false,by_design_not_rendered_for_named_sections_(see_HotelSectionContent.tsx)_uses_a_static_label_instead
hotel-page,ugw7x6e7w6sax2urux76pc9u,title,true,false,by_design_not_rendered_for_named_sections_(see_HotelSectionContent.tsx)_uses_a_static_label_instead
hotel-page,z3drjhtj2yrsyeak9hkhpl8e,title,true,false,by_design_not_rendered_for_named_sections_(see_HotelSectionContent.tsx)_uses_a_static_label_instead
hotel-page,pocs71t262vbjs8gq9kg8w84,title,true,false,by_design_not_rendered_for_named_sections_(see_HotelSectionContent.tsx)_uses_a_static_label_instead
hotel-page,v8258pgya32pj8f460zek8to,title,true,false,by_design_not_rendered_for_named_sections_(see_HotelSectionContent.tsx)_uses_a_static_label_instead
hotel-page,v9qg29gey98883tvqnvhbaw3,title,true,false,by_design_not_rendered_for_named_sections_(see_HotelSectionContent.tsx)_uses_a_static_label_instead
hotel-page,aukf3dizs2vmg2c3jehj488b,title,true,false,by_design_not_rendered_for_named_sections_(see_HotelSectionContent.tsx)_uses_a_static_label_instead
hotel-page,ojwrg5ltchc54fljc0jynrpm,title,true,false,by_design_not_rendered_for_named_sections_(see_HotelSectionContent.tsx)_uses_a_static_label_instead
hotel-page,a7i1hg11ska9melgj87c1cmf,title,true,false,by_design_not_rendered_for_named_sections_(see_HotelSectionContent.tsx)_uses_a_static_label_instead
hotel-page,vridhuto1h4xs65ln2pu00xo,title,true,false,by_design_not_rendered_for_named_sections_(see_HotelSectionContent.tsx)_uses_a_static_label_instead
hotel-page,q9y1up9d5qy8sc13o43upiuh,title,true,false,by_design_not_rendered_for_named_sections_(see_HotelSectionContent.tsx)_uses_a_static_label_instead
hotel-page,ah235fjeaj0s4kj7e79uh95p,title,true,false,by_design_not_rendered_for_named_sections_(see_HotelSectionContent.tsx)_uses_a_static_label_instead
hotel-page,ur7rexted161d43126bpki25,title,true,false,by_design_not_rendered_for_named_sections_(see_HotelSectionContent.tsx)_uses_a_static_label_instead
hotel-page,fcxlzyyy0try53iqh6ufhhtb,title,true,false,by_design_not_rendered_for_named_sections_(see_HotelSectionContent.tsx)_uses_a_static_label_instead
hotel-page,m5p1h7w1oomesvu0krct8e4w,title,true,false,by_design_not_rendered_for_named_sections_(see_HotelSectionContent.tsx)_uses_a_static_label_instead
hotel-page,qt4zk6a0d1iyhy7chheltfhk,title,true,false,by_design_not_rendered_for_named_sections_(see_HotelSectionContent.tsx)_uses_a_static_label_instead
hotel-page,lzohrupc4c06fjh7s725l94w,title,true,false,by_design_not_rendered_for_named_sections_(see_HotelSectionContent.tsx)_uses_a_static_label_instead
hotel-page,otfvnexgjr85ecytb2xs5go7,title,true,false,by_design_not_rendered_for_named_sections_(see_HotelSectionContent.tsx)_uses_a_static_label_instead
hotel-page,luev50qm0203pb0j83jt7xs4,title,true,false,by_design_not_rendered_for_named_sections_(see_HotelSectionContent.tsx)_uses_a_static_label_instead
hotel-page,ch1d608gp7xsmzx961mwkzzn,title,true,false,by_design_not_rendered_for_named_sections_(see_HotelSectionContent.tsx)_uses_a_static_label_instead
hotel-page,b3emffmb0tu7zoirh2mbz6um,title,true,false,by_design_not_rendered_for_named_sections_(see_HotelSectionContent.tsx)_uses_a_static_label_instead
hotel-page,lyt54i88go46aa9n3cogfwzd,title,true,false,by_design_not_rendered_for_named_sections_(see_HotelSectionContent.tsx)_uses_a_static_label_instead
hotel-page,qf61u4v3g4qcg4dm8sww8rbb,title,true,false,by_design_not_rendered_for_named_sections_(see_HotelSectionContent.tsx)_uses_a_static_label_instead
hotel-page,xq82dbqhvv6qqlwifs89p0xg,title,true,false,by_design_not_rendered_for_named_sections_(see_HotelSectionContent.tsx)_uses_a_static_label_instead
hotel-page,f5mztrzzmgt1dv2wzupx7cnv,title,true,false,by_design_not_rendered_for_named_sections_(see_HotelSectionContent.tsx)_uses_a_static_label_instead
hotel-page,fy5vyhym4tk25qug0twyp6z4,title,true,false,by_design_not_rendered_for_named_sections_(see_HotelSectionContent.tsx)_uses_a_static_label_instead
hotel-page,qotsyh92jcsha8huc112pwye,title,true,false,by_design_not_rendered_for_named_sections_(see_HotelSectionContent.tsx)_uses_a_static_label_instead
hotel-page,nztb2h89vfrqunqflw1g9r75,title,true,false,by_design_not_rendered_for_named_sections_(see_HotelSectionContent.tsx)_uses_a_static_label_instead
hotel-page,j9474csov4kbngesvs2mx2rj,title,true,false,by_design_not_rendered_for_named_sections_(see_HotelSectionContent.tsx)_uses_a_static_label_instead
hotel-page,i28e0q7tilo94p9enr6hld7k,title,true,false,by_design_not_rendered_for_named_sections_(see_HotelSectionContent.tsx)_uses_a_static_label_instead
hotel-page,vqe0zxklxnskyoohcqqcmosv,title,true,false,by_design_not_rendered_for_named_sections_(see_HotelSectionContent.tsx)_uses_a_static_label_instead
hotel-page,maizs4nj20py6ehek4y2ig7e,title,true,false,by_design_not_rendered_for_named_sections_(see_HotelSectionContent.tsx)_uses_a_static_label_instead
hotel-page,f71n1lc1mv3uvjl897ne3so5,title,true,false,by_design_not_rendered_for_named_sections_(see_HotelSectionContent.tsx)_uses_a_static_label_instead
hotel-page,r6wum15hva887dztkcn4bj76,title,true,false,by_design_not_rendered_for_named_sections_(see_HotelSectionContent.tsx)_uses_a_static_label_instead
hotel-page,erh0f5rtjwq7ns6ho2bsh897,title,true,false,by_design_not_rendered_for_named_sections_(see_HotelSectionContent.tsx)_uses_a_static_label_instead
hotel-page,b0j7ra80r5hzawa85yx254u4,title,true,false,by_design_not_rendered_for_named_sections_(see_HotelSectionContent.tsx)_uses_a_static_label_instead
hotel-page,k8d5anvxy957boujgkumojrj,title,true,false,by_design_not_rendered_for_named_sections_(see_HotelSectionContent.tsx)_uses_a_static_label_instead
hotel-page,fu32ydbfvuhqyzem4ry2fu8e,title,true,false,by_design_not_rendered_for_named_sections_(see_HotelSectionContent.tsx)_uses_a_static_label_instead
hotel-page,vs20kbelijqh9w5la18ufher,title,true,false,by_design_not_rendered_for_named_sections_(see_HotelSectionContent.tsx)_uses_a_static_label_instead
hotel-page,tkcfrvnlnb0nsytr1umzz71p,title,true,false,by_design_not_rendered_for_named_sections_(see_HotelSectionContent.tsx)_uses_a_static_label_instead
hotel-page,bi1aadsthabyv8zedk1c4b0h,title,true,false,by_design_not_rendered_for_named_sections_(see_HotelSectionContent.tsx)_uses_a_static_label_instead
hotel-page,nzm3eg7hqhp8l05zcrqq3gth,title,true,false,by_design_not_rendered_for_named_sections_(see_HotelSectionContent.tsx)_uses_a_static_label_instead
hotel-page,hfo57vtph9mymjk320dgnw3w,title,true,false,by_design_not_rendered_for_named_sections_(see_HotelSectionContent.tsx)_uses_a_static_label_instead
hotel-page,prxa8ofdjynb3rrmtdo0wwun,title,true,false,by_design_not_rendered_for_named_sections_(see_HotelSectionContent.tsx)_uses_a_static_label_instead
hotel-page,ukua7ov4vtlrmtc1mdwpwru5,title,true,false,by_design_not_rendered_for_named_sections_(see_HotelSectionContent.tsx)_uses_a_static_label_instead
hotel-page,ju41hn8l64q4m0fvi3tng6no,title,true,false,by_design_not_rendered_for_named_sections_(see_HotelSectionContent.tsx)_uses_a_static_label_instead
hotel-page,sr262dk5n26mubcje9vo6844,title,true,false,by_design_not_rendered_for_named_sections_(see_HotelSectionContent.tsx)_uses_a_static_label_instead
hotel-page,rhem1hot7v9kmmn7iyvv897v,title,true,false,by_design_not_rendered_for_named_sections_(see_HotelSectionContent.tsx)_uses_a_static_label_instead
hotel-page,yhtdf2de25erzuwhr0pnshxe,title,true,false,by_design_not_rendered_for_named_sections_(see_HotelSectionContent.tsx)_uses_a_static_label_instead
hotel-page,kao9y2wni9la6n46ehmhnk01,title,true,false,by_design_not_rendered_for_named_sections_(see_HotelSectionContent.tsx)_uses_a_static_label_instead
hotel-page,v6jxxfuzvo46hclstil8kn31,title,true,false,by_design_not_rendered_for_named_sections_(see_HotelSectionContent.tsx)_uses_a_static_label_instead
hotel-page,bqrykxdqiv88iefqgt81wi2c,title,true,false,by_design_not_rendered_for_named_sections_(see_HotelSectionContent.tsx)_uses_a_static_label_instead
hotel-page,tkfokhxzjshhely5q3qiwc4s,title,true,false,by_design_not_rendered_for_named_sections_(see_HotelSectionContent.tsx)_uses_a_static_label_instead
hotel-page,i46ouzv1ppleko803dfarmzy,title,true,false,by_design_not_rendered_for_named_sections_(see_HotelSectionContent.tsx)_uses_a_static_label_instead
hotel-page,wl4flq13q0kstotms13c2ahc,title,true,false,by_design_not_rendered_for_named_sections_(see_HotelSectionContent.tsx)_uses_a_static_label_instead
hotel-page,lvewxd0zgukrnbdjwrire5bl,title,true,false,by_design_not_rendered_for_named_sections_(see_HotelSectionContent.tsx)_uses_a_static_label_instead
hotel-page,xky24xmwfne8sh2181pzzodr,title,true,false,by_design_not_rendered_for_named_sections_(see_HotelSectionContent.tsx)_uses_a_static_label_instead
hotel-page,v0auhgdls216iicbsgbemu7g,title,true,false,by_design_not_rendered_for_named_sections_(see_HotelSectionContent.tsx)_uses_a_static_label_instead
hotel-page,vktap15tjrlgrbpmjvjnw5zv,title,true,false,by_design_not_rendered_for_named_sections_(see_HotelSectionContent.tsx)_uses_a_static_label_instead
hotel-page,s3hr5jk7ypwvjyp6erdw51c1,title,true,false,by_design_not_rendered_for_named_sections_(see_HotelSectionContent.tsx)_uses_a_static_label_instead
hotel-page,zvbjxlsldhwx2sb6riccrm4x,title,true,false,by_design_not_rendered_for_named_sections_(see_HotelSectionContent.tsx)_uses_a_static_label_instead
hotel-page,s55ubrdnxg7llis9bhqmyfbp,title,true,false,by_design_not_rendered_for_named_sections_(see_HotelSectionContent.tsx)_uses_a_static_label_instead
hotel-page,dsmvhkbfclh0or3t0kkzxwrh,title,true,false,by_design_not_rendered_for_named_sections_(see_HotelSectionContent.tsx)_uses_a_static_label_instead
hotel-page,yi6tuomng9yrkjd2egondbs9,title,true,false,by_design_not_rendered_for_named_sections_(see_HotelSectionContent.tsx)_uses_a_static_label_instead
hotel-page,njloabfqbr1p8ttynuh65b4q,title,true,false,by_design_not_rendered_for_named_sections_(see_HotelSectionContent.tsx)_uses_a_static_label_instead
hotel-page,anae9n7tkl0ce5y845kn863s,title,true,false,by_design_not_rendered_for_named_sections_(see_HotelSectionContent.tsx)_uses_a_static_label_instead
hotel-page,w8vepexazrjhop2xi3wom1kp,title,true,false,by_design_not_rendered_for_named_sections_(see_HotelSectionContent.tsx)_uses_a_static_label_instead
hotel-page,jy3dstp9mc6g8krvozx53jm2,title,true,false,by_design_not_rendered_for_named_sections_(see_HotelSectionContent.tsx)_uses_a_static_label_instead
hotel-page,i6za92woqi3clluw0ceoa1i2,title,true,false,by_design_not_rendered_for_named_sections_(see_HotelSectionContent.tsx)_uses_a_static_label_instead
hotel-page,wv1ibh9tqlmn5ipu8d5pcxnu,title,true,false,by_design_not_rendered_for_named_sections_(see_HotelSectionContent.tsx)_uses_a_static_label_instead
hotel-page,qaewljlgneklnoala12q0u9i,title,true,false,by_design_not_rendered_for_named_sections_(see_HotelSectionContent.tsx)_uses_a_static_label_instead
hotel-page,cn63d53zryhyd7g2wr5rbwxd,title,true,false,by_design_not_rendered_for_named_sections_(see_HotelSectionContent.tsx)_uses_a_static_label_instead
hotel-page,ejshklfcd1g202j0mwayqdng,title,true,false,by_design_not_rendered_for_named_sections_(see_HotelSectionContent.tsx)_uses_a_static_label_instead
hotel-page,osrtsqv8ex0bsikhfecd1rtu,title,true,false,by_design_not_rendered_for_named_sections_(see_HotelSectionContent.tsx)_uses_a_static_label_instead
hotel-page,vvdb7ricz6n19lrslzac36la,title,true,false,by_design_not_rendered_for_named_sections_(see_HotelSectionContent.tsx)_uses_a_static_label_instead
hotel-page,vdfyoxszr71v2bwj7tql4jlq,title,true,false,by_design_not_rendered_for_named_sections_(see_HotelSectionContent.tsx)_uses_a_static_label_instead
hotel-page,iqlwthb4hz3zk42eovfm75xq,title,true,false,by_design_not_rendered_for_named_sections_(see_HotelSectionContent.tsx)_uses_a_static_label_instead
hotel-page,c6fcatr21brtmamwrkqt4q2z,title,true,false,by_design_not_rendered_for_named_sections_(see_HotelSectionContent.tsx)_uses_a_static_label_instead
hotel-page,pnof1wqwb4kkb1xksl9da0b5,title,true,false,by_design_not_rendered_for_named_sections_(see_HotelSectionContent.tsx)_uses_a_static_label_instead
hotel-page,sv7iv9plp8uqx3qzudoq58b9,title,true,false,by_design_not_rendered_for_named_sections_(see_HotelSectionContent.tsx)_uses_a_static_label_instead
hotel-page,h5dg5cv8xi65oni2tmeaiwle,title,true,false,by_design_not_rendered_for_named_sections_(see_HotelSectionContent.tsx)_uses_a_static_label_instead
hotel-page,sfjrz4pknpwc5oensodr0az0,title,true,false,by_design_not_rendered_for_named_sections_(see_HotelSectionContent.tsx)_uses_a_static_label_instead
hotel-page,pd09gkjq5js8wp9pglr5wyka,title,true,false,by_design_not_rendered_for_named_sections_(see_HotelSectionContent.tsx)_uses_a_static_label_instead
hotel-page,l4llk1wnve6v3rvqrnyq9cht,title,true,false,by_design_not_rendered_for_named_sections_(see_HotelSectionContent.tsx)_uses_a_static_label_instead
hotel-page,u3rflk6mq0dwzz6v7aky8cf3,title,true,false,by_design_not_rendered_for_named_sections_(see_HotelSectionContent.tsx)_uses_a_static_label_instead
hotel-page,fxbsf6frfb13686dxaithzmv,title,true,false,by_design_not_rendered_for_named_sections_(see_HotelSectionContent.tsx)_uses_a_static_label_instead
hotel-page,h3pbzk3qbob737s7zaw2w9vv,title,true,false,by_design_not_rendered_for_named_sections_(see_HotelSectionContent.tsx)_uses_a_static_label_instead
hotel-page,p0y8ph8d5d83tiwtt6yyxwhg,title,true,false,by_design_not_rendered_for_named_sections_(see_HotelSectionContent.tsx)_uses_a_static_label_instead
hotel-page,i779jaccllhi2cjip1e23vx2,title,true,false,by_design_not_rendered_for_named_sections_(see_HotelSectionContent.tsx)_uses_a_static_label_instead
hotel-page,rej0m2jn9x0tt5curx27bmwg,title,true,false,by_design_not_rendered_for_named_sections_(see_HotelSectionContent.tsx)_uses_a_static_label_instead
hotel-page,o3l73i2npcw9emfch91cf68p,title,true,false,by_design_not_rendered_for_named_sections_(see_HotelSectionContent.tsx)_uses_a_static_label_instead
hotel-page,gtkopoedlk3sg5dqi5nxbrot,title,true,false,by_design_not_rendered_for_named_sections_(see_HotelSectionContent.tsx)_uses_a_static_label_instead
hotel-page,e12m8jvwp9v03b3cqx5v1ptw,title,true,false,by_design_not_rendered_for_named_sections_(see_HotelSectionContent.tsx)_uses_a_static_label_instead
hotel-page,ui725mmry6mzbxwp9xhow3al,title,true,false,by_design_not_rendered_for_named_sections_(see_HotelSectionContent.tsx)_uses_a_static_label_instead
hotel-page,rr3jm24f68fsgaw0j0hpmc3a,title,true,false,by_design_not_rendered_for_named_sections_(see_HotelSectionContent.tsx)_uses_a_static_label_instead
hotel-page,f1otuto9z04f8rngznxpzd5c,title,true,false,by_design_not_rendered_for_named_sections_(see_HotelSectionContent.tsx)_uses_a_static_label_instead
hotel-page,rgltsqgvke7jukevhmbjue7m,title,true,false,by_design_not_rendered_for_named_sections_(see_HotelSectionContent.tsx)_uses_a_static_label_instead
hotel-page,fpxodacdf4ejl48luedrlej3,title,true,false,by_design_not_rendered_for_named_sections_(see_HotelSectionContent.tsx)_uses_a_static_label_instead
hotel-page,uxi6igts8oky6mein3bai71a,title,true,false,by_design_not_rendered_for_named_sections_(see_HotelSectionContent.tsx)_uses_a_static_label_instead
hotel-page,zh5kvllx3mlws3xa5nc5i8gr,title,true,false,by_design_not_rendered_for_named_sections_(see_HotelSectionContent.tsx)_uses_a_static_label_instead
hotel-page,ec8m9ezfxgowljhruw1dx5cc,title,true,false,by_design_not_rendered_for_named_sections_(see_HotelSectionContent.tsx)_uses_a_static_label_instead
hotel-page,sl3crjyidghfp2qfu3y5btzy,title,true,false,by_design_not_rendered_for_named_sections_(see_HotelSectionContent.tsx)_uses_a_static_label_instead
hotel-page,bsl9t1e407kcy5lsfk4foqhl,title,true,false,by_design_not_rendered_for_named_sections_(see_HotelSectionContent.tsx)_uses_a_static_label_instead
hotel-page,i47tn474tuz0vxxt6u8ihmjr,title,true,false,by_design_not_rendered_for_named_sections_(see_HotelSectionContent.tsx)_uses_a_static_label_instead
hotel-page,ykimxr8anba7q8fa3dwr4n0q,title,true,false,by_design_not_rendered_for_named_sections_(see_HotelSectionContent.tsx)_uses_a_static_label_instead
hotel-page,tsfozv5dwpz7e4sv5eub1psq,title,true,false,by_design_not_rendered_for_named_sections_(see_HotelSectionContent.tsx)_uses_a_static_label_instead
hotel-page,cox7qejyeqa9hmmn3qkvyfvc,title,true,false,by_design_not_rendered_for_named_sections_(see_HotelSectionContent.tsx)_uses_a_static_label_instead
hotel-page,rizt3rdeb6gettn74uvbsdt2,title,true,false,by_design_not_rendered_for_named_sections_(see_HotelSectionContent.tsx)_uses_a_static_label_instead
hotel-page,e16u97nht1v2zysl00vidr4y,title,true,false,by_design_not_rendered_for_named_sections_(see_HotelSectionContent.tsx)_uses_a_static_label_instead
hotel-page,m04p4xb3j1z740ujq86pmxps,title,true,false,by_design_not_rendered_for_named_sections_(see_HotelSectionContent.tsx)_uses_a_static_label_instead
hotel-page,egj2uwmcygq2sqjy0jauwzxq,title,true,false,by_design_not_rendered_for_named_sections_(see_HotelSectionContent.tsx)_uses_a_static_label_instead
hotel-page,oito1gb5zkulmox0rib7pgxn,title,true,false,by_design_not_rendered_for_named_sections_(see_HotelSectionContent.tsx)_uses_a_static_label_instead
hotel-page,uhlario8jkrjokf115p25csc,title,true,false,by_design_not_rendered_for_named_sections_(see_HotelSectionContent.tsx)_uses_a_static_label_instead
hotel-page,hlwp6hs8jneoq2d5rnbgfn36,title,true,false,by_design_not_rendered_for_named_sections_(see_HotelSectionContent.tsx)_uses_a_static_label_instead
hotel-page,enryipp55fcajq5lr9juvq4w,title,true,false,by_design_not_rendered_for_named_sections_(see_HotelSectionContent.tsx)_uses_a_static_label_instead
hotel-page,amgg38pmpfoj3fegzx0nootj,title,true,false,by_design_not_rendered_for_named_sections_(see_HotelSectionContent.tsx)_uses_a_static_label_instead
hotel-page,me5rc20ym7vuncsigob3rxev,title,true,false,by_design_not_rendered_for_named_sections_(see_HotelSectionContent.tsx)_uses_a_static_label_instead
hotel-page,vvyw7ol27tgqcm60j8e8x411,title,true,false,by_design_not_rendered_for_named_sections_(see_HotelSectionContent.tsx)_uses_a_static_label_instead
hotel-page,lv2fiqy122jc5qo2198snjgq,title,true,false,by_design_not_rendered_for_named_sections_(see_HotelSectionContent.tsx)_uses_a_static_label_instead
hotel-page,wdiq7yzsrhxzsgnw2xdf8ple,title,true,false,by_design_not_rendered_for_named_sections_(see_HotelSectionContent.tsx)_uses_a_static_label_instead
hotel-page,r2fai876tomubxnn6wkv7pvj,title,true,false,by_design_not_rendered_for_named_sections_(see_HotelSectionContent.tsx)_uses_a_static_label_instead
hotel-page,uja40o4m4ib5few0y83wtebx,title,true,false,by_design_not_rendered_for_named_sections_(see_HotelSectionContent.tsx)_uses_a_static_label_instead
hotel-page,kfxdzhc3bhdakxmp1g3s1rpv,title,true,false,by_design_not_rendered_for_named_sections_(see_HotelSectionContent.tsx)_uses_a_static_label_instead
hotel-page,pi6u06tu8sm7hy3e355gwray,title,true,false,by_design_not_rendered_for_named_sections_(see_HotelSectionContent.tsx)_uses_a_static_label_instead
hotel-page,jb15tmh27ot7s53nz2k2zcn2,title,true,false,by_design_not_rendered_for_named_sections_(see_HotelSectionContent.tsx)_uses_a_static_label_instead
hotel-page,cc17eimup3p9jiktvu893qvh,title,true,false,by_design_not_rendered_for_named_sections_(see_HotelSectionContent.tsx)_uses_a_static_label_instead
hotel-page,czq19zm8crbrb0emeyehpx7s,title,true,false,by_design_not_rendered_for_named_sections_(see_HotelSectionContent.tsx)_uses_a_static_label_instead
hotel-page,pdrky5gtvy2x57si81fhdj4x,title,true,false,by_design_not_rendered_for_named_sections_(see_HotelSectionContent.tsx)_uses_a_static_label_instead
hotel-page,bjd4puppp14u6b1rvri68xjl,title,true,false,by_design_not_rendered_for_named_sections_(see_HotelSectionContent.tsx)_uses_a_static_label_instead
hotel-page,tsc3fwz773jd223cinbnov9r,title,true,false,by_design_not_rendered_for_named_sections_(see_HotelSectionContent.tsx)_uses_a_static_label_instead
hotel-page,v0utqygjzslqtjehah7os799,title,true,false,by_design_not_rendered_for_named_sections_(see_HotelSectionContent.tsx)_uses_a_static_label_instead
hotel-page,ou2201xa17hxl44gld8oekp6,title,true,false,by_design_not_rendered_for_named_sections_(see_HotelSectionContent.tsx)_uses_a_static_label_instead
hotel-page,qgxw9n75sbt4gm2uzoedfqli,title,true,false,by_design_not_rendered_for_named_sections_(see_HotelSectionContent.tsx)_uses_a_static_label_instead
hotel-page,kzgzsqks5gbdy9v6qmla4jh9,title,true,false,by_design_not_rendered_for_named_sections_(see_HotelSectionContent.tsx)_uses_a_static_label_instead
hotel-page,emsyzzxgfg9wpv2uyhr9v95w,title,true,false,by_design_not_rendered_for_named_sections_(see_HotelSectionContent.tsx)_uses_a_static_label_instead
hotel-page,ts2qr5ytmw4mtpdn9fx4zegn,title,true,false,by_design_not_rendered_for_named_sections_(see_HotelSectionContent.tsx)_uses_a_static_label_instead
hotel-page,vu4ed7ahtckd3f3rm89y2i9h,title,true,false,by_design_not_rendered_for_named_sections_(see_HotelSectionContent.tsx)_uses_a_static_label_instead
hotel-page,e1qxrja46uqtkwdevfy25wwp,title,true,false,by_design_not_rendered_for_named_sections_(see_HotelSectionContent.tsx)_uses_a_static_label_instead
hotel-page,no33lb7be8zoyd8tohillw1o,title,true,false,by_design_not_rendered_for_named_sections_(see_HotelSectionContent.tsx)_uses_a_static_label_instead
hotel-page,yrbkda2dw4wl5o2c4vta4wt3,title,true,false,by_design_not_rendered_for_named_sections_(see_HotelSectionContent.tsx)_uses_a_static_label_instead
hotel-page,ouytoqmrldh1ekifvssl5x5c,title,true,false,by_design_not_rendered_for_named_sections_(see_HotelSectionContent.tsx)_uses_a_static_label_instead
hotel-page,yvy11nn6uagtf9iytkrp3n51,title,true,false,by_design_not_rendered_for_named_sections_(see_HotelSectionContent.tsx)_uses_a_static_label_instead
hotel-page,b46vmufpvnypqxvpckpr1f4e,title,true,false,by_design_not_rendered_for_named_sections_(see_HotelSectionContent.tsx)_uses_a_static_label_instead
hotel-page,w9uif2xa2dlzbrkg4m2z1pu1,title,true,false,by_design_not_rendered_for_named_sections_(see_HotelSectionContent.tsx)_uses_a_static_label_instead
hotel-page,hau7pklscj13b2wso9ih24it,title,true,false,by_design_not_rendered_for_named_sections_(see_HotelSectionContent.tsx)_uses_a_static_label_instead
hotel-page,r2q11nqz4u722jngfd2nhd0h,title,true,false,by_design_not_rendered_for_named_sections_(see_HotelSectionContent.tsx)_uses_a_static_label_instead
hotel-page,fcpkijyqhpw0h3xnt0j498kw,title,true,false,by_design_not_rendered_for_named_sections_(see_HotelSectionContent.tsx)_uses_a_static_label_instead
hotel-page,uw99yrbaacf7c925p1y74ti8,title,true,false,by_design_not_rendered_for_named_sections_(see_HotelSectionContent.tsx)_uses_a_static_label_instead
hotel-page,r1x1p6kvaz0kvqfp4x3vow3i,title,true,false,by_design_not_rendered_for_named_sections_(see_HotelSectionContent.tsx)_uses_a_static_label_instead
hotel-page,csemz078waf7ylddj204fr04,title,true,false,by_design_not_rendered_for_named_sections_(see_HotelSectionContent.tsx)_uses_a_static_label_instead
hotel-page,uqlp3tdpqjemvn91as4v6ruv,title,true,false,by_design_not_rendered_for_named_sections_(see_HotelSectionContent.tsx)_uses_a_static_label_instead
hotel-page,qtvsfqplemddchuxp0viq2zq,title,true,false,by_design_not_rendered_for_named_sections_(see_HotelSectionContent.tsx)_uses_a_static_label_instead
hotel-page,b4gmsjzzioqwcet28gz1wdpl,title,true,false,by_design_not_rendered_for_named_sections_(see_HotelSectionContent.tsx)_uses_a_static_label_instead
hotel-page,jjx8g7y2rdkbdq75dqxfa4xb,title,true,false,by_design_not_rendered_for_named_sections_(see_HotelSectionContent.tsx)_uses_a_static_label_instead
hotel-page,j4xmd7gmp77gsqdeso3i4wwr,title,true,false,by_design_not_rendered_for_named_sections_(see_HotelSectionContent.tsx)_uses_a_static_label_instead
hotel-page,vvslyvw5s81ouo6k04ifygfd,title,true,false,by_design_not_rendered_for_named_sections_(see_HotelSectionContent.tsx)_uses_a_static_label_instead
hotel-page,btlhuhc003vu31nalcxborg9,title,true,false,by_design_not_rendered_for_named_sections_(see_HotelSectionContent.tsx)_uses_a_static_label_instead
hotel-page,you14vvlo3pcvjn2277eepga,title,true,false,by_design_not_rendered_for_named_sections_(see_HotelSectionContent.tsx)_uses_a_static_label_instead
hotel-page,k6j2xv3wq96qsplfjaspy0xu,title,true,false,by_design_not_rendered_for_named_sections_(see_HotelSectionContent.tsx)_uses_a_static_label_instead
hotel-page,r0xhql73iowdo6mxlv07kvax,title,true,false,by_design_not_rendered_for_named_sections_(see_HotelSectionContent.tsx)_uses_a_static_label_instead
hotel-page,e7x2woumw2rp0evua9mjpnnz,title,true,false,by_design_not_rendered_for_named_sections_(see_HotelSectionContent.tsx)_uses_a_static_label_instead
hotel-page,i12562wmk87scfgc1ympnoyo,title,true,false,by_design_not_rendered_for_named_sections_(see_HotelSectionContent.tsx)_uses_a_static_label_instead
hotel-page,k575a9kolirlnye6uqwy165u,title,true,false,by_design_not_rendered_for_named_sections_(see_HotelSectionContent.tsx)_uses_a_static_label_instead
hotel-page,zrwcz6yvxulibs8d2p06hq14,title,true,false,by_design_not_rendered_for_named_sections_(see_HotelSectionContent.tsx)_uses_a_static_label_instead
hotel-page,itc10z76hzr9f12233ayvmh9,title,true,false,by_design_not_rendered_for_named_sections_(see_HotelSectionContent.tsx)_uses_a_static_label_instead
hotel-page,nafi35k33xpl8q8v7ibkjr38,title,true,false,by_design_not_rendered_for_named_sections_(see_HotelSectionContent.tsx)_uses_a_static_label_instead
hotel-page,sf16c5ei84jp56zfeic2q221,title,true,false,by_design_not_rendered_for_named_sections_(see_HotelSectionContent.tsx)_uses_a_static_label_instead
hotel-page,kdtg08x3a2tb774g3wm7tf93,title,true,false,by_design_not_rendered_for_named_sections_(see_HotelSectionContent.tsx)_uses_a_static_label_instead
hotel-page,cs7fls409cnozdmvrw16ddiu,title,true,false,by_design_not_rendered_for_named_sections_(see_HotelSectionContent.tsx)_uses_a_static_label_instead
hotel-page,gu0kg220nxowx4b8l1b4siy6,title,true,false,by_design_not_rendered_for_named_sections_(see_HotelSectionContent.tsx)_uses_a_static_label_instead
hotel-page,nxzhm2uoq9j0rjfm70rpf0o8,title,true,false,by_design_not_rendered_for_named_sections_(see_HotelSectionContent.tsx)_uses_a_static_label_instead
hotel-page,zpq1zdm9l9qzd4740ccf2xx8,title,true,false,by_design_not_rendered_for_named_sections_(see_HotelSectionContent.tsx)_uses_a_static_label_instead
hotel-page,n9xgzdta80807phkbi5o76mp,title,true,false,by_design_not_rendered_for_named_sections_(see_HotelSectionContent.tsx)_uses_a_static_label_instead
hotel-page,y9r6bgmacikmswdmywmun23v,title,true,false,by_design_not_rendered_for_named_sections_(see_HotelSectionContent.tsx)_uses_a_static_label_instead
hotel-page,cydk4c493b3qh9bjahsdv12y,title,true,true,
hotel-page,ebe8z2x0dzdxmim583z704um,title,true,false,by_design_not_rendered_for_named_sections_(see_HotelSectionContent.tsx)_uses_a_static_label_instead
hotel-page,v0c931tce3zay17urv5r2hiw,title,true,false,by_design_not_rendered_for_named_sections_(see_HotelSectionContent.tsx)_uses_a_static_label_instead
hotel-page,gj4z71ykzv7e7nrejwuczhzx,title,true,false,by_design_not_rendered_for_named_sections_(see_HotelSectionContent.tsx)_uses_a_static_label_instead
hotel-page,it560ibs4ecjdlip458v904n,title,true,false,by_design_not_rendered_for_named_sections_(see_HotelSectionContent.tsx)_uses_a_static_label_instead
hotel-page,ercr37ca5uvmfho5guxepfzj,title,true,false,by_design_not_rendered_for_named_sections_(see_HotelSectionContent.tsx)_uses_a_static_label_instead
hotel-page,qg8o4ukwzw6w4t6433h6haz0,title,true,false,by_design_not_rendered_for_named_sections_(see_HotelSectionContent.tsx)_uses_a_static_label_instead
hotel-page,brdojyjlfy3ig47ub2bwcg0t,title,true,false,by_design_not_rendered_for_named_sections_(see_HotelSectionContent.tsx)_uses_a_static_label_instead
hotel-page,ojtj6svoxfhoi9r8hfhiqqan,title,true,false,by_design_not_rendered_for_named_sections_(see_HotelSectionContent.tsx)_uses_a_static_label_instead
hotel-page,tqo3egf9bgcw3s34nok57kv6,title,true,false,by_design_not_rendered_for_named_sections_(see_HotelSectionContent.tsx)_uses_a_static_label_instead
hotel-page,qrvz8enwdp1m9thulrhea9ug,title,true,false,by_design_not_rendered_for_named_sections_(see_HotelSectionContent.tsx)_uses_a_static_label_instead
hotel-page,dy0bhyv6br8jq6xohr8w6oi2,title,true,true,
hotel-page,vhk60a3exxwt38702rsqqjbr,title,true,false,by_design_not_rendered_for_named_sections_(see_HotelSectionContent.tsx)_uses_a_static_label_instead
hotel-page,qqtyftvaaysqsf150302v3p8,title,true,true,
hotel-page,wr803e5kypvq66oqxaazgnn9,title,true,false,by_design_not_rendered_for_named_sections_(see_HotelSectionContent.tsx)_uses_a_static_label_instead
hotel-page,wvg5heqzaztlxyaqgjejyk88,title,true,false,by_design_not_rendered_for_named_sections_(see_HotelSectionContent.tsx)_uses_a_static_label_instead
hotel-page,ty71ytavunujthjgthey1cnq,title,true,false,by_design_not_rendered_for_named_sections_(see_HotelSectionContent.tsx)_uses_a_static_label_instead
hotel-page,drwpha6arlkwgseffomct6qh,title,true,false,by_design_not_rendered_for_named_sections_(see_HotelSectionContent.tsx)_uses_a_static_label_instead
hotel-page,hjmjbaa5ergh1sf8ytop8q7v,title,true,true,
hotel-page,uyocokp006cgj4xxoh18diat,title,true,true,
hotel-page,zzm9yzmg29g7yykhq5lcevyg,title,true,false,by_design_not_rendered_for_named_sections_(see_HotelSectionContent.tsx)_uses_a_static_label_instead
hotel-page,xhheqf819cvsnjnj076d5i8z,title,true,false,by_design_not_rendered_for_named_sections_(see_HotelSectionContent.tsx)_uses_a_static_label_instead
hotel-page,ybhj343s46c8didw24qqn1fc,title,true,false,by_design_not_rendered_for_named_sections_(see_HotelSectionContent.tsx)_uses_a_static_label_instead
hotel-page,zjae0c8vs1izr6496jge79o0,title,true,false,by_design_not_rendered_for_named_sections_(see_HotelSectionContent.tsx)_uses_a_static_label_instead
hotel-page,dx6isv6uahzyvou1y6u6rvpp,title,true,true,
hotel-page,ftsli4seqho3zygh2k9zd70h,title,true,true,
hotel-page,gr2ymm38rlu86f0geed7iww2,title,true,false,by_design_not_rendered_for_named_sections_(see_HotelSectionContent.tsx)_uses_a_static_label_instead
hotel-page,gxuzvfemkrwcasa744g6hkw7,title,true,true,
hotel-page,u4j0q8135j571yovzlysawd4,title,true,true,
hotel-page,j9tatc03dtmunph0ic15o95q,title,true,false,by_design_not_rendered_for_named_sections_(see_HotelSectionContent.tsx)_uses_a_static_label_instead
hotel-page,tu2ipl830yl4bcoua20tqr25,title,true,false,by_design_not_rendered_for_named_sections_(see_HotelSectionContent.tsx)_uses_a_static_label_instead
hotel-page,wcyoma85ucqyt5vuednoji4u,title,true,false,by_design_not_rendered_for_named_sections_(see_HotelSectionContent.tsx)_uses_a_static_label_instead
hotel-page,pwbz664zilfdafdxpdbctcr6,title,true,false,by_design_not_rendered_for_named_sections_(see_HotelSectionContent.tsx)_uses_a_static_label_instead
hotel-page,an5ys0bej5x5ib35o24cpeyn,title,true,false,by_design_not_rendered_for_named_sections_(see_HotelSectionContent.tsx)_uses_a_static_label_instead
hotel-page,ulr51bts46gv1a3dw6bmodcc,title,true,true,
hotel-page,xb4p5eh71ubuuhqaruvby6pm,title,true,true,
hotel-page,z2iw4glipja3dg7gncxd7qky,title,true,true,
hotel-page,if4ua82c0m3yrrvd7bjrjgp3,title,true,true,
hotel-page,gywgqwyrx17n2rcub2g3gb86,title,true,true,
hotel-page,kguxjo1ounyk0pim2k09r56o,title,true,false,by_design_not_rendered_for_named_sections_(see_HotelSectionContent.tsx)_uses_a_static_label_instead
hotel-page,mzirjb0ohxj6dk5cfa3gi2qc,title,true,true,
hotel-page,am2nvh1wmrnqzaj8agu1r0mk,title,true,true,
hotel-page,n7gbnlrgc47lp456x3229fbz,title,true,true,
hotel-page,b6s4olfh2d99uszviehfrmv3,title,true,true,
hotel-page,xpgxtimveqxgrqhg9xyimeim,title,true,true,
hotel-page,h41o6e999iudncbk3t670279,title,true,true,
hotel-page,q9unv2kf8p4tk1wu3rg8mqt7,title,true,false,by_design_not_rendered_for_named_sections_(see_HotelSectionContent.tsx)_uses_a_static_label_instead
hotel-page,pcxldsz6hkrofijskylbxqg2,title,true,false,by_design_not_rendered_for_named_sections_(see_HotelSectionContent.tsx)_uses_a_static_label_instead
hotel-page,ca1iewn7gc17jap9l5qpv2mq,title,true,false,by_design_not_rendered_for_named_sections_(see_HotelSectionContent.tsx)_uses_a_static_label_instead
hotel-page,i2r1w8daiuzlliyw81l2owus,title,true,true,
hotel-page,zyfgdxgmf18fuoy392g0ojng,title,true,false,by_design_not_rendered_for_named_sections_(see_HotelSectionContent.tsx)_uses_a_static_label_instead
hotel-page,r61yskjth894rv10o38mjm7m,title,true,false,by_design_not_rendered_for_named_sections_(see_HotelSectionContent.tsx)_uses_a_static_label_instead
hotel-page,wviwyhz5t933c40vkn21j30i,title,true,false,by_design_not_rendered_for_named_sections_(see_HotelSectionContent.tsx)_uses_a_static_label_instead
hotel-page,xwix2fsdst41gzyisoxir4c3,title,true,false,by_design_not_rendered_for_named_sections_(see_HotelSectionContent.tsx)_uses_a_static_label_instead
hotel-page,wlw1xd7cabekk39leqbsc6ui,title,true,false,by_design_not_rendered_for_named_sections_(see_HotelSectionContent.tsx)_uses_a_static_label_instead
hotel-page,irb54ecv7b4i2fpx2kyjk7c1,title,true,false,by_design_not_rendered_for_named_sections_(see_HotelSectionContent.tsx)_uses_a_static_label_instead
hotel-page,ccyrt8dhes512bsvafq6tkil,title,true,false,by_design_not_rendered_for_named_sections_(see_HotelSectionContent.tsx)_uses_a_static_label_instead
hotel-page,tbi4y4mu9wazj8te43zoslg0,title,true,false,by_design_not_rendered_for_named_sections_(see_HotelSectionContent.tsx)_uses_a_static_label_instead
hotel-page,v9fq1iecafuv2q7017vsj548,title,true,false,by_design_not_rendered_for_named_sections_(see_HotelSectionContent.tsx)_uses_a_static_label_instead
hotel-page,znq1cqi6lafqjgtiw79s5e9e,title,true,true,
hotel-page,xyf8znkdj0fxadr597n2ka37,title,true,true,
hotel-page,czrkpf8adum7o95csv0id4m8,title,true,false,by_design_not_rendered_for_named_sections_(see_HotelSectionContent.tsx)_uses_a_static_label_instead
hotel-page,sak1w4x4acw85571avmeilzt,title,true,false,by_design_not_rendered_for_named_sections_(see_HotelSectionContent.tsx)_uses_a_static_label_instead
hotel-page,ohl79d9uc7nwp2yvwnxu4nju,title,true,false,by_design_not_rendered_for_named_sections_(see_HotelSectionContent.tsx)_uses_a_static_label_instead
hotel-page,etdsnt3ruwwnop8c5yun28mu,title,true,false,by_design_not_rendered_for_named_sections_(see_HotelSectionContent.tsx)_uses_a_static_label_instead
hotel-page,s6wb35l3gd62rcs1tqls28jv,title,true,false,by_design_not_rendered_for_named_sections_(see_HotelSectionContent.tsx)_uses_a_static_label_instead
hotel-page,a3uka5wntpod5d9kyc47xlrd,title,true,false,by_design_not_rendered_for_named_sections_(see_HotelSectionContent.tsx)_uses_a_static_label_instead
hotel-page,mpknp2gpi8gxcp58xz9gd12i,title,true,false,by_design_not_rendered_for_named_sections_(see_HotelSectionContent.tsx)_uses_a_static_label_instead
hotel-page,tk04su92q9qv9nw3nl3wfoef,title,true,false,by_design_not_rendered_for_named_sections_(see_HotelSectionContent.tsx)_uses_a_static_label_instead
hotel-page,u3anh9plg8gecqhkb9zg99zt,title,true,false,by_design_not_rendered_for_named_sections_(see_HotelSectionContent.tsx)_uses_a_static_label_instead
hotel-page,hp9cx9jvirir3idqrasfs10f,title,true,false,by_design_not_rendered_for_named_sections_(see_HotelSectionContent.tsx)_uses_a_static_label_instead
hotel-page,wp3andpmh7jf2g2wcn1zlb5q,title,true,false,by_design_not_rendered_for_named_sections_(see_HotelSectionContent.tsx)_uses_a_static_label_instead
hotel-page,sh1rvzchq08t54c8ai2qkcl4,title,true,false,by_design_not_rendered_for_named_sections_(see_HotelSectionContent.tsx)_uses_a_static_label_instead
hotel-page,tek2hyfmwtskexpxox6pyld2,title,true,false,by_design_not_rendered_for_named_sections_(see_HotelSectionContent.tsx)_uses_a_static_label_instead
hotel-page,vuu5nz64hzvqxdkk8cf2yb0y,title,true,false,by_design_not_rendered_for_named_sections_(see_HotelSectionContent.tsx)_uses_a_static_label_instead
hotel-page,cokrelr5z1p4hlhqoot6qznx,title,true,true,
hotel-page,umzqa97peszwfsl7b6jey0xw,title,true,false,by_design_not_rendered_for_named_sections_(see_HotelSectionContent.tsx)_uses_a_static_label_instead
hotel-page,zaiswm52opvi9taqnsmd8h1d,title,true,false,by_design_not_rendered_for_named_sections_(see_HotelSectionContent.tsx)_uses_a_static_label_instead
hotel-page,xykqqwqtwmnsel9vuzgo6o7r,title,true,false,by_design_not_rendered_for_named_sections_(see_HotelSectionContent.tsx)_uses_a_static_label_instead
hotel-page,tm6onu72t4wwf1x1kwtegd6b,title,true,false,by_design_not_rendered_for_named_sections_(see_HotelSectionContent.tsx)_uses_a_static_label_instead
hotel-page,brby46gds65ahpn3agzfkik3,title,true,false,by_design_not_rendered_for_named_sections_(see_HotelSectionContent.tsx)_uses_a_static_label_instead
hotel-page,mhz4hn7yjecql313mcb6ilng,title,true,true,
hotel-page,mnh1cophl1q9j1iz4d125yap,title,true,false,by_design_not_rendered_for_named_sections_(see_HotelSectionContent.tsx)_uses_a_static_label_instead
hotel-page,ao82i0fr4cgsuxdbw7slkq5o,title,true,false,by_design_not_rendered_for_named_sections_(see_HotelSectionContent.tsx)_uses_a_static_label_instead
hotel-page,mnlvxml8xe58dv8k75i8d97g,title,true,false,by_design_not_rendered_for_named_sections_(see_HotelSectionContent.tsx)_uses_a_static_label_instead
hotel-page,p3l6b9kjuqs1fix9h3fxem5x,title,true,false,by_design_not_rendered_for_named_sections_(see_HotelSectionContent.tsx)_uses_a_static_label_instead
hotel-page,gcbsu5lzy7fytxw3s3lc8610,title,true,false,by_design_not_rendered_for_named_sections_(see_HotelSectionContent.tsx)_uses_a_static_label_instead
hotel-page,gkea9ua9vkmfnezy0xk7u6jo,title,true,true,
hotel-page,habfyb9oex1hxi50r4ojyz77,title,true,false,by_design_not_rendered_for_named_sections_(see_HotelSectionContent.tsx)_uses_a_static_label_instead
hotel-page,cg86t0gy2ukc2s2ewoubsmwg,title,true,false,by_design_not_rendered_for_named_sections_(see_HotelSectionContent.tsx)_uses_a_static_label_instead
hotel-page,n9ejkqf3n5oh0d0iksxitewf,title,true,false,by_design_not_rendered_for_named_sections_(see_HotelSectionContent.tsx)_uses_a_static_label_instead
hotel-page,im2q6xdpseg6hoi7thpzwyll,title,true,false,by_design_not_rendered_for_named_sections_(see_HotelSectionContent.tsx)_uses_a_static_label_instead
hotel-page,q9e69w14l7yxy6s7h36jgvqn,title,true,false,by_design_not_rendered_for_named_sections_(see_HotelSectionContent.tsx)_uses_a_static_label_instead
hotel-page,f5lcmdyped9b4z4f4o2usoi4,title,true,false,by_design_not_rendered_for_named_sections_(see_HotelSectionContent.tsx)_uses_a_static_label_instead
hotel-page,pthutzzz8w91fk8rld0svp9c,title,true,true,
hotel-page,zkk9oebt1jwcj3xdzgtsc5xr,title,true,true,
hotel-page,x220qyl4jf529wa5ybh77161,title,true,false,by_design_not_rendered_for_named_sections_(see_HotelSectionContent.tsx)_uses_a_static_label_instead
hotel-page,n07u95v84wan2dxlvk8hxhfe,title,true,true,
hotel-page,au7cyszaaoaog7m4asrdbf2f,title,true,false,by_design_not_rendered_for_named_sections_(see_HotelSectionContent.tsx)_uses_a_static_label_instead
hotel-page,sd8q0t6t1v8utlsg0z95qfgc,title,true,false,by_design_not_rendered_for_named_sections_(see_HotelSectionContent.tsx)_uses_a_static_label_instead
hotel-page,gdf4bzcu8raz0o5g3orxtvo3,title,true,true,
hotel-page,fpr69xt0iw3nxx8t13xsxdqt,title,true,false,by_design_not_rendered_for_named_sections_(see_HotelSectionContent.tsx)_uses_a_static_label_instead
hotel-page,xsl1qi3k1rqqfkazlenqc1c8,title,true,true,
hotel-page,kz0akiu4k3565tj934ddppow,title,true,false,by_design_not_rendered_for_named_sections_(see_HotelSectionContent.tsx)_uses_a_static_label_instead
hotel-page,ifysmtn4l1dr6eewulewxuyl,title,true,false,by_design_not_rendered_for_named_sections_(see_HotelSectionContent.tsx)_uses_a_static_label_instead
hotel-page,dg0fyfqoy0rndgxc5p1tih2c,title,true,true,
hotel-page,adukcj7ww5v2u7im7e10z6yy,title,true,false,by_design_not_rendered_for_named_sections_(see_HotelSectionContent.tsx)_uses_a_static_label_instead
hotel-page,ivy28vyl9s70pcctt51nud7h,title,true,false,by_design_not_rendered_for_named_sections_(see_HotelSectionContent.tsx)_uses_a_static_label_instead
hotel-page,gc7kb6yzohmg78vgq49mia97,title,true,true,
hotel-page,gtgy0innsjdp3bc45n4r3jy8,title,true,true,
hotel-page,qpyq0dwhs5kipuk27jpw0pba,title,true,false,by_design_not_rendered_for_named_sections_(see_HotelSectionContent.tsx)_uses_a_static_label_instead
hotel-page,lo1bgydhjfco89njttgxjvpu,title,true,false,by_design_not_rendered_for_named_sections_(see_HotelSectionContent.tsx)_uses_a_static_label_instead
hotel-page,y9bf5zsvzy3nocec3tc31z5t,title,true,true,
hotel-page,rbpoilbnccmnj273ab9ts64g,title,true,true,
hotel-page,zbhpo5ijsavbkpyubtvnkuwj,title,true,false,by_design_not_rendered_for_named_sections_(see_HotelSectionContent.tsx)_uses_a_static_label_instead
hotel-page,mnikmvmz542gm4vgjjivz2my,title,true,true,
hotel-page,e3ua9iqd6ysbh3fv04psoeg6,title,true,false,by_design_not_rendered_for_named_sections_(see_HotelSectionContent.tsx)_uses_a_static_label_instead
hotel-page,ppz01cz38x1bba0rvg8el2u3,title,true,false,by_design_not_rendered_for_named_sections_(see_HotelSectionContent.tsx)_uses_a_static_label_instead
hotel-page,wlwr24hjrenez9f9ysqxxgjk,title,true,true,
hotel-page,ifv6e5xtkh8anc0oeb1lvnk6,title,true,true,
hotel-page,jyqhmncf15z88p1ishgaae7h,title,true,false,by_design_not_rendered_for_named_sections_(see_HotelSectionContent.tsx)_uses_a_static_label_instead
hotel-page,it672j643sa3k0ks2e11ep4y,title,true,true,
hotel-page,f8oaxk7u0qckjjyei6enotmc,title,true,false,by_design_not_rendered_for_named_sections_(see_HotelSectionContent.tsx)_uses_a_static_label_instead
hotel-page,adqsjqk6njpelgl5b8q6hkxe,title,true,true,
hotel-page,dqfyr5jo4vmqjbv4isyd626c,title,true,true,
hotel-page,pbvotvgi0f9b25il9qq102gr,title,true,false,by_design_not_rendered_for_named_sections_(see_HotelSectionContent.tsx)_uses_a_static_label_instead
hotel-page,pwej5qzj1yzg4nd19v4so9ws,title,true,true,
hotel-page,clue6qh1z9gp2a7d402p8fxa,title,true,false,by_design_not_rendered_for_named_sections_(see_HotelSectionContent.tsx)_uses_a_static_label_instead
hotel-page,d3m0bccg3utfofh6wjv5s30x,title,true,true,
hotel-page,p7bq98v0cm1eo0do0og0tye5,title,true,true,
hotel-page,mevy4927djkoyq9ecz7py5yz,title,true,true,
hotel-page,kab0dvxpiaa9fmj6r9jqhao8,title,true,true,
hotel-page,ghm2o0znk7qlmn98019435w5,title,true,true,
hotel-page,nquzt2oaapqnob0shf2kdfh2,title,true,true,
hotel-page,qf2mw52t0epgfnkxo19pntjm,title,true,false,by_design_not_rendered_for_named_sections_(see_HotelSectionContent.tsx)_uses_a_static_label_instead
hotel-page,ut19hlkroaomv9exkht42atv,title,true,false,by_design_not_rendered_for_named_sections_(see_HotelSectionContent.tsx)_uses_a_static_label_instead
hotel-page,m85jtth4o7g7o1neud023gch,title,true,false,by_design_not_rendered_for_named_sections_(see_HotelSectionContent.tsx)_uses_a_static_label_instead
hotel-page,i4pxrwnvyodmsr5tr37lxaq0,title,true,false,by_design_not_rendered_for_named_sections_(see_HotelSectionContent.tsx)_uses_a_static_label_instead
hotel-page,afx5hzof892xjewsvg2s7xkx,title,true,false,by_design_not_rendered_for_named_sections_(see_HotelSectionContent.tsx)_uses_a_static_label_instead
hotel-page,h8ru87qiuef8qxkja8eqfk5m,title,true,false,by_design_not_rendered_for_named_sections_(see_HotelSectionContent.tsx)_uses_a_static_label_instead
hotel-page,k39d7o0whmopnydsyu27iewi,title,true,false,by_design_not_rendered_for_named_sections_(see_HotelSectionContent.tsx)_uses_a_static_label_instead
hotel-page,zjcn8g7ve2lgabts5uqr2rqx,title,true,false,by_design_not_rendered_for_named_sections_(see_HotelSectionContent.tsx)_uses_a_static_label_instead
hotel-page,nxfzv1gvu5rqmlr9bvtp330l,title,true,false,by_design_not_rendered_for_named_sections_(see_HotelSectionContent.tsx)_uses_a_static_label_instead
hotel-page,c7olxuv4wdo7xamxyn2kbijt,title,true,false,by_design_not_rendered_for_named_sections_(see_HotelSectionContent.tsx)_uses_a_static_label_instead
hotel-page,ej1dt5qsiw4qm78vpm0g04s8,title,true,false,by_design_not_rendered_for_named_sections_(see_HotelSectionContent.tsx)_uses_a_static_label_instead
hotel-page,lk3m1vr9i32prhc4qfi8ebvp,title,true,true,
hotel-page,x2ojjsj0pj81zyo9r9l2ljr9,title,true,false,by_design_not_rendered_for_named_sections_(see_HotelSectionContent.tsx)_uses_a_static_label_instead
hotel-page,olt5ncfj3ij6fg1ohsjxrrk0,title,true,false,by_design_not_rendered_for_named_sections_(see_HotelSectionContent.tsx)_uses_a_static_label_instead
hotel-page,jpw4nyvp8ypalanl7vuqep8f,title,true,true,
hotel-page,lmaelrqv9cxjkdhwh9icfnfs,title,true,false,by_design_not_rendered_for_named_sections_(see_HotelSectionContent.tsx)_uses_a_static_label_instead
hotel-page,wn8n8jmacym53gche4yk9pwm,title,true,true,
hotel-page,ker81zkrra6h33ikqyfg3e7d,title,true,true,
hotel-page,ohbdrbb00oo6bi8i82sam86i,title,true,false,by_design_not_rendered_for_named_sections_(see_HotelSectionContent.tsx)_uses_a_static_label_instead
hotel-page,yzqhqsoao0ozqjmidvdg187r,title,true,false,by_design_not_rendered_for_named_sections_(see_HotelSectionContent.tsx)_uses_a_static_label_instead
hotel-page,sgod6u9ndlp3wrianjbviqid,title,true,true,
hotel-page,rxddmtwt6h1lyyx82corpfnl,title,true,false,by_design_not_rendered_for_named_sections_(see_HotelSectionContent.tsx)_uses_a_static_label_instead
hotel-page,b6wea8azozl9dtfiqt7dc6rm,title,true,false,by_design_not_rendered_for_named_sections_(see_HotelSectionContent.tsx)_uses_a_static_label_instead
hotel-page,njm937lv0d0f0vjk33rhs1tq,title,true,false,by_design_not_rendered_for_named_sections_(see_HotelSectionContent.tsx)_uses_a_static_label_instead
hotel-page,q761yfxg1u9gprpvxyccz46m,title,true,false,by_design_not_rendered_for_named_sections_(see_HotelSectionContent.tsx)_uses_a_static_label_instead
hotel-page,qiayjgwtvdjqi3hp5u66rdvq,title,true,false,by_design_not_rendered_for_named_sections_(see_HotelSectionContent.tsx)_uses_a_static_label_instead
hotel-page,g2yi394cvercgbprkdearf40,title,true,false,by_design_not_rendered_for_named_sections_(see_HotelSectionContent.tsx)_uses_a_static_label_instead
hotel-page,b2d3ypecevhoqrwwsrde1pf9,title,true,false,by_design_not_rendered_for_named_sections_(see_HotelSectionContent.tsx)_uses_a_static_label_instead
hotel-page,chmbqtlbt08c5xjfb508sc8d,title,true,false,by_design_not_rendered_for_named_sections_(see_HotelSectionContent.tsx)_uses_a_static_label_instead
hotel-page,g5e95l0oybdhrwlv4yd0r2sw,title,true,false,by_design_not_rendered_for_named_sections_(see_HotelSectionContent.tsx)_uses_a_static_label_instead
hotel-page,us5xl4a8gyk7rxv8ng484d9g,title,true,false,by_design_not_rendered_for_named_sections_(see_HotelSectionContent.tsx)_uses_a_static_label_instead
hotel-page,qwm9ixv4yj0ee26l0hvvp4c6,title,true,false,by_design_not_rendered_for_named_sections_(see_HotelSectionContent.tsx)_uses_a_static_label_instead
hotel-page,rno9u8c008n0a7ffvaxyxh93,title,true,false,by_design_not_rendered_for_named_sections_(see_HotelSectionContent.tsx)_uses_a_static_label_instead
hotel-page,mx5g0utsqefzsiwq6pqphgc1,title,true,false,by_design_not_rendered_for_named_sections_(see_HotelSectionContent.tsx)_uses_a_static_label_instead
hotel-page,wk04b5rym8xansinwevk4egi,title,true,false,by_design_not_rendered_for_named_sections_(see_HotelSectionContent.tsx)_uses_a_static_label_instead
hotel-page,euj3pcuq5qtv6s66vjjs5jii,title,true,false,by_design_not_rendered_for_named_sections_(see_HotelSectionContent.tsx)_uses_a_static_label_instead
hotel-page,xpq08uj2ktqlbeneftl7fx1n,title,true,false,by_design_not_rendered_for_named_sections_(see_HotelSectionContent.tsx)_uses_a_static_label_instead
hotel-page,pvnfhkcv50e9yb52l9vnm66b,title,true,false,by_design_not_rendered_for_named_sections_(see_HotelSectionContent.tsx)_uses_a_static_label_instead
hotel-page,f5uclzj9js7xg6efxtysyp1u,title,true,false,by_design_not_rendered_for_named_sections_(see_HotelSectionContent.tsx)_uses_a_static_label_instead
hotel-page,dmtbmayvdbgibkbfbz7t10xj,title,true,false,by_design_not_rendered_for_named_sections_(see_HotelSectionContent.tsx)_uses_a_static_label_instead
hotel-page,di4680t3nhreyp2w0ox3y7vs,title,true,false,by_design_not_rendered_for_named_sections_(see_HotelSectionContent.tsx)_uses_a_static_label_instead
hotel-page,ylukn7jzmpzxgea6ffnap6to,title,true,false,by_design_not_rendered_for_named_sections_(see_HotelSectionContent.tsx)_uses_a_static_label_instead
hotel-page,u031kknheyvbluiq4wxzbkiw,title,true,false,by_design_not_rendered_for_named_sections_(see_HotelSectionContent.tsx)_uses_a_static_label_instead
hotel-page,kfog39iionudcxirqv2o561k,title,true,false,by_design_not_rendered_for_named_sections_(see_HotelSectionContent.tsx)_uses_a_static_label_instead
hotel-page,kjykwvet03k586qnrikykgz1,title,true,false,by_design_not_rendered_for_named_sections_(see_HotelSectionContent.tsx)_uses_a_static_label_instead
hotel-page,dct57z0qft6ysu7zf538qqno,title,true,false,by_design_not_rendered_for_named_sections_(see_HotelSectionContent.tsx)_uses_a_static_label_instead
hotel-page,mdjoxoooemua4eb05izeu8nj,title,true,false,by_design_not_rendered_for_named_sections_(see_HotelSectionContent.tsx)_uses_a_static_label_instead
hotel-page,jfm9y06102xoh1skfnz6uiqc,title,true,false,by_design_not_rendered_for_named_sections_(see_HotelSectionContent.tsx)_uses_a_static_label_instead
hotel-page,c61vod705d6uqp0zd4ann13j,title,true,false,by_design_not_rendered_for_named_sections_(see_HotelSectionContent.tsx)_uses_a_static_label_instead
hotel-page,rt49uaf1gq937xlzk61o42oc,title,true,false,by_design_not_rendered_for_named_sections_(see_HotelSectionContent.tsx)_uses_a_static_label_instead
hotel-page,kek9ygjvebofph0dwfp9ryf9,title,true,false,by_design_not_rendered_for_named_sections_(see_HotelSectionContent.tsx)_uses_a_static_label_instead
hotel-page,bx39bltxdwht7jca5bcjapm0,title,true,false,by_design_not_rendered_for_named_sections_(see_HotelSectionContent.tsx)_uses_a_static_label_instead
hotel-page,cqjbyygn8f8eiu3y2mu9cmla,title,true,false,by_design_not_rendered_for_named_sections_(see_HotelSectionContent.tsx)_uses_a_static_label_instead
hotel-page,z97yvdm0ypnqa52l3ufc4f08,title,true,false,by_design_not_rendered_for_named_sections_(see_HotelSectionContent.tsx)_uses_a_static_label_instead
hotel-page,i0xz9ppag2hhhvj995em780i,title,true,false,by_design_not_rendered_for_named_sections_(see_HotelSectionContent.tsx)_uses_a_static_label_instead
hotel-page,k9xj6rtrbx1sefcof6rl529z,title,true,false,by_design_not_rendered_for_named_sections_(see_HotelSectionContent.tsx)_uses_a_static_label_instead
hotel-page,qtmv8cunuj0z1dt3e2ffq3w9,title,true,false,by_design_not_rendered_for_named_sections_(see_HotelSectionContent.tsx)_uses_a_static_label_instead
hotel-page,ig9liht919nzk8y1sps7b2if,title,true,false,by_design_not_rendered_for_named_sections_(see_HotelSectionContent.tsx)_uses_a_static_label_instead
hotel-page,k9gpxhl8o3poo4vk8vsg8zmk,title,true,false,by_design_not_rendered_for_named_sections_(see_HotelSectionContent.tsx)_uses_a_static_label_instead
hotel-page,h3qm4g9xs7pfgdwnmxofftkm,title,true,false,by_design_not_rendered_for_named_sections_(see_HotelSectionContent.tsx)_uses_a_static_label_instead
hotel-page,gf95oljh8rm9rens59ll97il,title,true,false,by_design_not_rendered_for_named_sections_(see_HotelSectionContent.tsx)_uses_a_static_label_instead
hotel-page,sncxjf4hhk63ok2pof8pmacq,title,true,false,by_design_not_rendered_for_named_sections_(see_HotelSectionContent.tsx)_uses_a_static_label_instead
hotel-page,a1yfasgjj0kgntrdq1ulyimr,title,true,false,by_design_not_rendered_for_named_sections_(see_HotelSectionContent.tsx)_uses_a_static_label_instead
hotel-page,nhw4246geho426eswpdlwv5i,title,true,false,by_design_not_rendered_for_named_sections_(see_HotelSectionContent.tsx)_uses_a_static_label_instead
hotel-page,wpl94lfq8584lr1cb2ufd8lr,title,true,false,by_design_not_rendered_for_named_sections_(see_HotelSectionContent.tsx)_uses_a_static_label_instead
hotel-page,htf3kiqztvdlg13sq3nn9dw4,title,true,false,by_design_not_rendered_for_named_sections_(see_HotelSectionContent.tsx)_uses_a_static_label_instead
hotel-page,ew2h2kn17dkvymtti0mt98t7,title,true,false,by_design_not_rendered_for_named_sections_(see_HotelSectionContent.tsx)_uses_a_static_label_instead
hotel-page,q3qm39yj4fbjp68c64yco2oa,title,true,false,by_design_not_rendered_for_named_sections_(see_HotelSectionContent.tsx)_uses_a_static_label_instead
hotel-page,l1zi7eamf58epo6vzn6ywpus,title,true,false,by_design_not_rendered_for_named_sections_(see_HotelSectionContent.tsx)_uses_a_static_label_instead
hotel-page,o3wamj60oajh3nmfys65lxwl,title,true,false,by_design_not_rendered_for_named_sections_(see_HotelSectionContent.tsx)_uses_a_static_label_instead
hotel-page,ywt71rdw9w4wfq9obg0s63lc,title,true,false,by_design_not_rendered_for_named_sections_(see_HotelSectionContent.tsx)_uses_a_static_label_instead
hotel-page,cyb7p4t6p7xitzs1fb2shsfs,title,true,false,by_design_not_rendered_for_named_sections_(see_HotelSectionContent.tsx)_uses_a_static_label_instead
hotel-page,og7h8o99hu8jkg9x92pidhdj,title,true,false,by_design_not_rendered_for_named_sections_(see_HotelSectionContent.tsx)_uses_a_static_label_instead
hotel-page,e9ebld3s3a6oeh6aqsiqqecz,title,true,false,by_design_not_rendered_for_named_sections_(see_HotelSectionContent.tsx)_uses_a_static_label_instead
hotel-page,pv7iwx9sngq24ikghvylvjp3,title,true,false,by_design_not_rendered_for_named_sections_(see_HotelSectionContent.tsx)_uses_a_static_label_instead
hotel-page,uawu195s7chhxfcw3o3w91de,title,true,false,by_design_not_rendered_for_named_sections_(see_HotelSectionContent.tsx)_uses_a_static_label_instead
hotel-page,mfmk34ff3wqupy8np27rr55i,title,true,false,by_design_not_rendered_for_named_sections_(see_HotelSectionContent.tsx)_uses_a_static_label_instead
hotel-page,kjyvq2amnfal9473ztwzan9c,title,true,false,by_design_not_rendered_for_named_sections_(see_HotelSectionContent.tsx)_uses_a_static_label_instead
hotel-page,hvch5a74vzfhlou5stm9oql1,title,true,false,by_design_not_rendered_for_named_sections_(see_HotelSectionContent.tsx)_uses_a_static_label_instead
hotel-page,g4l5sbreyztw4vbinbs2h9js,title,true,false,by_design_not_rendered_for_named_sections_(see_HotelSectionContent.tsx)_uses_a_static_label_instead
hotel-page,erbdy6aknfgd5i742ohjbz4p,title,true,false,by_design_not_rendered_for_named_sections_(see_HotelSectionContent.tsx)_uses_a_static_label_instead
hotel-page,w710w77j38biyt0n3pws9ie6,title,true,false,by_design_not_rendered_for_named_sections_(see_HotelSectionContent.tsx)_uses_a_static_label_instead
hotel-page,ancidawh9swtmmwh8n0kysz5,title,true,false,by_design_not_rendered_for_named_sections_(see_HotelSectionContent.tsx)_uses_a_static_label_instead
hotel-page,przw9fx1kmgc44jsufw8jqaa,title,true,false,by_design_not_rendered_for_named_sections_(see_HotelSectionContent.tsx)_uses_a_static_label_instead
hotel-page,c7xzo301i1z7yy3vsv2ar9i7,title,true,false,by_design_not_rendered_for_named_sections_(see_HotelSectionContent.tsx)_uses_a_static_label_instead
hotel-page,lfz3pmz5wcuda9deonch079u,title,true,false,by_design_not_rendered_for_named_sections_(see_HotelSectionContent.tsx)_uses_a_static_label_instead
hotel-page,ju92g1j7z2y0bnv867m0be5d,title,true,false,by_design_not_rendered_for_named_sections_(see_HotelSectionContent.tsx)_uses_a_static_label_instead
hotel-page,hhyfqpdn5ybjq216l0tyc8qq,title,true,false,by_design_not_rendered_for_named_sections_(see_HotelSectionContent.tsx)_uses_a_static_label_instead
hotel-page,r9qb0vwvglmo57lzz7mxf3al,title,true,false,by_design_not_rendered_for_named_sections_(see_HotelSectionContent.tsx)_uses_a_static_label_instead
hotel-page,iyln789352fsvztg409s0sos,title,true,false,by_design_not_rendered_for_named_sections_(see_HotelSectionContent.tsx)_uses_a_static_label_instead
hotel-page,d6kny4uqxy7ss2y66cr16ukn,title,true,false,by_design_not_rendered_for_named_sections_(see_HotelSectionContent.tsx)_uses_a_static_label_instead
hotel-page,ve2kon4j397y10ncwcsu92pg,title,true,false,by_design_not_rendered_for_named_sections_(see_HotelSectionContent.tsx)_uses_a_static_label_instead
hotel-page,qv7x9mowfgbqnmt9lipg2ayz,title,true,false,by_design_not_rendered_for_named_sections_(see_HotelSectionContent.tsx)_uses_a_static_label_instead
hotel-page,aw33jcd99l6y53cjl8k0conv,title,true,false,by_design_not_rendered_for_named_sections_(see_HotelSectionContent.tsx)_uses_a_static_label_instead
hotel-page,es1p4rhlh8150m8qx301wt89,title,true,false,by_design_not_rendered_for_named_sections_(see_HotelSectionContent.tsx)_uses_a_static_label_instead
hotel-page,d4xuhpw7qvx06m7hp9knwlo2,title,true,false,by_design_not_rendered_for_named_sections_(see_HotelSectionContent.tsx)_uses_a_static_label_instead
hotel-page,xfczl1eoftfxodl6t0hi3wv4,title,true,false,by_design_not_rendered_for_named_sections_(see_HotelSectionContent.tsx)_uses_a_static_label_instead
hotel-page,ahopth61os5ro988b0zb9dv4,title,true,false,by_design_not_rendered_for_named_sections_(see_HotelSectionContent.tsx)_uses_a_static_label_instead
hotel-page,amukeixame1iqf20c4u4xjjp,title,true,false,by_design_not_rendered_for_named_sections_(see_HotelSectionContent.tsx)_uses_a_static_label_instead
hotel-page,fps1s6uy5sdknhx74hx5dzhd,title,true,false,by_design_not_rendered_for_named_sections_(see_HotelSectionContent.tsx)_uses_a_static_label_instead
hotel-page,imnz7hwu53onxnba5gqr5kkr,title,true,false,by_design_not_rendered_for_named_sections_(see_HotelSectionContent.tsx)_uses_a_static_label_instead
hotel-page,m32br4h3qaf837sp9qcuzxr7,title,true,false,by_design_not_rendered_for_named_sections_(see_HotelSectionContent.tsx)_uses_a_static_label_instead
hotel-page,cj951md6bwluh8vd5wbsgiqn,title,true,false,by_design_not_rendered_for_named_sections_(see_HotelSectionContent.tsx)_uses_a_static_label_instead
hotel-page,kwo7gipi0fsfhs0nbbqx05qo,title,true,false,by_design_not_rendered_for_named_sections_(see_HotelSectionContent.tsx)_uses_a_static_label_instead
hotel-page,fowjwsqc1h0ws501vekran0w,title,true,false,by_design_not_rendered_for_named_sections_(see_HotelSectionContent.tsx)_uses_a_static_label_instead
hotel-page,hjws1uvmmpmf9fpsjp21cvjo,title,true,false,by_design_not_rendered_for_named_sections_(see_HotelSectionContent.tsx)_uses_a_static_label_instead
hotel-page,x8a4nvfr5tw9i1jxeswrn2lr,title,true,false,by_design_not_rendered_for_named_sections_(see_HotelSectionContent.tsx)_uses_a_static_label_instead
hotel-page,ch0lnn2tiesjoc397j4do64r,title,true,false,by_design_not_rendered_for_named_sections_(see_HotelSectionContent.tsx)_uses_a_static_label_instead
hotel-page,hkxivmsf2t29iu810w9g5c71,title,true,false,by_design_not_rendered_for_named_sections_(see_HotelSectionContent.tsx)_uses_a_static_label_instead
hotel-page,sgeznxy04y9ywfyg79og1lxq,title,true,false,by_design_not_rendered_for_named_sections_(see_HotelSectionContent.tsx)_uses_a_static_label_instead
hotel-page,e75rlkub7rdvmbr3n2v4yp6p,title,true,false,by_design_not_rendered_for_named_sections_(see_HotelSectionContent.tsx)_uses_a_static_label_instead
hotel-page,c7jweuh1npy0mwujaesbrv56,title,true,false,by_design_not_rendered_for_named_sections_(see_HotelSectionContent.tsx)_uses_a_static_label_instead
hotel-page,jduxyo6jg5u62d76oasimz0g,title,true,false,by_design_not_rendered_for_named_sections_(see_HotelSectionContent.tsx)_uses_a_static_label_instead
hotel-page,ij42wmprcjbzvwldu2r0q8wv,title,true,false,by_design_not_rendered_for_named_sections_(see_HotelSectionContent.tsx)_uses_a_static_label_instead
hotel-page,k0r1fneg60lq4s7ts4tcm8bw,title,true,false,by_design_not_rendered_for_named_sections_(see_HotelSectionContent.tsx)_uses_a_static_label_instead
hotel-page,z1nu6hi44u9uc13oxazrm80l,title,true,false,by_design_not_rendered_for_named_sections_(see_HotelSectionContent.tsx)_uses_a_static_label_instead
hotel-page,hdpz9szxaw61kmxxj3301ygh,title,true,false,by_design_not_rendered_for_named_sections_(see_HotelSectionContent.tsx)_uses_a_static_label_instead
hotel-page,fb05xaw3daiuiycvg2aqfog2,title,true,false,by_design_not_rendered_for_named_sections_(see_HotelSectionContent.tsx)_uses_a_static_label_instead
hotel-page,wp2cwjx7w8a027yiympb2dei,title,true,false,by_design_not_rendered_for_named_sections_(see_HotelSectionContent.tsx)_uses_a_static_label_instead
hotel-page,o0hu00x4xn5pqkbsexnywn5w,title,true,false,by_design_not_rendered_for_named_sections_(see_HotelSectionContent.tsx)_uses_a_static_label_instead
hotel-page,oaov27phpf7awdzwu5mh4xgv,title,true,false,by_design_not_rendered_for_named_sections_(see_HotelSectionContent.tsx)_uses_a_static_label_instead
hotel-page,cfwsqtos06ggfcfpe2pwklk8,title,true,false,by_design_not_rendered_for_named_sections_(see_HotelSectionContent.tsx)_uses_a_static_label_instead
hotel-page,obdwfmsslcn39jqwry04dhfp,title,true,false,by_design_not_rendered_for_named_sections_(see_HotelSectionContent.tsx)_uses_a_static_label_instead
hotel-page,ch5iqxsc5ets68uhsm5ummcz,title,true,false,by_design_not_rendered_for_named_sections_(see_HotelSectionContent.tsx)_uses_a_static_label_instead
hotel-page,xklsva1anwdzjinqknv8wtxq,title,true,false,by_design_not_rendered_for_named_sections_(see_HotelSectionContent.tsx)_uses_a_static_label_instead
hotel-page,n7dahrd9hwwrzmlsoq5fcg3d,title,true,false,by_design_not_rendered_for_named_sections_(see_HotelSectionContent.tsx)_uses_a_static_label_instead
hotel-page,qixml3t59bc3q61r9z3thfjh,title,true,false,by_design_not_rendered_for_named_sections_(see_HotelSectionContent.tsx)_uses_a_static_label_instead
hotel-page,mfump9n5v9c7egjedd4x4qi3,title,true,false,by_design_not_rendered_for_named_sections_(see_HotelSectionContent.tsx)_uses_a_static_label_instead
hotel-page,vwuihxm9mdw7n53141qefvk5,title,true,false,by_design_not_rendered_for_named_sections_(see_HotelSectionContent.tsx)_uses_a_static_label_instead
hotel-page,h2dpgcm8unlusttwbwxwcjmv,title,true,false,by_design_not_rendered_for_named_sections_(see_HotelSectionContent.tsx)_uses_a_static_label_instead
hotel-page,ctvdtv83q8gkqbubhekevt7q,title,true,false,by_design_not_rendered_for_named_sections_(see_HotelSectionContent.tsx)_uses_a_static_label_instead
hotel-page,w0aaf2qr1wleqxeskljdz8g5,title,true,false,by_design_not_rendered_for_named_sections_(see_HotelSectionContent.tsx)_uses_a_static_label_instead
hotel-page,y8atz8geixvxc2aw13gj5iro,title,true,false,by_design_not_rendered_for_named_sections_(see_HotelSectionContent.tsx)_uses_a_static_label_instead
hotel-page,mlf06rncnd1pmb4t3t6uvy21,title,true,false,by_design_not_rendered_for_named_sections_(see_HotelSectionContent.tsx)_uses_a_static_label_instead
hotel-page,q9l2b73s4ta8n4jzbehmp6v2,title,true,false,by_design_not_rendered_for_named_sections_(see_HotelSectionContent.tsx)_uses_a_static_label_instead
hotel-page,fb8c50lcqoae92hm6eezm16r,title,true,false,by_design_not_rendered_for_named_sections_(see_HotelSectionContent.tsx)_uses_a_static_label_instead
hotel-page,m4kv0lt58qbyil569kgvkpxu,title,true,false,by_design_not_rendered_for_named_sections_(see_HotelSectionContent.tsx)_uses_a_static_label_instead
hotel-page,vfdaa3siw2u841kfogcj7mzs,title,true,false,by_design_not_rendered_for_named_sections_(see_HotelSectionContent.tsx)_uses_a_static_label_instead
hotel-page,xyh4oitxtjit29ozokrbnute,title,true,false,by_design_not_rendered_for_named_sections_(see_HotelSectionContent.tsx)_uses_a_static_label_instead
hotel-page,ffhee9r6db800u103rvk4s25,title,true,false,by_design_not_rendered_for_named_sections_(see_HotelSectionContent.tsx)_uses_a_static_label_instead
hotel-page,w9ilj6z1y7qx6ekx0qk3edp9,title,true,false,by_design_not_rendered_for_named_sections_(see_HotelSectionContent.tsx)_uses_a_static_label_instead
hotel-page,v3oylknj0cgm3513r0yk5i1f,title,true,false,by_design_not_rendered_for_named_sections_(see_HotelSectionContent.tsx)_uses_a_static_label_instead
hotel-page,zzk0h3kkedw46v1kznvuj2tz,title,true,false,by_design_not_rendered_for_named_sections_(see_HotelSectionContent.tsx)_uses_a_static_label_instead
hotel-page,w8jpx7jw1ge0k3edzqd2crx4,title,true,false,by_design_not_rendered_for_named_sections_(see_HotelSectionContent.tsx)_uses_a_static_label_instead
hotel-page,f3t9vqtmm2k01snw9tl2z0j9,title,true,false,by_design_not_rendered_for_named_sections_(see_HotelSectionContent.tsx)_uses_a_static_label_instead
hotel-page,yvije1vurti7hv5q0sm6903v,title,true,false,by_design_not_rendered_for_named_sections_(see_HotelSectionContent.tsx)_uses_a_static_label_instead
hotel-page,xlw1ez3uch10a3sm02v92ekn,title,true,false,by_design_not_rendered_for_named_sections_(see_HotelSectionContent.tsx)_uses_a_static_label_instead
hotel-page,d5cr5riyyami15eer80fwi7v,title,true,false,by_design_not_rendered_for_named_sections_(see_HotelSectionContent.tsx)_uses_a_static_label_instead
hotel-page,vdt911oq9dv2pp1jtes2dejp,title,true,false,by_design_not_rendered_for_named_sections_(see_HotelSectionContent.tsx)_uses_a_static_label_instead
hotel-page,jg7jdsezheo8l9mvaguflt65,title,true,false,by_design_not_rendered_for_named_sections_(see_HotelSectionContent.tsx)_uses_a_static_label_instead
hotel-page,wzb6bdkkdk6fowpmoa39zsbm,title,true,false,by_design_not_rendered_for_named_sections_(see_HotelSectionContent.tsx)_uses_a_static_label_instead
hotel-page,zqyoquy10hjv8cnklv90nd56,title,true,false,by_design_not_rendered_for_named_sections_(see_HotelSectionContent.tsx)_uses_a_static_label_instead
hotel-page,zul9gu2mwrqw116595twu9wk,title,true,false,by_design_not_rendered_for_named_sections_(see_HotelSectionContent.tsx)_uses_a_static_label_instead
hotel-page,yohnaam034n0ew2zq85yoc48,title,true,false,by_design_not_rendered_for_named_sections_(see_HotelSectionContent.tsx)_uses_a_static_label_instead
hotel-page,f4tu9dpueht9rz3ebvswfv63,title,true,false,by_design_not_rendered_for_named_sections_(see_HotelSectionContent.tsx)_uses_a_static_label_instead
hotel-page,xg3x0269swd351z2n9o9nxhz,title,true,false,by_design_not_rendered_for_named_sections_(see_HotelSectionContent.tsx)_uses_a_static_label_instead
hotel-page,ufk3thd0pps69lxr2umagogf,title,true,false,by_design_not_rendered_for_named_sections_(see_HotelSectionContent.tsx)_uses_a_static_label_instead
hotel-page,p1b2zt8kyivbvxljvrhf2ozr,title,true,false,by_design_not_rendered_for_named_sections_(see_HotelSectionContent.tsx)_uses_a_static_label_instead
hotel-page,wta1ezbtuaptriw57u8a18tp,title,true,false,by_design_not_rendered_for_named_sections_(see_HotelSectionContent.tsx)_uses_a_static_label_instead
hotel-page,ul60nmy22tm6gg1pmbjtuijv,title,true,false,by_design_not_rendered_for_named_sections_(see_HotelSectionContent.tsx)_uses_a_static_label_instead
hotel-page,neglh8u2uf6y94whpvyh9wo4,title,true,false,by_design_not_rendered_for_named_sections_(see_HotelSectionContent.tsx)_uses_a_static_label_instead
hotel-page,rjie5dgajzeb73ydjtylap8q,title,true,false,by_design_not_rendered_for_named_sections_(see_HotelSectionContent.tsx)_uses_a_static_label_instead
hotel-page,agjk90hjd3ryjudb6mdqv2pp,title,true,false,by_design_not_rendered_for_named_sections_(see_HotelSectionContent.tsx)_uses_a_static_label_instead
hotel-page,q1s5mcu1ut0djbhl2utg9ko9,title,true,false,by_design_not_rendered_for_named_sections_(see_HotelSectionContent.tsx)_uses_a_static_label_instead
hotel-page,ii92phvrtdg7kq7tmaifaxwz,title,true,false,by_design_not_rendered_for_named_sections_(see_HotelSectionContent.tsx)_uses_a_static_label_instead
hotel-page,avdwk0hdu909ha19bvznv6m9,title,true,false,by_design_not_rendered_for_named_sections_(see_HotelSectionContent.tsx)_uses_a_static_label_instead
hotel-page,uj3r7ebkkvk1d8incrrv8fnu,title,true,false,by_design_not_rendered_for_named_sections_(see_HotelSectionContent.tsx)_uses_a_static_label_instead
hotel-page,qxi5n8iu0pkpseno4db1ys71,title,true,false,by_design_not_rendered_for_named_sections_(see_HotelSectionContent.tsx)_uses_a_static_label_instead
hotel-page,en2tt3t9wry9k2r1mw6n4xjd,title,true,false,by_design_not_rendered_for_named_sections_(see_HotelSectionContent.tsx)_uses_a_static_label_instead
hotel-page,bcx3xwzojy8risjn7kj06dtb,title,true,false,by_design_not_rendered_for_named_sections_(see_HotelSectionContent.tsx)_uses_a_static_label_instead
hotel-page,ni0njrua1sdlo243vzbw4jk5,title,true,false,by_design_not_rendered_for_named_sections_(see_HotelSectionContent.tsx)_uses_a_static_label_instead
hotel-page,fc2tgv84hju0j9z1qejdy2cg,title,true,false,by_design_not_rendered_for_named_sections_(see_HotelSectionContent.tsx)_uses_a_static_label_instead
hotel-page,m6davkeg5tl9m7m1df3mv8ha,title,true,false,by_design_not_rendered_for_named_sections_(see_HotelSectionContent.tsx)_uses_a_static_label_instead
hotel-page,f889abnm29luo4p16q3tuwrb,title,true,false,by_design_not_rendered_for_named_sections_(see_HotelSectionContent.tsx)_uses_a_static_label_instead
hotel-page,g29mnyw6twek1k4abmpfx1h4,title,true,false,by_design_not_rendered_for_named_sections_(see_HotelSectionContent.tsx)_uses_a_static_label_instead
hotel-page,il6q3hs738vpocjlzke2bssr,title,true,false,by_design_not_rendered_for_named_sections_(see_HotelSectionContent.tsx)_uses_a_static_label_instead
hotel-page,wortvduczcye4w4bpcaagt2g,title,true,false,by_design_not_rendered_for_named_sections_(see_HotelSectionContent.tsx)_uses_a_static_label_instead
hotel-page,ekbvgoylkrl8yrj1ytvvez0c,title,true,false,by_design_not_rendered_for_named_sections_(see_HotelSectionContent.tsx)_uses_a_static_label_instead
hotel-page,hwukkne91tgo6x80tgyn4wey,title,true,false,by_design_not_rendered_for_named_sections_(see_HotelSectionContent.tsx)_uses_a_static_label_instead
hotel-page,xnhuhxr1vm26jywh3drnkjen,title,true,false,by_design_not_rendered_for_named_sections_(see_HotelSectionContent.tsx)_uses_a_static_label_instead
hotel-page,x0eipeek7flgpgtw7cdyrfgr,title,true,false,by_design_not_rendered_for_named_sections_(see_HotelSectionContent.tsx)_uses_a_static_label_instead
hotel-page,du2ylm3cbko9fv5hzyapbq0t,title,true,false,by_design_not_rendered_for_named_sections_(see_HotelSectionContent.tsx)_uses_a_static_label_instead
hotel-page,agf22u7dx7je9uwj6tv42usn,title,true,false,by_design_not_rendered_for_named_sections_(see_HotelSectionContent.tsx)_uses_a_static_label_instead
hotel-page,vyhlire234dft21e7lo2g0vf,title,true,false,by_design_not_rendered_for_named_sections_(see_HotelSectionContent.tsx)_uses_a_static_label_instead
hotel-page,twk67y3qoe59n3cyypg0y5uh,title,true,false,by_design_not_rendered_for_named_sections_(see_HotelSectionContent.tsx)_uses_a_static_label_instead
hotel-page,c3cvvtrfvn6ojxb6c8c77fed,title,true,false,by_design_not_rendered_for_named_sections_(see_HotelSectionContent.tsx)_uses_a_static_label_instead
hotel-page,mxej0hlx6qzyqflw4erum1sp,title,true,false,by_design_not_rendered_for_named_sections_(see_HotelSectionContent.tsx)_uses_a_static_label_instead
hotel-page,yxyh6d9tpq53othtr3qley9x,title,true,false,by_design_not_rendered_for_named_sections_(see_HotelSectionContent.tsx)_uses_a_static_label_instead
hotel-page,g66rp30744b52wb6sxj7rd01,title,true,false,by_design_not_rendered_for_named_sections_(see_HotelSectionContent.tsx)_uses_a_static_label_instead
hotel-page,pi6oiwtngr1wjsni1h8re9q8,title,true,false,by_design_not_rendered_for_named_sections_(see_HotelSectionContent.tsx)_uses_a_static_label_instead
hotel-page,t2ebhgfk6arvnfumaql69im1,title,true,false,by_design_not_rendered_for_named_sections_(see_HotelSectionContent.tsx)_uses_a_static_label_instead
hotel-page,qov2dhkbewc1b7n3vj2s0vhl,title,true,false,by_design_not_rendered_for_named_sections_(see_HotelSectionContent.tsx)_uses_a_static_label_instead
hotel-page,g74j7601y2qp2ahguy23xaa9,title,true,false,by_design_not_rendered_for_named_sections_(see_HotelSectionContent.tsx)_uses_a_static_label_instead
hotel-page,jc58csfovbbjy8uucjzq7d3c,title,true,false,by_design_not_rendered_for_named_sections_(see_HotelSectionContent.tsx)_uses_a_static_label_instead
hotel-page,k8roqgy5t88wn8cy4cymh2m8,title,true,false,by_design_not_rendered_for_named_sections_(see_HotelSectionContent.tsx)_uses_a_static_label_instead
hotel-page,p2i1ced9uupt1ogeag38mkuz,title,true,false,by_design_not_rendered_for_named_sections_(see_HotelSectionContent.tsx)_uses_a_static_label_instead
hotel-page,k9xh2hg85kagg6oufwve2ax1,title,true,false,by_design_not_rendered_for_named_sections_(see_HotelSectionContent.tsx)_uses_a_static_label_instead
hotel-page,scu35yu0rm8y8vm74xnt6dr5,title,true,false,by_design_not_rendered_for_named_sections_(see_HotelSectionContent.tsx)_uses_a_static_label_instead
hotel-page,fmprmhrhgz2usg73c6c3ryvh,title,true,false,by_design_not_rendered_for_named_sections_(see_HotelSectionContent.tsx)_uses_a_static_label_instead
hotel-page,mnj8p3nnxdggvtcirdzv5u4w,title,true,false,by_design_not_rendered_for_named_sections_(see_HotelSectionContent.tsx)_uses_a_static_label_instead
hotel-page,t9n1m10zghuzt4jjubhj48lz,title,true,false,by_design_not_rendered_for_named_sections_(see_HotelSectionContent.tsx)_uses_a_static_label_instead
hotel-page,i949gd4e0n0kowkxmbubcdsy,title,true,false,by_design_not_rendered_for_named_sections_(see_HotelSectionContent.tsx)_uses_a_static_label_instead
hotel-page,raqogn5pq8gfy0rhr6jl1xxg,title,true,false,by_design_not_rendered_for_named_sections_(see_HotelSectionContent.tsx)_uses_a_static_label_instead
hotel-page,tz56okdfae9haqv7lr4y20rd,title,true,false,by_design_not_rendered_for_named_sections_(see_HotelSectionContent.tsx)_uses_a_static_label_instead
hotel-page,znrmt4rgmv39ml8164zh5r7r,title,true,false,by_design_not_rendered_for_named_sections_(see_HotelSectionContent.tsx)_uses_a_static_label_instead
hotel-page,b2z2isfph7chg3leef0u8uty,title,true,false,by_design_not_rendered_for_named_sections_(see_HotelSectionContent.tsx)_uses_a_static_label_instead
hotel-page,u2tvq0wbev1z0a922slee9dk,title,true,false,by_design_not_rendered_for_named_sections_(see_HotelSectionContent.tsx)_uses_a_static_label_instead
hotel-page,seqwphifb34phjb1xpk1k50v,title,true,false,by_design_not_rendered_for_named_sections_(see_HotelSectionContent.tsx)_uses_a_static_label_instead
hotel-page,w2q36xfpkrvfp5auybmuc9u8,title,true,false,by_design_not_rendered_for_named_sections_(see_HotelSectionContent.tsx)_uses_a_static_label_instead
hotel-page,o41ro6z1qpo4g65u2544uc5a,title,true,false,by_design_not_rendered_for_named_sections_(see_HotelSectionContent.tsx)_uses_a_static_label_instead
hotel-page,vjl56kczcg4lihtk16l9ogcc,title,true,false,by_design_not_rendered_for_named_sections_(see_HotelSectionContent.tsx)_uses_a_static_label_instead
hotel-page,kaghsv0jpksv0f5oka2z7s2i,title,true,false,by_design_not_rendered_for_named_sections_(see_HotelSectionContent.tsx)_uses_a_static_label_instead
hotel-page,kq7uj4l9ym51hikz92m7ywdn,title,true,false,by_design_not_rendered_for_named_sections_(see_HotelSectionContent.tsx)_uses_a_static_label_instead
hotel-page,sfr9o6d1crk5k58ntelq4qmh,title,true,false,by_design_not_rendered_for_named_sections_(see_HotelSectionContent.tsx)_uses_a_static_label_instead
hotel-page,zsghy33mi8qqjqf0yw9ukbjz,title,true,false,by_design_not_rendered_for_named_sections_(see_HotelSectionContent.tsx)_uses_a_static_label_instead
hotel-page,ycnm2i3ieew3ow0jozg36aue,title,true,false,by_design_not_rendered_for_named_sections_(see_HotelSectionContent.tsx)_uses_a_static_label_instead
hotel-page,azynmlb33duh1arirplxisin,title,true,false,by_design_not_rendered_for_named_sections_(see_HotelSectionContent.tsx)_uses_a_static_label_instead
hotel-page,e5odi24nyun6xjku50z4wfvn,title,true,false,by_design_not_rendered_for_named_sections_(see_HotelSectionContent.tsx)_uses_a_static_label_instead
hotel-page,smmk62qvqr378gs27llgzy86,title,true,false,by_design_not_rendered_for_named_sections_(see_HotelSectionContent.tsx)_uses_a_static_label_instead
hotel-page,x9qh2n2e3qicp2sjwmpk3rak,title,true,false,by_design_not_rendered_for_named_sections_(see_HotelSectionContent.tsx)_uses_a_static_label_instead
hotel-page,upkgy3vs8uilfsnl2u9tdwnr,title,true,false,by_design_not_rendered_for_named_sections_(see_HotelSectionContent.tsx)_uses_a_static_label_instead
hotel-page,tp6yhcu0avv6rr6p4d6ba0rz,title,true,false,by_design_not_rendered_for_named_sections_(see_HotelSectionContent.tsx)_uses_a_static_label_instead
hotel-page,zau0b1ss0dlakzcql0zp2vfj,title,true,false,by_design_not_rendered_for_named_sections_(see_HotelSectionContent.tsx)_uses_a_static_label_instead
hotel-page,eneokivteem35o9yuv8ayvna,title,true,false,by_design_not_rendered_for_named_sections_(see_HotelSectionContent.tsx)_uses_a_static_label_instead
hotel-page,nd2wyvk9vlwzwo0mnvfjr04i,title,true,false,by_design_not_rendered_for_named_sections_(see_HotelSectionContent.tsx)_uses_a_static_label_instead
hotel-page,wvmalab8n1up39zoesztwbv9,title,true,false,by_design_not_rendered_for_named_sections_(see_HotelSectionContent.tsx)_uses_a_static_label_instead
hotel-page,u9eerkfw908kaiqm5j9b7tm5,title,true,false,by_design_not_rendered_for_named_sections_(see_HotelSectionContent.tsx)_uses_a_static_label_instead
hotel-page,l6k8svoj3qbyig8anmbmmatp,title,true,false,by_design_not_rendered_for_named_sections_(see_HotelSectionContent.tsx)_uses_a_static_label_instead
hotel-page,iznllopizsxczlq34e6ghh3f,title,true,false,by_design_not_rendered_for_named_sections_(see_HotelSectionContent.tsx)_uses_a_static_label_instead
hotel-page,b56k3ytr8pv61dcyxdfnu5bs,title,true,false,by_design_not_rendered_for_named_sections_(see_HotelSectionContent.tsx)_uses_a_static_label_instead
hotel-page,xi7rhggmfgzu1bp7qtdxrdsi,title,true,false,by_design_not_rendered_for_named_sections_(see_HotelSectionContent.tsx)_uses_a_static_label_instead
hotel-page,f4iq1pezcvwrmnfp9tciw9dp,title,true,false,by_design_not_rendered_for_named_sections_(see_HotelSectionContent.tsx)_uses_a_static_label_instead
hotel-page,nkuq2aue92dym2qp8nx9kta2,title,true,false,by_design_not_rendered_for_named_sections_(see_HotelSectionContent.tsx)_uses_a_static_label_instead
hotel-page,ml981clgpqoq8ba3ks7nave7,title,true,false,by_design_not_rendered_for_named_sections_(see_HotelSectionContent.tsx)_uses_a_static_label_instead
hotel-page,pazsnx8d4qzu9xfbffn6ux6v,title,true,false,by_design_not_rendered_for_named_sections_(see_HotelSectionContent.tsx)_uses_a_static_label_instead
hotel-page,oo2tfa12tghgha4ppdym5ua0,title,true,false,by_design_not_rendered_for_named_sections_(see_HotelSectionContent.tsx)_uses_a_static_label_instead
hotel-page,jrp51dzhhv25oirtiubwvscm,title,true,false,by_design_not_rendered_for_named_sections_(see_HotelSectionContent.tsx)_uses_a_static_label_instead
hotel-page,kw7vkaya9v93kcsixtdu4tgx,title,true,false,by_design_not_rendered_for_named_sections_(see_HotelSectionContent.tsx)_uses_a_static_label_instead
hotel-page,gejqcr5sdffoaykwyklnbuh1,title,true,false,by_design_not_rendered_for_named_sections_(see_HotelSectionContent.tsx)_uses_a_static_label_instead
hotel-page,ko54elp4jhrqpuef6jt2bx8u,title,true,false,by_design_not_rendered_for_named_sections_(see_HotelSectionContent.tsx)_uses_a_static_label_instead
hotel-page,vdqto4s8vjb73h1vbm0xuzuf,title,true,false,by_design_not_rendered_for_named_sections_(see_HotelSectionContent.tsx)_uses_a_static_label_instead
hotel-page,k3ls2tg4svragqgz46k5bgwj,title,true,false,by_design_not_rendered_for_named_sections_(see_HotelSectionContent.tsx)_uses_a_static_label_instead
hotel-page,e92bcowbf2qfmx8icb1cr7ps,title,true,false,by_design_not_rendered_for_named_sections_(see_HotelSectionContent.tsx)_uses_a_static_label_instead
hotel-page,yaj3qaf3xq32vd9w3slv5a56,title,true,false,by_design_not_rendered_for_named_sections_(see_HotelSectionContent.tsx)_uses_a_static_label_instead
hotel-page,dzutjj5m56cdagc5742n9jkh,title,true,false,by_design_not_rendered_for_named_sections_(see_HotelSectionContent.tsx)_uses_a_static_label_instead
hotel-page,ycb3ir0u9lvydw7akli1n6y8,title,true,false,by_design_not_rendered_for_named_sections_(see_HotelSectionContent.tsx)_uses_a_static_label_instead
hotel-page,oteblt6ecfngaw0rvxmsoud1,title,true,false,by_design_not_rendered_for_named_sections_(see_HotelSectionContent.tsx)_uses_a_static_label_instead
hotel-page,j0oyih4t7p4bkhfwr33oa2il,title,true,false,by_design_not_rendered_for_named_sections_(see_HotelSectionContent.tsx)_uses_a_static_label_instead
hotel-page,asu39u7n6zmfj5fghm76w33d,title,true,false,by_design_not_rendered_for_named_sections_(see_HotelSectionContent.tsx)_uses_a_static_label_instead
hotel-page,na0wky71i8esqgprecls58pk,title,true,false,by_design_not_rendered_for_named_sections_(see_HotelSectionContent.tsx)_uses_a_static_label_instead
hotel-page,jvwz0ixef83r3poi26sycb8c,title,true,false,by_design_not_rendered_for_named_sections_(see_HotelSectionContent.tsx)_uses_a_static_label_instead
hotel-page,s138s6mm8ahco6a75aj50ncu,title,true,false,by_design_not_rendered_for_named_sections_(see_HotelSectionContent.tsx)_uses_a_static_label_instead
hotel-page,hkjrpekx1e45jtiutpu4k64w,title,true,false,by_design_not_rendered_for_named_sections_(see_HotelSectionContent.tsx)_uses_a_static_label_instead
hotel-page,rp1tnsanwiy5xjp6p7lni5l6,title,true,false,by_design_not_rendered_for_named_sections_(see_HotelSectionContent.tsx)_uses_a_static_label_instead
hotel-page,n996ltyzkdhb0p5a19lqrgvh,title,true,false,by_design_not_rendered_for_named_sections_(see_HotelSectionContent.tsx)_uses_a_static_label_instead
hotel-page,qhgcujbkrzwnc2yr9zy0lza7,title,true,false,by_design_not_rendered_for_named_sections_(see_HotelSectionContent.tsx)_uses_a_static_label_instead
hotel-page,vk18yn8uiqzkqjofd577zqax,title,true,false,by_design_not_rendered_for_named_sections_(see_HotelSectionContent.tsx)_uses_a_static_label_instead
hotel-page,al2x2i2g4ajn61rn4jgw5eoh,title,true,false,by_design_not_rendered_for_named_sections_(see_HotelSectionContent.tsx)_uses_a_static_label_instead
hotel-page,u8sq6uefahnr1v91q7m38bxl,title,true,false,by_design_not_rendered_for_named_sections_(see_HotelSectionContent.tsx)_uses_a_static_label_instead
hotel-page,i9rr7vupld4klfvrcnkyvmd6,title,true,false,by_design_not_rendered_for_named_sections_(see_HotelSectionContent.tsx)_uses_a_static_label_instead
hotel-page,jtmo5y4qdknqpth2lqmoqjsv,title,true,false,by_design_not_rendered_for_named_sections_(see_HotelSectionContent.tsx)_uses_a_static_label_instead
hotel-page,xy1yz9l6liuvpwxb8vh1a0va,title,true,false,by_design_not_rendered_for_named_sections_(see_HotelSectionContent.tsx)_uses_a_static_label_instead
hotel-page,j6buc6s3fd5dadgdk2e9ts5x,title,true,false,by_design_not_rendered_for_named_sections_(see_HotelSectionContent.tsx)_uses_a_static_label_instead
hotel-page,x6sc7dp0xmsvtgsvb2rdio2y,title,true,false,by_design_not_rendered_for_named_sections_(see_HotelSectionContent.tsx)_uses_a_static_label_instead
hotel-page,t3wgckrqsqekwhos07z60023,title,true,false,by_design_not_rendered_for_named_sections_(see_HotelSectionContent.tsx)_uses_a_static_label_instead
hotel-page,wgmzelkf5rvgwqscui3ih21y,title,true,false,by_design_not_rendered_for_named_sections_(see_HotelSectionContent.tsx)_uses_a_static_label_instead
hotel-page,x1kbeh3o8jf6httdw0e4mp13,title,true,false,by_design_not_rendered_for_named_sections_(see_HotelSectionContent.tsx)_uses_a_static_label_instead
hotel-page,uk6q5k6sjljga84z4ec3p48z,title,true,false,by_design_not_rendered_for_named_sections_(see_HotelSectionContent.tsx)_uses_a_static_label_instead
hotel-page,simcrmlyrjuxlqla50dom6xn,title,true,false,by_design_not_rendered_for_named_sections_(see_HotelSectionContent.tsx)_uses_a_static_label_instead
hotel-page,pua7vp5ituysu9z72j311lxi,title,true,false,by_design_not_rendered_for_named_sections_(see_HotelSectionContent.tsx)_uses_a_static_label_instead
hotel-page,lknqnr9nitt01whrcthio9fj,title,true,false,by_design_not_rendered_for_named_sections_(see_HotelSectionContent.tsx)_uses_a_static_label_instead
hotel-page,f2yezh0rextv9chvbffolmd3,title,true,false,by_design_not_rendered_for_named_sections_(see_HotelSectionContent.tsx)_uses_a_static_label_instead
hotel-page,hgs57rmr2g1z3qjlbxlz4q3p,title,true,false,by_design_not_rendered_for_named_sections_(see_HotelSectionContent.tsx)_uses_a_static_label_instead
hotel-page,f2ohrhmoi4d3e9gtbk7jenh8,title,true,false,by_design_not_rendered_for_named_sections_(see_HotelSectionContent.tsx)_uses_a_static_label_instead
hotel-page,kiamqxcxhqb21urzawby0nku,title,true,false,by_design_not_rendered_for_named_sections_(see_HotelSectionContent.tsx)_uses_a_static_label_instead
hotel-page,y9sn5icqr0u7a87s91u8gagv,title,true,false,by_design_not_rendered_for_named_sections_(see_HotelSectionContent.tsx)_uses_a_static_label_instead
hotel-page,jj5fq7ofu9estnp5auwj3v7k,title,true,false,by_design_not_rendered_for_named_sections_(see_HotelSectionContent.tsx)_uses_a_static_label_instead
hotel-page,g738kjm582w77nnn3ih95gi7,title,true,false,by_design_not_rendered_for_named_sections_(see_HotelSectionContent.tsx)_uses_a_static_label_instead
hotel-page,cfnxwkl9gwu2djtuut3m2wa3,title,true,false,by_design_not_rendered_for_named_sections_(see_HotelSectionContent.tsx)_uses_a_static_label_instead
hotel-page,m1ujpnl0u49xjtjbufyzd2m8,title,true,false,by_design_not_rendered_for_named_sections_(see_HotelSectionContent.tsx)_uses_a_static_label_instead
hotel-page,so4nthlz7pmrxl7mcrpoi24o,title,true,false,by_design_not_rendered_for_named_sections_(see_HotelSectionContent.tsx)_uses_a_static_label_instead
hotel-page,ysfabv9i4ahg0er9kv7mlal5,title,true,false,by_design_not_rendered_for_named_sections_(see_HotelSectionContent.tsx)_uses_a_static_label_instead
hotel-page,mwm0aryqwpzd3w65pmkne2dy,title,true,false,by_design_not_rendered_for_named_sections_(see_HotelSectionContent.tsx)_uses_a_static_label_instead
hotel-page,r54pzsxodpf8mon5jlafbowo,title,true,false,by_design_not_rendered_for_named_sections_(see_HotelSectionContent.tsx)_uses_a_static_label_instead
hotel-page,q5ixcg3x94db5d6qw75imszg,title,true,false,by_design_not_rendered_for_named_sections_(see_HotelSectionContent.tsx)_uses_a_static_label_instead
hotel-page,mrvdy630xekmzgdpan3fffhv,title,true,true,
hotel-page,tcri2kvcjk7d8w6509n98ddm,title,true,true,
hotel-page,msr0a9lok7sbaxwraj7qb2zp,title,true,true,
hotel-page,xdg0ehbzu85bkzgpo6llvkof,title,true,true,
hotel-page,iogni9vobngzmsfz0e5ema9u,title,true,true,
hotel-page,ztq99m7wyfwfmgc2f4eel6tl,title,true,true,
hotel-page,xuq1dcd2ickwy65plrcxsaxn,title,true,true,
hotel-page,sfloxyb40p3nixcxk7xa6shn,title,true,true,
hotel-page,ckgmt8zuqf1zemrm7hiwcq6w,title,true,true,
hotel-page,x42fjpxk9tpq9s4wmupza4fx,title,true,true,
hotel-page,xsybf2cdm2hzgu8kq0qjrrns,title,true,true,
hotel-page,be981v685bm1afqr7r9965cj,title,true,true,
hotel-page,j13n44uyu86q731bw6ep7nk0,title,true,true,
hotel-page,byq5g6o5bstjp2wgjnii2k3o,title,true,true,
hotel-page,cmav17nsn14i3ckfzt566iw0,title,true,true,
hotel-page,x0c8ce6ow65ow8buhyxymuab,title,true,true,
hotel-page,f6c85dleuu21nhx7oykcc91q,title,true,true,
hotel-page,jo9fup4kse66iwwc7f3vmyb5,title,true,true,
hotel-page,a4mv2j2ydt4ncry2lyh2kexb,title,true,true,
hotel-page,sggqbs6a8hblup9vaxb61ol1,title,true,true,
hotel-page,k2r3ejlucadffonr8tz02knv,title,true,true,
hotel-page,wsrktc2zaffxr4i784so47kx,title,true,true,
hotel-page,kt19j7ngl8vl0y0pw0li6hce,title,true,true,
hotel-page,axyvkjvs7lf49op760bhnq2h,title,true,true,
hotel-page,pnw8ildqrhby2xk3eb81jlbb,title,true,true,
hotel-page,u4o40y5rys9kwzgwz7cmbhco,title,true,true,
hotel-page,n8fpdebiwgegihkziwo09b43,title,true,true,
hotel-page,sqj7mtru350qnhatwe1uopi3,title,true,true,
hotel-page,a8ouo8v7z8t7m1p8i5mfqvx7,title,true,true,
hotel-page,f7wex3ogy1rn3u6wz9n861yg,title,true,true,
hotel-page,f9vpty1sz6z4zuy1bx7u8biz,title,true,true,
hotel-page,ifrofguoefelbe13kgmmu3tp,title,true,true,
hotel-page,z4dox9ga24dcz7sg8pwuk8dh,title,true,true,
hotel-page,sgehkqbxbbfvciz8egvd2kcr,title,true,true,
hotel-page,x4l7d06nikwwqyd2l8txq7bv,title,true,true,
hotel-page,tg38bhn2f1j9vkrqf7qzx05y,title,true,true,
hotel-page,ii8ye1x8fpyqn6ln39ridxa1,title,true,true,
hotel-page,smnhgid5imd2c8yuh8yyt7ro,title,true,true,
hotel-page,ny8vou6nudpo8pp27hwhd2vh,title,true,true,
hotel-page,fm1b1pwna12iznjyi8frnv00,title,true,true,
hotel-page,jk3wov8pyh51ceh2za6rwfwn,title,true,true,
hotel-page,xbvym9jndy3t9b8dsebhual6,title,true,true,
hotel-page,zyv9ap1j395i15asra53yv6h,title,true,true,
hotel-page,e1z2eymhijqbn7xoka70dl98,title,true,true,
hotel-page,ic27l6u9sg3x3vjrj98qql2s,title,true,true,
hotel-page,x262ogw7kvxccpkfql2de7ye,title,true,true,
hotel-page,fr1kfihsyzxnflfhqz9ruzyy,title,true,true,
hotel-page,ruu88nrd7ex2hjl8lzmv23qp,title,true,true,
hotel-page,ynw1hlvup56ne3cvoppg7g54,title,true,true,
hotel-page,gsdi3e6598w7hzud0tfigwvs,title,true,true,
hotel-page,i10alfp9qgdjuyump0e66wo8,title,true,true,
hotel-page,d85ii5cnol4uf69mfv3ll74j,title,true,true,
hotel-page,sumlehy7hgdjdppuyslh1ocw,title,true,true,
hotel-page,aqa1q3b7zku8uvwrvivbvlvf,title,true,false,db_value_not_found_in_rendered_text (path=/hotels/lagoon-sarovar-premiere-pondicherry/amenities)
hotel-page,aouk9sjx72pt9eg1vi34s7vh,title,true,true,
hotel-page,lsjtka7dis132v3w7dzp7lwa,title,true,true,
hotel-page,c1xei4x48711p6y3tro76edn,title,true,true,
hotel-page,v3yzs9cysqw6e823j1n1c0kg,title,true,true,
hotel-page,ezkc50cbmu1johg4adzwv8qr,title,true,true,
hotel-page,vyss3kj283pd1vv7flnnni5f,title,true,true,
hotel-page,w95g237eopd58242th2tjrzl,title,true,true,
hotel-page,zaluehihpxg7rvf9o6fv8nyt,title,true,true,
hotel-page,kq55y531ltxe0f164vkl9jvw,title,true,true,
hotel-page,npqt57vi7elwgtdcq4do26z9,title,true,true,
hotel-page,ebm723tqyp99yr61klmzn915,title,true,true,
hotel-page,kj7gz6w4dk6n0vmuqf2xjgyu,title,true,true,
hotel-page,hpezqxtnpcidxy3def3n8kr4,title,true,true,
hotel-page,vvwo64wevkyakaf1kwjk95nx,title,true,true,
hotel-page,bo51lxj2q82rvz04g7a6bk8h,title,true,true,
hotel-page,llc9szut7ecc1603532obw7n,title,true,true,
hotel-page,ijlkeew8wuzr0eyd3fcq4qq2,title,true,true,
hotel-page,ofu4tccrwv86xf3b8fzcfm8b,title,true,true,
hotel-page,dzxwunn149iikpxahflevtz8,title,true,true,
hotel-page,i4mqgdln1w4lvxxpm4rn7l8h,title,true,true,
hotel-page,kf06cnjb6ha2gqmy18ocw79t,title,true,true,
hotel-page,d62o9guivmmw7xykaxbe4393,title,true,true,
hotel-page,yfv80cibw49ykmr66zrdsk6z,title,true,true,
hotel-page,eqzbs87y8gopgiwh1t840t22,title,true,true,
hotel-page,tz6f5llp1yhyy1jii7va889q,title,true,true,
hotel-page,h0ijerghwnoeh4pizsptrvts,title,true,true,
hotel-page,i1hs9115b3bsn3br8p9x7ktd,title,true,true,
hotel-page,m06evnxby9rr6eiirz99ctl1,title,true,true,
hotel-page,jdz42rxx0pckvaq8u8w4fkyb,title,true,true,
hotel-page,er84fvr2gec6rvyju0ehetg5,title,true,true,
hotel-page,if6o9mp0dlq84nalahon5jr5,title,true,true,
hotel-page,n1yz7w7fud52rggul6ywgvm3,title,true,true,
hotel-page,miu2pls1630becifh81tx4f2,title,true,true,
hotel-page,w11l7jyk6sgicfx0k8wdmt1g,title,true,true,
hotel-page,hukufo6twcxdcw27gd93qun6,title,true,true,
hotel-page,eokx7vimxa7placrg2ree1ks,title,true,true,
hotel-page,y0y9gl9zs84319dfh9ws69op,title,true,true,
hotel-page,rt2noz4xvlmipajm1c2ue007,title,true,true,
hotel-page,afgaujp4zkusnxhcyaopp3h7,title,true,true,
hotel-page,i0wvo0735u9neu8y383jqdpj,title,true,true,
hotel-page,bmbusnk55378xfd4hqxieh9m,title,true,true,
hotel-page,moxdvi2t7kb9h738zy6gd100,title,true,true,
hotel-page,x54a6yyb0nhvbb173gsf6a6r,title,true,true,
hotel-page,mg3vx51fn5n2phbg6g49xj8v,title,true,true,
hotel-page,xpvkcxd9fu9s70f9ci5wm5m6,title,true,true,
hotel-page,lexuwt99adlqaydjcvprhoym,title,true,true,
hotel-page,b536oknzcrl7rx4jnfe0y81b,title,true,true,
hotel-page,vu4rr7lcy2xzhghm5o9d9752,title,true,true,
hotel-page,g19f2ykhks56d3diy4mrmatw,title,true,true,
hotel-page,wdlreb2hn3x1srh95ro5mgzm,title,true,true,
hotel-page,oln4pto7po7t9b2c19s5iap2,title,true,true,
hotel-page,dxce4vyagev38bdo564rig5s,title,true,true,
hotel-page,orx58gdquxe9tk0fdijy3qv2,title,true,true,
hotel-page,emtqj5y6pfc4qma2k99lu6pv,title,true,true,
hotel-page,uyeg8hnwmrvznazwdhrouz81,title,true,true,
hotel-page,pzske4k1evebq1dkx0d59lmq,title,true,true,
hotel-page,x550dswjw4bi5y5bgykqgk7i,title,true,true,
hotel-page,zb3ghfochr6uw16wwiebmhd4,title,true,true,
hotel-page,toymjprrdgxk1alnrknlnda1,title,true,true,
hotel-page,kwd1xg46ely7mu6gk97b4kex,title,true,true,
hotel-page,x5sruy3prf7q2ar4z5l1cex8,title,true,true,
hotel-page,gf8bqvsd4yp8ppw7f8pcve1c,title,true,true,
hotel-page,vfjq6qr9dkvc15h0kbjshjjq,title,true,true,
hotel-page,uzsymmu5b8jw4iwf0g4bjruu,title,true,true,
hotel-page,uc965svc6mxnz4nfy9xe73xj,title,true,true,
hotel-page,gl5tl6nskljpi46dv9t1dxvk,title,true,true,
hotel-page,zn4nkbuc807o2br0brwrvu4t,title,true,true,
hotel-page,r77ui3ckvcig2m8hiy7xq8wk,title,true,true,
hotel-page,skm2y8uscz8vp1v9bw35yvnl,title,true,true,
hotel-page,u5p46ysdzl24i7qks39hwnl9,title,true,true,
hotel-page,flzlkh7kwyud87twe6q9203s,title,true,true,
hotel-page,vqyvghdmed00cn11bozkae4n,title,true,true,
hotel-page,qbqedik39853vomafvlnvo6i,title,true,true,
hotel-page,eqzmiiudmq8k8i5o6iwpmvhr,title,true,true,
hotel-page,t20n9rtvdzhi0z1ljxjq9fil,title,true,true,
hotel-page,xb8155zxopvot9ht13le5uar,title,true,true,
hotel-page,stjgavas6rqajlbea2bnlle9,title,true,true,
hotel-page,oh5v8m7bkhdhi2m8dlo2qiys,title,true,true,
hotel-page,kvc4zgxpqboadcs7pvy6u6r8,title,true,true,
hotel-page,ph7kfrwhbj311ckp5a14rnhs,title,true,true,
hotel-page,n3nk7ka4t25o9vvogciaypr3,title,true,true,
hotel-page,ps3xewzqrv1de3cuas3ybriw,title,true,true,
hotel-page,dwe6qbm778idy8f0v5dxbz8s,title,true,true,
hotel-page,xyrpazh8hoqua0lu9jnasnmr,title,true,true,
hotel-page,t5i9x0iqu9ls62pwroz4ag1o,title,true,true,
hotel-page,et39jrh8pdpjq4zaehwoxcyw,title,true,true,
hotel-page,g53ecqr7m04u2rcabl5az1fs,title,true,true,
hotel-page,mdheqbjpxkvvhpisyyhtk7b4,title,true,true,
hotel-page,m0xvgw0wz9mzbtecdjf4uqc0,title,true,true,
hotel-page,sg1m3yyz12ch43lainxx4w7o,title,true,true,
hotel-page,yg2l1f3v3oed20ufvul39n6n,title,true,true,
hotel-page,rydlhk34dsvms3mb839snjgj,title,true,true,
hotel-page,pn0u1zhpck81cumm2s9h2cey,title,true,true,
hotel-page,cvs099g6zce7hid7ih7t8ylk,title,true,true,
hotel-page,ilzdl95k4q6cfl4jqjovgjb9,title,true,true,
hotel-page,xoyiv6mlfenqgu2m6yy2r8md,title,true,true,
hotel-page,chta5ovq8fcksmd1kwnpm96l,title,true,true,
hotel-page,lnozdi2i0t55l17zpd0rxspo,title,true,true,
hotel-page,bvgnxdod0hal5tz0lo6jgxq0,title,true,true,
hotel-page,kiabu0asq5e6bo7rz9h0enku,title,true,true,
hotel-page,amtl1qws8gwv4w0lidzgmtln,title,true,true,
hotel-page,o06r3xh3ja6gqi779ic2swda,title,true,true,
hotel-page,i7e288u9c0udbvl969tolboo,title,true,true,
hotel-page,fzmy3paat5lr084skjkhhyoy,title,true,true,
hotel-page,uww5a6mg0xezynwa111p5fvz,title,true,true,
hotel-page,ctsdk896pgnz7gza9xp5f7ys,title,true,true,
hotel-page,zk38zj4zghrlqi9cq9yxj8yk,title,true,true,
hotel-page,uo6irzg2rmovih6amwbl7nj0,title,true,true,
hotel-page,ik2e19uvzn2ilodua7hj43to,title,true,true,
hotel-page,h8s9rro1davwcj2bpv35phen,title,true,true,
hotel-page,z0bn2ovyvydy4n25z3n9apk5,title,true,true,
hotel-page,vc733uplsca5mrne8sgq97g2,title,true,true,
hotel-page,n9eyzgisbowdbj0d91u5zsfr,title,true,true,
hotel-page,yzkmqiwviwy5ddvxvjqkupie,title,true,true,
hotel-page,eu35dndd5hu2y7eznncdixd6,title,true,true,
hotel-page,m3henwzau3y8t6o2a0ucyza4,title,true,true,
hotel-page,fhdg965djpp0li3dwljjizah,title,true,true,
hotel-page,havoigjc2nr7nd66sdqcyt4h,title,true,true,
hotel-page,vsplz9dfv0ouqgrmvqmg4h0n,title,true,true,
hotel-page,mhl09bowodwl41dp1komvufk,title,true,true,
hotel-page,t586ra4vc7y4x1fmt0m3bcq0,title,true,true,
hotel-page,p2bzsr3ifongp3xi0l4cafa1,title,true,true,
hotel-page,u3itosbc30ni8p4zehs1uzah,title,true,true,
hotel-page,zty35i4nblojsi65seolr55b,title,true,true,
hotel-page,y2t3icfpcncimltnpur4ayvu,title,true,true,
hotel-page,xan8xejuyuixemgmzg2p7wv8,title,true,true,
hotel-page,avsuqkbpm0ihtow3fq3n4tk4,title,true,true,
hotel-page,odunrbqxm700juksoxh6j9o3,title,true,true,
hotel-page,uuawaxq9wfv5vpe2efcyfzyq,title,true,true,
hotel-page,v1vkz8121vaxwggaa3muf59r,title,true,true,
hotel-page,cxptnjzr7x4kaddxutbdepw9,title,true,true,
hotel-page,s0ggz0sgbxjwqnwz2se6mr0y,title,true,true,
hotel-page,tgn648bs7l89kbgu6772kwhn,title,true,true,
hotel-page,w5qch61zzms1anvd4lllwx1j,title,true,true,
hotel-page,u0leb1co95kco7tqjaiefccy,title,true,true,
hotel-page,vkjvierksx29o17xlfedqs0t,title,true,true,
hotel-page,ppsoiugl4iq0nvewbha9k41y,title,true,true,
hotel-page,q2lvl1nejjvk40kl4iy6p22s,title,true,true,
hotel-page,j1mltb4riw6k54xfeom5c1w6,title,true,true,
hotel-page,u55qzyag0csk1t9opzmsanq1,title,true,true,
hotel-page,cf2afk5qxn8ly97h1zl4eqot,title,true,true,
hotel-page,mml462ovrn6gppp9sycq0y7d,title,true,true,
hotel-page,k0b56t8vpty35gta9zl1mqb1,title,true,true,
hotel-page,kebq0ir6s3pdqn2i18c1krt6,title,true,true,
hotel-page,ajp3do2r3e1o10kuan41d48p,title,true,true,
