type,documentId,path,meta_title_bound,meta_desc_bound,canonical_bound,jsonld_present,issues
hotel,sr28j4o4s0502lkqya9j3nq1,/hotels/sarovar-premiere-delhi,true,true,false,false,no_canonical_tag_rendered
hotel,cq3x0k9ydpgaq8g63cr814a9,/hotels/sarovar-portico-jaipur,false,true,false,false,meta_title_mismatch_or_missing|no_canonical_tag_rendered|structured_data_in_db_but_no_jsonld_rendered
hotel,kj0pmuwptrnwwu7uieirolti,/hotels/sarovar-premiere-goa-beach-resort,true,true,false,false,no_canonical_tag_rendered
hotel,ln0gj8rlj4rxumo7x99iy8ve,/hotels/sarovar-portico-mumbai,true,true,false,false,no_canonical_tag_rendered
hotel,mw8ueg6zyc37gcywhrm1qmks,/hotels/sarovar-regency-shimla,true,true,false,false,no_canonical_tag_rendered
hotel,tuc0lt9c0l0na2pxpdrgpjcy,/hotels/sarovar-regency-rishikesh,true,true,false,false,no_canonical_tag_rendered
hotel,ievhz3zi8m0wnimukmab9sf3,/hotels/sarovar-portico-delhi-aerocity,true,true,false,false,no_canonical_tag_rendered
hotel,h956jqot2rkpm49hmtisj2y2,/hotels/sarovar-premiere-jaipur-heritage,true,true,false,false,no_canonical_tag_rendered
hotel,kjw454m5jgmcu0bczmcid856,/hotels/abn-sarovar-portico-jim-corbett,false,true,false,false,meta_title_mismatch_or_missing|no_canonical_tag_rendered|structured_data_in_db_but_no_jsonld_rendered
hotel,vt2ug2ez0s8hya3j0oihwbrd,/hotels/nidhivan-sarovar-portico-vrindavan,false,true,false,false,meta_title_mismatch_or_missing|no_canonical_tag_rendered|structured_data_in_db_but_no_jsonld_rendered
hotel,rqhof3eo3ccww1itbquu765a,/hotels/marigold-sarovar-portico-mashobra-shimla,false,true,false,false,meta_title_mismatch_or_missing|no_canonical_tag_rendered|structured_data_in_db_but_no_jsonld_rendered
hotel,glk2wfzrstdbocv6bpstqswh,/hotels/vandhara-sarovar-premiere-patkote,false,true,false,false,meta_title_mismatch_or_missing|no_canonical_tag_rendered|structured_data_in_db_but_no_jsonld_rendered
hotel,in0kis219t8nbhztema6bsmn,/hotels/aditya-hometel-hyderabad,false,true,false,false,meta_title_mismatch_or_missing|no_canonical_tag_rendered|structured_data_in_db_but_no_jsonld_rendered
hotel,xliva2mj2oisblywnnmzb4io,/hotels/aditya-park-hyderabad,false,true,false,false,meta_title_mismatch_or_missing|no_canonical_tag_rendered|structured_data_in_db_but_no_jsonld_rendered
hotel,myzp4bufrciaeqa1f7hwnthq,/hotels/ambrosia-sarovar-portico-haridwar,false,true,false,false,meta_title_mismatch_or_missing|no_canonical_tag_rendered|structured_data_in_db_but_no_jsonld_rendered
hotel,jlgiovfnn7iwclcfq1tst38o,/hotels/ambar-sarovar-portico-gandhidham-hotel,false,true,false,false,meta_title_mismatch_or_missing|no_canonical_tag_rendered|structured_data_in_db_but_no_jsonld_rendered
hotel,nheqorhkiaxribfpkk6qffzt,/hotels/balaji-sarovar-premiere-solapur,false,true,false,false,meta_title_mismatch_or_missing|no_canonical_tag_rendered|structured_data_in_db_but_no_jsonld_rendered
hotel,pi0kgqvv2mby22nmi5va3i5j,/hotels/bamus-sarovar-portico-kampala,false,true,false,false,meta_title_mismatch_or_missing|no_canonical_tag_rendered|structured_data_in_db_but_no_jsonld_rendered
hotel,nj93qgtto0lgesdjc499yrd2,/hotels/bellevue-sarovar-premiere-junagadh,false,true,false,false,meta_title_mismatch_or_missing|no_canonical_tag_rendered|structured_data_in_db_but_no_jsonld_rendered
hotel,gl4vmpykhppii6cv6a6eutbz,/hotels/citadel-sarovar-portico-bangalore,false,true,false,false,meta_title_mismatch_or_missing|no_canonical_tag_rendered|structured_data_in_db_but_no_jsonld_rendered
hotel,oxljj6tebeltew10ljuqnbcs,/hotels/davanam-sarovar-portico-suites-bangalore,false,true,false,false,meta_title_mismatch_or_missing|no_canonical_tag_rendered|structured_data_in_db_but_no_jsonld_rendered
hotel,zhdk257u85fi0awyg3tpxwrt,/hotels/classic-sarovar-portico-thiruvananthapuram,false,true,false,false,meta_title_mismatch_or_missing|no_canonical_tag_rendered|structured_data_in_db_but_no_jsonld_rendered
hotel,kyixj09apb6tuuo9448fzoto,/hotels/delite-sarovar-portico-faridabad,false,true,false,false,meta_title_mismatch_or_missing|no_canonical_tag_rendered|structured_data_in_db_but_no_jsonld_rendered
hotel,a8yzgu7kccovpvtki1a8of7w,/hotels/deventure-sarovar-portico-patel-nagar,false,true,false,false,meta_title_mismatch_or_missing|no_canonical_tag_rendered|structured_data_in_db_but_no_jsonld_rendered
hotel,cvezpiutdrsntdy2ttr9vbwq,/hotels/deventure-sarovar-portico--kapashera-new-delhi,false,true,false,false,meta_title_mismatch_or_missing|no_canonical_tag_rendered|structured_data_in_db_but_no_jsonld_rendered
hotel,zbdydapaezsdchbhigwbzw71,/hotels/efcee-sarovar-portico-bhavnagar,false,true,false,false,meta_title_mismatch_or_missing|no_canonical_tag_rendered|structured_data_in_db_but_no_jsonld_rendered
hotel,eshvg3smsdhll8od16ofykzn,/hotels/estuary-sarovar-Premiere-poovar,false,true,false,false,meta_title_mismatch_or_missing|no_canonical_tag_rendered|structured_data_in_db_but_no_jsonld_rendered
hotel,wwvbmh6fki9v5xfb9ifbdymi,/hotels/geeta-sarovar-portico-hotels-panipat,false,true,false,false,meta_title_mismatch_or_missing|no_canonical_tag_rendered|structured_data_in_db_but_no_jsonld_rendered
hotel,kylyag77ozfu7dw4fge295xl,/hotels/golden-sarovar-portico-amritsar,false,true,false,false,meta_title_mismatch_or_missing|no_canonical_tag_rendered|structured_data_in_db_but_no_jsonld_rendered
hotel,lrfe2tp0kn5yferboipi6fjc,/hotels/golden-tulip-agra,false,true,false,false,meta_title_mismatch_or_missing|no_canonical_tag_rendered|structured_data_in_db_but_no_jsonld_rendered
hotel,bbjcv7jcjmz1n85wljcjftqj,/hotels/golden-tulip-bdi-club-and-suite-bhiwadi,false,true,false,false,meta_title_mismatch_or_missing|no_canonical_tag_rendered|structured_data_in_db_but_no_jsonld_rendered
hotel,cn1xygizaysd9wumjcv5exkl,/hotels/golden-tulip-bhopal,false,true,false,false,meta_title_mismatch_or_missing|no_canonical_tag_rendered|structured_data_in_db_but_no_jsonld_rendered
hotel,bmtx3bphwi1k401p89ritkvp,/hotels/golden-tulip-candolim-goa,false,true,false,false,meta_title_mismatch_or_missing|no_canonical_tag_rendered|structured_data_in_db_but_no_jsonld_rendered
hotel,tgxknqo7yxdn0g6gy6pdwe5g,/hotels/golden-tulip-essential-jaipur,false,true,false,false,meta_title_mismatch_or_missing|no_canonical_tag_rendered|structured_data_in_db_but_no_jsonld_rendered
hotel,gpj43v7o7gtk0y7yntzr28my,/hotels/golden-tulip-goa-mandrem,false,true,false,false,meta_title_mismatch_or_missing|no_canonical_tag_rendered|structured_data_in_db_but_no_jsonld_rendered
hotel,zkf3jgbetp7dsrj3mwbb6qj9,/hotels/golden-tulip-goa-vagator,false,true,false,false,meta_title_mismatch_or_missing|no_canonical_tag_rendered|structured_data_in_db_but_no_jsonld_rendered
hotel,mxkwek8pauu2zl96w5s0p353,/hotels/golden-tulip-hari-nagar,false,true,false,false,meta_title_mismatch_or_missing|no_canonical_tag_rendered|structured_data_in_db_but_no_jsonld_rendered
hotel,vpev1rnivzb43qifo0dksqbq,/hotels/golden-tulip-hotel-in-jaipur,false,true,false,false,meta_title_mismatch_or_missing|no_canonical_tag_rendered|structured_data_in_db_but_no_jsonld_rendered
hotel,yl7977lzdf050nx76202p8x0,/hotels/golden-tulip-jalandhar,false,true,false,false,meta_title_mismatch_or_missing|no_canonical_tag_rendered|structured_data_in_db_but_no_jsonld_rendered
hotel,ag0ne7ux6h82mi0ufls4pgtk,/hotels/golden-tulip-kukas-jaipur,false,true,false,false,meta_title_mismatch_or_missing|no_canonical_tag_rendered|structured_data_in_db_but_no_jsonld_rendered
hotel,exqs3n9e3rg4os6w2veyccb8,/hotels/golden-tulip-lucknow,false,true,false,false,meta_title_mismatch_or_missing|no_canonical_tag_rendered|structured_data_in_db_but_no_jsonld_rendered
hotel,oycar1zhbavm4r2f4j35fkm6,/hotels/golden-tulip-sector-80-gurugram,false,true,false,false,meta_title_mismatch_or_missing|no_canonical_tag_rendered|structured_data_in_db_but_no_jsonld_rendered
hotel,dzceu61lxiy9w6jhj8k2t3j4,/hotels/golden-tulip-srinagar,false,true,false,false,meta_title_mismatch_or_missing|no_canonical_tag_rendered|structured_data_in_db_but_no_jsonld_rendered
hotel,ubmswdq1c1g6cfhwrp4q7lc2,/hotels/royal-hometel-suites-dahisar-mumbai,false,true,false,false,meta_title_mismatch_or_missing|no_canonical_tag_rendered|structured_data_in_db_but_no_jsonld_rendered
hotel,wm4irbpis6w0bbd7mtwucuks,/hotels/royal-sarovar-portico-siliguri,false,true,false,false,meta_title_mismatch_or_missing|no_canonical_tag_rendered|structured_data_in_db_but_no_jsonld_rendered
hotel,z0upqx69ydricmx0x7oluej9,/hotels/royal-tulip-chitwan,false,true,false,false,meta_title_mismatch_or_missing|no_canonical_tag_rendered|structured_data_in_db_but_no_jsonld_rendered
hotel,rv3gyw02f35a4hofvyr7no2s,/hotels/royal-tulip-kathmandu-shivapuri-national-park,false,true,false,false,meta_title_mismatch_or_missing|no_canonical_tag_rendered|structured_data_in_db_but_no_jsonld_rendered
hotel,glejblzsz4kwa25vs0f9h4bn,/hotels/royal-tulip-kathmandu,false,true,false,false,meta_title_mismatch_or_missing|no_canonical_tag_rendered|structured_data_in_db_but_no_jsonld_rendered
hotel,eabvldp442te264l6uqzcc01,/hotels/royale-sarovar-portico-agra,false,true,false,false,meta_title_mismatch_or_missing|no_canonical_tag_rendered|structured_data_in_db_but_no_jsonld_rendered
hotel,h8vbecw43qgvtaieaq4dp8ev,/hotels/rs-sarovar-portico-palampur,false,true,false,false,meta_title_mismatch_or_missing|no_canonical_tag_rendered|structured_data_in_db_but_no_jsonld_rendered
hotel,de3w9emq8p80n6tcxzdhishw,/hotels/sairafort-sarovar-portico-jaisalmer,false,true,false,false,meta_title_mismatch_or_missing|no_canonical_tag_rendered|structured_data_in_db_but_no_jsonld_rendered
hotel,wvfdxegmsefrcqnkv0wlk1g2,/hotels/sarovar-ahmedabad,false,true,false,false,meta_title_mismatch_or_missing|no_canonical_tag_rendered|structured_data_in_db_but_no_jsonld_rendered
hotel,rrp79c5xowigpxuvth1pymtz,/hotels/sarovar-portico-ajmer,false,true,false,false,meta_title_mismatch_or_missing|no_canonical_tag_rendered|structured_data_in_db_but_no_jsonld_rendered
hotel,l00w2hfl8p99urg4isa14iv0,/hotels/sarovar-portico-badrinath-uttarakhand,false,true,false,false,meta_title_mismatch_or_missing|no_canonical_tag_rendered|structured_data_in_db_but_no_jsonld_rendered
hotel,a0olawjkl11bho3oq692bs43,/hotels/sarovar-portico-bhubaneswar,false,true,false,false,meta_title_mismatch_or_missing|no_canonical_tag_rendered|structured_data_in_db_but_no_jsonld_rendered
hotel,cb9t2cns47wpg0h5sun5zehk,/hotels/sarovar-portico-birgunj,false,true,false,false,meta_title_mismatch_or_missing|no_canonical_tag_rendered|structured_data_in_db_but_no_jsonld_rendered
hotel,bg7b0me5wfypkbah8oyjldzn,/hotels/sarovar-portico-dehradun,false,true,false,false,meta_title_mismatch_or_missing|no_canonical_tag_rendered|structured_data_in_db_but_no_jsonld_rendered
hotel,utx6f0169wb4zw8bciv92u9x,/hotels/sarovar-portico-gir,false,true,false,false,meta_title_mismatch_or_missing|no_canonical_tag_rendered|structured_data_in_db_but_no_jsonld_rendered
hotel,f49yr9el4hyp8wm0mwz619fq,/hotels/sarovar-portico-hanumangarh,false,true,false,false,meta_title_mismatch_or_missing|no_canonical_tag_rendered|structured_data_in_db_but_no_jsonld_rendered
hotel,rre6ugf4nom5jgnyaksyrbte,/hotels/sarovar-portico-jalandhar,false,true,false,false,meta_title_mismatch_or_missing|no_canonical_tag_rendered|structured_data_in_db_but_no_jsonld_rendered
hotel,arnplnbalzptqjyw3jcfhbaq,/hotels/sarovar-portico-kolkata-rajarhat,false,true,false,false,meta_title_mismatch_or_missing|no_canonical_tag_rendered|structured_data_in_db_but_no_jsonld_rendered
hotel,yguny2p9yh5zqh29nvfoqvyl,/hotels/sarovar-portico-morbi,false,true,false,false,meta_title_mismatch_or_missing|no_canonical_tag_rendered|structured_data_in_db_but_no_jsonld_rendered
hotel,rygi0vqbp5opssa7p5vpfbs2,/hotels/sarovar-portico-naraina-new-delhi,false,true,false,false,meta_title_mismatch_or_missing|no_canonical_tag_rendered|structured_data_in_db_but_no_jsonld_rendered
hotel,llshsw5zsai8ap90e9ty762k,/hotels/sarovar-portico-saharanpur,false,true,false,false,meta_title_mismatch_or_missing|no_canonical_tag_rendered|structured_data_in_db_but_no_jsonld_rendered
hotel,mtpj0l8nrlrjwvhgkri3brfw,/hotels/sarovar-portico-somnath,false,true,false,false,meta_title_mismatch_or_missing|no_canonical_tag_rendered|structured_data_in_db_but_no_jsonld_rendered
hotel,mpd0qk2ccww22xrhklqfiq92,/hotels/sarovar-portico-sonipat,false,true,false,false,meta_title_mismatch_or_missing|no_canonical_tag_rendered|structured_data_in_db_but_no_jsonld_rendered
hotel,q7ha9n4x1s8jcrgz1btra8i4,/hotels/sarovar-portico-srinagar,false,true,false,false,meta_title_mismatch_or_missing|no_canonical_tag_rendered|structured_data_in_db_but_no_jsonld_rendered
hotel,q50xom97u7k70gcrlkjyhuj2,/hotels/sarovar-portico-surajkund,false,true,false,false,meta_title_mismatch_or_missing|no_canonical_tag_rendered|structured_data_in_db_but_no_jsonld_rendered
hotel,l29ccsfyjm041637w1sssg3e,/hotels/sarovar-premiere-amritsar,false,true,false,false,meta_title_mismatch_or_missing|no_canonical_tag_rendered|structured_data_in_db_but_no_jsonld_rendered
hotel,qt7r4ao6fwnzqt838fuj4l4c,/hotels/sarovar-premiere-alwar,false,true,false,false,meta_title_mismatch_or_missing|no_canonical_tag_rendered|structured_data_in_db_but_no_jsonld_rendered
hotel,vdqj0qajfbxhnsoguhgkjezr,/hotels/sarovar-premiere-jaipur,false,true,false,false,meta_title_mismatch_or_missing|no_canonical_tag_rendered|structured_data_in_db_but_no_jsonld_rendered
hotel,tyghvr1m6xufwzv90ecxv9f9,/hotels/sarovar-premiere-srinagar,false,true,false,false,meta_title_mismatch_or_missing|no_canonical_tag_rendered|structured_data_in_db_but_no_jsonld_rendered
hotel,xji3gdmxeh6ziosixs2ab8t0,/hotels/sea-breeze-sarovar-portico-varca-goa,true,true,false,false,no_canonical_tag_rendered|structured_data_in_db_but_no_jsonld_rendered
hotel,yeyd4tcv5dz9nq4qc6mozjc7,/hotels/serene-premiere-hargeisa,false,true,false,false,meta_title_mismatch_or_missing|no_canonical_tag_rendered|structured_data_in_db_but_no_jsonld_rendered
hotel,zsf47aenm1mc810vpi3c9fsl,/hotels/shravanthi-sarovar-portico-bengaluru,false,true,false,false,meta_title_mismatch_or_missing|no_canonical_tag_rendered|structured_data_in_db_but_no_jsonld_rendered
hotel,qyepag2vwhs0m9mfl9ggha23,/hotels/shyama-sarovar-portico-orai,false,true,false,false,meta_title_mismatch_or_missing|no_canonical_tag_rendered|structured_data_in_db_but_no_jsonld_rendered
hotel,wdwr9na3dtnngunn8nn2r31v,/hotels/singhania-sarovar-portico-raipur,false,true,false,false,meta_title_mismatch_or_missing|no_canonical_tag_rendered|structured_data_in_db_but_no_jsonld_rendered
hotel,iai2tjski38mzismfohs5gy7,/hotels/skywings-sarovar-portico-mathura,false,true,false,false,meta_title_mismatch_or_missing|no_canonical_tag_rendered|structured_data_in_db_but_no_jsonld_rendered
hotel,yuscko7rq2l1rzz4duy1e44s,/hotels/sobit-sarovar-portico-palolem-beach-hotel-goa,false,true,false,false,meta_title_mismatch_or_missing|no_canonical_tag_rendered|structured_data_in_db_but_no_jsonld_rendered
hotel,vmsu2hjxtzi8g2gr5px9h69g,/hotels/taurus-hotel-mahipalpur-new-delhi,false,true,false,false,meta_title_mismatch_or_missing|no_canonical_tag_rendered|structured_data_in_db_but_no_jsonld_rendered
hotel,z5tyyl7sg79gpz8rbma5pfcl,/hotels/the-ashtan-sarovar-portico-new-delhi,false,true,false,false,meta_title_mismatch_or_missing|no_canonical_tag_rendered|structured_data_in_db_but_no_jsonld_rendered
hotel,ycp1hc8rc6v0fmdjmv0m7ssl,/hotels/the-gaurs-sarovar-premiere,false,true,false,false,meta_title_mismatch_or_missing|no_canonical_tag_rendered|structured_data_in_db_but_no_jsonld_rendered
hotel,wh66kzx9qnxpgnsk6okst09m,/hotels/the-heron-portico-nairobi,true,true,false,false,no_canonical_tag_rendered|structured_data_in_db_but_no_jsonld_rendered
hotel,m2ooofx864jahbhmgq6mvsqj,/hotels/the-gokulam-park-kochi,false,true,false,false,meta_title_mismatch_or_missing|no_canonical_tag_rendered|structured_data_in_db_but_no_jsonld_rendered
hotel,woistsdi8ww9jdzupmvhz9ih,/hotels/the-muse-sarovar-portico-nehru-place-new-delhi,false,true,false,false,meta_title_mismatch_or_missing|no_canonical_tag_rendered|structured_data_in_db_but_no_jsonld_rendered
hotel,bfykycaabzujxza1zakrdg69,/hotels/the-promenade-pondicherry,false,true,false,false,meta_title_mismatch_or_missing|no_canonical_tag_rendered|structured_data_in_db_but_no_jsonld_rendered
hotel,rvqei2o7yte035qa7trmc9ec,/hotels/tulip-inn-bhopal,false,true,false,false,meta_title_mismatch_or_missing|no_canonical_tag_rendered|structured_data_in_db_but_no_jsonld_rendered
hotel,swfoozfri0jpabi3tmo1jtg4,/hotels/tulip-inn-gurugram-near-medanta,true,true,false,false,no_canonical_tag_rendered|structured_data_in_db_but_no_jsonld_rendered
hotel,iq1dy64wt2sh24bzl2w3u1g7,/hotels/tulip-inn-koramangala,false,true,false,false,meta_title_mismatch_or_missing|no_canonical_tag_rendered|structured_data_in_db_but_no_jsonld_rendered
hotel,nsbwxjvi448rtb44p3znh35v,/hotels/tulip-inn-shravasti,false,true,false,false,meta_title_mismatch_or_missing|no_canonical_tag_rendered|structured_data_in_db_but_no_jsonld_rendered
hotel,vo48ogiq4ionzq2ceemyz2sy,/hotels/tulip-inn-zirakpur,false,true,false,false,meta_title_mismatch_or_missing|no_canonical_tag_rendered|structured_data_in_db_but_no_jsonld_rendered
hotel,cj46m70icy1hurkk7hgmiah2,/hotels/v-sarovar-portico-mi-road-jaipur,false,true,false,false,meta_title_mismatch_or_missing|no_canonical_tag_rendered|structured_data_in_db_but_no_jsonld_rendered
hotel,pt954m6bhats2hzir541zmgi,/hotels/vaishnodevi-portico-katra,true,true,false,false,no_canonical_tag_rendered|structured_data_in_db_but_no_jsonld_rendered
hotel,rogz5szgn13cvdmeevwa8jbo,/hotels/venizia-sarovar-portico-in-new-delhi,false,true,false,false,meta_title_mismatch_or_missing|no_canonical_tag_rendered|structured_data_in_db_but_no_jsonld_rendered
hotel,kpf4gals2yxkg9mvvb5esdwd,/hotels/viraj-sarovar-portico-jammu,false,true,false,false,meta_title_mismatch_or_missing|no_canonical_tag_rendered|structured_data_in_db_but_no_jsonld_rendered
hotel,vew069pph0gharh0lgj6jfpc,/hotels/golden-tulip-udaipur,false,true,false,false,meta_title_mismatch_or_missing|no_canonical_tag_rendered|structured_data_in_db_but_no_jsonld_rendered
hotel,ueqmqq9p5ufoksylov1ltvpn,/hotels/golden-tulip-tirupati,false,true,false,false,meta_title_mismatch_or_missing|no_canonical_tag_rendered|structured_data_in_db_but_no_jsonld_rendered
hotel,ep147k3lkgsp9rkbvdjzxbvk,/hotels/golden-tulip,false,true,false,false,meta_title_mismatch_or_missing|no_canonical_tag_rendered|structured_data_in_db_but_no_jsonld_rendered
hotel,lcsiof3ol3u5cvyr5rm2s13k,/hotels/grand-continent-anjuna,false,true,false,false,meta_title_mismatch_or_missing|no_canonical_tag_rendered|structured_data_in_db_but_no_jsonld_rendered
hotel,idt7wgbvd0n6d27aoc53y8xo,/hotels/grand-continent-brookefield-bengaluru,false,true,false,false,meta_title_mismatch_or_missing|no_canonical_tag_rendered|structured_data_in_db_but_no_jsonld_rendered
hotel,z9keid6l1ze9uu6sqghp69ux,/hotels/grand-continent-hebbal-bangalore,false,true,false,false,meta_title_mismatch_or_missing|no_canonical_tag_rendered|structured_data_in_db_but_no_jsonld_rendered
hotel,t4oqb5tlt6ljuhw8g0cwq93d,/hotels/grand-continent-hosur,false,true,false,false,meta_title_mismatch_or_missing|no_canonical_tag_rendered|structured_data_in_db_but_no_jsonld_rendered
hotel,foaeyxlinknkd1mdi61yjr96,/hotels/grand-continent-malleshwaram-bangalore,false,true,false,false,meta_title_mismatch_or_missing|no_canonical_tag_rendered|structured_data_in_db_but_no_jsonld_rendered
hotel,dulazj3fbpm363og0pk6zo3z,/hotels/grand-continent-mahabalipuram,false,true,false,false,meta_title_mismatch_or_missing|no_canonical_tag_rendered|structured_data_in_db_but_no_jsonld_rendered
hotel,wn5u3hgyo2zeytt4pol2eulr,/hotels/grand-continent-mysore,false,true,false,false,meta_title_mismatch_or_missing|no_canonical_tag_rendered|structured_data_in_db_but_no_jsonld_rendered
hotel,gof0nrzn7xg5fnnc3i2x4dih,/hotels/grand-continent-secunderabad,false,true,false,false,meta_title_mismatch_or_missing|no_canonical_tag_rendered|structured_data_in_db_but_no_jsonld_rendered
hotel,rc58adgip2rl5q0ug9txf8a9,/hotels/grand-portico-hotel-in-latur,false,true,false,false,meta_title_mismatch_or_missing|no_canonical_tag_rendered|structured_data_in_db_but_no_jsonld_rendered
hotel,ki1vjxay15jnujjcikq2kceb,/hotels/highland-sarovar-portico-sindhudurg,false,true,false,false,meta_title_mismatch_or_missing|no_canonical_tag_rendered|structured_data_in_db_but_no_jsonld_rendered
hotel,kehsc82vkbibh4alwh3k5oa9,/hotels/hometel-alambagh-lucknow,false,true,false,false,meta_title_mismatch_or_missing|no_canonical_tag_rendered|structured_data_in_db_but_no_jsonld_rendered
hotel,a64dvsnts2wpcxgi82saqckj,/hotels/hometel-roorkee,false,true,false,false,meta_title_mismatch_or_missing|no_canonical_tag_rendered|structured_data_in_db_but_no_jsonld_rendered
hotel,rd1rckytbfr5zidvklxad3an,/hotels/hometel-chandigarh,false,true,false,false,meta_title_mismatch_or_missing|no_canonical_tag_rendered|structured_data_in_db_but_no_jsonld_rendered
hotel,kn4tliuzdetbggkmpcovxyf0,/hotels/hrj-sarovar-portico-indore,false,true,false,false,meta_title_mismatch_or_missing|no_canonical_tag_rendered|structured_data_in_db_but_no_jsonld_rendered
hotel,tbz50k3vm3evehr5ssezs6yu,/hotels/iris-sarovar-portico-gurugram,false,true,false,false,meta_title_mismatch_or_missing|no_canonical_tag_rendered|structured_data_in_db_but_no_jsonld_rendered
hotel,gjvj1n7efo6nn3mfmrgi9nw1,/hotels/ishaan-sarovar-portico-deoghar,false,true,false,false,meta_title_mismatch_or_missing|no_canonical_tag_rendered|structured_data_in_db_but_no_jsonld_rendered
hotel,fgsh1iqwzppm69u11dbdmn7s,/hotels/kpg-sarovar-portico-raj-nagar-extension-ghaziabad,false,true,false,false,meta_title_mismatch_or_missing|no_canonical_tag_rendered|structured_data_in_db_but_no_jsonld_rendered
hotel,y2sfqfyjssjimziuyt95eg82,/hotels/lagoon-sarovar-premiere-pondicherry,true,true,false,false,no_canonical_tag_rendered|structured_data_in_db_but_no_jsonld_rendered
hotel,v1vfqrshexf95orkxb6fpw5a,/hotels/la-place-sarovar-portico-lucknow,false,true,false,false,meta_title_mismatch_or_missing|no_canonical_tag_rendered|structured_data_in_db_but_no_jsonld_rendered
hotel,d7i07ozxdule8j9edzacv4ez,/hotels/le-dupleix-pondicherry,false,true,false,false,meta_title_mismatch_or_missing|no_canonical_tag_rendered|structured_data_in_db_but_no_jsonld_rendered
hotel,tr1ubf9cir92pxyuy19is6fl,/hotels/le-lac-sarovar-ranchi,false,true,false,false,meta_title_mismatch_or_missing|no_canonical_tag_rendered|structured_data_in_db_but_no_jsonld_rendered
hotel,dgafbx7g4eyjn7767cvguenw,/hotels/madhuban-sarovar-portico-mussorie,false,true,false,false,meta_title_mismatch_or_missing|no_canonical_tag_rendered|structured_data_in_db_but_no_jsonld_rendered
hotel,j9s68jd94a0m0zet5j93fqyt,/hotels/legend-sarovar-portico,false,true,false,false,meta_title_mismatch_or_missing|no_canonical_tag_rendered|structured_data_in_db_but_no_jsonld_rendered
hotel,yd7h2lz0gatji8bmfouve33w,/hotels/mahagun-sarovar-portico-suites-vaishali,false,true,false,false,meta_title_mismatch_or_missing|no_canonical_tag_rendered|structured_data_in_db_but_no_jsonld_rendered
hotel,isyez2n6zynxzjv0vmc70x81,/hotels/majestic-court-sarovar-portico-navi-mumbai,false,true,false,false,meta_title_mismatch_or_missing|no_canonical_tag_rendered|structured_data_in_db_but_no_jsonld_rendered
hotel,kx78qv4r0voji7gdp78u56dg,/hotels/manjeera-international-convention-centre,true,true,false,false,no_canonical_tag_rendered|structured_data_in_db_but_no_jsonld_rendered
hotel,mc9i8dsw86tgh0h0lfgkutq3,/hotels/manjeera-sarovar-premiere-rajahmundry,false,true,false,false,meta_title_mismatch_or_missing|no_canonical_tag_rendered|structured_data_in_db_but_no_jsonld_rendered
hotel,wd93vbljhxrqaahd4j8ltzzm,/hotels/marasa-sarovar-portico-rajkot,false,true,false,false,meta_title_mismatch_or_missing|no_canonical_tag_rendered|structured_data_in_db_but_no_jsonld_rendered
hotel,b2p0vkm0vbb1vy4ld0ona55t,/hotels/marasa-sarovar-premiere-bodhgaya,false,true,false,false,meta_title_mismatch_or_missing|no_canonical_tag_rendered|structured_data_in_db_but_no_jsonld_rendered
hotel,n5xo9z0j7xzrkgssvpxz53qd,/hotels/marasa-sarovar-premiere-tirupati-hotels,false,true,false,false,meta_title_mismatch_or_missing|no_canonical_tag_rendered|structured_data_in_db_but_no_jsonld_rendered
hotel,wgsaao2613c13tc6lsq8o4nj,/hotels/mj-sarovar-portico-haridwar,false,true,false,false,meta_title_mismatch_or_missing|no_canonical_tag_rendered|structured_data_in_db_but_no_jsonld_rendered
hotel,o1da0ksqldub948k1y3nbdg0,/hotels/marine-plaza-mumbai,false,true,false,false,meta_title_mismatch_or_missing|no_canonical_tag_rendered|structured_data_in_db_but_no_jsonld_rendered
hotel,b7vkbewua16i1y9unkbwk835,/hotels/mountnoor-sarovar-premiere-pahalgam,false,true,false,false,meta_title_mismatch_or_missing|no_canonical_tag_rendered|structured_data_in_db_but_no_jsonld_rendered
hotel,m079kakdl1x8fkqgebw3jzax,/hotels/mukundra-sarovar-premiere-kota,false,true,false,false,meta_title_mismatch_or_missing|no_canonical_tag_rendered|structured_data_in_db_but_no_jsonld_rendered
hotel,y7i33qrfe7zsl54lgrfp20wr,/hotels/nataraj-sarovar-portico-jhansi,false,true,false,false,meta_title_mismatch_or_missing|no_canonical_tag_rendered|structured_data_in_db_but_no_jsonld_rendered
hotel,qgb7rx7eo65id7uscqk1vsvm,/hotels/naturevilas-portico-manali,false,true,false,false,meta_title_mismatch_or_missing|no_canonical_tag_rendered|structured_data_in_db_but_no_jsonld_rendered
hotel,lg68oiqz8ht4rcfp586f3qef,/hotels/nirvana-sarovar-portico-gorakhpur,false,true,false,false,meta_title_mismatch_or_missing|no_canonical_tag_rendered|structured_data_in_db_but_no_jsonld_rendered
hotel,dpi1ztz03r00h0s0lhm7dr14,/hotels/neelkanth-sarovar-premiere-lusaka,false,true,false,false,meta_title_mismatch_or_missing|no_canonical_tag_rendered|structured_data_in_db_but_no_jsonld_rendered
hotel,mls77b7hie6jp3b8zlcznf2a,/hotels/nirwana-hometel-jaipur-sarovar,false,true,false,false,meta_title_mismatch_or_missing|no_canonical_tag_rendered|structured_data_in_db_but_no_jsonld_rendered
hotel,kwn3byhz868jji95h57sfjxh,/hotels/paradigm-sarovar-kakinada,false,true,false,false,meta_title_mismatch_or_missing|no_canonical_tag_rendered|structured_data_in_db_but_no_jsonld_rendered
hotel,gjai9v986449xj50no17n8ut,/hotels/park-inn-gurgaon,false,true,false,false,meta_title_mismatch_or_missing|no_canonical_tag_rendered|structured_data_in_db_but_no_jsonld_rendered
hotel,kkc9mdz9qxvh2qkqfkz58cf5,/hotels/park-inn-by-radisson-ayodhya,false,true,false,false,meta_title_mismatch_or_missing|no_canonical_tag_rendered|structured_data_in_db_but_no_jsonld_rendered
hotel,y2svrpznr4562wz1o9p6j564,/hotels/Park-Inn-Radisson-Goa-Candolim,false,true,false,false,meta_title_mismatch_or_missing|no_canonical_tag_rendered|structured_data_in_db_but_no_jsonld_rendered
hotel,ezhwjan3er65wzp0pjxsgboz,/hotels/park-plaza-faridabad,false,true,false,false,meta_title_mismatch_or_missing|no_canonical_tag_rendered|structured_data_in_db_but_no_jsonld_rendered
hotel,gezrbajohui6w08c7b1k72v3,/hotels/park-plaza-jodhpur,false,true,false,false,meta_title_mismatch_or_missing|no_canonical_tag_rendered|structured_data_in_db_but_no_jsonld_rendered
hotel,orfnykm3gp3alkxubofqqwos,/hotels/park-plaza-jalandhar,false,true,false,false,meta_title_mismatch_or_missing|no_canonical_tag_rendered|structured_data_in_db_but_no_jsonld_rendered
hotel,ngqmxp5f1z6g2cx2rqlcuey1,/hotels/park-plaza-shahadra--east-delhi,false,true,false,false,meta_title_mismatch_or_missing|no_canonical_tag_rendered|structured_data_in_db_but_no_jsonld_rendered
hotel,dp3pchx3z0m8varr1x2wjpqm,/hotels/park-plaza-ludhiana,false,true,false,false,meta_title_mismatch_or_missing|no_canonical_tag_rendered|structured_data_in_db_but_no_jsonld_rendered
hotel,iyftn1x1hf4um63b5ab1ocmz,/hotels/prachi-sarovar-premiere-bhubaneswar,false,true,false,false,meta_title_mismatch_or_missing|no_canonical_tag_rendered|structured_data_in_db_but_no_jsonld_rendered
hotel,m3reigqloix1tkxm3bj53hpr,/hotels/park-plaza-zirakpur,false,true,false,false,meta_title_mismatch_or_missing|no_canonical_tag_rendered|structured_data_in_db_but_no_jsonld_rendered
hotel,e5sbgltc4ta0yf8ldyusskak,/hotels/pushkara-portico-hotel-in-dibrugarh,false,true,false,false,meta_title_mismatch_or_missing|no_canonical_tag_rendered|structured_data_in_db_but_no_jsonld_rendered
hotel,iq0ggiovctbvy6vshivlfz3p,/hotels/presidium-sarovar-premiere-dalhousie,true,true,false,false,no_canonical_tag_rendered|structured_data_in_db_but_no_jsonld_rendered
hotel,gkq13tosaf6d6ol2u2o4kvuu,/hotels/radha-hometel-bangalore,false,true,false,false,meta_title_mismatch_or_missing|no_canonical_tag_rendered|structured_data_in_db_but_no_jsonld_rendered
hotel,qiylpmyuzgutlu2nf1pawhxa,/hotels/radha-regent-chennai,false,true,false,false,meta_title_mismatch_or_missing|no_canonical_tag_rendered|structured_data_in_db_but_no_jsonld_rendered
hotel,rpmfc42m6nyd97zn7h9r9mz0,/hotels/radisson-blu--bengaluru-outer-ring-road,false,true,false,false,meta_title_mismatch_or_missing|no_canonical_tag_rendered|structured_data_in_db_but_no_jsonld_rendered
hotel,z3i1yye4jqyvi7q7mzvmks84,/hotels/radisson-hyderabad--hitec,false,true,false,false,meta_title_mismatch_or_missing|no_canonical_tag_rendered|structured_data_in_db_but_no_jsonld_rendered
hotel,kz2a1fb8hgo1wiq6r10mhnp1,/hotels/rbd-sarovar-portico-outer-ring-road-bengaluru,false,true,false,false,meta_title_mismatch_or_missing|no_canonical_tag_rendered|structured_data_in_db_but_no_jsonld_rendered
hotel,gdpihuh8tywh8jhfnqlldh4a,/hotels/radisson-mumbai-goregaon,false,true,false,false,meta_title_mismatch_or_missing|no_canonical_tag_rendered|structured_data_in_db_but_no_jsonld_rendered
hotel,rbtnosd0eitqwls5ure6p6wo,/hotels/rivera-sarovar-portico-ahmedabad,false,true,false,false,meta_title_mismatch_or_missing|no_canonical_tag_rendered|structured_data_in_db_but_no_jsonld_rendered
hotel,rm561tf3834rlb6mra6g9f1o,/hotels/residency-sarovar-portico-mumbai,false,true,false,false,meta_title_mismatch_or_missing|no_canonical_tag_rendered|structured_data_in_db_but_no_jsonld_rendered
hotel,vy36fssx9wwtmjuhqplr9uy9,/hotels/rosefinch-sarovar-portico-bhimtal,false,true,false,false,meta_title_mismatch_or_missing|no_canonical_tag_rendered|structured_data_in_db_but_no_jsonld_rendered
hotel,yilu5qua4f2j6ugbs1tfgre7,/hotels/riviera-sarovar-portico-pathankot,false,true,false,false,meta_title_mismatch_or_missing|no_canonical_tag_rendered|structured_data_in_db_but_no_jsonld_rendered
hotel,ad5iag5fvfvzdo2laageof0b,/hotels/royal-kingdom-sarovar-portico-pilibhit,true,true,false,false,no_canonical_tag_rendered|structured_data_in_db_but_no_jsonld_rendered
hotel,yczwat3spjzrg7aczxbng90b,/hotels/sarovar-portico-sriperumbudur,false,true,false,false,meta_title_mismatch_or_missing|no_canonical_tag_rendered|structured_data_in_db_but_no_jsonld_rendered
destination,r36h7a5q2tfbgbyo28cjwuf8,/destinations/delhi,true,true,false,false,no_canonical_tag_rendered
destination,fblpo68wa0twzik4590s12zn,/destinations/jaipur,false,true,false,false,meta_title_mismatch_or_missing|no_canonical_tag_rendered|structured_data_in_db_but_no_jsonld_rendered
destination,tggyudfiehfn3bekua5apvks,/destinations/goa,false,true,false,false,meta_title_mismatch_or_missing|no_canonical_tag_rendered|structured_data_in_db_but_no_jsonld_rendered
destination,hc0w6rpjlhstr7eioukhmyxh,/destinations/mumbai,false,true,false,false,meta_title_mismatch_or_missing|no_canonical_tag_rendered|structured_data_in_db_but_no_jsonld_rendered
destination,vygzbazz4tgsqc7y0qbyrdg1,/destinations/shimla,true,true,false,false,no_canonical_tag_rendered
destination,zl5lc2zfkjt0jn7fhci6a9gj,/destinations/rishikesh,true,true,false,false,no_canonical_tag_rendered
destination,hvwpueh5bee16ye1328lcbdx,/destinations/jim-corbett,false,true,false,false,meta_title_mismatch_or_missing|no_canonical_tag_rendered|structured_data_in_db_but_no_jsonld_rendered
destination,ytjgkkvwzgl1stmds1toz4cv,/destinations/ahmedabad,false,true,false,false,meta_title_mismatch_or_missing|no_canonical_tag_rendered|structured_data_in_db_but_no_jsonld_rendered
destination,hzmazmumyyn2t8v5mnfyhotx,/destinations/agra,false,true,false,false,meta_title_mismatch_or_missing|no_canonical_tag_rendered|structured_data_in_db_but_no_jsonld_rendered
destination,eyz1hy5pi66cm47srrdulcl9,/destinations/dibrugarh,false,true,false,false,meta_title_mismatch_or_missing|no_canonical_tag_rendered|structured_data_in_db_but_no_jsonld_rendered
destination,t8xz6snksi9rlpx0gsauohnc,/destinations/faridabad,false,true,false,false,meta_title_mismatch_or_missing|no_canonical_tag_rendered|structured_data_in_db_but_no_jsonld_rendered
destination,gn3ims8jxak9qqed5r403jqs,/destinations/ghaziabad-vaishali,false,true,false,false,meta_title_mismatch_or_missing|no_canonical_tag_rendered|structured_data_in_db_but_no_jsonld_rendered
destination,ogz1hhov20giquv5i9q158qe,/destinations/gandhidham,false,true,false,false,meta_title_mismatch_or_missing|no_canonical_tag_rendered|structured_data_in_db_but_no_jsonld_rendered
destination,pwppmhouwai1twxbzfggzxkp,/destinations/gorakhpur,false,true,false,false,meta_title_mismatch_or_missing|no_canonical_tag_rendered|structured_data_in_db_but_no_jsonld_rendered
destination,iow55idqp7gtwmlmjzibvojx,/destinations/hanumangarh,false,true,false,false,meta_title_mismatch_or_missing|no_canonical_tag_rendered|structured_data_in_db_but_no_jsonld_rendered
destination,vef5cgg66d40tmgfiiodu4mn,/destinations/gurugram,false,true,false,false,meta_title_mismatch_or_missing|no_canonical_tag_rendered|structured_data_in_db_but_no_jsonld_rendered
destination,yg15f20wo0qn10kqtfg7hfqq,/destinations/hargeisa,false,true,false,false,meta_title_mismatch_or_missing|no_canonical_tag_rendered|structured_data_in_db_but_no_jsonld_rendered
destination,cbqoeyioqk9x6xh160iahppf,/destinations/haridwar,false,true,false,false,meta_title_mismatch_or_missing|no_canonical_tag_rendered|structured_data_in_db_but_no_jsonld_rendered
destination,ge7aqzl18i85kmacf2iy3stj,/destinations/hyderabad,false,true,false,false,meta_title_mismatch_or_missing|no_canonical_tag_rendered|structured_data_in_db_but_no_jsonld_rendered
destination,wzoia1gyn1ynrddtw1zdty8t,/destinations/indore,false,true,false,false,meta_title_mismatch_or_missing|no_canonical_tag_rendered|structured_data_in_db_but_no_jsonld_rendered
destination,mmwth3lj0uet15exke9r7m9j,/destinations/jalandhar,false,true,false,false,meta_title_mismatch_or_missing|no_canonical_tag_rendered|structured_data_in_db_but_no_jsonld_rendered
destination,sqc28s6784quqpbj98n9qzh0,/destinations/jaisalmer,false,true,false,false,meta_title_mismatch_or_missing|no_canonical_tag_rendered|structured_data_in_db_but_no_jsonld_rendered
destination,qx1suolvsmkp03mur8eu7p9y,/destinations/jammu,false,true,false,false,meta_title_mismatch_or_missing|no_canonical_tag_rendered|structured_data_in_db_but_no_jsonld_rendered
destination,iyyhojumzp6naxdwtis08u5e,/destinations/jhansi,false,true,false,false,meta_title_mismatch_or_missing|no_canonical_tag_rendered|structured_data_in_db_but_no_jsonld_rendered
destination,dejvdrnmw73rnbrvtlyt8tp9,/destinations/jodhpur,false,true,false,false,meta_title_mismatch_or_missing|no_canonical_tag_rendered|structured_data_in_db_but_no_jsonld_rendered
destination,pciedoqp6htrgwma10be6rky,/destinations/junagadh,false,true,false,false,meta_title_mismatch_or_missing|no_canonical_tag_rendered|structured_data_in_db_but_no_jsonld_rendered
destination,f6weqsd15y4hck58omx491sd,/destinations/kathmandu,false,true,false,false,meta_title_mismatch_or_missing|no_canonical_tag_rendered|structured_data_in_db_but_no_jsonld_rendered
destination,nvibjcwtcfka5gsvxb9m30nn,/destinations/kampala,false,true,false,false,meta_title_mismatch_or_missing|no_canonical_tag_rendered|structured_data_in_db_but_no_jsonld_rendered
destination,bvblkugclc8r9awb31095q0p,/destinations/katra,false,true,false,false,meta_title_mismatch_or_missing|no_canonical_tag_rendered|structured_data_in_db_but_no_jsonld_rendered
destination,xe8jq7dbldq9pixbfoi0tg5h,/destinations/kochi,false,true,false,false,meta_title_mismatch_or_missing|no_canonical_tag_rendered|structured_data_in_db_but_no_jsonld_rendered
destination,klsuhzs7q5wcqf9gig3cfo62,/destinations/kolkata,false,true,false,false,meta_title_mismatch_or_missing|no_canonical_tag_rendered|structured_data_in_db_but_no_jsonld_rendered
destination,mabq6b03elerfbx7y79vq3g3,/destinations/kota,false,true,false,false,meta_title_mismatch_or_missing|no_canonical_tag_rendered|structured_data_in_db_but_no_jsonld_rendered
destination,tpxo2i0vj2gwfrau50q4exv8,/destinations/lucknow,false,true,false,false,meta_title_mismatch_or_missing|no_canonical_tag_rendered|structured_data_in_db_but_no_jsonld_rendered
destination,bq7yy00v5l8j1z90holqcf1o,/destinations/latur,false,true,false,false,meta_title_mismatch_or_missing|no_canonical_tag_rendered|structured_data_in_db_but_no_jsonld_rendered
destination,ckm08gns3z7k6lkg1i6h7ei9,/destinations/ludhiana,false,true,false,false,meta_title_mismatch_or_missing|no_canonical_tag_rendered|structured_data_in_db_but_no_jsonld_rendered
destination,nxdbovii8c44wf0ryhx46qe1,/destinations/manali,false,true,false,false,meta_title_mismatch_or_missing|no_canonical_tag_rendered|structured_data_in_db_but_no_jsonld_rendered
destination,f0v2si8e3kd3ohzo69z3sdco,/destinations/lusaka-zambia,false,true,false,false,meta_title_mismatch_or_missing|no_canonical_tag_rendered|structured_data_in_db_but_no_jsonld_rendered
destination,bn78n8107fe737kcl13fk3v5,/destinations/mathura-vrindavan,false,true,false,false,meta_title_mismatch_or_missing|no_canonical_tag_rendered|structured_data_in_db_but_no_jsonld_rendered
destination,e870r3n5qie2z4577a2sj43r,/destinations/mashobra-shimla,false,true,false,false,meta_title_mismatch_or_missing|no_canonical_tag_rendered|structured_data_in_db_but_no_jsonld_rendered
destination,hfaow8p1ugdduz0np2pkxz0h,/destinations/morbi,false,true,false,false,meta_title_mismatch_or_missing|no_canonical_tag_rendered|structured_data_in_db_but_no_jsonld_rendered
destination,l6gclqbzj7delbvvfa7s8rbd,/destinations/mussoorie,false,true,false,false,meta_title_mismatch_or_missing|no_canonical_tag_rendered|structured_data_in_db_but_no_jsonld_rendered
destination,d5sownnwln860ouv32x63sjb,/destinations/mysore,false,true,false,false,meta_title_mismatch_or_missing|no_canonical_tag_rendered|structured_data_in_db_but_no_jsonld_rendered
destination,rh6d7nr675n609u8jl15saof,/destinations/nairobi-kenya,false,true,false,false,meta_title_mismatch_or_missing|no_canonical_tag_rendered|structured_data_in_db_but_no_jsonld_rendered
destination,boila1hbc6djnpapsl9si5te,/destinations/new-delhi,false,true,false,false,meta_title_mismatch_or_missing|no_canonical_tag_rendered|structured_data_in_db_but_no_jsonld_rendered
destination,m6g7btt3yvd7l5homnm6bbze,/destinations/noida,false,true,false,false,meta_title_mismatch_or_missing|no_canonical_tag_rendered|structured_data_in_db_but_no_jsonld_rendered
destination,dz7gp49dsfprh15jgedh97hm,/destinations/orai,false,true,false,false,meta_title_mismatch_or_missing|no_canonical_tag_rendered|structured_data_in_db_but_no_jsonld_rendered
destination,siswvpabra03z2x4aa7euldt,/destinations/pahalgam,false,true,false,false,meta_title_mismatch_or_missing|no_canonical_tag_rendered|structured_data_in_db_but_no_jsonld_rendered
destination,b28mkolactqfcet3yjn8vd3x,/destinations/panipat,false,true,false,false,meta_title_mismatch_or_missing|no_canonical_tag_rendered|structured_data_in_db_but_no_jsonld_rendered
destination,u9ueihk6fxdrv70pjhytp8bv,/destinations/palampur,false,true,false,false,meta_title_mismatch_or_missing|no_canonical_tag_rendered|structured_data_in_db_but_no_jsonld_rendered
destination,tionrtabs53vd9xs37xghw3i,/destinations/patkote,false,true,false,false,meta_title_mismatch_or_missing|no_canonical_tag_rendered|structured_data_in_db_but_no_jsonld_rendered
destination,ntx5lg5cwd79laaezadlo0xm,/destinations/pathankot,false,true,false,false,meta_title_mismatch_or_missing|no_canonical_tag_rendered|structured_data_in_db_but_no_jsonld_rendered
destination,ngcujryrjykc8q3qb8rl073x,/destinations/pondicherry,false,true,false,false,meta_title_mismatch_or_missing|no_canonical_tag_rendered|structured_data_in_db_but_no_jsonld_rendered
destination,ei464chm3yhsgmpzrtfpgfix,/destinations/pilibhit,false,true,false,false,meta_title_mismatch_or_missing|no_canonical_tag_rendered|structured_data_in_db_but_no_jsonld_rendered
destination,hfoie9rzqc33nipfzqbzrqc9,/destinations/raipur,false,true,false,false,meta_title_mismatch_or_missing|no_canonical_tag_rendered|structured_data_in_db_but_no_jsonld_rendered
destination,yojcyv76cqnr5261suzle1te,/destinations/poovar-island-kerala,false,true,false,false,meta_title_mismatch_or_missing|no_canonical_tag_rendered|structured_data_in_db_but_no_jsonld_rendered
destination,aiu7hheke4ljhkh3rschr070,/destinations/ranchi,false,true,false,false,meta_title_mismatch_or_missing|no_canonical_tag_rendered|structured_data_in_db_but_no_jsonld_rendered
destination,jy3k3z1a6fx48bhw52jptf8r,/destinations/rajkot,false,true,false,false,meta_title_mismatch_or_missing|no_canonical_tag_rendered|structured_data_in_db_but_no_jsonld_rendered
destination,uphwlrrfe3cfncx7zirb1nel,/destinations/roorkee,false,true,false,false,meta_title_mismatch_or_missing|no_canonical_tag_rendered|structured_data_in_db_but_no_jsonld_rendered
destination,lm12y35foqb8hbnzpk5ftw3g,/destinations/saharanpur,false,true,false,false,meta_title_mismatch_or_missing|no_canonical_tag_rendered|structured_data_in_db_but_no_jsonld_rendered
destination,qo32u2p4jshtib2n0cnyh26q,/destinations/secunderabad,false,true,false,false,meta_title_mismatch_or_missing|no_canonical_tag_rendered|structured_data_in_db_but_no_jsonld_rendered
destination,rfaoec41vz2fk4b4ig4um99s,/destinations/shrawasti,false,true,false,false,meta_title_mismatch_or_missing|no_canonical_tag_rendered|structured_data_in_db_but_no_jsonld_rendered
destination,sw3nns5we6adhwh3p3j09cr6,/destinations/siliguri,false,true,false,false,meta_title_mismatch_or_missing|no_canonical_tag_rendered|structured_data_in_db_but_no_jsonld_rendered
destination,a1k0gq8uchrzkyqmg5o460hl,/destinations/sindhudurg,false,true,false,false,meta_title_mismatch_or_missing|no_canonical_tag_rendered|structured_data_in_db_but_no_jsonld_rendered
destination,p3a7nhuzvgfy0hhi7w23vrv5,/destinations/solapur,false,true,false,false,meta_title_mismatch_or_missing|no_canonical_tag_rendered|structured_data_in_db_but_no_jsonld_rendered
destination,r6im9mrko0qd3gjnyzy53ik4,/destinations/somnath,false,true,false,false,meta_title_mismatch_or_missing|no_canonical_tag_rendered|structured_data_in_db_but_no_jsonld_rendered
destination,o33skxs2x6g03brfg3jro3d6,/destinations/sonipat,false,true,false,false,meta_title_mismatch_or_missing|no_canonical_tag_rendered|structured_data_in_db_but_no_jsonld_rendered
destination,k6ecypd791hicqf3tqsyouka,/destinations/srinagar,false,true,false,false,meta_title_mismatch_or_missing|no_canonical_tag_rendered|structured_data_in_db_but_no_jsonld_rendered
destination,cbwvgzjd66akvfhm4vrwj134,/destinations/sriperumbudur,false,true,false,false,meta_title_mismatch_or_missing|no_canonical_tag_rendered|structured_data_in_db_but_no_jsonld_rendered
destination,m1y1qydywb0ssbdafbnjkftj,/destinations/thiruvananthapuram,false,true,false,false,meta_title_mismatch_or_missing|no_canonical_tag_rendered|structured_data_in_db_but_no_jsonld_rendered
destination,n49fyb3d1q8xdyw5ah0fljkj,/destinations/udaipur,false,true,false,false,meta_title_mismatch_or_missing|no_canonical_tag_rendered|structured_data_in_db_but_no_jsonld_rendered
destination,qofk8kwmu3dbcwh6ff3k0fwq,/destinations/mahabalipuram,false,true,false,false,meta_title_mismatch_or_missing|no_canonical_tag_rendered|structured_data_in_db_but_no_jsonld_rendered
destination,x8fd2345tc43cd6btlv9rpyh,/destinations/alwar,false,true,false,false,meta_title_mismatch_or_missing|no_canonical_tag_rendered|structured_data_in_db_but_no_jsonld_rendered
destination,jbet1ihsxbnv8ve6u0vt5z9v,/destinations/ajmer,false,true,false,false,meta_title_mismatch_or_missing|no_canonical_tag_rendered|structured_data_in_db_but_no_jsonld_rendered
destination,eymuihdn0b4hhujdlw634mi2,/destinations/amritsar,false,true,false,false,meta_title_mismatch_or_missing|no_canonical_tag_rendered|structured_data_in_db_but_no_jsonld_rendered
destination,v3zsunlqq3z3reh9724oagjk,/destinations/ayodhya,false,true,false,false,meta_title_mismatch_or_missing|no_canonical_tag_rendered|structured_data_in_db_but_no_jsonld_rendered
destination,f5u7rszcm0xs65kdkhmy02ry,/destinations/baddi,false,true,false,false,meta_title_mismatch_or_missing|no_canonical_tag_rendered|structured_data_in_db_but_no_jsonld_rendered
destination,hlxzom9lue8r9w9v0l3lzrem,/destinations/badrinath,false,true,false,false,meta_title_mismatch_or_missing|no_canonical_tag_rendered|structured_data_in_db_but_no_jsonld_rendered
destination,pull38xmlu51ui1zm3y6ct8y,/destinations/bangalore-bengaluru,false,true,false,false,meta_title_mismatch_or_missing|no_canonical_tag_rendered|structured_data_in_db_but_no_jsonld_rendered
destination,qx7jxgyk3kfs88dfftuz8zwq,/destinations/bhavnagar,false,true,false,false,meta_title_mismatch_or_missing|no_canonical_tag_rendered|structured_data_in_db_but_no_jsonld_rendered
destination,kbuycasjrnq5lxrb9u7sr4ay,/destinations/bhiwadi,false,true,false,false,meta_title_mismatch_or_missing|no_canonical_tag_rendered|structured_data_in_db_but_no_jsonld_rendered
destination,be9vt5os68ybgqypb1bzx5wt,/destinations/bhimtal,false,true,false,false,meta_title_mismatch_or_missing|no_canonical_tag_rendered|structured_data_in_db_but_no_jsonld_rendered
destination,tldpku80fh73w1pqktxqvw67,/destinations/bhubaneswar,false,true,false,false,meta_title_mismatch_or_missing|no_canonical_tag_rendered|structured_data_in_db_but_no_jsonld_rendered
destination,aslghsfca7c0c7i3pna0zeae,/destinations/bhopal,false,true,false,false,meta_title_mismatch_or_missing|no_canonical_tag_rendered|structured_data_in_db_but_no_jsonld_rendered
destination,q8tmio8nkdw18y91x09t0h1x,/destinations/birgunj-nepal,false,true,false,false,meta_title_mismatch_or_missing|no_canonical_tag_rendered|structured_data_in_db_but_no_jsonld_rendered
destination,a0u425s73km2l2n7y69ejp0v,/destinations/bodhgaya,false,true,false,false,meta_title_mismatch_or_missing|no_canonical_tag_rendered|structured_data_in_db_but_no_jsonld_rendered
destination,ht592ggjg3ajj843zandajo2,/destinations/chennai,false,true,false,false,meta_title_mismatch_or_missing|no_canonical_tag_rendered|structured_data_in_db_but_no_jsonld_rendered
destination,vu596lop3met5kpn9vn4t7mv,/destinations/chandigarh,false,true,false,false,meta_title_mismatch_or_missing|no_canonical_tag_rendered|structured_data_in_db_but_no_jsonld_rendered
destination,r9irwb8bbvcbp12x7btn91ho,/destinations/chitwan-nepal,false,true,false,false,meta_title_mismatch_or_missing|no_canonical_tag_rendered|structured_data_in_db_but_no_jsonld_rendered
destination,ei26zen3zevkia2yj1pdpi9a,/destinations/dalhousie,false,true,false,false,meta_title_mismatch_or_missing|no_canonical_tag_rendered|structured_data_in_db_but_no_jsonld_rendered
destination,wxk53zm5bgi6ydlea17b5lyd,/destinations/deoghar,false,true,false,false,meta_title_mismatch_or_missing|no_canonical_tag_rendered|structured_data_in_db_but_no_jsonld_rendered
destination,qugjnmpit3pmm9o25doopts8,/destinations/dehradun,false,true,false,false,meta_title_mismatch_or_missing|no_canonical_tag_rendered|structured_data_in_db_but_no_jsonld_rendered
destination,x5lizrsnny14x0l853ycxd6t,/destinations/hosur,false,true,false,false,meta_title_mismatch_or_missing|no_canonical_tag_rendered|structured_data_in_db_but_no_jsonld_rendered
destination,n7ga96wha5gw88vsdxm9iarg,/destinations/kakinada,false,true,false,false,meta_title_mismatch_or_missing|no_canonical_tag_rendered|structured_data_in_db_but_no_jsonld_rendered
destination,dfx8rs3d6pcek041ez5qp537,/destinations/navi-mumbai,false,true,false,false,meta_title_mismatch_or_missing|no_canonical_tag_rendered|structured_data_in_db_but_no_jsonld_rendered
destination,n5oyt8h3mcxa1s9dhoanjww1,/destinations/sasan-gir,false,true,false,false,meta_title_mismatch_or_missing|no_canonical_tag_rendered|structured_data_in_db_but_no_jsonld_rendered
destination,boy8ftjo746yvpg633232qwg,/destinations/tirupati,false,true,false,false,meta_title_mismatch_or_missing|no_canonical_tag_rendered|structured_data_in_db_but_no_jsonld_rendered
offer,ppy4pkg8pro0uglb2lfwq2as,/offers/early-bird-getaway,true,true,false,false,no_canonical_tag_rendered
offer,g3kr8u9m32qc18lpalk9oo4i,/offers/honeymoon-bliss-package,true,true,false,false,no_canonical_tag_rendered
offer,os01pbjo4aj4ol3p90w8mi3p,/offers/weekend-staycation-special,true,true,false,false,no_canonical_tag_rendered
offer,oit7gnk0dmvcx2na2wf1fubr,/offers/mice-season-special,true,true,false,false,no_canonical_tag_rendered
offer,pvdtjvghrgsz20j8kmf0a4hx,/offers/aditya-hometel-hyderabad-book-direct-special-offer,false,true,false,false,meta_title_mismatch_or_missing|no_canonical_tag_rendered|structured_data_in_db_but_no_jsonld_rendered
offer,xjc71f0rb5ubaa1mn77bck7r,/offers/aditya-park-hyderabad-book-direct-offer,false,true,false,false,meta_title_mismatch_or_missing|no_canonical_tag_rendered|structured_data_in_db_but_no_jsonld_rendered
offer,xb4nh5i4o1rdv3bid1q88p4w,/offers/ambar-sarovar-portico-gandhidham-hotel-book-direct-special-offer,false,true,false,false,meta_title_mismatch_or_missing|no_canonical_tag_rendered|structured_data_in_db_but_no_jsonld_rendered
offer,f7m9oz6qq7zmtoletmp5hxw4,/offers/ambar-sarovar-portico-gandhidham-hotel-chef-made-my-breakfast-my-way,false,true,false,false,meta_title_mismatch_or_missing|no_canonical_tag_rendered|structured_data_in_db_but_no_jsonld_rendered
offer,my6scq916xrvt88rrpdhohv6,/offers/ambar-sarovar-portico-gandhidham-hotel-flexi-check-in-and-check-out,false,true,false,false,meta_title_mismatch_or_missing|no_canonical_tag_rendered|structured_data_in_db_but_no_jsonld_rendered
offer,tdgqpha04gn87ohmiclom0tb,/offers/ambar-sarovar-portico-gandhidham-hotel-take-away-breakfast-with-early-checkout,true,true,false,false,no_canonical_tag_rendered|structured_data_in_db_but_no_jsonld_rendered
offer,meqi8zfwc4qdnnzfu013wqbh,/offers/ambar-sarovar-portico-gandhidham-hotel-high-speed-browsing-at-no-charge,false,true,false,false,meta_title_mismatch_or_missing|no_canonical_tag_rendered|structured_data_in_db_but_no_jsonld_rendered
offer,rwm84ilx592fs3nh1s1cu86l,/offers/ambrosia-sarovar-portico-haridwar-book-direct-special-offer,false,true,false,false,meta_title_mismatch_or_missing|no_canonical_tag_rendered|structured_data_in_db_but_no_jsonld_rendered
offer,wjj4nix1x5qfghfx4yw918sk,/offers/balaji-sarovar-premiere-solapur-free-wi-fi,false,true,false,false,meta_title_mismatch_or_missing|no_canonical_tag_rendered|structured_data_in_db_but_no_jsonld_rendered
offer,cp7astkiyc4zacksul2naexk,/offers/bellevue-sarovar-premiere-junagadh-promotions,false,true,false,false,meta_title_mismatch_or_missing|no_canonical_tag_rendered|structured_data_in_db_but_no_jsonld_rendered
offer,o7pda8eg6e2joil4a21h0c7i,/offers/classic-sarovar-portico-thiruvananthapuram-free-wi-fi,false,true,false,false,meta_title_mismatch_or_missing|no_canonical_tag_rendered|structured_data_in_db_but_no_jsonld_rendered
offer,xmo4foe33jtz166c0bkng4jl,/offers/davanam-sarovar-portico-suites-bangalore-book-direct-special-offer,false,true,false,false,meta_title_mismatch_or_missing|no_canonical_tag_rendered|structured_data_in_db_but_no_jsonld_rendered
offer,nf8745qreohcq1k75atq55zu,/offers/deventure-sarovar-portico-kapashera-new-delhi-free-wi-fi,false,true,false,false,meta_title_mismatch_or_missing|no_canonical_tag_rendered|structured_data_in_db_but_no_jsonld_rendered
offer,wh7uw27uo96xhg7tt1lyl3ut,/offers/efcee-sarovar-portico-bhavnagar-book-direct-special-offer,false,true,false,false,meta_title_mismatch_or_missing|no_canonical_tag_rendered|structured_data_in_db_but_no_jsonld_rendered
offer,m77ceuso3anam3n2jc90bjne,/offers/golden-sarovar-portico-amritsar-book-direct-special-offer,false,true,false,false,meta_title_mismatch_or_missing|no_canonical_tag_rendered|structured_data_in_db_but_no_jsonld_rendered
offer,zu93refmkqebkg26uewffe41,/offers/golden-sarovar-portico-amritsar-chef-made-my-breakfast-my-way,false,true,false,false,meta_title_mismatch_or_missing|no_canonical_tag_rendered|structured_data_in_db_but_no_jsonld_rendered
offer,loaergwyl91zs859smlizq62,/offers/golden-sarovar-portico-amritsar-flexi-check-in-check-out,false,true,false,false,meta_title_mismatch_or_missing|no_canonical_tag_rendered|structured_data_in_db_but_no_jsonld_rendered
offer,zqgkm9h57nvwfhjuz886ui1p,/offers/golden-sarovar-portico-amritsar-high-speed-browsing-at-no-charge,false,true,false,false,meta_title_mismatch_or_missing|no_canonical_tag_rendered|structured_data_in_db_but_no_jsonld_rendered
offer,dkavba8kjcqn4v69c8uu8cxv,/offers/golden-sarovar-portico-amritsar-take-away-breakfast-with-early-check-out,false,true,false,false,meta_title_mismatch_or_missing|no_canonical_tag_rendered|structured_data_in_db_but_no_jsonld_rendered
offer,erdg6fw9a7bj36jv8chze9vd,/offers/golden-tulip-candolim-goa-10-members-only-discount,false,true,false,false,meta_title_mismatch_or_missing|no_canonical_tag_rendered|structured_data_in_db_but_no_jsonld_rendered
offer,ngi7df1mx46wozkm7r25zv8l,/offers/golden-tulip-candolim-goa-flat-30-discount,false,true,false,false,meta_title_mismatch_or_missing|no_canonical_tag_rendered|structured_data_in_db_but_no_jsonld_rendered
offer,qi78r98fptf2o2gxm6usa6f3,/offers/golden-tulip-goa-mandrem-corporate-group-package-with-all-inclusive-35-rooms-70-guest,true,true,false,false,no_canonical_tag_rendered
offer,hjysuf1rp0xhve0vtnm4pjyi,/offers/golden-tulip-goa-mandrem-destination-wedding-exclusive-buyout-package-for-108-guest-with-all-inclusive,true,true,false,false,no_canonical_tag_rendered|structured_data_in_db_but_no_jsonld_rendered
offer,st3ekf7r8ql6x6ye1uei5t80,/offers/golden-tulip-goa-mandrem-monsoon-bonanza,false,true,false,false,meta_title_mismatch_or_missing|no_canonical_tag_rendered|structured_data_in_db_but_no_jsonld_rendered
offer,g8wm19cs8mckwvbwf0g9pti0,/offers/golden-tulip-lucknow-ayodhya-tour-package,false,true,false,false,meta_title_mismatch_or_missing|no_canonical_tag_rendered|structured_data_in_db_but_no_jsonld_rendered
offer,b675xob42sqdkyl8kfz8cpnj,/offers/golden-tulip-lucknow-book-direct-offer,false,true,false,false,meta_title_mismatch_or_missing|no_canonical_tag_rendered|structured_data_in_db_but_no_jsonld_rendered
offer,x1j9z3s3h94qbj0uv47v1lsw,/offers/golden-tulip-lucknow-chef-made-my-breakfast-my-way,false,true,false,false,meta_title_mismatch_or_missing|no_canonical_tag_rendered|structured_data_in_db_but_no_jsonld_rendered
offer,s4j3ss63wsg1p2y54m8ir8rk,/offers/golden-tulip-lucknow-flexi-check-in-check-out,false,true,false,false,meta_title_mismatch_or_missing|no_canonical_tag_rendered|structured_data_in_db_but_no_jsonld_rendered
offer,qp6x7ubgigd7n2goniz2gz91,/offers/golden-tulip-lucknow-free-wi-fi,false,true,false,false,meta_title_mismatch_or_missing|no_canonical_tag_rendered|structured_data_in_db_but_no_jsonld_rendered
offer,qf7rsr0pkz3o2d3zlytev9ps,/offers/golden-tulip-lucknow-high-speed-browsing-at-no-charge,false,true,false,false,meta_title_mismatch_or_missing|no_canonical_tag_rendered|structured_data_in_db_but_no_jsonld_rendered
offer,u6qg3od4lcq86k46xrcxxgiy,/offers/golden-tulip-lucknow-take-away-breakfast-with-early-check-out,true,true,false,false,no_canonical_tag_rendered|structured_data_in_db_but_no_jsonld_rendered
offer,u8r4ll1jwf2vfa64oa8j2f9j,/offers/grand-continent-anjuna-flat-30-discount,false,true,false,false,meta_title_mismatch_or_missing|no_canonical_tag_rendered|structured_data_in_db_but_no_jsonld_rendered
offer,z7zq9d4uzrn95i6p3cbhz4ho,/offers/hometel-chandigarh-book-direct-special-offer,false,true,false,false,meta_title_mismatch_or_missing|no_canonical_tag_rendered|structured_data_in_db_but_no_jsonld_rendered
offer,usf8hxuobm8lqe3gasssdf23,/offers/hometel-chandigarh-diamond-packages-rs2199-taxes,false,true,false,false,meta_title_mismatch_or_missing|no_canonical_tag_rendered|structured_data_in_db_but_no_jsonld_rendered
offer,qd9qw0fy9s4m0xjq49ynzrgt,/offers/hometel-chandigarh-platinum-packages-2499-taxes,false,true,false,false,meta_title_mismatch_or_missing|no_canonical_tag_rendered|structured_data_in_db_but_no_jsonld_rendered
offer,bfzk89973e2jv1jqznno24b8,/offers/hometel-chandigarh-silver-packages-rs1799-taxes,false,true,false,false,meta_title_mismatch_or_missing|no_canonical_tag_rendered|structured_data_in_db_but_no_jsonld_rendered
offer,g6cugr9d5wp0noyb7iit9cgq,/offers/hometel-roorkee-free-wi-fi,false,true,false,false,meta_title_mismatch_or_missing|no_canonical_tag_rendered|structured_data_in_db_but_no_jsonld_rendered
offer,tcw16zelr1esxk1gi3q5ry4t,/offers/la-place-sarovar-portico-lucknow-free-wi-fi-at-la-place-sarovar-portico-lucknow,false,true,false,false,meta_title_mismatch_or_missing|no_canonical_tag_rendered|structured_data_in_db_but_no_jsonld_rendered
offer,t8su1gz1rtyj7agl2du1fq17,/offers/le-dupleix-pondicherry-lobster-nights-at-le-dupleix,false,true,false,false,meta_title_mismatch_or_missing|no_canonical_tag_rendered|structured_data_in_db_but_no_jsonld_rendered
offer,q06oneo93so45sja370yjl51,/offers/le-lac-sarovar-ranchi-free-wi-fi,false,true,false,false,meta_title_mismatch_or_missing|no_canonical_tag_rendered|structured_data_in_db_but_no_jsonld_rendered
offer,x5us8fm4ndd6nkfe2r3gbkmm,/offers/legend-sarovar-portico-book-direct-special-offer,false,true,false,false,meta_title_mismatch_or_missing|no_canonical_tag_rendered|structured_data_in_db_but_no_jsonld_rendered
offer,u7r8tztgiidb75brmr87bw5t,/offers/mahagun-sarovar-portico-suites-vaishali-book-direct-special-offer,false,true,false,false,meta_title_mismatch_or_missing|no_canonical_tag_rendered|structured_data_in_db_but_no_jsonld_rendered
offer,gj1u88kvy5b8bnntwk0oeo8u,/offers/mahagun-sarovar-portico-suites-vaishali-free-wi-fi-at-mahagun-sarovar-portico-suites-vaishali,true,true,false,false,no_canonical_tag_rendered|structured_data_in_db_but_no_jsonld_rendered
offer,vnf1icozwu0gnndsbg94os5n,/offers/majestic-court-sarovar-portico-navi-mumbai-free-wi-fi,false,true,false,false,meta_title_mismatch_or_missing|no_canonical_tag_rendered|structured_data_in_db_but_no_jsonld_rendered
offer,e9e6f1pwywb47nk10svm1wut,/offers/marasa-sarovar-portico-rajkot-free-wi-fi,true,true,false,false,no_canonical_tag_rendered|structured_data_in_db_but_no_jsonld_rendered
offer,vmrtkkrmo51avo3m17rjxhcg,/offers/marasa-sarovar-premiere-tirupati-hotels-complimentary-wi-fi,false,true,false,false,meta_title_mismatch_or_missing|no_canonical_tag_rendered|structured_data_in_db_but_no_jsonld_rendered
offer,kltlrstvzb15k0awm1ks3smt,/offers/marigold-sarovar-portico-mashobra-shimla-book-direct-special-offer,false,true,false,false,meta_title_mismatch_or_missing|no_canonical_tag_rendered|structured_data_in_db_but_no_jsonld_rendered
offer,ob34ogp5erd51569rzwcjjh0,/offers/marigold-sarovar-portico-mashobra-shimla-weekend-weekdays-offer,false,true,false,false,meta_title_mismatch_or_missing|no_canonical_tag_rendered|structured_data_in_db_but_no_jsonld_rendered
offer,y23woyotzy090ghfmyd2ks3b,/offers/marine-plaza-mumbai-complimentary-wi-fi,false,true,false,false,meta_title_mismatch_or_missing|no_canonical_tag_rendered|structured_data_in_db_but_no_jsonld_rendered
offer,yweqvtgwabw9cvba7ymcrby0,/offers/nataraj-sarovar-portico-jhansi-complimentary-wi-fi,false,true,false,false,meta_title_mismatch_or_missing|no_canonical_tag_rendered|structured_data_in_db_but_no_jsonld_rendered
offer,if63ksup3qg2550zh2xsc18n,/offers/nirvana-sarovar-portico-gorakhpur-book-direct-special-offer,false,true,false,false,meta_title_mismatch_or_missing|no_canonical_tag_rendered|structured_data_in_db_but_no_jsonld_rendered
offer,in52zw43n9xptznl9vaxq8mq,/offers/paradigm-sarovar-kakinada-free-wi-fi,true,true,false,false,no_canonical_tag_rendered|structured_data_in_db_but_no_jsonld_rendered
offer,whjxrklknsd1ihg9d85clxaq,/offers/park-inn-gurgaon-free-wi-fi,false,true,false,false,meta_title_mismatch_or_missing|no_canonical_tag_rendered|structured_data_in_db_but_no_jsonld_rendered
offer,h2bykhh5bq28aj25j2z9tl0h,/offers/park-inn-radisson-goa-candolim-free-wi-fi,false,true,false,false,meta_title_mismatch_or_missing|no_canonical_tag_rendered|structured_data_in_db_but_no_jsonld_rendered
offer,dzhaeby7dd63w81sqwyho9ml,/offers/park-plaza-faridabad-free-wi-fi,false,true,false,false,meta_title_mismatch_or_missing|no_canonical_tag_rendered|structured_data_in_db_but_no_jsonld_rendered
offer,kdsralo2hgl7qwg7rmi22aon,/offers/park-plaza-jodhpur-free-wi-fi,false,true,false,false,meta_title_mismatch_or_missing|no_canonical_tag_rendered|structured_data_in_db_but_no_jsonld_rendered
offer,rifvydhcsm6c3aa87qj15xwd,/offers/park-plaza-ludhiana-orient-blade-chinese-and-asian-cuisine,false,true,false,false,meta_title_mismatch_or_missing|no_canonical_tag_rendered|structured_data_in_db_but_no_jsonld_rendered
offer,lvivbyr2o2ssy6l14j91uxb1,/offers/park-plaza-ludhiana-panorama,false,true,false,false,meta_title_mismatch_or_missing|no_canonical_tag_rendered|structured_data_in_db_but_no_jsonld_rendered
offer,asepfg8bm0knsa1jwzwlanht,/offers/park-plaza-ludhiana-passion-lounge-bar,false,true,false,false,meta_title_mismatch_or_missing|no_canonical_tag_rendered|structured_data_in_db_but_no_jsonld_rendered
offer,l7gbthfclrulmpqf4gvumaot,/offers/park-plaza-shahadra-east-delhi-free-wi-fi,false,true,false,false,meta_title_mismatch_or_missing|no_canonical_tag_rendered|structured_data_in_db_but_no_jsonld_rendered
offer,a6yhtbigsud8oj5ckxqe2nmm,/offers/park-plaza-zirakpur-free-wi-fi,true,true,false,false,no_canonical_tag_rendered|structured_data_in_db_but_no_jsonld_rendered
offer,e1z4b6sib5bay7zdqa885w9e,/offers/radha-hometel-bangalore-book-direct-special-offer,false,true,false,false,meta_title_mismatch_or_missing|no_canonical_tag_rendered|structured_data_in_db_but_no_jsonld_rendered
offer,d0jklhnqf9gx1wk0eossqlqh,/offers/radha-hometel-bangalore-complimentary-breakfast-offer,false,true,false,false,meta_title_mismatch_or_missing|no_canonical_tag_rendered|structured_data_in_db_but_no_jsonld_rendered
offer,kdcifjyaxw4qgq6lk72upmnc,/offers/radha-regent-chennai-book-direct-offer,false,true,false,false,meta_title_mismatch_or_missing|no_canonical_tag_rendered|structured_data_in_db_but_no_jsonld_rendered
offer,nk8cmz6s252jzy3cwq1w9fit,/offers/radisson-hyderabad-hitec-free-wi-fi,false,true,false,false,meta_title_mismatch_or_missing|no_canonical_tag_rendered|structured_data_in_db_but_no_jsonld_rendered
offer,cfdhylb4czwh7aif8yl8mvss,/offers/radisson-mumbai-goregaon-free-wi-fi,false,true,false,false,meta_title_mismatch_or_missing|no_canonical_tag_rendered|structured_data_in_db_but_no_jsonld_rendered
offer,ff633of1i2efpx4fqxb1q7ot,/offers/rbd-sarovar-portico-outer-ring-road-bengaluru-book-direct-special-offer,false,true,false,false,meta_title_mismatch_or_missing|no_canonical_tag_rendered|structured_data_in_db_but_no_jsonld_rendered
offer,whyeybvr36k8kti7v3tifxgy,/offers/residency-sarovar-portico-mumbai-free-wifi,true,true,false,false,no_canonical_tag_rendered|structured_data_in_db_but_no_jsonld_rendered
offer,ea5jrb8gg9xdw51ubdh9gwcl,/offers/rivera-sarovar-portico-ahmedabad-book-direct-special-offer,false,true,false,false,meta_title_mismatch_or_missing|no_canonical_tag_rendered|structured_data_in_db_but_no_jsonld_rendered
offer,pj6tuk0wsl3bsdj4vcdwhj0r,/offers/royal-sarovar-portico-siliguri-free-wi-fi,true,true,false,false,no_canonical_tag_rendered|structured_data_in_db_but_no_jsonld_rendered
offer,xrifa69bdoxaqkajxn54b39y,/offers/sarovar-portico-badrinath-uttarakhand-book-direct-special-offer,false,true,false,false,meta_title_mismatch_or_missing|no_canonical_tag_rendered|structured_data_in_db_but_no_jsonld_rendered
offer,zurwcehvu4v6lkzyn5hk93g6,/offers/sarovar-portico-dehradun-high-speed-browsing-at-no-charge,true,true,false,false,no_canonical_tag_rendered|structured_data_in_db_but_no_jsonld_rendered
offer,dd3s9wifp11k2p8sher511z5,/offers/sarovar-portico-hanumangarh-direct-booking-offer,false,true,false,false,meta_title_mismatch_or_missing|no_canonical_tag_rendered|structured_data_in_db_but_no_jsonld_rendered
offer,th1w5vxhbssc95626fi5raoq,/offers/sarovar-portico-jaipur-free-wifi,true,true,false,false,no_canonical_tag_rendered|structured_data_in_db_but_no_jsonld_rendered
offer,z8c0uppjendwehjbcum3vs4a,/offers/sarovar-portico-jalandhar-free-wi-fi,false,true,false,false,meta_title_mismatch_or_missing|no_canonical_tag_rendered|structured_data_in_db_but_no_jsonld_rendered
offer,t4obs4nzxw5w5fjbh7lqj71r,/offers/sarovar-portico-naraina-new-delhi-free-wi-fi,true,true,false,false,no_canonical_tag_rendered|structured_data_in_db_but_no_jsonld_rendered
offer,j5o3w2e8sepi1ewtkmpam4jk,/offers/sarovar-portico-somnath-book-direct,false,true,false,false,meta_title_mismatch_or_missing|no_canonical_tag_rendered|structured_data_in_db_but_no_jsonld_rendered
offer,we6qvr18g4e96fqh4sqmwh21,/offers/sarovar-portico-surajkund-book-direct-special-offer,false,true,false,false,meta_title_mismatch_or_missing|no_canonical_tag_rendered|structured_data_in_db_but_no_jsonld_rendered
offer,rn66mpizqyreua7c3vm4n3yp,/offers/sarovar-premiere-jaipur-day-conference-package,false,true,false,false,meta_title_mismatch_or_missing|no_canonical_tag_rendered|structured_data_in_db_but_no_jsonld_rendered
offer,bp3g8hdjqc2d4cb3qcszxnko,/offers/sarovar-premiere-jaipur-free-wi-fi,false,true,false,false,meta_title_mismatch_or_missing|no_canonical_tag_rendered|structured_data_in_db_but_no_jsonld_rendered
offer,aj109s90vyyrmbjd977mbvp6,/offers/singhania-sarovar-portico-raipur-free-wi-fi,false,true,false,false,meta_title_mismatch_or_missing|no_canonical_tag_rendered|structured_data_in_db_but_no_jsonld_rendered
offer,wjhnvgfa8qvx6fmx9slozv61,/offers/skywings-sarovar-portico-mathura-winter-package,false,true,false,false,meta_title_mismatch_or_missing|no_canonical_tag_rendered|structured_data_in_db_but_no_jsonld_rendered
offer,eaz0kn3pljsatgawvml4di08,/offers/sobit-sarovar-portico-palolem-beach-hotel-goa-book-direct-exclusive-website-offer,false,true,false,false,meta_title_mismatch_or_missing|no_canonical_tag_rendered|structured_data_in_db_but_no_jsonld_rendered
offer,kgqgwo0w98nlev1vxdf3gqx2,/offers/sobit-sarovar-portico-palolem-beach-hotel-goa-travel-local-stay-local-live-the-new-normal,true,true,false,false,no_canonical_tag_rendered|structured_data_in_db_but_no_jsonld_rendered
offer,ulrb1kqj2zka9duk0chnella,/offers/taurus-hotel-mahipalpur-new-delhi-free-wi-fi,false,true,false,false,meta_title_mismatch_or_missing|no_canonical_tag_rendered|structured_data_in_db_but_no_jsonld_rendered
offer,czs5mclevh6e52rllmvmc558,/offers/the-ashtan-sarovar-portico-new-delhi-free-wifi,true,true,false,false,no_canonical_tag_rendered|structured_data_in_db_but_no_jsonld_rendered
offer,pv9mevj0x0wtp7978kk6ooiw,/offers/the-gaurs-sarovar-premiere-book-direct-offer,false,true,false,false,meta_title_mismatch_or_missing|no_canonical_tag_rendered|structured_data_in_db_but_no_jsonld_rendered
offer,cyhigl20qvhhjjyfj0i6kd5a,/offers/the-gokulam-park-kochi-free-wi-fi,false,true,false,false,meta_title_mismatch_or_missing|no_canonical_tag_rendered|structured_data_in_db_but_no_jsonld_rendered
offer,jpwe1o6ygql249cywqu1obzk,/offers/the-muse-sarovar-portico-nehru-place-new-delhi-free-wi-fi,false,true,false,false,meta_title_mismatch_or_missing|no_canonical_tag_rendered|structured_data_in_db_but_no_jsonld_rendered
offer,b0h5v9ohf9ctsylp19rofrqc,/offers/tulip-inn-gurugram-near-medanta-medanta-care-stay-package,false,true,false,false,meta_title_mismatch_or_missing|no_canonical_tag_rendered|structured_data_in_db_but_no_jsonld_rendered
article,tilyaneda7wlfd93bq46lfyj,/blog/blogs-an-escape-to-poovar-island,true,true,false,false,no_canonical_tag_rendered|structured_data_in_db_but_no_jsonld_rendered
article,jt6hiuk25o9a99f92cef8itl,/blog/blogs-beautiful-locations-to-get-married-in-this-summer,true,true,false,false,no_canonical_tag_rendered|structured_data_in_db_but_no_jsonld_rendered
article,x0h2lx5ks9sodkve06790xen,/blog/blogs-best-beaches-to-visit-in-goa,true,true,false,false,no_canonical_tag_rendered|structured_data_in_db_but_no_jsonld_rendered
article,vjyxiyogoz566osh363xaqf4,/blog/blogs-best-destinations-for-drivable-holidays-over-long-weekends,true,true,false,false,no_canonical_tag_rendered|structured_data_in_db_but_no_jsonld_rendered
article,n41kmnqpmjgdh20dgg0ts1mx,/blog/blogs-best-places-to-visit-in-agra,true,true,false,false,no_canonical_tag_rendered|structured_data_in_db_but_no_jsonld_rendered
article,q007y34o1favbv65afg90aag,/blog/blogs-best-summer-destinations-in-india,true,true,false,false,no_canonical_tag_rendered|structured_data_in_db_but_no_jsonld_rendered
article,ykz7eh4hxkzfy98zi22dr2qa,/blog/blogs-easter-recipe,true,true,false,false,no_canonical_tag_rendered|structured_data_in_db_but_no_jsonld_rendered
article,xsxnsz71x6n8v316f7ph81md,/blog/blogs-enjoy-divine-experience-in-mathura,true,true,false,false,no_canonical_tag_rendered|structured_data_in_db_but_no_jsonld_rendered
article,ytv8zl6ufjhh5pdinum8kx5n,/blog/blogs-experience-chandigarh-culture-food-architecture,true,true,false,false,no_canonical_tag_rendered|structured_data_in_db_but_no_jsonld_rendered
article,airxktc3vjrrn3tivuez89q6,/blog/blogs-experience-mashobra-with-marigold-sarovar-portico,true,true,false,false,no_canonical_tag_rendered|structured_data_in_db_but_no_jsonld_rendered
article,ju82peptwsvagrh10afz5iiq,/blog/blogs-experience-the-best-attractions-of-kerala,true,true,false,false,no_canonical_tag_rendered|structured_data_in_db_but_no_jsonld_rendered
article,lrw0exth2tb357odwgvwlg47,/blog/blogs-experience-the-glorious-past-of-agra-with-sarovar-hotels,true,true,false,false,no_canonical_tag_rendered|structured_data_in_db_but_no_jsonld_rendered
article,isyny5htu8hhe47zxlokevpz,/blog/blogs-experiential-things-to-do-in-bhimtal,true,true,false,false,no_canonical_tag_rendered|structured_data_in_db_but_no_jsonld_rendered
article,hpfrz6jx8sonnkcolhbec6gk,/blog/blogs-explore-the-beauty-of-jaisalmer,true,true,false,false,no_canonical_tag_rendered|structured_data_in_db_but_no_jsonld_rendered
article,wrvi8xqver400k2rl0cnvf3w,/blog/blogs-explore-the-best-of-palampur,true,true,false,false,no_canonical_tag_rendered|structured_data_in_db_but_no_jsonld_rendered
article,udqyty99tno25823dt1fo1cu,/blog/blogs-explore-the-city-of-jhansi,true,true,false,false,no_canonical_tag_rendered|structured_data_in_db_but_no_jsonld_rendered
article,qihi8i0zl3ymla37fncadgt4,/blog/blogs-explore-the-rich-heritage-of-pondicherry-with-sarovar-hotels,true,true,false,false,no_canonical_tag_rendered|structured_data_in_db_but_no_jsonld_rendered
article,uol4xl8gvammfdqdnq6vpxvc,/blog/blogs-explore-the-royal-capital-of-rajasthan,true,true,false,false,no_canonical_tag_rendered|structured_data_in_db_but_no_jsonld_rendered
article,tm3yycsjpxhj6fvf3enjce31,/blog/blogs-following-the-food-trail-in-gujarat,true,true,false,false,no_canonical_tag_rendered|structured_data_in_db_but_no_jsonld_rendered
article,sgjhpjdidm61dbdmunig37hh,/blog/blogs-food-trail-through-north-east-india,true,true,false,false,no_canonical_tag_rendered|structured_data_in_db_but_no_jsonld_rendered
article,dis1y1yyp7mkmmg89ni1p3oh,/blog/blogs-hidden-gems-of-andhra-pradesh-that-you-must-visit,true,true,false,false,no_canonical_tag_rendered|structured_data_in_db_but_no_jsonld_rendered
article,b495ez733ajuxcv3sdjo4o6z,/blog/blogs-hidden-gems-sasan-gir-junagadh-jaisalmer-and-south-goa,true,true,false,false,no_canonical_tag_rendered|structured_data_in_db_but_no_jsonld_rendered
article,aj380r8ql9a2kuvvt56byiwg,/blog/blogs-india-during-monsoons,true,true,false,false,no_canonical_tag_rendered|structured_data_in_db_but_no_jsonld_rendered
article,uu1m2i7rwnvi13dgd4kgiy51,/blog/blogs-mashobra-a-safe-place-to-travel-to,true,true,false,false,no_canonical_tag_rendered|structured_data_in_db_but_no_jsonld_rendered
article,mxb8eohvejfs0jq4d6dww5vi,/blog/blogs-most-popular-places-to-visit-in-jaipur,true,true,false,false,no_canonical_tag_rendered|structured_data_in_db_but_no_jsonld_rendered
article,p9jkfowhu6896iyqvbyk0bms,/blog/blogs-nutritious-homemade-meals-with-sarovars-ghar-ka-khana,true,true,false,false,no_canonical_tag_rendered|structured_data_in_db_but_no_jsonld_rendered
article,ad15ow379k7bslwta9ocm2my,/blog/blogs-places-to-visit-in-maharashtra-this-monsoon,true,true,false,false,no_canonical_tag_rendered|structured_data_in_db_but_no_jsonld_rendered
article,p75xdgsrk9zcklomg9539xs0,/blog/blogs-rajasthan-a-unique-summer-destination-in-india,true,true,false,false,no_canonical_tag_rendered|structured_data_in_db_but_no_jsonld_rendered
article,zcnsexwxwhrfaqwhptpmjwe4,/blog/blogs-rediscover-india-bodhgaya,true,true,false,false,no_canonical_tag_rendered|structured_data_in_db_but_no_jsonld_rendered
article,l1u1fxigkjy4974lklcwalf3,/blog/blogs-rediscover-india-delhi-ncr,true,true,false,false,no_canonical_tag_rendered|structured_data_in_db_but_no_jsonld_rendered
article,vik5l4u6aano67vevvg5ggih,/blog/blogs-rediscover-india-dibrugarh,true,true,false,false,no_canonical_tag_rendered|structured_data_in_db_but_no_jsonld_rendered
article,a3oo204omm9ak5eaxcov1xst,/blog/blogs-rediscover-india-jaisalmer,true,true,false,false,no_canonical_tag_rendered|structured_data_in_db_but_no_jsonld_rendered
article,p3wx1lhcvmo5g6268hiff70i,/blog/blogs-rediscover-india-mussoorie,true,true,false,false,no_canonical_tag_rendered|structured_data_in_db_but_no_jsonld_rendered
article,wsrkavxj8lqgyqetg2fqfvyg,/blog/blogs-rediscover-india-palampur,true,true,false,false,no_canonical_tag_rendered|structured_data_in_db_but_no_jsonld_rendered
article,js5fm89exgivuksvdmfdheoq,/blog/blogs-rejoice-amid-the-ethereal-vistas-of-shimla,true,true,false,false,no_canonical_tag_rendered|structured_data_in_db_but_no_jsonld_rendered
article,y2oljn8w1yh92odv2e8es27f,/blog/blogs-revel-in-the-mesmerizing-beauty-of-gangtok,true,true,false,false,no_canonical_tag_rendered|structured_data_in_db_but_no_jsonld_rendered
article,i6x8jll20ux9euq2qja2quka,/blog/blogs-romantic-things-to-do-during-valentines-day,true,true,false,false,no_canonical_tag_rendered|structured_data_in_db_but_no_jsonld_rendered
article,g0fnu7brenisrwq9rvkpnr7f,/blog/blogs-take-your-life-on-a-holiday-drive-down-kerala-getaway-awaits,true,true,false,false,no_canonical_tag_rendered|structured_data_in_db_but_no_jsonld_rendered
article,vjll7jvjt3o75psadkulb12y,/blog/blogs-the-alluring-poovar-island,true,true,false,false,no_canonical_tag_rendered|structured_data_in_db_but_no_jsonld_rendered
article,vv3tbolobbied20rj7j9pei9,/blog/blogs-the-mountains-beckon-this-january,true,true,false,false,no_canonical_tag_rendered|structured_data_in_db_but_no_jsonld_rendered
article,gvy7x6xfyruynchi8zrr8xpu,/blog/blogs-things-to-do-in-vaishali-corporate-business-hubs,true,true,false,false,no_canonical_tag_rendered|structured_data_in_db_but_no_jsonld_rendered
article,uubw7b95rqslna46eljqoxeb,/blog/blogs-top-5-places-to-explore-in-mashobra,true,true,false,false,no_canonical_tag_rendered|structured_data_in_db_but_no_jsonld_rendered
article,fblpuvhrsd8fvh49gtqkrzu0,/blog/blogs-top-5-places-to-visit-in-kerala-with-sarovar-hotels,true,true,false,false,no_canonical_tag_rendered|structured_data_in_db_but_no_jsonld_rendered
article,r4e9jvkuoe727bfddtw2mr5u,/blog/blogs-tourists-guide-and-top-attractions-in-new-delhi,true,true,false,false,no_canonical_tag_rendered|structured_data_in_db_but_no_jsonld_rendered
article,gue3fg8a6tha6qh5jlzbncye,/blog/blogs-travel-restrictions-across-india,true,true,false,false,no_canonical_tag_rendered|structured_data_in_db_but_no_jsonld_rendered
article,y8lktzjddn45nqb37jpsz8px,/blog/blogs-workation-destinations-in-india,true,true,false,false,no_canonical_tag_rendered|structured_data_in_db_but_no_jsonld_rendered
page,dctqd17debur98kce4x2iu3c,/blogs.html,true,true,true,false,structured_data_in_db_but_no_jsonld_rendered
page,yvvvrzlp2h7ujd0wckgg3qlb,/our-destinations.html,true,true,true,false,structured_data_in_db_but_no_jsonld_rendered
page,l4e3lxfkjmil3cyr8w09ujsd,/about-us.html,true,true,true,false,structured_data_in_db_but_no_jsonld_rendered
page,iulkp6js7r9xkrh244m97zj3,/about-us/discover.html,true,true,true,false,structured_data_in_db_but_no_jsonld_rendered
page,j7x7tv70zzwzkc15becwolui,/about-us/our-brands.html,true,true,true,false,structured_data_in_db_but_no_jsonld_rendered
page,b1omwsvgfyvyssaih41p76n3,/about-us/our-team.html,true,true,true,false,structured_data_in_db_but_no_jsonld_rendered
page,f5cuasye4aeqe1ddpa9v9tzc,/careers.html,true,true,true,false,structured_data_in_db_but_no_jsonld_rendered
page,z64h1946w00iiva65ce7pts5,/careers/careers.html,true,true,true,false,structured_data_in_db_but_no_jsonld_rendered
page,ar5gdgd7uda2bn7x5pzz2b1p,/contact-us/contact-sarovar-hotels.html,true,true,true,false,structured_data_in_db_but_no_jsonld_rendered
page,xobnb0eljcibc0yda8jkcna9,/events/meetings-and-events.html,true,true,true,false,structured_data_in_db_but_no_jsonld_rendered
page,wdovdjpkr91a2opjucvwvpcn,/hotel-directory/hotel-directory.html,true,true,true,false,structured_data_in_db_but_no_jsonld_rendered
page,vz20gkdaazqxuml5dbnhibwh,/amex-offer-terms-and-conditions.html,true,true,true,false,structured_data_in_db_but_no_jsonld_rendered
page,vwkkdqw1dwsa8yb8dh0yonst,/disclaimer.html,true,true,true,false,structured_data_in_db_but_no_jsonld_rendered
page,vjofznpvgp88q2xer4miild6,/elder-stay-package.html,true,true,true,false,structured_data_in_db_but_no_jsonld_rendered
page,xbtdf0qqg5v7yqjpep8ydv4k,/golden-tulip.html,true,true,true,false,structured_data_in_db_but_no_jsonld_rendered
page,dbe17doevvxx7np5x45iwo94,/foodgully.html,true,true,false,false,no_canonical_tag_rendered
page,eozhdb9tw6pmqwqndpajjua6,/manage-booking.html,true,true,true,false,structured_data_in_db_but_no_jsonld_rendered
page,f1ckknj64ezvt9uc34yi7r4o,/happiness-sarovar.html,true,true,true,false,structured_data_in_db_but_no_jsonld_rendered
page,b7qkcf05ubs3vrxso9ksscxm,/mountain-destinations.html,true,true,true,false,structured_data_in_db_but_no_jsonld_rendered
page,if3swajj3x713c85yzd168o6,/offers.html,true,true,true,false,structured_data_in_db_but_no_jsonld_rendered
page,zb5x707u39yf11axrwp983bk,/opening-soon.html,true,true,true,false,structured_data_in_db_but_no_jsonld_rendered
page,wj374bvf8xms3r94lirgghhv,/secretarial.html,true,true,true,false,structured_data_in_db_but_no_jsonld_rendered
page,mvaabey4dnbczbm1mrpv5kri,/sitemap.html,true,true,true,false,structured_data_in_db_but_no_jsonld_rendered
page,idl7lbfqsva15vqtnqc4ajna,/weddings.html,true,true,true,false,structured_data_in_db_but_no_jsonld_rendered
page,hrot6gn86yialc1hj1aeetvp,/awards/awards.html,true,true,true,false,structured_data_in_db_but_no_jsonld_rendered
page,kh3ficaev8xoxek5927gu3cx,/beyond-consultancy/beyond-consultancy.html,true,true,true,false,structured_data_in_db_but_no_jsonld_rendered
page,xpukqvi7guu97ngibcprv1o3,/experiences/business-hotels.html,true,true,true,false,structured_data_in_db_but_no_jsonld_rendered
page,bipjwrvzpfy24fro5akumhdh,/experiences/leisure-hotels.html,true,true,true,false,structured_data_in_db_but_no_jsonld_rendered
page,akg0kr0mnuddxh83fytevsvr,/experiences/pilgrimage-hotels.html,true,true,true,false,structured_data_in_db_but_no_jsonld_rendered
page,fg3c5f40zmfz6aivuy3hsctv,/flash-sale/flash-sale.html,true,true,true,false,structured_data_in_db_but_no_jsonld_rendered
page,iu0x7riek71rrpzj6cvvh8nr,/happiness-sarovar/get-the-best-weekend-weekdays-offer-at-our-mashobra-hotel.html,true,true,true,false,structured_data_in_db_but_no_jsonld_rendered
page,s38qmxjowsfwkdz35fmg2wfp,/happiness-sarovar/rs-sarovar-portico---summer-holiday-offers.html,true,true,true,false,structured_data_in_db_but_no_jsonld_rendered
page,ztwghrvw9sh1f0gjuoka9v91,/home-delivery/home-delivery.html,true,true,true,false,structured_data_in_db_but_no_jsonld_rendered
page,bgxvf6mskcsjmqxgnubwn2v3,/lywwh/city-package.html,true,true,true,false,structured_data_in_db_but_no_jsonld_rendered
page,r53blver5umkvuoa8jwdthnc,/lywwh/estuary-sarovar-premiere-poovar.html,true,true,true,false,structured_data_in_db_but_no_jsonld_rendered
page,xwsaaeah11v5ngbl8rp2j2zj,/newsroom/newsroom.html,true,true,true,false,structured_data_in_db_but_no_jsonld_rendered
page,lz51v74ffjiev5g8dviieam7,/newsletter/newsletter.html,true,true,true,false,structured_data_in_db_but_no_jsonld_rendered
page,jecuua1k0bk5d5wm6zyfg8zt,/partner-with-us/corporate-travel-agents.html,true,true,true,false,structured_data_in_db_but_no_jsonld_rendered
page,jrbagacq9s8o4mabq0k01lgb,/partner-with-us/hotel-partner.html,true,true,true,false,structured_data_in_db_but_no_jsonld_rendered
page,etbhddnx67uw4qvbextbgxl3,/privacy-policy/privacy-policy.html,true,true,true,false,structured_data_in_db_but_no_jsonld_rendered
page,h4fs9e2wadpakyoy86xdzxsh,/partner-with-us/vendors-and-suppliers.html,true,true,true,false,structured_data_in_db_but_no_jsonld_rendered
page,cvunxm8bqqs3bjtdl3z48pa3,/spin-and-win/spin-and-win.html,true,true,true,false,structured_data_in_db_but_no_jsonld_rendered
page,cmfr68oq2iiwo3zg8q0r2kso,/summer-offer/special-summer-offer.html,true,true,true,false,structured_data_in_db_but_no_jsonld_rendered
page,c20jfflwj83pj5scdudjnnr4,/terms-and-conditions/terms-and-conditions.html,true,true,true,false,structured_data_in_db_but_no_jsonld_rendered
page,pepaprainwiu1f58lod9pwi7,/weddings/terms-conditions-of-wedding-packages.html,true,true,true,false,structured_data_in_db_but_no_jsonld_rendered
hotel-page,cydk4c493b3qh9bjahsdv12y,/hotels/abn-sarovar-portico-jim-corbett/location,true,true,false,false,no_canonical_tag_rendered|structured_data_in_db_but_no_jsonld_rendered
hotel-page,ebe8z2x0dzdxmim583z704um,/hotels/aditya-hometel-hyderabad/location,false,true,false,false,meta_title_mismatch_or_missing|no_canonical_tag_rendered|structured_data_in_db_but_no_jsonld_rendered
hotel-page,v0c931tce3zay17urv5r2hiw,/hotels/aditya-park-hyderabad/location,false,true,false,false,meta_title_mismatch_or_missing|no_canonical_tag_rendered|structured_data_in_db_but_no_jsonld_rendered
hotel-page,gj4z71ykzv7e7nrejwuczhzx,/hotels/ambar-sarovar-portico-gandhidham-hotel/location,false,true,false,false,meta_title_mismatch_or_missing|no_canonical_tag_rendered|structured_data_in_db_but_no_jsonld_rendered
hotel-page,it560ibs4ecjdlip458v904n,/hotels/ambrosia-sarovar-portico-haridwar/location,false,true,false,false,meta_title_mismatch_or_missing|no_canonical_tag_rendered|structured_data_in_db_but_no_jsonld_rendered
hotel-page,ercr37ca5uvmfho5guxepfzj,/hotels/bamus-sarovar-portico-kampala/location,false,true,false,false,meta_title_mismatch_or_missing|no_canonical_tag_rendered|structured_data_in_db_but_no_jsonld_rendered
hotel-page,qg8o4ukwzw6w4t6433h6haz0,/hotels/balaji-sarovar-premiere-solapur/location,false,true,false,false,meta_title_mismatch_or_missing|no_canonical_tag_rendered|structured_data_in_db_but_no_jsonld_rendered
hotel-page,brdojyjlfy3ig47ub2bwcg0t,/hotels/bellevue-sarovar-premiere-junagadh/location,false,true,false,false,meta_title_mismatch_or_missing|no_canonical_tag_rendered|structured_data_in_db_but_no_jsonld_rendered
hotel-page,ojtj6svoxfhoi9r8hfhiqqan,/hotels/citadel-sarovar-portico-bangalore/location,false,true,false,false,meta_title_mismatch_or_missing|no_canonical_tag_rendered|structured_data_in_db_but_no_jsonld_rendered
hotel-page,tqo3egf9bgcw3s34nok57kv6,/hotels/classic-sarovar-portico-thiruvananthapuram/location,false,true,false,false,meta_title_mismatch_or_missing|no_canonical_tag_rendered|structured_data_in_db_but_no_jsonld_rendered
hotel-page,qrvz8enwdp1m9thulrhea9ug,/hotels/davanam-sarovar-portico-suites-bangalore/location,true,true,false,false,no_canonical_tag_rendered|structured_data_in_db_but_no_jsonld_rendered
hotel-page,dy0bhyv6br8jq6xohr8w6oi2,/hotels/delite-sarovar-portico-faridabad/location,true,true,false,false,no_canonical_tag_rendered|structured_data_in_db_but_no_jsonld_rendered
hotel-page,vhk60a3exxwt38702rsqqjbr,/hotels/deventure-sarovar-portico--kapashera-new-delhi/location,false,true,false,false,meta_title_mismatch_or_missing|no_canonical_tag_rendered|structured_data_in_db_but_no_jsonld_rendered
hotel-page,qqtyftvaaysqsf150302v3p8,/hotels/deventure-sarovar-portico-patel-nagar/location,true,true,false,false,no_canonical_tag_rendered|structured_data_in_db_but_no_jsonld_rendered
hotel-page,wr803e5kypvq66oqxaazgnn9,/hotels/efcee-sarovar-portico-bhavnagar/location,false,true,false,false,meta_title_mismatch_or_missing|no_canonical_tag_rendered|structured_data_in_db_but_no_jsonld_rendered
hotel-page,wvg5heqzaztlxyaqgjejyk88,/hotels/estuary-sarovar-Premiere-poovar/location,false,true,false,false,meta_title_mismatch_or_missing|no_canonical_tag_rendered|structured_data_in_db_but_no_jsonld_rendered
hotel-page,ty71ytavunujthjgthey1cnq,/hotels/geeta-sarovar-portico-hotels-panipat/location,false,true,false,false,meta_title_mismatch_or_missing|no_canonical_tag_rendered|structured_data_in_db_but_no_jsonld_rendered
hotel-page,drwpha6arlkwgseffomct6qh,/hotels/golden-sarovar-portico-amritsar/location,false,true,false,false,meta_title_mismatch_or_missing|no_canonical_tag_rendered|structured_data_in_db_but_no_jsonld_rendered
hotel-page,hjmjbaa5ergh1sf8ytop8q7v,/hotels/golden-tulip-agra/location,false,true,false,false,meta_title_mismatch_or_missing|no_canonical_tag_rendered|structured_data_in_db_but_no_jsonld_rendered
hotel-page,uyocokp006cgj4xxoh18diat,/hotels/golden-tulip-bhopal/location,true,true,false,false,no_canonical_tag_rendered|structured_data_in_db_but_no_jsonld_rendered
hotel-page,zzm9yzmg29g7yykhq5lcevyg,/hotels/golden-tulip-bdi-club-and-suite-bhiwadi/location,false,true,false,false,meta_title_mismatch_or_missing|no_canonical_tag_rendered|structured_data_in_db_but_no_jsonld_rendered
hotel-page,xhheqf819cvsnjnj076d5i8z,/hotels/golden-tulip-candolim-goa/location,false,true,false,false,meta_title_mismatch_or_missing|no_canonical_tag_rendered|structured_data_in_db_but_no_jsonld_rendered
hotel-page,ybhj343s46c8didw24qqn1fc,/hotels/golden-tulip-essential-jaipur/location,false,true,false,false,meta_title_mismatch_or_missing|no_canonical_tag_rendered|structured_data_in_db_but_no_jsonld_rendered
hotel-page,zjae0c8vs1izr6496jge79o0,/hotels/golden-tulip-goa-mandrem/location,false,true,false,false,meta_title_mismatch_or_missing|no_canonical_tag_rendered|structured_data_in_db_but_no_jsonld_rendered
hotel-page,dx6isv6uahzyvou1y6u6rvpp,/hotels/golden-tulip-goa-vagator/location,true,true,false,false,no_canonical_tag_rendered|structured_data_in_db_but_no_jsonld_rendered
hotel-page,ftsli4seqho3zygh2k9zd70h,/hotels/golden-tulip-hari-nagar/location,true,true,false,false,no_canonical_tag_rendered|structured_data_in_db_but_no_jsonld_rendered
hotel-page,gr2ymm38rlu86f0geed7iww2,/hotels/golden-tulip-hotel-in-jaipur/location,false,true,false,false,meta_title_mismatch_or_missing|no_canonical_tag_rendered|structured_data_in_db_but_no_jsonld_rendered
hotel-page,gxuzvfemkrwcasa744g6hkw7,/hotels/golden-tulip-jalandhar/location,true,true,false,false,no_canonical_tag_rendered|structured_data_in_db_but_no_jsonld_rendered
hotel-page,u4j0q8135j571yovzlysawd4,/hotels/golden-tulip-kukas-jaipur/location,true,true,false,false,no_canonical_tag_rendered|structured_data_in_db_but_no_jsonld_rendered
hotel-page,j9tatc03dtmunph0ic15o95q,/hotels/golden-tulip-lucknow/location,false,true,false,false,meta_title_mismatch_or_missing|no_canonical_tag_rendered|structured_data_in_db_but_no_jsonld_rendered
hotel-page,tu2ipl830yl4bcoua20tqr25,/hotels/golden-tulip-sector-80-gurugram/location,false,true,false,false,meta_title_mismatch_or_missing|no_canonical_tag_rendered|structured_data_in_db_but_no_jsonld_rendered
hotel-page,wcyoma85ucqyt5vuednoji4u,/hotels/golden-tulip-srinagar/location,false,true,false,false,meta_title_mismatch_or_missing|no_canonical_tag_rendered|structured_data_in_db_but_no_jsonld_rendered
hotel-page,pwbz664zilfdafdxpdbctcr6,/hotels/golden-tulip-tirupati/location,false,true,false,false,meta_title_mismatch_or_missing|no_canonical_tag_rendered|structured_data_in_db_but_no_jsonld_rendered
hotel-page,an5ys0bej5x5ib35o24cpeyn,/hotels/golden-tulip-udaipur/location,false,true,false,false,meta_title_mismatch_or_missing|no_canonical_tag_rendered|structured_data_in_db_but_no_jsonld_rendered
hotel-page,ulr51bts46gv1a3dw6bmodcc,/hotels/golden-tulip/location,true,true,false,false,no_canonical_tag_rendered|structured_data_in_db_but_no_jsonld_rendered
hotel-page,xb4p5eh71ubuuhqaruvby6pm,/hotels/grand-continent-anjuna/location,true,true,false,false,no_canonical_tag_rendered|structured_data_in_db_but_no_jsonld_rendered
hotel-page,z2iw4glipja3dg7gncxd7qky,/hotels/grand-continent-brookefield-bengaluru/location,true,true,false,false,no_canonical_tag_rendered|structured_data_in_db_but_no_jsonld_rendered
hotel-page,if4ua82c0m3yrrvd7bjrjgp3,/hotels/grand-continent-hebbal-bangalore/location,true,true,false,false,no_canonical_tag_rendered|structured_data_in_db_but_no_jsonld_rendered
hotel-page,gywgqwyrx17n2rcub2g3gb86,/hotels/grand-continent-hosur/location,true,true,false,false,no_canonical_tag_rendered|structured_data_in_db_but_no_jsonld_rendered
hotel-page,kguxjo1ounyk0pim2k09r56o,/hotels/grand-continent-mahabalipuram/location,false,true,false,false,meta_title_mismatch_or_missing|no_canonical_tag_rendered|structured_data_in_db_but_no_jsonld_rendered
hotel-page,mzirjb0ohxj6dk5cfa3gi2qc,/hotels/grand-continent-malleshwaram-bangalore/location,true,true,false,false,no_canonical_tag_rendered|structured_data_in_db_but_no_jsonld_rendered
hotel-page,am2nvh1wmrnqzaj8agu1r0mk,/hotels/grand-continent-mysore/location,true,true,false,false,no_canonical_tag_rendered|structured_data_in_db_but_no_jsonld_rendered
hotel-page,n7gbnlrgc47lp456x3229fbz,/hotels/grand-continent-secunderabad/location,true,true,false,false,no_canonical_tag_rendered|structured_data_in_db_but_no_jsonld_rendered
hotel-page,b6s4olfh2d99uszviehfrmv3,/hotels/grand-portico-hotel-in-latur/location,true,true,false,false,no_canonical_tag_rendered|structured_data_in_db_but_no_jsonld_rendered
hotel-page,xpgxtimveqxgrqhg9xyimeim,/hotels/highland-sarovar-portico-sindhudurg/location,true,true,false,false,no_canonical_tag_rendered|structured_data_in_db_but_no_jsonld_rendered
hotel-page,h41o6e999iudncbk3t670279,/hotels/hometel-alambagh-lucknow/location,true,true,false,false,no_canonical_tag_rendered|structured_data_in_db_but_no_jsonld_rendered
hotel-page,q9unv2kf8p4tk1wu3rg8mqt7,/hotels/hometel-chandigarh/location,false,true,false,false,meta_title_mismatch_or_missing|no_canonical_tag_rendered|structured_data_in_db_but_no_jsonld_rendered
hotel-page,pcxldsz6hkrofijskylbxqg2,/hotels/hometel-roorkee/location,false,true,false,false,meta_title_mismatch_or_missing|no_canonical_tag_rendered|structured_data_in_db_but_no_jsonld_rendered
hotel-page,ca1iewn7gc17jap9l5qpv2mq,/hotels/hrj-sarovar-portico-indore/location,false,true,false,false,meta_title_mismatch_or_missing|no_canonical_tag_rendered|structured_data_in_db_but_no_jsonld_rendered
hotel-page,i2r1w8daiuzlliyw81l2owus,/hotels/iris-sarovar-portico-gurugram/location,true,true,false,false,no_canonical_tag_rendered|structured_data_in_db_but_no_jsonld_rendered
hotel-page,zyfgdxgmf18fuoy392g0ojng,/hotels/ishaan-sarovar-portico-deoghar/location,false,true,false,false,meta_title_mismatch_or_missing|no_canonical_tag_rendered|structured_data_in_db_but_no_jsonld_rendered
hotel-page,r61yskjth894rv10o38mjm7m,/hotels/kpg-sarovar-portico-raj-nagar-extension-ghaziabad/location,false,true,false,false,meta_title_mismatch_or_missing|no_canonical_tag_rendered|structured_data_in_db_but_no_jsonld_rendered
hotel-page,wviwyhz5t933c40vkn21j30i,/hotels/la-place-sarovar-portico-lucknow/location,false,true,false,false,meta_title_mismatch_or_missing|no_canonical_tag_rendered|structured_data_in_db_but_no_jsonld_rendered
hotel-page,xwix2fsdst41gzyisoxir4c3,/hotels/lagoon-sarovar-premiere-pondicherry/location,false,true,false,false,meta_title_mismatch_or_missing|no_canonical_tag_rendered|structured_data_in_db_but_no_jsonld_rendered
hotel-page,wlw1xd7cabekk39leqbsc6ui,/hotels/le-dupleix-pondicherry/location,false,true,false,false,meta_title_mismatch_or_missing|no_canonical_tag_rendered|structured_data_in_db_but_no_jsonld_rendered
hotel-page,irb54ecv7b4i2fpx2kyjk7c1,/hotels/le-lac-sarovar-ranchi/location,false,true,false,false,meta_title_mismatch_or_missing|no_canonical_tag_rendered|structured_data_in_db_but_no_jsonld_rendered
hotel-page,ccyrt8dhes512bsvafq6tkil,/hotels/legend-sarovar-portico/location,false,true,false,false,meta_title_mismatch_or_missing|no_canonical_tag_rendered|structured_data_in_db_but_no_jsonld_rendered
hotel-page,tbi4y4mu9wazj8te43zoslg0,/hotels/madhuban-sarovar-portico-mussorie/location,false,true,false,false,meta_title_mismatch_or_missing|no_canonical_tag_rendered|structured_data_in_db_but_no_jsonld_rendered
hotel-page,v9fq1iecafuv2q7017vsj548,/hotels/mahagun-sarovar-portico-suites-vaishali/location,true,true,false,false,no_canonical_tag_rendered|structured_data_in_db_but_no_jsonld_rendered
hotel-page,znq1cqi6lafqjgtiw79s5e9e,/hotels/majestic-court-sarovar-portico-navi-mumbai/location,true,true,false,false,no_canonical_tag_rendered|structured_data_in_db_but_no_jsonld_rendered
hotel-page,xyf8znkdj0fxadr597n2ka37,/hotels/manjeera-international-convention-centre/location,true,true,false,false,no_canonical_tag_rendered|structured_data_in_db_but_no_jsonld_rendered
hotel-page,czrkpf8adum7o95csv0id4m8,/hotels/manjeera-sarovar-premiere-rajahmundry/location,false,true,false,false,meta_title_mismatch_or_missing|no_canonical_tag_rendered|structured_data_in_db_but_no_jsonld_rendered
hotel-page,sak1w4x4acw85571avmeilzt,/hotels/marasa-sarovar-portico-rajkot/location,false,true,false,false,meta_title_mismatch_or_missing|no_canonical_tag_rendered|structured_data_in_db_but_no_jsonld_rendered
hotel-page,ohl79d9uc7nwp2yvwnxu4nju,/hotels/marasa-sarovar-premiere-bodhgaya/location,false,true,false,false,meta_title_mismatch_or_missing|no_canonical_tag_rendered|structured_data_in_db_but_no_jsonld_rendered
hotel-page,etdsnt3ruwwnop8c5yun28mu,/hotels/marasa-sarovar-premiere-tirupati-hotels/location,false,true,false,false,meta_title_mismatch_or_missing|no_canonical_tag_rendered|structured_data_in_db_but_no_jsonld_rendered
hotel-page,s6wb35l3gd62rcs1tqls28jv,/hotels/marigold-sarovar-portico-mashobra-shimla/location,false,true,false,false,meta_title_mismatch_or_missing|no_canonical_tag_rendered|structured_data_in_db_but_no_jsonld_rendered
hotel-page,a3uka5wntpod5d9kyc47xlrd,/hotels/marine-plaza-mumbai/location,false,true,false,false,meta_title_mismatch_or_missing|no_canonical_tag_rendered|structured_data_in_db_but_no_jsonld_rendered
hotel-page,mpknp2gpi8gxcp58xz9gd12i,/hotels/mj-sarovar-portico-haridwar/location,false,true,false,false,meta_title_mismatch_or_missing|no_canonical_tag_rendered|structured_data_in_db_but_no_jsonld_rendered
hotel-page,tk04su92q9qv9nw3nl3wfoef,/hotels/mountnoor-sarovar-premiere-pahalgam/location,false,true,false,false,meta_title_mismatch_or_missing|no_canonical_tag_rendered|structured_data_in_db_but_no_jsonld_rendered
hotel-page,u3anh9plg8gecqhkb9zg99zt,/hotels/mukundra-sarovar-premiere-kota/location,false,true,false,false,meta_title_mismatch_or_missing|no_canonical_tag_rendered|structured_data_in_db_but_no_jsonld_rendered
hotel-page,hp9cx9jvirir3idqrasfs10f,/hotels/nataraj-sarovar-portico-jhansi/location,false,true,false,false,meta_title_mismatch_or_missing|no_canonical_tag_rendered|structured_data_in_db_but_no_jsonld_rendered
hotel-page,wp3andpmh7jf2g2wcn1zlb5q,/hotels/naturevilas-portico-manali/location,false,true,false,false,meta_title_mismatch_or_missing|no_canonical_tag_rendered|structured_data_in_db_but_no_jsonld_rendered
hotel-page,sh1rvzchq08t54c8ai2qkcl4,/hotels/neelkanth-sarovar-premiere-lusaka/location,false,true,false,false,meta_title_mismatch_or_missing|no_canonical_tag_rendered|structured_data_in_db_but_no_jsonld_rendered
hotel-page,tek2hyfmwtskexpxox6pyld2,/hotels/nidhivan-sarovar-portico-vrindavan/location,false,true,false,false,meta_title_mismatch_or_missing|no_canonical_tag_rendered|structured_data_in_db_but_no_jsonld_rendered
hotel-page,vuu5nz64hzvqxdkk8cf2yb0y,/hotels/nirvana-sarovar-portico-gorakhpur/location,false,true,false,false,meta_title_mismatch_or_missing|no_canonical_tag_rendered|structured_data_in_db_but_no_jsonld_rendered
hotel-page,cokrelr5z1p4hlhqoot6qznx,/hotels/nirwana-hometel-jaipur-sarovar/location,true,true,false,false,no_canonical_tag_rendered|structured_data_in_db_but_no_jsonld_rendered
hotel-page,umzqa97peszwfsl7b6jey0xw,/hotels/paradigm-sarovar-kakinada/location,true,true,false,false,no_canonical_tag_rendered|structured_data_in_db_but_no_jsonld_rendered
hotel-page,zaiswm52opvi9taqnsmd8h1d,/hotels/park-inn-by-radisson-ayodhya/location,false,true,false,false,meta_title_mismatch_or_missing|no_canonical_tag_rendered|structured_data_in_db_but_no_jsonld_rendered
hotel-page,xykqqwqtwmnsel9vuzgo6o7r,/hotels/park-inn-gurgaon/location,false,true,false,false,meta_title_mismatch_or_missing|no_canonical_tag_rendered|structured_data_in_db_but_no_jsonld_rendered
hotel-page,tm6onu72t4wwf1x1kwtegd6b,/hotels/Park-Inn-Radisson-Goa-Candolim/location,false,true,false,false,meta_title_mismatch_or_missing|no_canonical_tag_rendered|structured_data_in_db_but_no_jsonld_rendered
hotel-page,brby46gds65ahpn3agzfkik3,/hotels/park-plaza-faridabad/location,false,true,false,false,meta_title_mismatch_or_missing|no_canonical_tag_rendered|structured_data_in_db_but_no_jsonld_rendered
hotel-page,mhz4hn7yjecql313mcb6ilng,/hotels/park-plaza-jalandhar/location,true,true,false,false,no_canonical_tag_rendered|structured_data_in_db_but_no_jsonld_rendered
hotel-page,mnh1cophl1q9j1iz4d125yap,/hotels/park-plaza-jodhpur/location,false,true,false,false,meta_title_mismatch_or_missing|no_canonical_tag_rendered|structured_data_in_db_but_no_jsonld_rendered
hotel-page,ao82i0fr4cgsuxdbw7slkq5o,/hotels/park-plaza-ludhiana/location,false,true,false,false,meta_title_mismatch_or_missing|no_canonical_tag_rendered|structured_data_in_db_but_no_jsonld_rendered
hotel-page,mnlvxml8xe58dv8k75i8d97g,/hotels/park-plaza-shahadra--east-delhi/location,false,true,false,false,meta_title_mismatch_or_missing|no_canonical_tag_rendered|structured_data_in_db_but_no_jsonld_rendered
hotel-page,p3l6b9kjuqs1fix9h3fxem5x,/hotels/park-plaza-zirakpur/location,false,true,false,false,meta_title_mismatch_or_missing|no_canonical_tag_rendered|structured_data_in_db_but_no_jsonld_rendered
hotel-page,gcbsu5lzy7fytxw3s3lc8610,/hotels/prachi-sarovar-premiere-bhubaneswar/location,false,true,false,false,meta_title_mismatch_or_missing|no_canonical_tag_rendered|structured_data_in_db_but_no_jsonld_rendered
hotel-page,gkea9ua9vkmfnezy0xk7u6jo,/hotels/presidium-sarovar-premiere-dalhousie/location,true,true,false,false,no_canonical_tag_rendered|structured_data_in_db_but_no_jsonld_rendered
hotel-page,habfyb9oex1hxi50r4ojyz77,/hotels/pushkara-portico-hotel-in-dibrugarh/location,false,true,false,false,meta_title_mismatch_or_missing|no_canonical_tag_rendered|structured_data_in_db_but_no_jsonld_rendered
hotel-page,cg86t0gy2ukc2s2ewoubsmwg,/hotels/radha-hometel-bangalore/location,false,true,false,false,meta_title_mismatch_or_missing|no_canonical_tag_rendered|structured_data_in_db_but_no_jsonld_rendered
hotel-page,n9ejkqf3n5oh0d0iksxitewf,/hotels/radha-regent-chennai/location,false,true,false,false,meta_title_mismatch_or_missing|no_canonical_tag_rendered|structured_data_in_db_but_no_jsonld_rendered
hotel-page,im2q6xdpseg6hoi7thpzwyll,/hotels/radisson-blu--bengaluru-outer-ring-road/location,false,true,false,false,meta_title_mismatch_or_missing|no_canonical_tag_rendered|structured_data_in_db_but_no_jsonld_rendered
hotel-page,q9e69w14l7yxy6s7h36jgvqn,/hotels/radisson-hyderabad--hitec/location,false,true,false,false,meta_title_mismatch_or_missing|no_canonical_tag_rendered|structured_data_in_db_but_no_jsonld_rendered
hotel-page,f5lcmdyped9b4z4f4o2usoi4,/hotels/radisson-mumbai-goregaon/location,false,true,false,false,meta_title_mismatch_or_missing|no_canonical_tag_rendered|structured_data_in_db_but_no_jsonld_rendered
hotel-page,pthutzzz8w91fk8rld0svp9c,/hotels/rbd-sarovar-portico-outer-ring-road-bengaluru/location,true,true,false,false,no_canonical_tag_rendered|structured_data_in_db_but_no_jsonld_rendered
hotel-page,zkk9oebt1jwcj3xdzgtsc5xr,/hotels/residency-sarovar-portico-mumbai/location,true,true,false,false,no_canonical_tag_rendered|structured_data_in_db_but_no_jsonld_rendered
hotel-page,x220qyl4jf529wa5ybh77161,/hotels/rivera-sarovar-portico-ahmedabad/location,false,true,false,false,meta_title_mismatch_or_missing|no_canonical_tag_rendered|structured_data_in_db_but_no_jsonld_rendered
hotel-page,n07u95v84wan2dxlvk8hxhfe,/hotels/riviera-sarovar-portico-pathankot/location,true,true,false,false,no_canonical_tag_rendered|structured_data_in_db_but_no_jsonld_rendered
hotel-page,au7cyszaaoaog7m4asrdbf2f,/hotels/rosefinch-sarovar-portico-bhimtal/location,false,true,false,false,meta_title_mismatch_or_missing|no_canonical_tag_rendered|structured_data_in_db_but_no_jsonld_rendered
hotel-page,sd8q0t6t1v8utlsg0z95qfgc,/hotels/royal-hometel-suites-dahisar-mumbai/location,true,true,false,false,no_canonical_tag_rendered|structured_data_in_db_but_no_jsonld_rendered
hotel-page,gdf4bzcu8raz0o5g3orxtvo3,/hotels/royal-kingdom-sarovar-portico-pilibhit/location,true,true,false,false,no_canonical_tag_rendered|structured_data_in_db_but_no_jsonld_rendered
hotel-page,fpr69xt0iw3nxx8t13xsxdqt,/hotels/royal-sarovar-portico-siliguri/location,false,true,false,false,meta_title_mismatch_or_missing|no_canonical_tag_rendered|structured_data_in_db_but_no_jsonld_rendered
hotel-page,xsl1qi3k1rqqfkazlenqc1c8,/hotels/royal-tulip-chitwan/location,true,true,false,false,no_canonical_tag_rendered|structured_data_in_db_but_no_jsonld_rendered
hotel-page,kz0akiu4k3565tj934ddppow,/hotels/royal-tulip-kathmandu-shivapuri-national-park/location,false,true,false,false,meta_title_mismatch_or_missing|no_canonical_tag_rendered|structured_data_in_db_but_no_jsonld_rendered
hotel-page,ifysmtn4l1dr6eewulewxuyl,/hotels/royal-tulip-kathmandu/location,false,true,false,false,meta_title_mismatch_or_missing|no_canonical_tag_rendered|structured_data_in_db_but_no_jsonld_rendered
hotel-page,dg0fyfqoy0rndgxc5p1tih2c,/hotels/royale-sarovar-portico-agra/location,true,true,false,false,no_canonical_tag_rendered|structured_data_in_db_but_no_jsonld_rendered
hotel-page,adukcj7ww5v2u7im7e10z6yy,/hotels/rs-sarovar-portico-palampur/location,false,true,false,false,meta_title_mismatch_or_missing|no_canonical_tag_rendered|structured_data_in_db_but_no_jsonld_rendered
hotel-page,ivy28vyl9s70pcctt51nud7h,/hotels/sairafort-sarovar-portico-jaisalmer/location,false,true,false,false,meta_title_mismatch_or_missing|no_canonical_tag_rendered|structured_data_in_db_but_no_jsonld_rendered
hotel-page,gc7kb6yzohmg78vgq49mia97,/hotels/sarovar-ahmedabad/location,true,true,false,false,no_canonical_tag_rendered|structured_data_in_db_but_no_jsonld_rendered
hotel-page,gtgy0innsjdp3bc45n4r3jy8,/hotels/sarovar-portico-ajmer/location,true,true,false,false,no_canonical_tag_rendered|structured_data_in_db_but_no_jsonld_rendered
hotel-page,qpyq0dwhs5kipuk27jpw0pba,/hotels/sarovar-portico-badrinath-uttarakhand/location,false,true,false,false,meta_title_mismatch_or_missing|no_canonical_tag_rendered|structured_data_in_db_but_no_jsonld_rendered
hotel-page,lo1bgydhjfco89njttgxjvpu,/hotels/sarovar-portico-bhubaneswar/location,false,true,false,false,meta_title_mismatch_or_missing|no_canonical_tag_rendered|structured_data_in_db_but_no_jsonld_rendered
hotel-page,y9bf5zsvzy3nocec3tc31z5t,/hotels/sarovar-portico-birgunj/location,true,true,false,false,no_canonical_tag_rendered|structured_data_in_db_but_no_jsonld_rendered
hotel-page,rbpoilbnccmnj273ab9ts64g,/hotels/sarovar-portico-dehradun/location,true,true,false,false,no_canonical_tag_rendered|structured_data_in_db_but_no_jsonld_rendered
hotel-page,zbhpo5ijsavbkpyubtvnkuwj,/hotels/sarovar-portico-gir/location,false,true,false,false,meta_title_mismatch_or_missing|no_canonical_tag_rendered|structured_data_in_db_but_no_jsonld_rendered
hotel-page,mnikmvmz542gm4vgjjivz2my,/hotels/sarovar-portico-hanumangarh/location,true,true,false,false,no_canonical_tag_rendered|structured_data_in_db_but_no_jsonld_rendered
hotel-page,e3ua9iqd6ysbh3fv04psoeg6,/hotels/sarovar-portico-jaipur/location,false,true,false,false,meta_title_mismatch_or_missing|no_canonical_tag_rendered|structured_data_in_db_but_no_jsonld_rendered
hotel-page,ppz01cz38x1bba0rvg8el2u3,/hotels/sarovar-portico-jalandhar/location,false,true,false,false,meta_title_mismatch_or_missing|no_canonical_tag_rendered|structured_data_in_db_but_no_jsonld_rendered
hotel-page,wlwr24hjrenez9f9ysqxxgjk,/hotels/sarovar-portico-kolkata-rajarhat/location,true,true,false,false,no_canonical_tag_rendered|structured_data_in_db_but_no_jsonld_rendered
hotel-page,ifv6e5xtkh8anc0oeb1lvnk6,/hotels/sarovar-portico-morbi/location,true,true,false,false,no_canonical_tag_rendered|structured_data_in_db_but_no_jsonld_rendered
hotel-page,jyqhmncf15z88p1ishgaae7h,/hotels/sarovar-portico-naraina-new-delhi/location,false,true,false,false,meta_title_mismatch_or_missing|no_canonical_tag_rendered|structured_data_in_db_but_no_jsonld_rendered
hotel-page,it672j643sa3k0ks2e11ep4y,/hotels/sarovar-portico-saharanpur/location,true,true,false,false,no_canonical_tag_rendered|structured_data_in_db_but_no_jsonld_rendered
hotel-page,f8oaxk7u0qckjjyei6enotmc,/hotels/sarovar-portico-somnath/location,false,true,false,false,meta_title_mismatch_or_missing|no_canonical_tag_rendered|structured_data_in_db_but_no_jsonld_rendered
hotel-page,adqsjqk6njpelgl5b8q6hkxe,/hotels/sarovar-portico-sonipat/location,true,true,false,false,no_canonical_tag_rendered|structured_data_in_db_but_no_jsonld_rendered
hotel-page,dqfyr5jo4vmqjbv4isyd626c,/hotels/sarovar-portico-srinagar/location,true,true,false,false,no_canonical_tag_rendered|structured_data_in_db_but_no_jsonld_rendered
hotel-page,pbvotvgi0f9b25il9qq102gr,/hotels/sarovar-portico-sriperumbudur/location,false,true,false,false,meta_title_mismatch_or_missing|no_canonical_tag_rendered|structured_data_in_db_but_no_jsonld_rendered
hotel-page,pwej5qzj1yzg4nd19v4so9ws,/hotels/sarovar-portico-surajkund/location,true,true,false,false,no_canonical_tag_rendered|structured_data_in_db_but_no_jsonld_rendered
hotel-page,clue6qh1z9gp2a7d402p8fxa,/hotels/sarovar-premiere-alwar/location,false,true,false,false,meta_title_mismatch_or_missing|no_canonical_tag_rendered|structured_data_in_db_but_no_jsonld_rendered
hotel-page,d3m0bccg3utfofh6wjv5s30x,/hotels/sarovar-premiere-amritsar/location,true,true,false,false,no_canonical_tag_rendered|structured_data_in_db_but_no_jsonld_rendered
hotel-page,p7bq98v0cm1eo0do0og0tye5,/hotels/sarovar-premiere-jaipur/location,true,true,false,false,no_canonical_tag_rendered|structured_data_in_db_but_no_jsonld_rendered
hotel-page,mevy4927djkoyq9ecz7py5yz,/hotels/sarovar-premiere-srinagar/location,true,true,false,false,no_canonical_tag_rendered|structured_data_in_db_but_no_jsonld_rendered
hotel-page,kab0dvxpiaa9fmj6r9jqhao8,/hotels/sea-breeze-sarovar-portico-varca-goa/location,true,true,false,false,no_canonical_tag_rendered|structured_data_in_db_but_no_jsonld_rendered
hotel-page,ghm2o0znk7qlmn98019435w5,/hotels/serene-premiere-hargeisa/location,true,true,false,false,no_canonical_tag_rendered|structured_data_in_db_but_no_jsonld_rendered
hotel-page,nquzt2oaapqnob0shf2kdfh2,/hotels/shravanthi-sarovar-portico-bengaluru/location,true,true,false,false,no_canonical_tag_rendered|structured_data_in_db_but_no_jsonld_rendered
hotel-page,qf2mw52t0epgfnkxo19pntjm,/hotels/shyama-sarovar-portico-orai/location,false,true,false,false,meta_title_mismatch_or_missing|no_canonical_tag_rendered|structured_data_in_db_but_no_jsonld_rendered
hotel-page,ut19hlkroaomv9exkht42atv,/hotels/singhania-sarovar-portico-raipur/location,false,true,false,false,meta_title_mismatch_or_missing|no_canonical_tag_rendered|structured_data_in_db_but_no_jsonld_rendered
hotel-page,m85jtth4o7g7o1neud023gch,/hotels/skywings-sarovar-portico-mathura/location,false,true,false,false,meta_title_mismatch_or_missing|no_canonical_tag_rendered|structured_data_in_db_but_no_jsonld_rendered
hotel-page,i4pxrwnvyodmsr5tr37lxaq0,/hotels/sobit-sarovar-portico-palolem-beach-hotel-goa/location,false,true,false,false,meta_title_mismatch_or_missing|no_canonical_tag_rendered|structured_data_in_db_but_no_jsonld_rendered
hotel-page,afx5hzof892xjewsvg2s7xkx,/hotels/taurus-hotel-mahipalpur-new-delhi/location,false,true,false,false,meta_title_mismatch_or_missing|no_canonical_tag_rendered|structured_data_in_db_but_no_jsonld_rendered
hotel-page,h8ru87qiuef8qxkja8eqfk5m,/hotels/the-ashtan-sarovar-portico-new-delhi/location,false,true,false,false,meta_title_mismatch_or_missing|no_canonical_tag_rendered|structured_data_in_db_but_no_jsonld_rendered
hotel-page,k39d7o0whmopnydsyu27iewi,/hotels/the-gaurs-sarovar-premiere/location,true,true,false,false,no_canonical_tag_rendered|structured_data_in_db_but_no_jsonld_rendered
hotel-page,zjcn8g7ve2lgabts5uqr2rqx,/hotels/the-gokulam-park-kochi/location,false,true,false,false,meta_title_mismatch_or_missing|no_canonical_tag_rendered|structured_data_in_db_but_no_jsonld_rendered
hotel-page,nxfzv1gvu5rqmlr9bvtp330l,/hotels/the-heron-portico-nairobi/location,false,true,false,false,meta_title_mismatch_or_missing|no_canonical_tag_rendered|structured_data_in_db_but_no_jsonld_rendered
hotel-page,c7olxuv4wdo7xamxyn2kbijt,/hotels/the-muse-sarovar-portico-nehru-place-new-delhi/location,false,true,false,false,meta_title_mismatch_or_missing|no_canonical_tag_rendered|structured_data_in_db_but_no_jsonld_rendered
hotel-page,ej1dt5qsiw4qm78vpm0g04s8,/hotels/the-promenade-pondicherry/location,false,true,false,false,meta_title_mismatch_or_missing|no_canonical_tag_rendered|structured_data_in_db_but_no_jsonld_rendered
hotel-page,lk3m1vr9i32prhc4qfi8ebvp,/hotels/tulip-inn-bhopal/location,true,true,false,false,no_canonical_tag_rendered|structured_data_in_db_but_no_jsonld_rendered
hotel-page,x2ojjsj0pj81zyo9r9l2ljr9,/hotels/tulip-inn-gurugram-near-medanta/location,false,true,false,false,meta_title_mismatch_or_missing|no_canonical_tag_rendered|structured_data_in_db_but_no_jsonld_rendered
hotel-page,olt5ncfj3ij6fg1ohsjxrrk0,/hotels/tulip-inn-koramangala/location,false,true,false,false,meta_title_mismatch_or_missing|no_canonical_tag_rendered|structured_data_in_db_but_no_jsonld_rendered
hotel-page,jpw4nyvp8ypalanl7vuqep8f,/hotels/tulip-inn-shravasti/location,true,true,false,false,no_canonical_tag_rendered|structured_data_in_db_but_no_jsonld_rendered
hotel-page,lmaelrqv9cxjkdhwh9icfnfs,/hotels/tulip-inn-zirakpur/location,false,true,false,false,meta_title_mismatch_or_missing|no_canonical_tag_rendered|structured_data_in_db_but_no_jsonld_rendered
hotel-page,wn8n8jmacym53gche4yk9pwm,/hotels/v-sarovar-portico-mi-road-jaipur/location,false,true,false,false,meta_title_mismatch_or_missing|no_canonical_tag_rendered|structured_data_in_db_but_no_jsonld_rendered
hotel-page,ker81zkrra6h33ikqyfg3e7d,/hotels/vaishnodevi-portico-katra/location,true,true,false,false,no_canonical_tag_rendered|structured_data_in_db_but_no_jsonld_rendered
hotel-page,ohbdrbb00oo6bi8i82sam86i,/hotels/vandhara-sarovar-premiere-patkote/location,false,true,false,false,meta_title_mismatch_or_missing|no_canonical_tag_rendered|structured_data_in_db_but_no_jsonld_rendered
hotel-page,yzqhqsoao0ozqjmidvdg187r,/hotels/venizia-sarovar-portico-in-new-delhi/location,false,true,false,false,meta_title_mismatch_or_missing|no_canonical_tag_rendered|structured_data_in_db_but_no_jsonld_rendered
hotel-page,sgod6u9ndlp3wrianjbviqid,/hotels/viraj-sarovar-portico-jammu/location,true,true,false,false,no_canonical_tag_rendered|structured_data_in_db_but_no_jsonld_rendered
hotel-page,rxddmtwt6h1lyyx82corpfnl,/hotels/abn-sarovar-portico-jim-corbett/amenities,false,true,false,false,meta_title_mismatch_or_missing|no_canonical_tag_rendered|structured_data_in_db_but_no_jsonld_rendered
hotel-page,b6wea8azozl9dtfiqt7dc6rm,/hotels/aditya-hometel-hyderabad/amenities,false,true,false,false,meta_title_mismatch_or_missing|no_canonical_tag_rendered|structured_data_in_db_but_no_jsonld_rendered
hotel-page,njm937lv0d0f0vjk33rhs1tq,/hotels/aditya-park-hyderabad/amenities,false,true,false,false,meta_title_mismatch_or_missing|no_canonical_tag_rendered|structured_data_in_db_but_no_jsonld_rendered
hotel-page,q761yfxg1u9gprpvxyccz46m,/hotels/ambar-sarovar-portico-gandhidham-hotel/amenities,false,true,false,false,meta_title_mismatch_or_missing|no_canonical_tag_rendered|structured_data_in_db_but_no_jsonld_rendered
hotel-page,qiayjgwtvdjqi3hp5u66rdvq,/hotels/ambrosia-sarovar-portico-haridwar/amenities,false,true,false,false,meta_title_mismatch_or_missing|no_canonical_tag_rendered|structured_data_in_db_but_no_jsonld_rendered
hotel-page,g2yi394cvercgbprkdearf40,/hotels/balaji-sarovar-premiere-solapur/amenities,false,true,false,false,meta_title_mismatch_or_missing|no_canonical_tag_rendered|structured_data_in_db_but_no_jsonld_rendered
hotel-page,b2d3ypecevhoqrwwsrde1pf9,/hotels/bamus-sarovar-portico-kampala/amenities,false,true,false,false,meta_title_mismatch_or_missing|no_canonical_tag_rendered|structured_data_in_db_but_no_jsonld_rendered
hotel-page,chmbqtlbt08c5xjfb508sc8d,/hotels/bellevue-sarovar-premiere-junagadh/amenities,false,true,false,false,meta_title_mismatch_or_missing|no_canonical_tag_rendered|structured_data_in_db_but_no_jsonld_rendered
hotel-page,g5e95l0oybdhrwlv4yd0r2sw,/hotels/citadel-sarovar-portico-bangalore/amenities,false,true,false,false,meta_title_mismatch_or_missing|no_canonical_tag_rendered|structured_data_in_db_but_no_jsonld_rendered
hotel-page,us5xl4a8gyk7rxv8ng484d9g,/hotels/classic-sarovar-portico-thiruvananthapuram/amenities,false,true,false,false,meta_title_mismatch_or_missing|no_canonical_tag_rendered|structured_data_in_db_but_no_jsonld_rendered
hotel-page,qwm9ixv4yj0ee26l0hvvp4c6,/hotels/davanam-sarovar-portico-suites-bangalore/amenities,false,true,false,false,meta_title_mismatch_or_missing|no_canonical_tag_rendered|structured_data_in_db_but_no_jsonld_rendered
hotel-page,rno9u8c008n0a7ffvaxyxh93,/hotels/delite-sarovar-portico-faridabad/amenities,false,true,false,false,meta_title_mismatch_or_missing|no_canonical_tag_rendered|structured_data_in_db_but_no_jsonld_rendered
hotel-page,mx5g0utsqefzsiwq6pqphgc1,/hotels/deventure-sarovar-portico--kapashera-new-delhi/amenities,false,true,false,false,meta_title_mismatch_or_missing|no_canonical_tag_rendered|structured_data_in_db_but_no_jsonld_rendered
hotel-page,wk04b5rym8xansinwevk4egi,/hotels/deventure-sarovar-portico-patel-nagar/amenities,false,true,false,false,meta_title_mismatch_or_missing|no_canonical_tag_rendered|structured_data_in_db_but_no_jsonld_rendered
hotel-page,euj3pcuq5qtv6s66vjjs5jii,/hotels/efcee-sarovar-portico-bhavnagar/amenities,false,true,false,false,meta_title_mismatch_or_missing|no_canonical_tag_rendered|structured_data_in_db_but_no_jsonld_rendered
hotel-page,xpq08uj2ktqlbeneftl7fx1n,/hotels/estuary-sarovar-Premiere-poovar/amenities,false,true,false,false,meta_title_mismatch_or_missing|no_canonical_tag_rendered|structured_data_in_db_but_no_jsonld_rendered
hotel-page,pvnfhkcv50e9yb52l9vnm66b,/hotels/geeta-sarovar-portico-hotels-panipat/amenities,false,true,false,false,meta_title_mismatch_or_missing|no_canonical_tag_rendered|structured_data_in_db_but_no_jsonld_rendered
hotel-page,f5uclzj9js7xg6efxtysyp1u,/hotels/golden-sarovar-portico-amritsar/amenities,false,true,false,false,meta_title_mismatch_or_missing|no_canonical_tag_rendered|structured_data_in_db_but_no_jsonld_rendered
hotel-page,dmtbmayvdbgibkbfbz7t10xj,/hotels/golden-tulip-agra/amenities,false,true,false,false,meta_title_mismatch_or_missing|no_canonical_tag_rendered|structured_data_in_db_but_no_jsonld_rendered
hotel-page,di4680t3nhreyp2w0ox3y7vs,/hotels/golden-tulip-bdi-club-and-suite-bhiwadi/amenities,false,true,false,false,meta_title_mismatch_or_missing|no_canonical_tag_rendered|structured_data_in_db_but_no_jsonld_rendered
hotel-page,ylukn7jzmpzxgea6ffnap6to,/hotels/golden-tulip-bhopal/amenities,false,true,false,false,meta_title_mismatch_or_missing|no_canonical_tag_rendered|structured_data_in_db_but_no_jsonld_rendered
hotel-page,u031kknheyvbluiq4wxzbkiw,/hotels/golden-tulip-candolim-goa/amenities,false,true,false,false,meta_title_mismatch_or_missing|no_canonical_tag_rendered|structured_data_in_db_but_no_jsonld_rendered
hotel-page,kfog39iionudcxirqv2o561k,/hotels/golden-tulip-essential-jaipur/amenities,false,true,false,false,meta_title_mismatch_or_missing|no_canonical_tag_rendered|structured_data_in_db_but_no_jsonld_rendered
hotel-page,kjykwvet03k586qnrikykgz1,/hotels/golden-tulip-goa-mandrem/amenities,false,true,false,false,meta_title_mismatch_or_missing|no_canonical_tag_rendered|structured_data_in_db_but_no_jsonld_rendered
hotel-page,dct57z0qft6ysu7zf538qqno,/hotels/golden-tulip-goa-vagator/amenities,false,true,false,false,meta_title_mismatch_or_missing|no_canonical_tag_rendered|structured_data_in_db_but_no_jsonld_rendered
hotel-page,mdjoxoooemua4eb05izeu8nj,/hotels/golden-tulip-hari-nagar/amenities,false,true,false,false,meta_title_mismatch_or_missing|no_canonical_tag_rendered|structured_data_in_db_but_no_jsonld_rendered
hotel-page,jfm9y06102xoh1skfnz6uiqc,/hotels/golden-tulip-hotel-in-jaipur/amenities,false,true,false,false,meta_title_mismatch_or_missing|no_canonical_tag_rendered|structured_data_in_db_but_no_jsonld_rendered
hotel-page,c61vod705d6uqp0zd4ann13j,/hotels/golden-tulip-jalandhar/amenities,false,true,false,false,meta_title_mismatch_or_missing|no_canonical_tag_rendered|structured_data_in_db_but_no_jsonld_rendered
hotel-page,rt49uaf1gq937xlzk61o42oc,/hotels/golden-tulip-kukas-jaipur/amenities,false,true,false,false,meta_title_mismatch_or_missing|no_canonical_tag_rendered|structured_data_in_db_but_no_jsonld_rendered
hotel-page,kek9ygjvebofph0dwfp9ryf9,/hotels/golden-tulip-lucknow/amenities,false,true,false,false,meta_title_mismatch_or_missing|no_canonical_tag_rendered|structured_data_in_db_but_no_jsonld_rendered
hotel-page,bx39bltxdwht7jca5bcjapm0,/hotels/golden-tulip-sector-80-gurugram/amenities,false,true,false,false,meta_title_mismatch_or_missing|no_canonical_tag_rendered|structured_data_in_db_but_no_jsonld_rendered
hotel-page,cqjbyygn8f8eiu3y2mu9cmla,/hotels/golden-tulip-srinagar/amenities,false,true,false,false,meta_title_mismatch_or_missing|no_canonical_tag_rendered|structured_data_in_db_but_no_jsonld_rendered
hotel-page,z97yvdm0ypnqa52l3ufc4f08,/hotels/golden-tulip-tirupati/amenities,false,true,false,false,meta_title_mismatch_or_missing|no_canonical_tag_rendered|structured_data_in_db_but_no_jsonld_rendered
hotel-page,i0xz9ppag2hhhvj995em780i,/hotels/golden-tulip-udaipur/amenities,false,true,false,false,meta_title_mismatch_or_missing|no_canonical_tag_rendered|structured_data_in_db_but_no_jsonld_rendered
hotel-page,k9xj6rtrbx1sefcof6rl529z,/hotels/golden-tulip/amenities,false,true,false,false,meta_title_mismatch_or_missing|no_canonical_tag_rendered|structured_data_in_db_but_no_jsonld_rendered
hotel-page,qtmv8cunuj0z1dt3e2ffq3w9,/hotels/grand-continent-anjuna/amenities,false,true,false,false,meta_title_mismatch_or_missing|no_canonical_tag_rendered|structured_data_in_db_but_no_jsonld_rendered
hotel-page,ig9liht919nzk8y1sps7b2if,/hotels/grand-continent-brookefield-bengaluru/amenities,false,true,false,false,meta_title_mismatch_or_missing|no_canonical_tag_rendered|structured_data_in_db_but_no_jsonld_rendered
hotel-page,k9gpxhl8o3poo4vk8vsg8zmk,/hotels/grand-continent-hebbal-bangalore/amenities,false,true,false,false,meta_title_mismatch_or_missing|no_canonical_tag_rendered|structured_data_in_db_but_no_jsonld_rendered
hotel-page,h3qm4g9xs7pfgdwnmxofftkm,/hotels/grand-continent-hosur/amenities,false,true,false,false,meta_title_mismatch_or_missing|no_canonical_tag_rendered|structured_data_in_db_but_no_jsonld_rendered
hotel-page,gf95oljh8rm9rens59ll97il,/hotels/grand-continent-mahabalipuram/amenities,false,true,false,false,meta_title_mismatch_or_missing|no_canonical_tag_rendered|structured_data_in_db_but_no_jsonld_rendered
hotel-page,sncxjf4hhk63ok2pof8pmacq,/hotels/grand-continent-malleshwaram-bangalore/amenities,false,true,false,false,meta_title_mismatch_or_missing|no_canonical_tag_rendered|structured_data_in_db_but_no_jsonld_rendered
hotel-page,a1yfasgjj0kgntrdq1ulyimr,/hotels/grand-continent-mysore/amenities,false,true,false,false,meta_title_mismatch_or_missing|no_canonical_tag_rendered|structured_data_in_db_but_no_jsonld_rendered
hotel-page,nhw4246geho426eswpdlwv5i,/hotels/grand-continent-secunderabad/amenities,false,true,false,false,meta_title_mismatch_or_missing|no_canonical_tag_rendered|structured_data_in_db_but_no_jsonld_rendered
hotel-page,wpl94lfq8584lr1cb2ufd8lr,/hotels/grand-portico-hotel-in-latur/amenities,false,true,false,false,meta_title_mismatch_or_missing|no_canonical_tag_rendered|structured_data_in_db_but_no_jsonld_rendered
hotel-page,htf3kiqztvdlg13sq3nn9dw4,/hotels/highland-sarovar-portico-sindhudurg/amenities,false,true,false,false,meta_title_mismatch_or_missing|no_canonical_tag_rendered|structured_data_in_db_but_no_jsonld_rendered
hotel-page,ew2h2kn17dkvymtti0mt98t7,/hotels/hometel-alambagh-lucknow/amenities,false,true,false,false,meta_title_mismatch_or_missing|no_canonical_tag_rendered|structured_data_in_db_but_no_jsonld_rendered
hotel-page,q3qm39yj4fbjp68c64yco2oa,/hotels/hometel-chandigarh/amenities,false,true,false,false,meta_title_mismatch_or_missing|no_canonical_tag_rendered|structured_data_in_db_but_no_jsonld_rendered
hotel-page,l1zi7eamf58epo6vzn6ywpus,/hotels/hometel-roorkee/amenities,false,true,false,false,meta_title_mismatch_or_missing|no_canonical_tag_rendered|structured_data_in_db_but_no_jsonld_rendered
hotel-page,o3wamj60oajh3nmfys65lxwl,/hotels/hrj-sarovar-portico-indore/amenities,false,true,false,false,meta_title_mismatch_or_missing|no_canonical_tag_rendered|structured_data_in_db_but_no_jsonld_rendered
hotel-page,ywt71rdw9w4wfq9obg0s63lc,/hotels/iris-sarovar-portico-gurugram/amenities,false,true,false,false,meta_title_mismatch_or_missing|no_canonical_tag_rendered|structured_data_in_db_but_no_jsonld_rendered
hotel-page,cyb7p4t6p7xitzs1fb2shsfs,/hotels/ishaan-sarovar-portico-deoghar/amenities,false,true,false,false,meta_title_mismatch_or_missing|no_canonical_tag_rendered|structured_data_in_db_but_no_jsonld_rendered
hotel-page,og7h8o99hu8jkg9x92pidhdj,/hotels/kpg-sarovar-portico-raj-nagar-extension-ghaziabad/amenities,false,true,false,false,meta_title_mismatch_or_missing|no_canonical_tag_rendered|structured_data_in_db_but_no_jsonld_rendered
hotel-page,e9ebld3s3a6oeh6aqsiqqecz,/hotels/la-place-sarovar-portico-lucknow/amenities,false,true,false,false,meta_title_mismatch_or_missing|no_canonical_tag_rendered|structured_data_in_db_but_no_jsonld_rendered
hotel-page,pv7iwx9sngq24ikghvylvjp3,/hotels/le-dupleix-pondicherry/amenities,false,true,false,false,meta_title_mismatch_or_missing|no_canonical_tag_rendered|structured_data_in_db_but_no_jsonld_rendered
hotel-page,uawu195s7chhxfcw3o3w91de,/hotels/le-lac-sarovar-ranchi/amenities,false,true,false,false,meta_title_mismatch_or_missing|no_canonical_tag_rendered|structured_data_in_db_but_no_jsonld_rendered
hotel-page,mfmk34ff3wqupy8np27rr55i,/hotels/legend-sarovar-portico/amenities,false,true,false,false,meta_title_mismatch_or_missing|no_canonical_tag_rendered|structured_data_in_db_but_no_jsonld_rendered
hotel-page,kjyvq2amnfal9473ztwzan9c,/hotels/madhuban-sarovar-portico-mussorie/amenities,false,true,false,false,meta_title_mismatch_or_missing|no_canonical_tag_rendered|structured_data_in_db_but_no_jsonld_rendered
hotel-page,hvch5a74vzfhlou5stm9oql1,/hotels/mahagun-sarovar-portico-suites-vaishali/amenities,false,true,false,false,meta_title_mismatch_or_missing|no_canonical_tag_rendered|structured_data_in_db_but_no_jsonld_rendered
hotel-page,g4l5sbreyztw4vbinbs2h9js,/hotels/majestic-court-sarovar-portico-navi-mumbai/amenities,false,true,false,false,meta_title_mismatch_or_missing|no_canonical_tag_rendered|structured_data_in_db_but_no_jsonld_rendered
hotel-page,erbdy6aknfgd5i742ohjbz4p,/hotels/manjeera-sarovar-premiere-rajahmundry/amenities,false,true,false,false,meta_title_mismatch_or_missing|no_canonical_tag_rendered|structured_data_in_db_but_no_jsonld_rendered
hotel-page,w710w77j38biyt0n3pws9ie6,/hotels/marasa-sarovar-portico-rajkot/amenities,false,true,false,false,meta_title_mismatch_or_missing|no_canonical_tag_rendered|structured_data_in_db_but_no_jsonld_rendered
hotel-page,ancidawh9swtmmwh8n0kysz5,/hotels/marasa-sarovar-premiere-bodhgaya/amenities,false,true,false,false,meta_title_mismatch_or_missing|no_canonical_tag_rendered|structured_data_in_db_but_no_jsonld_rendered
hotel-page,przw9fx1kmgc44jsufw8jqaa,/hotels/marasa-sarovar-premiere-tirupati-hotels/amenities,false,true,false,false,meta_title_mismatch_or_missing|no_canonical_tag_rendered|structured_data_in_db_but_no_jsonld_rendered
hotel-page,c7xzo301i1z7yy3vsv2ar9i7,/hotels/marigold-sarovar-portico-mashobra-shimla/amenities,false,true,false,false,meta_title_mismatch_or_missing|no_canonical_tag_rendered|structured_data_in_db_but_no_jsonld_rendered
hotel-page,lfz3pmz5wcuda9deonch079u,/hotels/marine-plaza-mumbai/amenities,false,true,false,false,meta_title_mismatch_or_missing|no_canonical_tag_rendered|structured_data_in_db_but_no_jsonld_rendered
hotel-page,ju92g1j7z2y0bnv867m0be5d,/hotels/mj-sarovar-portico-haridwar/amenities,false,true,false,false,meta_title_mismatch_or_missing|no_canonical_tag_rendered|structured_data_in_db_but_no_jsonld_rendered
hotel-page,hhyfqpdn5ybjq216l0tyc8qq,/hotels/mountnoor-sarovar-premiere-pahalgam/amenities,false,true,false,false,meta_title_mismatch_or_missing|no_canonical_tag_rendered|structured_data_in_db_but_no_jsonld_rendered
hotel-page,r9qb0vwvglmo57lzz7mxf3al,/hotels/mukundra-sarovar-premiere-kota/amenities,false,true,false,false,meta_title_mismatch_or_missing|no_canonical_tag_rendered|structured_data_in_db_but_no_jsonld_rendered
hotel-page,iyln789352fsvztg409s0sos,/hotels/nataraj-sarovar-portico-jhansi/amenities,false,true,false,false,meta_title_mismatch_or_missing|no_canonical_tag_rendered|structured_data_in_db_but_no_jsonld_rendered
hotel-page,d6kny4uqxy7ss2y66cr16ukn,/hotels/naturevilas-portico-manali/amenities,false,true,false,false,meta_title_mismatch_or_missing|no_canonical_tag_rendered|structured_data_in_db_but_no_jsonld_rendered
hotel-page,ve2kon4j397y10ncwcsu92pg,/hotels/neelkanth-sarovar-premiere-lusaka/amenities,false,true,false,false,meta_title_mismatch_or_missing|no_canonical_tag_rendered|structured_data_in_db_but_no_jsonld_rendered
hotel-page,qv7x9mowfgbqnmt9lipg2ayz,/hotels/nidhivan-sarovar-portico-vrindavan/amenities,false,true,false,false,meta_title_mismatch_or_missing|no_canonical_tag_rendered|structured_data_in_db_but_no_jsonld_rendered
hotel-page,aw33jcd99l6y53cjl8k0conv,/hotels/nirvana-sarovar-portico-gorakhpur/amenities,false,true,false,false,meta_title_mismatch_or_missing|no_canonical_tag_rendered|structured_data_in_db_but_no_jsonld_rendered
hotel-page,es1p4rhlh8150m8qx301wt89,/hotels/nirwana-hometel-jaipur-sarovar/amenities,false,true,false,false,meta_title_mismatch_or_missing|no_canonical_tag_rendered|structured_data_in_db_but_no_jsonld_rendered
hotel-page,d4xuhpw7qvx06m7hp9knwlo2,/hotels/paradigm-sarovar-kakinada/amenities,false,true,false,false,meta_title_mismatch_or_missing|no_canonical_tag_rendered|structured_data_in_db_but_no_jsonld_rendered
hotel-page,xfczl1eoftfxodl6t0hi3wv4,/hotels/park-inn-by-radisson-ayodhya/amenities,false,true,false,false,meta_title_mismatch_or_missing|no_canonical_tag_rendered|structured_data_in_db_but_no_jsonld_rendered
hotel-page,ahopth61os5ro988b0zb9dv4,/hotels/park-inn-gurgaon/amenities,false,true,false,false,meta_title_mismatch_or_missing|no_canonical_tag_rendered|structured_data_in_db_but_no_jsonld_rendered
hotel-page,amukeixame1iqf20c4u4xjjp,/hotels/Park-Inn-Radisson-Goa-Candolim/amenities,false,true,false,false,meta_title_mismatch_or_missing|no_canonical_tag_rendered|structured_data_in_db_but_no_jsonld_rendered
hotel-page,fps1s6uy5sdknhx74hx5dzhd,/hotels/park-plaza-faridabad/amenities,false,true,false,false,meta_title_mismatch_or_missing|no_canonical_tag_rendered|structured_data_in_db_but_no_jsonld_rendered
hotel-page,imnz7hwu53onxnba5gqr5kkr,/hotels/park-plaza-jalandhar/amenities,false,true,false,false,meta_title_mismatch_or_missing|no_canonical_tag_rendered|structured_data_in_db_but_no_jsonld_rendered
hotel-page,m32br4h3qaf837sp9qcuzxr7,/hotels/park-plaza-jodhpur/amenities,false,true,false,false,meta_title_mismatch_or_missing|no_canonical_tag_rendered|structured_data_in_db_but_no_jsonld_rendered
hotel-page,cj951md6bwluh8vd5wbsgiqn,/hotels/park-plaza-ludhiana/amenities,false,true,false,false,meta_title_mismatch_or_missing|no_canonical_tag_rendered|structured_data_in_db_but_no_jsonld_rendered
hotel-page,kwo7gipi0fsfhs0nbbqx05qo,/hotels/park-plaza-shahadra--east-delhi/amenities,false,true,false,false,meta_title_mismatch_or_missing|no_canonical_tag_rendered|structured_data_in_db_but_no_jsonld_rendered
hotel-page,fowjwsqc1h0ws501vekran0w,/hotels/park-plaza-zirakpur/amenities,false,true,false,false,meta_title_mismatch_or_missing|no_canonical_tag_rendered|structured_data_in_db_but_no_jsonld_rendered
hotel-page,hjws1uvmmpmf9fpsjp21cvjo,/hotels/prachi-sarovar-premiere-bhubaneswar/amenities,false,true,false,false,meta_title_mismatch_or_missing|no_canonical_tag_rendered|structured_data_in_db_but_no_jsonld_rendered
hotel-page,x8a4nvfr5tw9i1jxeswrn2lr,/hotels/presidium-sarovar-premiere-dalhousie/amenities,false,true,false,false,meta_title_mismatch_or_missing|no_canonical_tag_rendered|structured_data_in_db_but_no_jsonld_rendered
hotel-page,ch0lnn2tiesjoc397j4do64r,/hotels/pushkara-portico-hotel-in-dibrugarh/amenities,false,true,false,false,meta_title_mismatch_or_missing|no_canonical_tag_rendered|structured_data_in_db_but_no_jsonld_rendered
hotel-page,hkxivmsf2t29iu810w9g5c71,/hotels/radha-hometel-bangalore/amenities,false,true,false,false,meta_title_mismatch_or_missing|no_canonical_tag_rendered|structured_data_in_db_but_no_jsonld_rendered
hotel-page,sgeznxy04y9ywfyg79og1lxq,/hotels/radha-regent-chennai/amenities,false,true,false,false,meta_title_mismatch_or_missing|no_canonical_tag_rendered|structured_data_in_db_but_no_jsonld_rendered
hotel-page,e75rlkub7rdvmbr3n2v4yp6p,/hotels/radisson-blu--bengaluru-outer-ring-road/amenities,false,true,false,false,meta_title_mismatch_or_missing|no_canonical_tag_rendered|structured_data_in_db_but_no_jsonld_rendered
hotel-page,c7jweuh1npy0mwujaesbrv56,/hotels/radisson-hyderabad--hitec/amenities,false,true,false,false,meta_title_mismatch_or_missing|no_canonical_tag_rendered|structured_data_in_db_but_no_jsonld_rendered
hotel-page,jduxyo6jg5u62d76oasimz0g,/hotels/radisson-mumbai-goregaon/amenities,false,true,false,false,meta_title_mismatch_or_missing|no_canonical_tag_rendered|structured_data_in_db_but_no_jsonld_rendered
hotel-page,ij42wmprcjbzvwldu2r0q8wv,/hotels/rbd-sarovar-portico-outer-ring-road-bengaluru/amenities,false,true,false,false,meta_title_mismatch_or_missing|no_canonical_tag_rendered|structured_data_in_db_but_no_jsonld_rendered
hotel-page,k0r1fneg60lq4s7ts4tcm8bw,/hotels/residency-sarovar-portico-mumbai/amenities,false,true,false,false,meta_title_mismatch_or_missing|no_canonical_tag_rendered|structured_data_in_db_but_no_jsonld_rendered
hotel-page,z1nu6hi44u9uc13oxazrm80l,/hotels/rivera-sarovar-portico-ahmedabad/amenities,false,true,false,false,meta_title_mismatch_or_missing|no_canonical_tag_rendered|structured_data_in_db_but_no_jsonld_rendered
hotel-page,hdpz9szxaw61kmxxj3301ygh,/hotels/riviera-sarovar-portico-pathankot/amenities,false,true,false,false,meta_title_mismatch_or_missing|no_canonical_tag_rendered|structured_data_in_db_but_no_jsonld_rendered
hotel-page,fb05xaw3daiuiycvg2aqfog2,/hotels/rosefinch-sarovar-portico-bhimtal/amenities,false,true,false,false,meta_title_mismatch_or_missing|no_canonical_tag_rendered|structured_data_in_db_but_no_jsonld_rendered
hotel-page,wp2cwjx7w8a027yiympb2dei,/hotels/royal-hometel-suites-dahisar-mumbai/amenities,false,true,false,false,meta_title_mismatch_or_missing|no_canonical_tag_rendered|structured_data_in_db_but_no_jsonld_rendered
hotel-page,o0hu00x4xn5pqkbsexnywn5w,/hotels/royal-kingdom-sarovar-portico-pilibhit/amenities,false,true,false,false,meta_title_mismatch_or_missing|no_canonical_tag_rendered|structured_data_in_db_but_no_jsonld_rendered
hotel-page,oaov27phpf7awdzwu5mh4xgv,/hotels/royal-sarovar-portico-siliguri/amenities,false,true,false,false,meta_title_mismatch_or_missing|no_canonical_tag_rendered|structured_data_in_db_but_no_jsonld_rendered
hotel-page,cfwsqtos06ggfcfpe2pwklk8,/hotels/royal-tulip-chitwan/amenities,false,true,false,false,meta_title_mismatch_or_missing|no_canonical_tag_rendered|structured_data_in_db_but_no_jsonld_rendered
hotel-page,obdwfmsslcn39jqwry04dhfp,/hotels/royal-tulip-kathmandu-shivapuri-national-park/amenities,false,true,false,false,meta_title_mismatch_or_missing|no_canonical_tag_rendered|structured_data_in_db_but_no_jsonld_rendered
hotel-page,ch5iqxsc5ets68uhsm5ummcz,/hotels/royal-tulip-kathmandu/amenities,false,true,false,false,meta_title_mismatch_or_missing|no_canonical_tag_rendered|structured_data_in_db_but_no_jsonld_rendered
hotel-page,xklsva1anwdzjinqknv8wtxq,/hotels/royale-sarovar-portico-agra/amenities,false,true,false,false,meta_title_mismatch_or_missing|no_canonical_tag_rendered|structured_data_in_db_but_no_jsonld_rendered
hotel-page,n7dahrd9hwwrzmlsoq5fcg3d,/hotels/rs-sarovar-portico-palampur/amenities,false,true,false,false,meta_title_mismatch_or_missing|no_canonical_tag_rendered|structured_data_in_db_but_no_jsonld_rendered
hotel-page,qixml3t59bc3q61r9z3thfjh,/hotels/sairafort-sarovar-portico-jaisalmer/amenities,false,true,false,false,meta_title_mismatch_or_missing|no_canonical_tag_rendered|structured_data_in_db_but_no_jsonld_rendered
hotel-page,mfump9n5v9c7egjedd4x4qi3,/hotels/sarovar-ahmedabad/amenities,false,true,false,false,meta_title_mismatch_or_missing|no_canonical_tag_rendered|structured_data_in_db_but_no_jsonld_rendered
hotel-page,vwuihxm9mdw7n53141qefvk5,/hotels/sarovar-portico-ajmer/amenities,false,true,false,false,meta_title_mismatch_or_missing|no_canonical_tag_rendered|structured_data_in_db_but_no_jsonld_rendered
hotel-page,h2dpgcm8unlusttwbwxwcjmv,/hotels/sarovar-portico-badrinath-uttarakhand/amenities,false,true,false,false,meta_title_mismatch_or_missing|no_canonical_tag_rendered|structured_data_in_db_but_no_jsonld_rendered
hotel-page,ctvdtv83q8gkqbubhekevt7q,/hotels/sarovar-portico-bhubaneswar/amenities,false,true,false,false,meta_title_mismatch_or_missing|no_canonical_tag_rendered|structured_data_in_db_but_no_jsonld_rendered
hotel-page,w0aaf2qr1wleqxeskljdz8g5,/hotels/sarovar-portico-birgunj/amenities,false,true,false,false,meta_title_mismatch_or_missing|no_canonical_tag_rendered|structured_data_in_db_but_no_jsonld_rendered
hotel-page,y8atz8geixvxc2aw13gj5iro,/hotels/sarovar-portico-dehradun/amenities,false,true,false,false,meta_title_mismatch_or_missing|no_canonical_tag_rendered|structured_data_in_db_but_no_jsonld_rendered
hotel-page,mlf06rncnd1pmb4t3t6uvy21,/hotels/sarovar-portico-hanumangarh/amenities,false,true,false,false,meta_title_mismatch_or_missing|no_canonical_tag_rendered|structured_data_in_db_but_no_jsonld_rendered
hotel-page,q9l2b73s4ta8n4jzbehmp6v2,/hotels/sarovar-portico-jaipur/amenities,false,true,false,false,meta_title_mismatch_or_missing|no_canonical_tag_rendered|structured_data_in_db_but_no_jsonld_rendered
hotel-page,fb8c50lcqoae92hm6eezm16r,/hotels/sarovar-portico-jalandhar/amenities,false,true,false,false,meta_title_mismatch_or_missing|no_canonical_tag_rendered|structured_data_in_db_but_no_jsonld_rendered
hotel-page,m4kv0lt58qbyil569kgvkpxu,/hotels/sarovar-portico-kolkata-rajarhat/amenities,false,true,false,false,meta_title_mismatch_or_missing|no_canonical_tag_rendered|structured_data_in_db_but_no_jsonld_rendered
hotel-page,vfdaa3siw2u841kfogcj7mzs,/hotels/sarovar-portico-naraina-new-delhi/amenities,false,true,false,false,meta_title_mismatch_or_missing|no_canonical_tag_rendered|structured_data_in_db_but_no_jsonld_rendered
hotel-page,xyh4oitxtjit29ozokrbnute,/hotels/sarovar-portico-saharanpur/amenities,false,true,false,false,meta_title_mismatch_or_missing|no_canonical_tag_rendered|structured_data_in_db_but_no_jsonld_rendered
hotel-page,ffhee9r6db800u103rvk4s25,/hotels/sarovar-portico-somnath/amenities,false,true,false,false,meta_title_mismatch_or_missing|no_canonical_tag_rendered|structured_data_in_db_but_no_jsonld_rendered
hotel-page,w9ilj6z1y7qx6ekx0qk3edp9,/hotels/sarovar-portico-sonipat/amenities,false,true,false,false,meta_title_mismatch_or_missing|no_canonical_tag_rendered|structured_data_in_db_but_no_jsonld_rendered
hotel-page,v3oylknj0cgm3513r0yk5i1f,/hotels/sarovar-portico-srinagar/amenities,false,true,false,false,meta_title_mismatch_or_missing|no_canonical_tag_rendered|structured_data_in_db_but_no_jsonld_rendered
hotel-page,zzk0h3kkedw46v1kznvuj2tz,/hotels/sarovar-portico-sriperumbudur/amenities,false,true,false,false,meta_title_mismatch_or_missing|no_canonical_tag_rendered|structured_data_in_db_but_no_jsonld_rendered
hotel-page,w8jpx7jw1ge0k3edzqd2crx4,/hotels/sarovar-portico-surajkund/amenities,false,true,false,false,meta_title_mismatch_or_missing|no_canonical_tag_rendered|structured_data_in_db_but_no_jsonld_rendered
hotel-page,f3t9vqtmm2k01snw9tl2z0j9,/hotels/sarovar-premiere-alwar/amenities,false,true,false,false,meta_title_mismatch_or_missing|no_canonical_tag_rendered|structured_data_in_db_but_no_jsonld_rendered
hotel-page,yvije1vurti7hv5q0sm6903v,/hotels/sarovar-premiere-amritsar/amenities,false,true,false,false,meta_title_mismatch_or_missing|no_canonical_tag_rendered|structured_data_in_db_but_no_jsonld_rendered
hotel-page,xlw1ez3uch10a3sm02v92ekn,/hotels/sarovar-premiere-jaipur/amenities,false,true,false,false,meta_title_mismatch_or_missing|no_canonical_tag_rendered|structured_data_in_db_but_no_jsonld_rendered
hotel-page,d5cr5riyyami15eer80fwi7v,/hotels/sarovar-premiere-srinagar/amenities,false,true,false,false,meta_title_mismatch_or_missing|no_canonical_tag_rendered|structured_data_in_db_but_no_jsonld_rendered
hotel-page,vdt911oq9dv2pp1jtes2dejp,/hotels/sea-breeze-sarovar-portico-varca-goa/amenities,false,true,false,false,meta_title_mismatch_or_missing|no_canonical_tag_rendered|structured_data_in_db_but_no_jsonld_rendered
hotel-page,jg7jdsezheo8l9mvaguflt65,/hotels/serene-premiere-hargeisa/amenities,false,true,false,false,meta_title_mismatch_or_missing|no_canonical_tag_rendered|structured_data_in_db_but_no_jsonld_rendered
hotel-page,wzb6bdkkdk6fowpmoa39zsbm,/hotels/shravanthi-sarovar-portico-bengaluru/amenities,false,true,false,false,meta_title_mismatch_or_missing|no_canonical_tag_rendered|structured_data_in_db_but_no_jsonld_rendered
hotel-page,zqyoquy10hjv8cnklv90nd56,/hotels/shyama-sarovar-portico-orai/amenities,false,true,false,false,meta_title_mismatch_or_missing|no_canonical_tag_rendered|structured_data_in_db_but_no_jsonld_rendered
hotel-page,zul9gu2mwrqw116595twu9wk,/hotels/singhania-sarovar-portico-raipur/amenities,false,true,false,false,meta_title_mismatch_or_missing|no_canonical_tag_rendered|structured_data_in_db_but_no_jsonld_rendered
hotel-page,yohnaam034n0ew2zq85yoc48,/hotels/skywings-sarovar-portico-mathura/amenities,false,true,false,false,meta_title_mismatch_or_missing|no_canonical_tag_rendered|structured_data_in_db_but_no_jsonld_rendered
hotel-page,f4tu9dpueht9rz3ebvswfv63,/hotels/sobit-sarovar-portico-palolem-beach-hotel-goa/amenities,false,true,false,false,meta_title_mismatch_or_missing|no_canonical_tag_rendered|structured_data_in_db_but_no_jsonld_rendered
hotel-page,xg3x0269swd351z2n9o9nxhz,/hotels/taurus-hotel-mahipalpur-new-delhi/amenities,false,true,false,false,meta_title_mismatch_or_missing|no_canonical_tag_rendered|structured_data_in_db_but_no_jsonld_rendered
hotel-page,ufk3thd0pps69lxr2umagogf,/hotels/the-gokulam-park-kochi/amenities,false,true,false,false,meta_title_mismatch_or_missing|no_canonical_tag_rendered|structured_data_in_db_but_no_jsonld_rendered
hotel-page,p1b2zt8kyivbvxljvrhf2ozr,/hotels/the-heron-portico-nairobi/amenities,false,true,false,false,meta_title_mismatch_or_missing|no_canonical_tag_rendered|structured_data_in_db_but_no_jsonld_rendered
hotel-page,wta1ezbtuaptriw57u8a18tp,/hotels/the-muse-sarovar-portico-nehru-place-new-delhi/amenities,false,true,false,false,meta_title_mismatch_or_missing|no_canonical_tag_rendered|structured_data_in_db_but_no_jsonld_rendered
hotel-page,ul60nmy22tm6gg1pmbjtuijv,/hotels/the-promenade-pondicherry/amenities,false,true,false,false,meta_title_mismatch_or_missing|no_canonical_tag_rendered|structured_data_in_db_but_no_jsonld_rendered
hotel-page,neglh8u2uf6y94whpvyh9wo4,/hotels/tulip-inn-bhopal/amenities,false,true,false,false,meta_title_mismatch_or_missing|no_canonical_tag_rendered|structured_data_in_db_but_no_jsonld_rendered
hotel-page,rjie5dgajzeb73ydjtylap8q,/hotels/tulip-inn-gurugram-near-medanta/amenities,false,true,false,false,meta_title_mismatch_or_missing|no_canonical_tag_rendered|structured_data_in_db_but_no_jsonld_rendered
hotel-page,agjk90hjd3ryjudb6mdqv2pp,/hotels/tulip-inn-koramangala/amenities,false,true,false,false,meta_title_mismatch_or_missing|no_canonical_tag_rendered|structured_data_in_db_but_no_jsonld_rendered
hotel-page,q1s5mcu1ut0djbhl2utg9ko9,/hotels/tulip-inn-zirakpur/amenities,false,true,false,false,meta_title_mismatch_or_missing|no_canonical_tag_rendered|structured_data_in_db_but_no_jsonld_rendered
hotel-page,ii92phvrtdg7kq7tmaifaxwz,/hotels/v-sarovar-portico-mi-road-jaipur/amenities,false,true,false,false,meta_title_mismatch_or_missing|no_canonical_tag_rendered|structured_data_in_db_but_no_jsonld_rendered
hotel-page,avdwk0hdu909ha19bvznv6m9,/hotels/vaishnodevi-portico-katra/amenities,false,true,false,false,meta_title_mismatch_or_missing|no_canonical_tag_rendered|structured_data_in_db_but_no_jsonld_rendered
hotel-page,uj3r7ebkkvk1d8incrrv8fnu,/hotels/vandhara-sarovar-premiere-patkote/amenities,false,true,false,false,meta_title_mismatch_or_missing|no_canonical_tag_rendered|structured_data_in_db_but_no_jsonld_rendered
hotel-page,qxi5n8iu0pkpseno4db1ys71,/hotels/viraj-sarovar-portico-jammu/amenities,false,true,false,false,meta_title_mismatch_or_missing|no_canonical_tag_rendered|structured_data_in_db_but_no_jsonld_rendered
hotel-page,en2tt3t9wry9k2r1mw6n4xjd,/hotels/aditya-hometel-hyderabad/legal,false,true,false,false,meta_title_mismatch_or_missing|no_canonical_tag_rendered|structured_data_in_db_but_no_jsonld_rendered
hotel-page,bcx3xwzojy8risjn7kj06dtb,/hotels/aditya-park-hyderabad/legal,false,true,false,false,meta_title_mismatch_or_missing|no_canonical_tag_rendered|structured_data_in_db_but_no_jsonld_rendered
hotel-page,ni0njrua1sdlo243vzbw4jk5,/hotels/ambar-sarovar-portico-gandhidham-hotel/legal,false,true,false,false,meta_title_mismatch_or_missing|no_canonical_tag_rendered|structured_data_in_db_but_no_jsonld_rendered
hotel-page,fc2tgv84hju0j9z1qejdy2cg,/hotels/ambrosia-sarovar-portico-haridwar/legal,false,true,false,false,meta_title_mismatch_or_missing|no_canonical_tag_rendered|structured_data_in_db_but_no_jsonld_rendered
hotel-page,m6davkeg5tl9m7m1df3mv8ha,/hotels/balaji-sarovar-premiere-solapur/legal,false,true,false,false,meta_title_mismatch_or_missing|no_canonical_tag_rendered|structured_data_in_db_but_no_jsonld_rendered
hotel-page,f889abnm29luo4p16q3tuwrb,/hotels/bellevue-sarovar-premiere-junagadh/legal,false,true,false,false,meta_title_mismatch_or_missing|no_canonical_tag_rendered|structured_data_in_db_but_no_jsonld_rendered
hotel-page,g29mnyw6twek1k4abmpfx1h4,/hotels/classic-sarovar-portico-thiruvananthapuram/legal,false,true,false,false,meta_title_mismatch_or_missing|no_canonical_tag_rendered|structured_data_in_db_but_no_jsonld_rendered
hotel-page,il6q3hs738vpocjlzke2bssr,/hotels/davanam-sarovar-portico-suites-bangalore/legal,false,true,false,false,meta_title_mismatch_or_missing|no_canonical_tag_rendered|structured_data_in_db_but_no_jsonld_rendered
hotel-page,wortvduczcye4w4bpcaagt2g,/hotels/deventure-sarovar-portico--kapashera-new-delhi/legal,false,true,false,false,meta_title_mismatch_or_missing|no_canonical_tag_rendered|structured_data_in_db_but_no_jsonld_rendered
hotel-page,ekbvgoylkrl8yrj1ytvvez0c,/hotels/efcee-sarovar-portico-bhavnagar/legal,false,true,false,false,meta_title_mismatch_or_missing|no_canonical_tag_rendered|structured_data_in_db_but_no_jsonld_rendered
hotel-page,hwukkne91tgo6x80tgyn4wey,/hotels/estuary-sarovar-Premiere-poovar/legal,false,true,false,false,meta_title_mismatch_or_missing|no_canonical_tag_rendered|structured_data_in_db_but_no_jsonld_rendered
hotel-page,xnhuhxr1vm26jywh3drnkjen,/hotels/golden-sarovar-portico-amritsar/legal,false,true,false,false,meta_title_mismatch_or_missing|no_canonical_tag_rendered|structured_data_in_db_but_no_jsonld_rendered
hotel-page,x0eipeek7flgpgtw7cdyrfgr,/hotels/golden-tulip-lucknow/legal,false,true,false,false,meta_title_mismatch_or_missing|no_canonical_tag_rendered|structured_data_in_db_but_no_jsonld_rendered
hotel-page,du2ylm3cbko9fv5hzyapbq0t,/hotels/golden-tulip-srinagar/legal,false,true,false,false,meta_title_mismatch_or_missing|no_canonical_tag_rendered|structured_data_in_db_but_no_jsonld_rendered
hotel-page,agf22u7dx7je9uwj6tv42usn,/hotels/hometel-chandigarh/legal,false,true,false,false,meta_title_mismatch_or_missing|no_canonical_tag_rendered|structured_data_in_db_but_no_jsonld_rendered
hotel-page,vyhlire234dft21e7lo2g0vf,/hotels/hometel-roorkee/legal,false,true,false,false,meta_title_mismatch_or_missing|no_canonical_tag_rendered|structured_data_in_db_but_no_jsonld_rendered
hotel-page,twk67y3qoe59n3cyypg0y5uh,/hotels/la-place-sarovar-portico-lucknow/legal,false,true,false,false,meta_title_mismatch_or_missing|no_canonical_tag_rendered|structured_data_in_db_but_no_jsonld_rendered
hotel-page,c3cvvtrfvn6ojxb6c8c77fed,/hotels/le-dupleix-pondicherry/legal,false,true,false,false,meta_title_mismatch_or_missing|no_canonical_tag_rendered|structured_data_in_db_but_no_jsonld_rendered
hotel-page,mxej0hlx6qzyqflw4erum1sp,/hotels/le-lac-sarovar-ranchi/legal,false,true,false,false,meta_title_mismatch_or_missing|no_canonical_tag_rendered|structured_data_in_db_but_no_jsonld_rendered
hotel-page,yxyh6d9tpq53othtr3qley9x,/hotels/legend-sarovar-portico/legal,false,true,false,false,meta_title_mismatch_or_missing|no_canonical_tag_rendered|structured_data_in_db_but_no_jsonld_rendered
hotel-page,g66rp30744b52wb6sxj7rd01,/hotels/mahagun-sarovar-portico-suites-vaishali/legal,false,true,false,false,meta_title_mismatch_or_missing|no_canonical_tag_rendered|structured_data_in_db_but_no_jsonld_rendered
hotel-page,pi6oiwtngr1wjsni1h8re9q8,/hotels/majestic-court-sarovar-portico-navi-mumbai/legal,false,true,false,false,meta_title_mismatch_or_missing|no_canonical_tag_rendered|structured_data_in_db_but_no_jsonld_rendered
hotel-page,t2ebhgfk6arvnfumaql69im1,/hotels/marasa-sarovar-portico-rajkot/legal,false,true,false,false,meta_title_mismatch_or_missing|no_canonical_tag_rendered|structured_data_in_db_but_no_jsonld_rendered
hotel-page,qov2dhkbewc1b7n3vj2s0vhl,/hotels/marasa-sarovar-premiere-bodhgaya/legal,false,true,false,false,meta_title_mismatch_or_missing|no_canonical_tag_rendered|structured_data_in_db_but_no_jsonld_rendered
hotel-page,jc58csfovbbjy8uucjzq7d3c,/hotels/marasa-sarovar-premiere-tirupati-hotels/legal,false,true,false,false,meta_title_mismatch_or_missing|no_canonical_tag_rendered|structured_data_in_db_but_no_jsonld_rendered
hotel-page,k8roqgy5t88wn8cy4cymh2m8,/hotels/marigold-sarovar-portico-mashobra-shimla/legal,false,true,false,false,meta_title_mismatch_or_missing|no_canonical_tag_rendered|structured_data_in_db_but_no_jsonld_rendered
hotel-page,p2i1ced9uupt1ogeag38mkuz,/hotels/marine-plaza-mumbai/legal,false,true,false,false,meta_title_mismatch_or_missing|no_canonical_tag_rendered|structured_data_in_db_but_no_jsonld_rendered
hotel-page,k9xh2hg85kagg6oufwve2ax1,/hotels/nataraj-sarovar-portico-jhansi/legal,false,true,false,false,meta_title_mismatch_or_missing|no_canonical_tag_rendered|structured_data_in_db_but_no_jsonld_rendered
hotel-page,scu35yu0rm8y8vm74xnt6dr5,/hotels/neelkanth-sarovar-premiere-lusaka/legal,false,true,false,false,meta_title_mismatch_or_missing|no_canonical_tag_rendered|structured_data_in_db_but_no_jsonld_rendered
hotel-page,fmprmhrhgz2usg73c6c3ryvh,/hotels/nidhivan-sarovar-portico-vrindavan/legal,false,true,false,false,meta_title_mismatch_or_missing|no_canonical_tag_rendered|structured_data_in_db_but_no_jsonld_rendered
hotel-page,mnj8p3nnxdggvtcirdzv5u4w,/hotels/nirvana-sarovar-portico-gorakhpur/legal,false,true,false,false,meta_title_mismatch_or_missing|no_canonical_tag_rendered|structured_data_in_db_but_no_jsonld_rendered
hotel-page,t9n1m10zghuzt4jjubhj48lz,/hotels/nirwana-hometel-jaipur-sarovar/legal,false,true,false,false,meta_title_mismatch_or_missing|no_canonical_tag_rendered|structured_data_in_db_but_no_jsonld_rendered
hotel-page,i949gd4e0n0kowkxmbubcdsy,/hotels/paradigm-sarovar-kakinada/legal,false,true,false,false,meta_title_mismatch_or_missing|no_canonical_tag_rendered|structured_data_in_db_but_no_jsonld_rendered
hotel-page,raqogn5pq8gfy0rhr6jl1xxg,/hotels/park-inn-gurgaon/legal,false,true,false,false,meta_title_mismatch_or_missing|no_canonical_tag_rendered|structured_data_in_db_but_no_jsonld_rendered
hotel-page,tz56okdfae9haqv7lr4y20rd,/hotels/Park-Inn-Radisson-Goa-Candolim/legal,false,true,false,false,meta_title_mismatch_or_missing|no_canonical_tag_rendered|structured_data_in_db_but_no_jsonld_rendered
hotel-page,znrmt4rgmv39ml8164zh5r7r,/hotels/park-plaza-faridabad/legal,false,true,false,false,meta_title_mismatch_or_missing|no_canonical_tag_rendered|structured_data_in_db_but_no_jsonld_rendered
hotel-page,b2z2isfph7chg3leef0u8uty,/hotels/park-plaza-jodhpur/legal,false,true,false,false,meta_title_mismatch_or_missing|no_canonical_tag_rendered|structured_data_in_db_but_no_jsonld_rendered
hotel-page,u2tvq0wbev1z0a922slee9dk,/hotels/park-plaza-ludhiana/legal,false,true,false,false,meta_title_mismatch_or_missing|no_canonical_tag_rendered|structured_data_in_db_but_no_jsonld_rendered
hotel-page,seqwphifb34phjb1xpk1k50v,/hotels/park-plaza-shahadra--east-delhi/legal,false,true,false,false,meta_title_mismatch_or_missing|no_canonical_tag_rendered|structured_data_in_db_but_no_jsonld_rendered
hotel-page,w2q36xfpkrvfp5auybmuc9u8,/hotels/park-plaza-zirakpur/legal,false,true,false,false,meta_title_mismatch_or_missing|no_canonical_tag_rendered|structured_data_in_db_but_no_jsonld_rendered
hotel-page,o41ro6z1qpo4g65u2544uc5a,/hotels/radha-hometel-bangalore/legal,false,true,false,false,meta_title_mismatch_or_missing|no_canonical_tag_rendered|structured_data_in_db_but_no_jsonld_rendered
hotel-page,vjl56kczcg4lihtk16l9ogcc,/hotels/radha-regent-chennai/legal,false,true,false,false,meta_title_mismatch_or_missing|no_canonical_tag_rendered|structured_data_in_db_but_no_jsonld_rendered
hotel-page,kaghsv0jpksv0f5oka2z7s2i,/hotels/radisson-blu--bengaluru-outer-ring-road/legal,false,true,false,false,meta_title_mismatch_or_missing|no_canonical_tag_rendered|structured_data_in_db_but_no_jsonld_rendered
hotel-page,kq7uj4l9ym51hikz92m7ywdn,/hotels/radisson-hyderabad--hitec/legal,false,true,false,false,meta_title_mismatch_or_missing|no_canonical_tag_rendered|structured_data_in_db_but_no_jsonld_rendered
hotel-page,sfr9o6d1crk5k58ntelq4qmh,/hotels/radisson-mumbai-goregaon/legal,false,true,false,false,meta_title_mismatch_or_missing|no_canonical_tag_rendered|structured_data_in_db_but_no_jsonld_rendered
hotel-page,zsghy33mi8qqjqf0yw9ukbjz,/hotels/rbd-sarovar-portico-outer-ring-road-bengaluru/legal,false,true,false,false,meta_title_mismatch_or_missing|no_canonical_tag_rendered|structured_data_in_db_but_no_jsonld_rendered
hotel-page,ycnm2i3ieew3ow0jozg36aue,/hotels/residency-sarovar-portico-mumbai/legal,false,true,false,false,meta_title_mismatch_or_missing|no_canonical_tag_rendered|structured_data_in_db_but_no_jsonld_rendered
hotel-page,azynmlb33duh1arirplxisin,/hotels/rivera-sarovar-portico-ahmedabad/legal,false,true,false,false,meta_title_mismatch_or_missing|no_canonical_tag_rendered|structured_data_in_db_but_no_jsonld_rendered
hotel-page,e5odi24nyun6xjku50z4wfvn,/hotels/royal-hometel-suites-dahisar-mumbai/legal,false,true,false,false,meta_title_mismatch_or_missing|no_canonical_tag_rendered|structured_data_in_db_but_no_jsonld_rendered
hotel-page,smmk62qvqr378gs27llgzy86,/hotels/royal-sarovar-portico-siliguri/legal,false,true,false,false,meta_title_mismatch_or_missing|no_canonical_tag_rendered|structured_data_in_db_but_no_jsonld_rendered
hotel-page,x9qh2n2e3qicp2sjwmpk3rak,/hotels/royale-sarovar-portico-agra/legal,false,true,false,false,meta_title_mismatch_or_missing|no_canonical_tag_rendered|structured_data_in_db_but_no_jsonld_rendered
hotel-page,tp6yhcu0avv6rr6p4d6ba0rz,/hotels/rs-sarovar-portico-palampur/legal,false,true,false,false,meta_title_mismatch_or_missing|no_canonical_tag_rendered|structured_data_in_db_but_no_jsonld_rendered
hotel-page,zau0b1ss0dlakzcql0zp2vfj,/hotels/sairafort-sarovar-portico-jaisalmer/legal,false,true,false,false,meta_title_mismatch_or_missing|no_canonical_tag_rendered|structured_data_in_db_but_no_jsonld_rendered
hotel-page,eneokivteem35o9yuv8ayvna,/hotels/sarovar-ahmedabad/legal,false,true,false,false,meta_title_mismatch_or_missing|no_canonical_tag_rendered|structured_data_in_db_but_no_jsonld_rendered
hotel-page,wvmalab8n1up39zoesztwbv9,/hotels/sarovar-portico-badrinath-uttarakhand/legal,false,true,false,false,meta_title_mismatch_or_missing|no_canonical_tag_rendered|structured_data_in_db_but_no_jsonld_rendered
hotel-page,u9eerkfw908kaiqm5j9b7tm5,/hotels/sarovar-portico-dehradun/legal,false,true,false,false,meta_title_mismatch_or_missing|no_canonical_tag_rendered|structured_data_in_db_but_no_jsonld_rendered
hotel-page,iznllopizsxczlq34e6ghh3f,/hotels/sarovar-portico-jaipur/legal,false,true,false,false,meta_title_mismatch_or_missing|no_canonical_tag_rendered|structured_data_in_db_but_no_jsonld_rendered
hotel-page,b56k3ytr8pv61dcyxdfnu5bs,/hotels/sarovar-portico-jalandhar/legal,false,true,false,false,meta_title_mismatch_or_missing|no_canonical_tag_rendered|structured_data_in_db_but_no_jsonld_rendered
hotel-page,xi7rhggmfgzu1bp7qtdxrdsi,/hotels/sarovar-portico-naraina-new-delhi/legal,false,true,false,false,meta_title_mismatch_or_missing|no_canonical_tag_rendered|structured_data_in_db_but_no_jsonld_rendered
hotel-page,f4iq1pezcvwrmnfp9tciw9dp,/hotels/sarovar-portico-surajkund/legal,false,true,false,false,meta_title_mismatch_or_missing|no_canonical_tag_rendered|structured_data_in_db_but_no_jsonld_rendered
hotel-page,nkuq2aue92dym2qp8nx9kta2,/hotels/sarovar-premiere-jaipur/legal,false,true,false,false,meta_title_mismatch_or_missing|no_canonical_tag_rendered|structured_data_in_db_but_no_jsonld_rendered
hotel-page,ml981clgpqoq8ba3ks7nave7,/hotels/shravanthi-sarovar-portico-bengaluru/legal,false,true,false,false,meta_title_mismatch_or_missing|no_canonical_tag_rendered|structured_data_in_db_but_no_jsonld_rendered
hotel-page,oo2tfa12tghgha4ppdym5ua0,/hotels/singhania-sarovar-portico-raipur/legal,false,true,false,false,meta_title_mismatch_or_missing|no_canonical_tag_rendered|structured_data_in_db_but_no_jsonld_rendered
hotel-page,jrp51dzhhv25oirtiubwvscm,/hotels/sobit-sarovar-portico-palolem-beach-hotel-goa/legal,false,true,false,false,meta_title_mismatch_or_missing|no_canonical_tag_rendered|structured_data_in_db_but_no_jsonld_rendered
hotel-page,kw7vkaya9v93kcsixtdu4tgx,/hotels/taurus-hotel-mahipalpur-new-delhi/legal,false,true,false,false,meta_title_mismatch_or_missing|no_canonical_tag_rendered|structured_data_in_db_but_no_jsonld_rendered
hotel-page,gejqcr5sdffoaykwyklnbuh1,/hotels/the-ashtan-sarovar-portico-new-delhi/legal,false,true,false,false,meta_title_mismatch_or_missing|no_canonical_tag_rendered|structured_data_in_db_but_no_jsonld_rendered
hotel-page,vdqto4s8vjb73h1vbm0xuzuf,/hotels/the-gokulam-park-kochi/legal,false,true,false,false,meta_title_mismatch_or_missing|no_canonical_tag_rendered|structured_data_in_db_but_no_jsonld_rendered
hotel-page,k3ls2tg4svragqgz46k5bgwj,/hotels/the-heron-portico-nairobi/legal,false,true,false,false,meta_title_mismatch_or_missing|no_canonical_tag_rendered|structured_data_in_db_but_no_jsonld_rendered
hotel-page,e92bcowbf2qfmx8icb1cr7ps,/hotels/the-muse-sarovar-portico-nehru-place-new-delhi/legal,false,true,false,false,meta_title_mismatch_or_missing|no_canonical_tag_rendered|structured_data_in_db_but_no_jsonld_rendered
hotel-page,yaj3qaf3xq32vd9w3slv5a56,/hotels/the-promenade-pondicherry/legal,false,true,false,false,meta_title_mismatch_or_missing|no_canonical_tag_rendered|structured_data_in_db_but_no_jsonld_rendered
hotel-page,dzutjj5m56cdagc5742n9jkh,/hotels/vaishnodevi-portico-katra/legal,false,true,false,false,meta_title_mismatch_or_missing|no_canonical_tag_rendered|structured_data_in_db_but_no_jsonld_rendered
hotel-page,ycb3ir0u9lvydw7akli1n6y8,/hotels/viraj-sarovar-portico-jammu/legal,false,true,false,false,meta_title_mismatch_or_missing|no_canonical_tag_rendered|structured_data_in_db_but_no_jsonld_rendered
hotel-page,oteblt6ecfngaw0rvxmsoud1,/hotels/ambrosia-sarovar-portico-haridwar/wellness,false,true,false,false,meta_title_mismatch_or_missing|no_canonical_tag_rendered|structured_data_in_db_but_no_jsonld_rendered
hotel-page,j0oyih4t7p4bkhfwr33oa2il,/hotels/balaji-sarovar-premiere-solapur/wellness,false,true,false,false,meta_title_mismatch_or_missing|no_canonical_tag_rendered|structured_data_in_db_but_no_jsonld_rendered
hotel-page,asu39u7n6zmfj5fghm76w33d,/hotels/marasa-sarovar-premiere-bodhgaya/wellness,false,true,false,false,meta_title_mismatch_or_missing|no_canonical_tag_rendered|structured_data_in_db_but_no_jsonld_rendered
hotel-page,al2x2i2g4ajn61rn4jgw5eoh,/hotels/marasa-sarovar-premiere-tirupati-hotels/wellness,false,true,false,false,meta_title_mismatch_or_missing|no_canonical_tag_rendered|structured_data_in_db_but_no_jsonld_rendered
hotel-page,u8sq6uefahnr1v91q7m38bxl,/hotels/sarovar-portico-somnath/wellness,false,true,false,false,meta_title_mismatch_or_missing|no_canonical_tag_rendered|structured_data_in_db_but_no_jsonld_rendered
hotel-page,i9rr7vupld4klfvrcnkyvmd6,/hotels/sarovar-portico-sonipat/wellness,true,true,false,false,no_canonical_tag_rendered|structured_data_in_db_but_no_jsonld_rendered
hotel-page,jtmo5y4qdknqpth2lqmoqjsv,/hotels/balaji-sarovar-premiere-solapur/home-delivery,false,true,false,false,meta_title_mismatch_or_missing|no_canonical_tag_rendered|structured_data_in_db_but_no_jsonld_rendered
hotel-page,xy1yz9l6liuvpwxb8vh1a0va,/hotels/davanam-sarovar-portico-suites-bangalore/home-delivery,true,true,false,false,no_canonical_tag_rendered|structured_data_in_db_but_no_jsonld_rendered
hotel-page,j6buc6s3fd5dadgdk2e9ts5x,/hotels/golden-sarovar-portico-amritsar/home-delivery,true,true,false,false,no_canonical_tag_rendered|structured_data_in_db_but_no_jsonld_rendered
hotel-page,x6sc7dp0xmsvtgsvb2rdio2y,/hotels/le-lac-sarovar-ranchi/home-delivery,true,true,false,false,no_canonical_tag_rendered|structured_data_in_db_but_no_jsonld_rendered
hotel-page,t3wgckrqsqekwhos07z60023,/hotels/nirvana-sarovar-portico-gorakhpur/home-delivery,true,true,false,false,no_canonical_tag_rendered|structured_data_in_db_but_no_jsonld_rendered
hotel-page,wgmzelkf5rvgwqscui3ih21y,/hotels/paradigm-sarovar-kakinada/home-delivery,true,true,false,false,no_canonical_tag_rendered|structured_data_in_db_but_no_jsonld_rendered
hotel-page,x1kbeh3o8jf6httdw0e4mp13,/hotels/park-plaza-faridabad/home-delivery,true,true,false,false,no_canonical_tag_rendered|structured_data_in_db_but_no_jsonld_rendered
hotel-page,uk6q5k6sjljga84z4ec3p48z,/hotels/park-plaza-zirakpur/home-delivery,true,true,false,false,no_canonical_tag_rendered|structured_data_in_db_but_no_jsonld_rendered
hotel-page,simcrmlyrjuxlqla50dom6xn,/hotels/golden-tulip-goa-mandrem/faqs,true,true,false,false,no_canonical_tag_rendered|structured_data_in_db_but_no_jsonld_rendered
hotel-page,pua7vp5ituysu9z72j311lxi,/hotels/golden-tulip-kukas-jaipur/faqs,true,true,false,false,no_canonical_tag_rendered|structured_data_in_db_but_no_jsonld_rendered
hotel-page,lknqnr9nitt01whrcthio9fj,/hotels/golden-tulip-sector-80-gurugram/faqs,false,true,false,false,meta_title_mismatch_or_missing|no_canonical_tag_rendered|structured_data_in_db_but_no_jsonld_rendered
hotel-page,f2yezh0rextv9chvbffolmd3,/hotels/kpg-sarovar-portico-raj-nagar-extension-ghaziabad/faqs,false,true,false,false,meta_title_mismatch_or_missing|no_canonical_tag_rendered|structured_data_in_db_but_no_jsonld_rendered
hotel-page,hgs57rmr2g1z3qjlbxlz4q3p,/hotels/mountnoor-sarovar-premiere-pahalgam/faqs,false,true,false,false,meta_title_mismatch_or_missing|no_canonical_tag_rendered|structured_data_in_db_but_no_jsonld_rendered
hotel-page,f2ohrhmoi4d3e9gtbk7jenh8,/hotels/mukundra-sarovar-premiere-kota/faqs,false,true,false,false,meta_title_mismatch_or_missing|no_canonical_tag_rendered|structured_data_in_db_but_no_jsonld_rendered
hotel-page,kiamqxcxhqb21urzawby0nku,/hotels/prachi-sarovar-premiere-bhubaneswar/faqs,false,true,false,false,meta_title_mismatch_or_missing|no_canonical_tag_rendered|structured_data_in_db_but_no_jsonld_rendered
hotel-page,y9sn5icqr0u7a87s91u8gagv,/hotels/royal-tulip-kathmandu-shivapuri-national-park/faqs,true,true,false,false,no_canonical_tag_rendered|structured_data_in_db_but_no_jsonld_rendered
hotel-page,jj5fq7ofu9estnp5auwj3v7k,/hotels/sarovar-portico-bhubaneswar/faqs,true,true,false,false,no_canonical_tag_rendered|structured_data_in_db_but_no_jsonld_rendered
hotel-page,g738kjm582w77nnn3ih95gi7,/hotels/tulip-inn-gurugram-near-medanta/faqs,true,true,false,false,no_canonical_tag_rendered|structured_data_in_db_but_no_jsonld_rendered
hotel-page,cfnxwkl9gwu2djtuut3m2wa3,/hotels/estuary-sarovar-Premiere-poovar/contact,false,true,false,false,meta_title_mismatch_or_missing|no_canonical_tag_rendered|structured_data_in_db_but_no_jsonld_rendered
hotel-page,m1ujpnl0u49xjtjbufyzd2m8,/hotels/golden-tulip-essential-jaipur/contact,false,true,false,false,meta_title_mismatch_or_missing|no_canonical_tag_rendered|structured_data_in_db_but_no_jsonld_rendered
hotel-page,so4nthlz7pmrxl7mcrpoi24o,/hotels/golden-tulip/contact,false,true,false,false,meta_title_mismatch_or_missing|no_canonical_tag_rendered|structured_data_in_db_but_no_jsonld_rendered
hotel-page,ysfabv9i4ahg0er9kv7mlal5,/hotels/lagoon-sarovar-premiere-pondicherry/contact,false,true,false,false,meta_title_mismatch_or_missing|no_canonical_tag_rendered|structured_data_in_db_but_no_jsonld_rendered
hotel-page,mwm0aryqwpzd3w65pmkne2dy,/hotels/manjeera-international-convention-centre/contact,false,true,false,false,meta_title_mismatch_or_missing|no_canonical_tag_rendered|structured_data_in_db_but_no_jsonld_rendered
hotel-page,r54pzsxodpf8mon5jlafbowo,/hotels/rosefinch-sarovar-portico-bhimtal/contact,false,true,false,false,meta_title_mismatch_or_missing|no_canonical_tag_rendered|structured_data_in_db_but_no_jsonld_rendered
hotel-page,q5ixcg3x94db5d6qw75imszg,/hotels/sarovar-portico-bhubaneswar/contact,false,true,false,false,meta_title_mismatch_or_missing|no_canonical_tag_rendered|structured_data_in_db_but_no_jsonld_rendered
hotel-page,mrvdy630xekmzgdpan3fffhv,/hotels/lagoon-sarovar-premiere-pondicherry/pay-us,false,true,false,false,meta_title_mismatch_or_missing|no_canonical_tag_rendered|structured_data_in_db_but_no_jsonld_rendered
hotel-page,tcri2kvcjk7d8w6509n98ddm,/hotels/sarovar-portico-sonipat/pay-us,false,true,false,false,meta_title_mismatch_or_missing|no_canonical_tag_rendered|structured_data_in_db_but_no_jsonld_rendered
hotel-page,msr0a9lok7sbaxwraj7qb2zp,/hotels/efcee-sarovar-portico-bhavnagar/awards,false,true,false,false,meta_title_mismatch_or_missing|no_canonical_tag_rendered|structured_data_in_db_but_no_jsonld_rendered
hotel-page,xdg0ehbzu85bkzgpo6llvkof,/hotels/aditya-park-hyderabad/meeting-events,false,true,false,false,meta_title_mismatch_or_missing|no_canonical_tag_rendered|structured_data_in_db_but_no_jsonld_rendered
hotel-page,iogni9vobngzmsfz0e5ema9u,/hotels/ambar-sarovar-portico-gandhidham-hotel/promotions,false,true,false,false,meta_title_mismatch_or_missing|no_canonical_tag_rendered|structured_data_in_db_but_no_jsonld_rendered
hotel-page,ztq99m7wyfwfmgc2f4eel6tl,/hotels/ambrosia-sarovar-portico-haridwar/meetings-events,false,true,false,false,meta_title_mismatch_or_missing|no_canonical_tag_rendered|structured_data_in_db_but_no_jsonld_rendered
hotel-page,xuq1dcd2ickwy65plrcxsaxn,/hotels/bellevue-sarovar-premiere-junagadh/banquet-conference,false,true,false,false,meta_title_mismatch_or_missing|no_canonical_tag_rendered|structured_data_in_db_but_no_jsonld_rendered
hotel-page,sfloxyb40p3nixcxk7xa6shn,/hotels/bellevue-sarovar-premiere-junagadh/emerald-conference-hall,false,true,false,false,meta_title_mismatch_or_missing|no_canonical_tag_rendered|structured_data_in_db_but_no_jsonld_rendered
hotel-page,ckgmt8zuqf1zemrm7hiwcq6w,/hotels/bellevue-sarovar-premiere-junagadh/grand-crystal---banquet-hall,false,true,false,false,meta_title_mismatch_or_missing|no_canonical_tag_rendered|structured_data_in_db_but_no_jsonld_rendered
hotel-page,x42fjpxk9tpq9s4wmupza4fx,/hotels/bellevue-sarovar-premiere-junagadh/opal-conference-hall,false,true,false,false,meta_title_mismatch_or_missing|no_canonical_tag_rendered|structured_data_in_db_but_no_jsonld_rendered
hotel-page,xsybf2cdm2hzgu8kq0qjrrns,/hotels/citadel-sarovar-portico-bangalore/events,false,true,false,false,meta_title_mismatch_or_missing|no_canonical_tag_rendered|structured_data_in_db_but_no_jsonld_rendered
hotel-page,be981v685bm1afqr7r9965cj,/hotels/deventure-sarovar-portico-patel-nagar/oasis-hall,false,true,false,false,meta_title_mismatch_or_missing|no_canonical_tag_rendered|structured_data_in_db_but_no_jsonld_rendered
hotel-page,j13n44uyu86q731bw6ep7nk0,/hotels/efcee-sarovar-portico-bhavnagar/meeting-events,false,true,false,false,meta_title_mismatch_or_missing|no_canonical_tag_rendered|structured_data_in_db_but_no_jsonld_rendered
hotel-page,byq5g6o5bstjp2wgjnii2k3o,/hotels/estuary-sarovar-Premiere-poovar/about-us,false,true,false,false,meta_title_mismatch_or_missing|no_canonical_tag_rendered|structured_data_in_db_but_no_jsonld_rendered
hotel-page,cmav17nsn14i3ckfzt566iw0,/hotels/estuary-sarovar-Premiere-poovar/ayurveda-facility,false,true,false,false,meta_title_mismatch_or_missing|no_canonical_tag_rendered|structured_data_in_db_but_no_jsonld_rendered
hotel-page,x0c8ce6ow65ow8buhyxymuab,/hotels/estuary-sarovar-Premiere-poovar/marma-spine-care,false,true,false,false,meta_title_mismatch_or_missing|no_canonical_tag_rendered|structured_data_in_db_but_no_jsonld_rendered
hotel-page,f6c85dleuu21nhx7oykcc91q,/hotels/estuary-sarovar-Premiere-poovar/panchakarma-detox,false,true,false,false,meta_title_mismatch_or_missing|no_canonical_tag_rendered|structured_data_in_db_but_no_jsonld_rendered
hotel-page,jo9fup4kse66iwwc7f3vmyb5,/hotels/estuary-sarovar-Premiere-poovar/rasayanam-rejuvenation,false,true,false,false,meta_title_mismatch_or_missing|no_canonical_tag_rendered|structured_data_in_db_but_no_jsonld_rendered
hotel-page,a4mv2j2ydt4ncry2lyh2kexb,/hotels/estuary-sarovar-Premiere-poovar/sanjeevani-destress,false,true,false,false,meta_title_mismatch_or_missing|no_canonical_tag_rendered|structured_data_in_db_but_no_jsonld_rendered
hotel-page,sggqbs6a8hblup9vaxb61ol1,/hotels/estuary-sarovar-Premiere-poovar/soundarya-skin-hair-care,false,true,false,false,meta_title_mismatch_or_missing|no_canonical_tag_rendered|structured_data_in_db_but_no_jsonld_rendered
hotel-page,k2r3ejlucadffonr8tz02knv,/hotels/estuary-sarovar-Premiere-poovar/sthoulya-slimming-programme,false,true,false,false,meta_title_mismatch_or_missing|no_canonical_tag_rendered|structured_data_in_db_but_no_jsonld_rendered
hotel-page,wsrktc2zaffxr4i784so47kx,/hotels/estuary-sarovar-Premiere-poovar/ayurveda-summary-page,true,true,false,false,no_canonical_tag_rendered|structured_data_in_db_but_no_jsonld_rendered
hotel-page,kt19j7ngl8vl0y0pw0li6hce,/hotels/estuary-sarovar-Premiere-poovar/ayurveda-packages,true,true,false,false,no_canonical_tag_rendered|structured_data_in_db_but_no_jsonld_rendered
hotel-page,axyvkjvs7lf49op760bhnq2h,/hotels/estuary-sarovar-Premiere-poovar/ayurveda-treatment,false,true,false,false,meta_title_mismatch_or_missing|no_canonical_tag_rendered|structured_data_in_db_but_no_jsonld_rendered
hotel-page,pnw8ildqrhby2xk3eb81jlbb,/hotels/estuary-sarovar-Premiere-poovar/career,false,true,false,false,meta_title_mismatch_or_missing|no_canonical_tag_rendered|structured_data_in_db_but_no_jsonld_rendered
hotel-page,u4o40y5rys9kwzgwz7cmbhco,/hotels/estuary-sarovar-Premiere-poovar/celebrations,false,true,false,false,meta_title_mismatch_or_missing|no_canonical_tag_rendered|structured_data_in_db_but_no_jsonld_rendered
hotel-page,n8fpdebiwgegihkziwo09b43,/hotels/estuary-sarovar-Premiere-poovar/honeymoon,false,true,false,false,meta_title_mismatch_or_missing|no_canonical_tag_rendered|structured_data_in_db_but_no_jsonld_rendered
hotel-page,sqj7mtru350qnhatwe1uopi3,/hotels/estuary-sarovar-Premiere-poovar/weddings,false,true,false,false,meta_title_mismatch_or_missing|no_canonical_tag_rendered|structured_data_in_db_but_no_jsonld_rendered
hotel-page,a8ouo8v7z8t7m1p8i5mfqvx7,/hotels/estuary-sarovar-Premiere-poovar/explore,false,true,false,false,meta_title_mismatch_or_missing|no_canonical_tag_rendered|structured_data_in_db_but_no_jsonld_rendered
hotel-page,f7wex3ogy1rn3u6wz9n861yg,/hotels/golden-sarovar-portico-amritsar/promotions,false,true,false,false,meta_title_mismatch_or_missing|no_canonical_tag_rendered|structured_data_in_db_but_no_jsonld_rendered
hotel-page,f9vpty1sz6z4zuy1bx7u8biz,/hotels/golden-tulip-bdi-club-and-suite-bhiwadi/summit,false,true,false,false,meta_title_mismatch_or_missing|no_canonical_tag_rendered|structured_data_in_db_but_no_jsonld_rendered
hotel-page,ifrofguoefelbe13kgmmu3tp,/hotels/golden-tulip-bhopal/tulipe---multi-cuisine-restaurant,false,true,false,false,meta_title_mismatch_or_missing|no_canonical_tag_rendered|structured_data_in_db_but_no_jsonld_rendered
hotel-page,z4dox9ga24dcz7sg8pwuk8dh,/hotels/golden-tulip-candolim-goa/special-offers,false,true,false,false,meta_title_mismatch_or_missing|no_canonical_tag_rendered|structured_data_in_db_but_no_jsonld_rendered
hotel-page,sgehkqbxbbfvciz8egvd2kcr,/hotels/golden-tulip-essential-jaipur/banquet-hall-conferences,false,true,false,false,meta_title_mismatch_or_missing|no_canonical_tag_rendered|structured_data_in_db_but_no_jsonld_rendered
hotel-page,x4l7d06nikwwqyd2l8txq7bv,/hotels/golden-tulip-goa-mandrem/promotions,true,true,false,false,no_canonical_tag_rendered|structured_data_in_db_but_no_jsonld_rendered
hotel-page,tg38bhn2f1j9vkrqf7qzx05y,/hotels/golden-tulip-lucknow/promotions,false,true,false,false,meta_title_mismatch_or_missing|no_canonical_tag_rendered|structured_data_in_db_but_no_jsonld_rendered
hotel-page,ii8ye1x8fpyqn6ln39ridxa1,/hotels/golden-tulip-srinagar/spa-and-hamam,false,true,false,false,meta_title_mismatch_or_missing|no_canonical_tag_rendered|structured_data_in_db_but_no_jsonld_rendered
hotel-page,smnhgid5imd2c8yuh8yyt7ro,/hotels/golden-tulip-srinagar/spa,false,true,false,false,meta_title_mismatch_or_missing|no_canonical_tag_rendered|structured_data_in_db_but_no_jsonld_rendered
hotel-page,ny8vou6nudpo8pp27hwhd2vh,/hotels/golden-tulip-srinagar/turkish-hamam,false,true,false,false,meta_title_mismatch_or_missing|no_canonical_tag_rendered|structured_data_in_db_but_no_jsonld_rendered
hotel-page,fm1b1pwna12iznjyi8frnv00,/hotels/golden-tulip-tirupati/flavours,false,true,false,false,meta_title_mismatch_or_missing|no_canonical_tag_rendered|structured_data_in_db_but_no_jsonld_rendered
hotel-page,jk3wov8pyh51ceh2za6rwfwn,/hotels/golden-tulip/meetings-events,false,true,false,false,meta_title_mismatch_or_missing|no_canonical_tag_rendered|structured_data_in_db_but_no_jsonld_rendered
hotel-page,xbvym9jndy3t9b8dsebhual6,/hotels/grand-continent-anjuna/special-offers,false,true,false,false,meta_title_mismatch_or_missing|no_canonical_tag_rendered|structured_data_in_db_but_no_jsonld_rendered
hotel-page,zyv9ap1j395i15asra53yv6h,/hotels/grand-continent-brookefield-bengaluru/banquet-halls,false,true,false,false,meta_title_mismatch_or_missing|no_canonical_tag_rendered|structured_data_in_db_but_no_jsonld_rendered
hotel-page,e1z2eymhijqbn7xoka70dl98,/hotels/grand-continent-brookefield-bengaluru/blossom,false,true,false,false,meta_title_mismatch_or_missing|no_canonical_tag_rendered|structured_data_in_db_but_no_jsonld_rendered
hotel-page,ic27l6u9sg3x3vjrj98qql2s,/hotels/grand-continent-brookefield-bengaluru/the-alfresco-open-air,false,true,false,false,meta_title_mismatch_or_missing|no_canonical_tag_rendered|structured_data_in_db_but_no_jsonld_rendered
hotel-page,x262ogw7kvxccpkfql2de7ye,/hotels/grand-continent-mysore/blossom-banquet-hall,false,true,false,false,meta_title_mismatch_or_missing|no_canonical_tag_rendered|structured_data_in_db_but_no_jsonld_rendered
hotel-page,fr1kfihsyzxnflfhqz9ruzyy,/hotels/highland-sarovar-portico-sindhudurg/book-your-stay-at-highland-sarovar-portico-sindhudurg,false,true,false,false,meta_title_mismatch_or_missing|no_canonical_tag_rendered|structured_data_in_db_but_no_jsonld_rendered
hotel-page,ruu88nrd7ex2hjl8lzmv23qp,/hotels/highland-sarovar-portico-sindhudurg/explore-sindhudurg,false,true,false,false,meta_title_mismatch_or_missing|no_canonical_tag_rendered|structured_data_in_db_but_no_jsonld_rendered
hotel-page,ynw1hlvup56ne3cvoppg7g54,/hotels/hometel-alambagh-lucknow/explore-lucknow,false,true,false,false,meta_title_mismatch_or_missing|no_canonical_tag_rendered|structured_data_in_db_but_no_jsonld_rendered
hotel-page,gsdi3e6598w7hzud0tfigwvs,/hotels/hometel-chandigarh/promotions,false,true,false,false,meta_title_mismatch_or_missing|no_canonical_tag_rendered|structured_data_in_db_but_no_jsonld_rendered
hotel-page,i10alfp9qgdjuyump0e66wo8,/hotels/hometel-roorkee/meetings-events,false,true,false,false,meta_title_mismatch_or_missing|no_canonical_tag_rendered|structured_data_in_db_but_no_jsonld_rendered
hotel-page,d85ii5cnol4uf69mfv3ll74j,/hotels/iris-sarovar-portico-gurugram/explore-gurugram,false,true,false,false,meta_title_mismatch_or_missing|no_canonical_tag_rendered|structured_data_in_db_but_no_jsonld_rendered
hotel-page,sumlehy7hgdjdppuyslh1ocw,/hotels/ishaan-sarovar-portico-deoghar/explore-deoghar,false,true,false,false,meta_title_mismatch_or_missing|no_canonical_tag_rendered|structured_data_in_db_but_no_jsonld_rendered
hotel-page,aouk9sjx72pt9eg1vi34s7vh,/hotels/lagoon-sarovar-premiere-pondicherry/destination-wedding,false,true,false,false,meta_title_mismatch_or_missing|no_canonical_tag_rendered|structured_data_in_db_but_no_jsonld_rendered
hotel-page,lsjtka7dis132v3w7dzp7lwa,/hotels/le-dupleix-pondicherry/courtyard-restaurant-menu,false,true,false,false,meta_title_mismatch_or_missing|no_canonical_tag_rendered|structured_data_in_db_but_no_jsonld_rendered
hotel-page,c1xei4x48711p6y3tro76edn,/hotels/le-dupleix-pondicherry/explore-pondicherry,true,true,false,false,no_canonical_tag_rendered|structured_data_in_db_but_no_jsonld_rendered
hotel-page,v3yzs9cysqw6e823j1n1c0kg,/hotels/le-lac-sarovar-ranchi/meetings-events,false,true,false,false,meta_title_mismatch_or_missing|no_canonical_tag_rendered|structured_data_in_db_but_no_jsonld_rendered
hotel-page,ezkc50cbmu1johg4adzwv8qr,/hotels/legend-sarovar-portico/meetings-events,false,true,false,false,meta_title_mismatch_or_missing|no_canonical_tag_rendered|structured_data_in_db_but_no_jsonld_rendered
hotel-page,vyss3kj283pd1vv7flnnni5f,/hotels/mahagun-sarovar-portico-suites-vaishali/promotions,false,true,false,false,meta_title_mismatch_or_missing|no_canonical_tag_rendered|structured_data_in_db_but_no_jsonld_rendered
hotel-page,w95g237eopd58242th2tjrzl,/hotels/manjeera-international-convention-centre/lawn,false,true,false,false,meta_title_mismatch_or_missing|no_canonical_tag_rendered|structured_data_in_db_but_no_jsonld_rendered
hotel-page,zaluehihpxg7rvf9o6fv8nyt,/hotels/manjeera-international-convention-centre/meetings-and-events,false,true,false,false,meta_title_mismatch_or_missing|no_canonical_tag_rendered|structured_data_in_db_but_no_jsonld_rendered
hotel-page,kq55y531ltxe0f164vkl9jvw,/hotels/manjeera-international-convention-centre/ball-room-i,false,true,false,false,meta_title_mismatch_or_missing|no_canonical_tag_rendered|structured_data_in_db_but_no_jsonld_rendered
hotel-page,npqt57vi7elwgtdcq4do26z9,/hotels/manjeera-international-convention-centre/ball-room-ii,false,true,false,false,meta_title_mismatch_or_missing|no_canonical_tag_rendered|structured_data_in_db_but_no_jsonld_rendered
hotel-page,ebm723tqyp99yr61klmzn915,/hotels/manjeera-international-convention-centre/ball-room-iii,false,true,false,false,meta_title_mismatch_or_missing|no_canonical_tag_rendered|structured_data_in_db_but_no_jsonld_rendered
hotel-page,kj7gz6w4dk6n0vmuqf2xjgyu,/hotels/manjeera-international-convention-centre/godavari-i,false,true,false,false,meta_title_mismatch_or_missing|no_canonical_tag_rendered|structured_data_in_db_but_no_jsonld_rendered
hotel-page,hpezqxtnpcidxy3def3n8kr4,/hotels/manjeera-international-convention-centre/godavari-ii,false,true,false,false,meta_title_mismatch_or_missing|no_canonical_tag_rendered|structured_data_in_db_but_no_jsonld_rendered
hotel-page,vvwo64wevkyakaf1kwjk95nx,/hotels/manjeera-international-convention-centre/grand-ball-room,false,true,false,false,meta_title_mismatch_or_missing|no_canonical_tag_rendered|structured_data_in_db_but_no_jsonld_rendered
hotel-page,bo51lxj2q82rvz04g7a6bk8h,/hotels/manjeera-sarovar-premiere-rajahmundry/banquet-halls,false,true,false,false,meta_title_mismatch_or_missing|no_canonical_tag_rendered|structured_data_in_db_but_no_jsonld_rendered
hotel-page,llc9szut7ecc1603532obw7n,/hotels/manjeera-sarovar-premiere-rajahmundry/jade-banquet-hall,false,true,false,false,meta_title_mismatch_or_missing|no_canonical_tag_rendered|structured_data_in_db_but_no_jsonld_rendered
hotel-page,ijlkeew8wuzr0eyd3fcq4qq2,/hotels/manjeera-sarovar-premiere-rajahmundry/oval-banquet-hall,false,true,false,false,meta_title_mismatch_or_missing|no_canonical_tag_rendered|structured_data_in_db_but_no_jsonld_rendered
hotel-page,ofu4tccrwv86xf3b8fzcfm8b,/hotels/manjeera-sarovar-premiere-rajahmundry/ruby-banquet-hall,false,true,false,false,meta_title_mismatch_or_missing|no_canonical_tag_rendered|structured_data_in_db_but_no_jsonld_rendered
hotel-page,dzxwunn149iikpxahflevtz8,/hotels/manjeera-sarovar-premiere-rajahmundry/convention-centres,false,true,false,false,meta_title_mismatch_or_missing|no_canonical_tag_rendered|structured_data_in_db_but_no_jsonld_rendered
hotel-page,i4mqgdln1w4lvxxpm4rn7l8h,/hotels/manjeera-sarovar-premiere-rajahmundry/ball-room,false,true,false,false,meta_title_mismatch_or_missing|no_canonical_tag_rendered|structured_data_in_db_but_no_jsonld_rendered
hotel-page,kf06cnjb6ha2gqmy18ocw79t,/hotels/manjeera-sarovar-premiere-rajahmundry/godavari-1,false,true,false,false,meta_title_mismatch_or_missing|no_canonical_tag_rendered|structured_data_in_db_but_no_jsonld_rendered
hotel-page,d62o9guivmmw7xykaxbe4393,/hotels/manjeera-sarovar-premiere-rajahmundry/godavari-2,false,true,false,false,meta_title_mismatch_or_missing|no_canonical_tag_rendered|structured_data_in_db_but_no_jsonld_rendered
hotel-page,yfv80cibw49ykmr66zrdsk6z,/hotels/manjeera-sarovar-premiere-rajahmundry/lawns,false,true,false,false,meta_title_mismatch_or_missing|no_canonical_tag_rendered|structured_data_in_db_but_no_jsonld_rendered
hotel-page,eqzbs87y8gopgiwh1t840t22,/hotels/marasa-sarovar-portico-rajkot/meetings-events,false,true,false,false,meta_title_mismatch_or_missing|no_canonical_tag_rendered|structured_data_in_db_but_no_jsonld_rendered
hotel-page,tz6f5llp1yhyy1jii7va889q,/hotels/marasa-sarovar-premiere-bodhgaya/banquet-and-meeting-hall,false,true,false,false,meta_title_mismatch_or_missing|no_canonical_tag_rendered|structured_data_in_db_but_no_jsonld_rendered
hotel-page,h0ijerghwnoeh4pizsptrvts,/hotels/marasa-sarovar-premiere-bodhgaya/a-journey-of-spiritual-awakening,false,true,false,false,meta_title_mismatch_or_missing|no_canonical_tag_rendered|structured_data_in_db_but_no_jsonld_rendered
hotel-page,i1hs9115b3bsn3br8p9x7ktd,/hotels/marasa-sarovar-premiere-bodhgaya/deep-tissue-experience,false,true,false,false,meta_title_mismatch_or_missing|no_canonical_tag_rendered|structured_data_in_db_but_no_jsonld_rendered
hotel-page,m06evnxby9rr6eiirz99ctl1,/hotels/marasa-sarovar-premiere-bodhgaya/fusion-of-self-realization,false,true,false,false,meta_title_mismatch_or_missing|no_canonical_tag_rendered|structured_data_in_db_but_no_jsonld_rendered
hotel-page,jdz42rxx0pckvaq8u8w4fkyb,/hotels/marasa-sarovar-premiere-bodhgaya/holistic-aromatic-journey,false,true,false,false,meta_title_mismatch_or_missing|no_canonical_tag_rendered|structured_data_in_db_but_no_jsonld_rendered
hotel-page,er84fvr2gec6rvyju0ehetg5,/hotels/marasa-sarovar-premiere-bodhgaya/indian-fusion-head-massage,false,true,false,false,meta_title_mismatch_or_missing|no_canonical_tag_rendered|structured_data_in_db_but_no_jsonld_rendered
hotel-page,if6o9mp0dlq84nalahon5jr5,/hotels/marasa-sarovar-premiere-bodhgaya/peace,false,true,false,false,meta_title_mismatch_or_missing|no_canonical_tag_rendered|structured_data_in_db_but_no_jsonld_rendered
hotel-page,n1yz7w7fud52rggul6ywgvm3,/hotels/marasa-sarovar-premiere-bodhgaya/reflexology,false,true,false,false,meta_title_mismatch_or_missing|no_canonical_tag_rendered|structured_data_in_db_but_no_jsonld_rendered
hotel-page,miu2pls1630becifh81tx4f2,/hotels/marasa-sarovar-premiere-bodhgaya/tibetan-massage,false,true,false,false,meta_title_mismatch_or_missing|no_canonical_tag_rendered|structured_data_in_db_but_no_jsonld_rendered
hotel-page,w11l7jyk6sgicfx0k8wdmt1g,/hotels/marasa-sarovar-premiere-bodhgaya/bhumispasha-clay-envelopment,false,true,false,false,meta_title_mismatch_or_missing|no_canonical_tag_rendered|structured_data_in_db_but_no_jsonld_rendered
hotel-page,hukufo6twcxdcw27gd93qun6,/hotels/marasa-sarovar-premiere-bodhgaya/the-cocoon,false,true,false,false,meta_title_mismatch_or_missing|no_canonical_tag_rendered|structured_data_in_db_but_no_jsonld_rendered
hotel-page,eokx7vimxa7placrg2ree1ks,/hotels/marasa-sarovar-premiere-bodhgaya/peace-and-tranquility,false,true,false,false,meta_title_mismatch_or_missing|no_canonical_tag_rendered|structured_data_in_db_but_no_jsonld_rendered
hotel-page,y0y9gl9zs84319dfh9ws69op,/hotels/marasa-sarovar-premiere-bodhgaya/pollution-rescue,false,true,false,false,meta_title_mismatch_or_missing|no_canonical_tag_rendered|structured_data_in_db_but_no_jsonld_rendered
hotel-page,rt2noz4xvlmipajm1c2ue007,/hotels/marasa-sarovar-premiere-bodhgaya/seabuckthorn-balance,false,true,false,false,meta_title_mismatch_or_missing|no_canonical_tag_rendered|structured_data_in_db_but_no_jsonld_rendered
hotel-page,afgaujp4zkusnxhcyaopp3h7,/hotels/marasa-sarovar-premiere-bodhgaya/spiritual-mist,false,true,false,false,meta_title_mismatch_or_missing|no_canonical_tag_rendered|structured_data_in_db_but_no_jsonld_rendered
hotel-page,i0wvo0735u9neu8y383jqdpj,/hotels/marasa-sarovar-premiere-bodhgaya/meditatio-japa-japa,false,true,false,false,meta_title_mismatch_or_missing|no_canonical_tag_rendered|structured_data_in_db_but_no_jsonld_rendered
hotel-page,bmbusnk55378xfd4hqxieh9m,/hotels/marasa-sarovar-premiere-bodhgaya/meditatio-ntar-mouna,false,true,false,false,meta_title_mismatch_or_missing|no_canonical_tag_rendered|structured_data_in_db_but_no_jsonld_rendered
hotel-page,moxdvi2t7kb9h738zy6gd100,/hotels/marasa-sarovar-premiere-bodhgaya/chakra-shuddhi,false,true,false,false,meta_title_mismatch_or_missing|no_canonical_tag_rendered|structured_data_in_db_but_no_jsonld_rendered
hotel-page,x54a6yyb0nhvbb173gsf6a6r,/hotels/marasa-sarovar-premiere-bodhgaya/chidakasha-dharana,false,true,false,false,meta_title_mismatch_or_missing|no_canonical_tag_rendered|structured_data_in_db_but_no_jsonld_rendered
hotel-page,mg3vx51fn5n2phbg6g49xj8v,/hotels/marasa-sarovar-premiere-bodhgaya/hridayakasha-dharana,false,true,false,false,meta_title_mismatch_or_missing|no_canonical_tag_rendered|structured_data_in_db_but_no_jsonld_rendered
hotel-page,xpvkcxd9fu9s70f9ci5wm5m6,/hotels/marasa-sarovar-premiere-bodhgaya/tibetan-chantsbuddhist-chants,false,true,false,false,meta_title_mismatch_or_missing|no_canonical_tag_rendered|structured_data_in_db_but_no_jsonld_rendered
hotel-page,lexuwt99adlqaydjcvprhoym,/hotels/marasa-sarovar-premiere-bodhgaya/trataka-candle-meditation,false,true,false,false,meta_title_mismatch_or_missing|no_canonical_tag_rendered|structured_data_in_db_but_no_jsonld_rendered
hotel-page,b536oknzcrl7rx4jnfe0y81b,/hotels/marasa-sarovar-premiere-bodhgaya/yoga-nidra,false,true,false,false,meta_title_mismatch_or_missing|no_canonical_tag_rendered|structured_data_in_db_but_no_jsonld_rendered
hotel-page,vu4rr7lcy2xzhghm5o9d9752,/hotels/marasa-sarovar-premiere-bodhgaya/jal-neti,false,true,false,false,meta_title_mismatch_or_missing|no_canonical_tag_rendered|structured_data_in_db_but_no_jsonld_rendered
hotel-page,g19f2ykhks56d3diy4mrmatw,/hotels/marasa-sarovar-premiere-bodhgaya/kunjal-kriya,false,true,false,false,meta_title_mismatch_or_missing|no_canonical_tag_rendered|structured_data_in_db_but_no_jsonld_rendered
hotel-page,wdlreb2hn3x1srh95ro5mgzm,/hotels/marasa-sarovar-premiere-bodhgaya/himalayan-salt-scrub,false,true,false,false,meta_title_mismatch_or_missing|no_canonical_tag_rendered|structured_data_in_db_but_no_jsonld_rendered
hotel-page,oln4pto7po7t9b2c19s5iap2,/hotels/marasa-sarovar-premiere-bodhgaya/tibetan-tsampa-body-scrub,false,true,false,false,meta_title_mismatch_or_missing|no_canonical_tag_rendered|structured_data_in_db_but_no_jsonld_rendered
hotel-page,dxce4vyagev38bdo564rig5s,/hotels/marasa-sarovar-premiere-bodhgaya/advanced-pranayama-with-bandhas,false,true,false,false,meta_title_mismatch_or_missing|no_canonical_tag_rendered|structured_data_in_db_but_no_jsonld_rendered
hotel-page,orx58gdquxe9tk0fdijy3qv2,/hotels/marasa-sarovar-premiere-bodhgaya/gatyatmak-yoga,false,true,false,false,meta_title_mismatch_or_missing|no_canonical_tag_rendered|structured_data_in_db_but_no_jsonld_rendered
hotel-page,emtqj5y6pfc4qma2k99lu6pv,/hotels/marasa-sarovar-premiere-bodhgaya/hatha-yoga,false,true,false,false,meta_title_mismatch_or_missing|no_canonical_tag_rendered|structured_data_in_db_but_no_jsonld_rendered
hotel-page,uyeg8hnwmrvznazwdhrouz81,/hotels/marasa-sarovar-premiere-bodhgaya/kriya-yoga,false,true,false,false,meta_title_mismatch_or_missing|no_canonical_tag_rendered|structured_data_in_db_but_no_jsonld_rendered
hotel-page,pzske4k1evebq1dkx0d59lmq,/hotels/marasa-sarovar-premiere-bodhgaya/panayama,false,true,false,false,meta_title_mismatch_or_missing|no_canonical_tag_rendered|structured_data_in_db_but_no_jsonld_rendered
hotel-page,x550dswjw4bi5y5bgykqgk7i,/hotels/marasa-sarovar-premiere-tirupati-hotels/experience,true,true,false,false,no_canonical_tag_rendered|structured_data_in_db_but_no_jsonld_rendered
hotel-page,zb3ghfochr6uw16wwiebmhd4,/hotels/marasa-sarovar-premiere-tirupati-hotels/promotions,false,true,false,false,meta_title_mismatch_or_missing|no_canonical_tag_rendered|structured_data_in_db_but_no_jsonld_rendered
hotel-page,toymjprrdgxk1alnrknlnda1,/hotels/marigold-sarovar-portico-mashobra-shimla/special-offers,false,true,false,false,meta_title_mismatch_or_missing|no_canonical_tag_rendered|structured_data_in_db_but_no_jsonld_rendered
hotel-page,kwd1xg46ely7mu6gk97b4kex,/hotels/marigold-sarovar-portico-mashobra-shimla/weddings-at-sarovar-hotels-resorts,true,true,false,false,no_canonical_tag_rendered|structured_data_in_db_but_no_jsonld_rendered
hotel-page,x5sruy3prf7q2ar4z5l1cex8,/hotels/mj-sarovar-portico-haridwar/explore-haridwar,false,true,false,false,meta_title_mismatch_or_missing|no_canonical_tag_rendered|structured_data_in_db_but_no_jsonld_rendered
hotel-page,gf8bqvsd4yp8ppw7f8pcve1c,/hotels/mountnoor-sarovar-premiere-pahalgam/explore-pahalgam,false,true,false,false,meta_title_mismatch_or_missing|no_canonical_tag_rendered|structured_data_in_db_but_no_jsonld_rendered
hotel-page,vfjq6qr9dkvc15h0kbjshjjq,/hotels/mukundra-sarovar-premiere-kota/explore-kota,false,true,false,false,meta_title_mismatch_or_missing|no_canonical_tag_rendered|structured_data_in_db_but_no_jsonld_rendered
hotel-page,uzsymmu5b8jw4iwf0g4bjruu,/hotels/nataraj-sarovar-portico-jhansi/meetings-events,false,true,false,false,meta_title_mismatch_or_missing|no_canonical_tag_rendered|structured_data_in_db_but_no_jsonld_rendered
hotel-page,uc965svc6mxnz4nfy9xe73xj,/hotels/nidhivan-sarovar-portico-vrindavan/destination-wedding-in-vrindavan,false,true,false,false,meta_title_mismatch_or_missing|no_canonical_tag_rendered|structured_data_in_db_but_no_jsonld_rendered
hotel-page,gl5tl6nskljpi46dv9t1dxvk,/hotels/nidhivan-sarovar-portico-vrindavan/places-to-visit-in-vrindavan,false,true,false,false,meta_title_mismatch_or_missing|no_canonical_tag_rendered|structured_data_in_db_but_no_jsonld_rendered
hotel-page,zn4nkbuc807o2br0brwrvu4t,/hotels/nirvana-sarovar-portico-gorakhpur/meetings-events,false,true,false,false,meta_title_mismatch_or_missing|no_canonical_tag_rendered|structured_data_in_db_but_no_jsonld_rendered
hotel-page,r77ui3ckvcig2m8hiy7xq8wk,/hotels/nirvana-sarovar-portico-gorakhpur/promotions,true,true,false,false,no_canonical_tag_rendered|structured_data_in_db_but_no_jsonld_rendered
hotel-page,skm2y8uscz8vp1v9bw35yvnl,/hotels/paradigm-sarovar-kakinada/meetings-events,true,true,false,false,no_canonical_tag_rendered|structured_data_in_db_but_no_jsonld_rendered
hotel-page,u5p46ysdzl24i7qks39hwnl9,/hotels/Park-Inn-Radisson-Goa-Candolim/meeting-events,false,true,false,false,meta_title_mismatch_or_missing|no_canonical_tag_rendered|structured_data_in_db_but_no_jsonld_rendered
hotel-page,flzlkh7kwyud87twe6q9203s,/hotels/park-plaza-ludhiana/promotions,false,true,false,false,meta_title_mismatch_or_missing|no_canonical_tag_rendered|structured_data_in_db_but_no_jsonld_rendered
hotel-page,vqyvghdmed00cn11bozkae4n,/hotels/park-plaza-zirakpur/meeting-events,false,true,false,false,meta_title_mismatch_or_missing|no_canonical_tag_rendered|structured_data_in_db_but_no_jsonld_rendered
hotel-page,qbqedik39853vomafvlnvo6i,/hotels/park-plaza-zirakpur/shaadi-saga,false,true,false,false,meta_title_mismatch_or_missing|no_canonical_tag_rendered|structured_data_in_db_but_no_jsonld_rendered
hotel-page,eqzmiiudmq8k8i5o6iwpmvhr,/hotels/presidium-sarovar-premiere-dalhousie/events,false,true,false,false,meta_title_mismatch_or_missing|no_canonical_tag_rendered|structured_data_in_db_but_no_jsonld_rendered
hotel-page,t20n9rtvdzhi0z1ljxjq9fil,/hotels/presidium-sarovar-premiere-dalhousie/the-den,false,true,false,false,meta_title_mismatch_or_missing|no_canonical_tag_rendered|structured_data_in_db_but_no_jsonld_rendered
hotel-page,xb8155zxopvot9ht13le5uar,/hotels/presidium-sarovar-premiere-dalhousie/the-reserve,false,true,false,false,meta_title_mismatch_or_missing|no_canonical_tag_rendered|structured_data_in_db_but_no_jsonld_rendered
hotel-page,stjgavas6rqajlbea2bnlle9,/hotels/presidium-sarovar-premiere-dalhousie/experience,true,true,false,false,no_canonical_tag_rendered|structured_data_in_db_but_no_jsonld_rendered
hotel-page,oh5v8m7bkhdhi2m8dlo2qiys,/hotels/radha-hometel-bangalore/promotions,false,true,false,false,meta_title_mismatch_or_missing|no_canonical_tag_rendered|structured_data_in_db_but_no_jsonld_rendered
hotel-page,kvc4zgxpqboadcs7pvy6u6r8,/hotels/radha-regent-chennai/meeting-events,true,true,false,false,no_canonical_tag_rendered|structured_data_in_db_but_no_jsonld_rendered
hotel-page,ph7kfrwhbj311ckp5a14rnhs,/hotels/radisson-blu--bengaluru-outer-ring-road/meetings-events,false,true,false,false,meta_title_mismatch_or_missing|no_canonical_tag_rendered|structured_data_in_db_but_no_jsonld_rendered
hotel-page,n3nk7ka4t25o9vvogciaypr3,/hotels/rivera-sarovar-portico-ahmedabad/meetings-events,false,true,false,false,meta_title_mismatch_or_missing|no_canonical_tag_rendered|structured_data_in_db_but_no_jsonld_rendered
hotel-page,ps3xewzqrv1de3cuas3ybriw,/hotels/rosefinch-sarovar-portico-bhimtal/experiences,false,true,false,false,meta_title_mismatch_or_missing|no_canonical_tag_rendered|structured_data_in_db_but_no_jsonld_rendered
hotel-page,dwe6qbm778idy8f0v5dxbz8s,/hotels/rosefinch-sarovar-portico-bhimtal/conference-hall,false,true,false,false,meta_title_mismatch_or_missing|no_canonical_tag_rendered|structured_data_in_db_but_no_jsonld_rendered
hotel-page,xyrpazh8hoqua0lu9jnasnmr,/hotels/royal-tulip-kathmandu-shivapuri-national-park/explore-kathmandu,false,true,false,false,meta_title_mismatch_or_missing|no_canonical_tag_rendered|structured_data_in_db_but_no_jsonld_rendered
hotel-page,t5i9x0iqu9ls62pwroz4ag1o,/hotels/royale-sarovar-portico-agra/events,false,true,false,false,meta_title_mismatch_or_missing|no_canonical_tag_rendered|structured_data_in_db_but_no_jsonld_rendered
hotel-page,et39jrh8pdpjq4zaehwoxcyw,/hotels/royale-sarovar-portico-agra/explore-agra,false,true,false,false,meta_title_mismatch_or_missing|no_canonical_tag_rendered|structured_data_in_db_but_no_jsonld_rendered
hotel-page,g53ecqr7m04u2rcabl5az1fs,/hotels/rs-sarovar-portico-palampur/meetings-events,false,true,false,false,meta_title_mismatch_or_missing|no_canonical_tag_rendered|structured_data_in_db_but_no_jsonld_rendered
hotel-page,mdheqbjpxkvvhpisyyhtk7b4,/hotels/sarovar-portico-gir/facilites,false,true,false,false,meta_title_mismatch_or_missing|no_canonical_tag_rendered|structured_data_in_db_but_no_jsonld_rendered
hotel-page,m0xvgw0wz9mzbtecdjf4uqc0,/hotels/sarovar-portico-hanumangarh/special-offers,false,true,false,false,meta_title_mismatch_or_missing|no_canonical_tag_rendered|structured_data_in_db_but_no_jsonld_rendered
hotel-page,sg1m3yyz12ch43lainxx4w7o,/hotels/sarovar-portico-jaipur/meetings-conferences,true,true,false,false,no_canonical_tag_rendered|structured_data_in_db_but_no_jsonld_rendered
hotel-page,yg2l1f3v3oed20ufvul39n6n,/hotels/sarovar-portico-jaipur/promotions,false,true,false,false,meta_title_mismatch_or_missing|no_canonical_tag_rendered|structured_data_in_db_but_no_jsonld_rendered
hotel-page,rydlhk34dsvms3mb839snjgj,/hotels/sarovar-portico-jalandhar/meetings-events,false,true,false,false,meta_title_mismatch_or_missing|no_canonical_tag_rendered|structured_data_in_db_but_no_jsonld_rendered
hotel-page,pn0u1zhpck81cumm2s9h2cey,/hotels/sarovar-portico-kolkata-rajarhat/conclave,false,true,false,false,meta_title_mismatch_or_missing|no_canonical_tag_rendered|structured_data_in_db_but_no_jsonld_rendered
hotel-page,cvs099g6zce7hid7ih7t8ylk,/hotels/sarovar-portico-morbi/facilities-at-sarovar-portico-morbi,false,true,false,false,meta_title_mismatch_or_missing|no_canonical_tag_rendered|structured_data_in_db_but_no_jsonld_rendered
hotel-page,ilzdl95k4q6cfl4jqjovgjb9,/hotels/sarovar-portico-morbi/meetings-conference-rooms-in-morbi,false,true,false,false,meta_title_mismatch_or_missing|no_canonical_tag_rendered|structured_data_in_db_but_no_jsonld_rendered
hotel-page,xoyiv6mlfenqgu2m6yy2r8md,/hotels/sarovar-portico-naraina-new-delhi/meetings-events,true,true,false,false,no_canonical_tag_rendered|structured_data_in_db_but_no_jsonld_rendered
hotel-page,chta5ovq8fcksmd1kwnpm96l,/hotels/sarovar-portico-somnath/banquet-hall-conferences,false,true,false,false,meta_title_mismatch_or_missing|no_canonical_tag_rendered|structured_data_in_db_but_no_jsonld_rendered
hotel-page,lnozdi2i0t55l17zpd0rxspo,/hotels/sarovar-portico-srinagar/the-hub,false,true,false,false,meta_title_mismatch_or_missing|no_canonical_tag_rendered|structured_data_in_db_but_no_jsonld_rendered
hotel-page,bvgnxdod0hal5tz0lo6jgxq0,/hotels/sarovar-portico-surajkund/weddings,false,true,false,false,meta_title_mismatch_or_missing|no_canonical_tag_rendered|structured_data_in_db_but_no_jsonld_rendered
hotel-page,kiabu0asq5e6bo7rz9h0enku,/hotels/sarovar-premiere-alwar/destination-wedding-in-alwar,false,true,false,false,meta_title_mismatch_or_missing|no_canonical_tag_rendered|structured_data_in_db_but_no_jsonld_rendered
hotel-page,amtl1qws8gwv4w0lidzgmtln,/hotels/sarovar-premiere-alwar/explore-alwar,false,true,false,false,meta_title_mismatch_or_missing|no_canonical_tag_rendered|structured_data_in_db_but_no_jsonld_rendered
hotel-page,o06r3xh3ja6gqi779ic2swda,/hotels/sarovar-premiere-alwar/terms-conditions,false,true,false,false,meta_title_mismatch_or_missing|no_canonical_tag_rendered|structured_data_in_db_but_no_jsonld_rendered
hotel-page,i7e288u9c0udbvl969tolboo,/hotels/sarovar-premiere-alwar/weddings-thank-you,false,true,false,false,meta_title_mismatch_or_missing|no_canonical_tag_rendered|structured_data_in_db_but_no_jsonld_rendered
hotel-page,fzmy3paat5lr084skjkhhyoy,/hotels/sarovar-premiere-amritsar/activities-experiences,false,true,false,false,meta_title_mismatch_or_missing|no_canonical_tag_rendered|structured_data_in_db_but_no_jsonld_rendered
hotel-page,uww5a6mg0xezynwa111p5fvz,/hotels/sarovar-premiere-amritsar/explore-amritsar,false,true,false,false,meta_title_mismatch_or_missing|no_canonical_tag_rendered|structured_data_in_db_but_no_jsonld_rendered
hotel-page,ctsdk896pgnz7gza9xp5f7ys,/hotels/sarovar-premiere-jaipur/meetings-events,false,true,false,false,meta_title_mismatch_or_missing|no_canonical_tag_rendered|structured_data_in_db_but_no_jsonld_rendered
hotel-page,zk38zj4zghrlqi9cq9yxj8yk,/hotels/sarovar-premiere-jaipur/promotions,false,true,false,false,meta_title_mismatch_or_missing|no_canonical_tag_rendered|structured_data_in_db_but_no_jsonld_rendered
hotel-page,uo6irzg2rmovih6amwbl7nj0,/hotels/sarovar-premiere-srinagar/explore-srinagar,false,true,false,false,meta_title_mismatch_or_missing|no_canonical_tag_rendered|structured_data_in_db_but_no_jsonld_rendered
hotel-page,ik2e19uvzn2ilodua7hj43to,/hotels/shravanthi-sarovar-portico-bengaluru/meetings-events,false,true,false,false,meta_title_mismatch_or_missing|no_canonical_tag_rendered|structured_data_in_db_but_no_jsonld_rendered
hotel-page,h8s9rro1davwcj2bpv35phen,/hotels/skywings-sarovar-portico-mathura/explore-mathura,false,true,false,false,meta_title_mismatch_or_missing|no_canonical_tag_rendered|structured_data_in_db_but_no_jsonld_rendered
hotel-page,z0bn2ovyvydy4n25z3n9apk5,/hotels/skywings-sarovar-portico-mathura/special-offers,false,true,false,false,meta_title_mismatch_or_missing|no_canonical_tag_rendered|structured_data_in_db_but_no_jsonld_rendered
hotel-page,vc733uplsca5mrne8sgq97g2,/hotels/sobit-sarovar-portico-palolem-beach-hotel-goa/promotions,false,true,false,false,meta_title_mismatch_or_missing|no_canonical_tag_rendered|structured_data_in_db_but_no_jsonld_rendered
hotel-page,n9eyzgisbowdbj0d91u5zsfr,/hotels/the-ashtan-sarovar-portico-new-delhi/virtual-tour,false,true,false,false,meta_title_mismatch_or_missing|no_canonical_tag_rendered|structured_data_in_db_but_no_jsonld_rendered
hotel-page,yzkmqiwviwy5ddvxvjqkupie,/hotels/the-ashtan-sarovar-portico-new-delhi/meetings-events,false,true,false,false,meta_title_mismatch_or_missing|no_canonical_tag_rendered|structured_data_in_db_but_no_jsonld_rendered
hotel-page,eu35dndd5hu2y7eznncdixd6,/hotels/the-ashtan-sarovar-portico-new-delhi/facilities-at-hotel-in-delhi-near-aiims,true,true,false,false,no_canonical_tag_rendered|structured_data_in_db_but_no_jsonld_rendered
hotel-page,m3henwzau3y8t6o2a0ucyza4,/hotels/the-gaurs-sarovar-premiere/facilities-at-the-gaurs-sarovar-premiere,false,true,false,false,meta_title_mismatch_or_missing|no_canonical_tag_rendered|structured_data_in_db_but_no_jsonld_rendered
hotel-page,fhdg965djpp0li3dwljjizah,/hotels/the-gaurs-sarovar-premiere/wedding-saga,false,true,false,false,meta_title_mismatch_or_missing|no_canonical_tag_rendered|structured_data_in_db_but_no_jsonld_rendered
hotel-page,havoigjc2nr7nd66sdqcyt4h,/hotels/the-gokulam-park-kochi/star-classification,true,true,false,false,no_canonical_tag_rendered|structured_data_in_db_but_no_jsonld_rendered
hotel-page,vsplz9dfv0ouqgrmvqmg4h0n,/hotels/the-heron-portico-nairobi/meetings-events,false,true,false,false,meta_title_mismatch_or_missing|no_canonical_tag_rendered|structured_data_in_db_but_no_jsonld_rendered
hotel-page,mhl09bowodwl41dp1komvufk,/hotels/the-promenade-pondicherry/bay-of-buddha-menu,false,true,false,false,meta_title_mismatch_or_missing|no_canonical_tag_rendered|structured_data_in_db_but_no_jsonld_rendered
hotel-page,t586ra4vc7y4x1fmt0m3bcq0,/hotels/the-promenade-pondicherry/explore-pondicherry,true,true,false,false,no_canonical_tag_rendered|structured_data_in_db_but_no_jsonld_rendered
hotel-page,p2bzsr3ifongp3xi0l4cafa1,/hotels/the-promenade-pondicherry/the-blueline-menu,false,true,false,false,meta_title_mismatch_or_missing|no_canonical_tag_rendered|structured_data_in_db_but_no_jsonld_rendered
hotel-page,u3itosbc30ni8p4zehs1uzah,/hotels/the-promenade-pondicherry/wildfish-bistro,false,true,false,false,meta_title_mismatch_or_missing|no_canonical_tag_rendered|structured_data_in_db_but_no_jsonld_rendered
hotel-page,zty35i4nblojsi65seolr55b,/hotels/tulip-inn-bhopal/explore-bhopal,false,true,false,false,meta_title_mismatch_or_missing|no_canonical_tag_rendered|structured_data_in_db_but_no_jsonld_rendered
hotel-page,y2t3icfpcncimltnpur4ayvu,/hotels/tulip-inn-gurugram-near-medanta/special-offers,false,true,false,false,meta_title_mismatch_or_missing|no_canonical_tag_rendered|structured_data_in_db_but_no_jsonld_rendered
hotel-page,xan8xejuyuixemgmzg2p7wv8,/hotels/tulip-inn-shravasti/faciltiies,false,true,false,false,meta_title_mismatch_or_missing|no_canonical_tag_rendered|structured_data_in_db_but_no_jsonld_rendered
hotel-page,avsuqkbpm0ihtow3fq3n4tk4,/hotels/vandhara-sarovar-premiere-patkote/explore-jim-corbett,false,true,false,false,meta_title_mismatch_or_missing|no_canonical_tag_rendered|structured_data_in_db_but_no_jsonld_rendered
hotel-page,odunrbqxm700juksoxh6j9o3,/hotels/venizia-sarovar-portico-in-new-delhi/kids-zone,false,true,false,false,meta_title_mismatch_or_missing|no_canonical_tag_rendered|structured_data_in_db_but_no_jsonld_rendered
hotel-page,uuawaxq9wfv5vpe2efcyfzyq,/hotels/geeta-sarovar-portico-hotels-panipat/blogs,false,true,false,false,meta_title_mismatch_or_missing|no_canonical_tag_rendered|structured_data_in_db_but_no_jsonld_rendered
hotel-page,v1vkz8121vaxwggaa3muf59r,/hotels/geeta-sarovar-portico-hotels-panipat/destination-wedding-near-delhi-ncr,false,true,false,false,meta_title_mismatch_or_missing|no_canonical_tag_rendered|structured_data_in_db_but_no_jsonld_rendered
hotel-page,cxptnjzr7x4kaddxutbdepw9,/hotels/geeta-sarovar-portico-hotels-panipat/wedding-venues-in-panipat,false,true,false,false,meta_title_mismatch_or_missing|no_canonical_tag_rendered|structured_data_in_db_but_no_jsonld_rendered
hotel-page,s0ggz0sgbxjwqnwz2se6mr0y,/hotels/marasa-sarovar-premiere-bodhgaya/blogs,true,true,false,false,no_canonical_tag_rendered|structured_data_in_db_but_no_jsonld_rendered
hotel-page,tgn648bs7l89kbgu6772kwhn,/hotels/marasa-sarovar-premiere-bodhgaya/bodh-gaya-seeking-nirvana,false,true,false,false,meta_title_mismatch_or_missing|no_canonical_tag_rendered|structured_data_in_db_but_no_jsonld_rendered
hotel-page,w5qch61zzms1anvd4lllwx1j,/hotels/marasa-sarovar-premiere-bodhgaya/indias-best-50-new-hotels-digest---outlook-traveller,true,true,false,false,no_canonical_tag_rendered|structured_data_in_db_but_no_jsonld_rendered
hotel-page,u0leb1co95kco7tqjaiefccy,/hotels/marasa-sarovar-premiere-bodhgaya/luxury-and-spirituality-at-marasa-sarovar-premiere,true,true,false,false,no_canonical_tag_rendered|structured_data_in_db_but_no_jsonld_rendered
hotel-page,vkjvierksx29o17xlfedqs0t,/hotels/marasa-sarovar-premiere-bodhgaya/marasa-sarovar-bodh-gaya-a-sanctuary-of-spiritual-enlightenment,true,true,false,false,no_canonical_tag_rendered|structured_data_in_db_but_no_jsonld_rendered
hotel-page,ppsoiugl4iq0nvewbha9k41y,/hotels/marasa-sarovar-premiere-bodhgaya/more-hnis-family-offices-checking-into-hotels-business,true,true,false,false,no_canonical_tag_rendered|structured_data_in_db_but_no_jsonld_rendered
hotel-page,q2lvl1nejjvk40kl4iy6p22s,/hotels/marasa-sarovar-premiere-bodhgaya/must-visit-tourist-places-in-bodh-gaya,false,true,false,false,meta_title_mismatch_or_missing|no_canonical_tag_rendered|structured_data_in_db_but_no_jsonld_rendered
hotel-page,j1mltb4riw6k54xfeom5c1w6,/hotels/marasa-sarovar-premiere-bodhgaya/southeast-asia-building-coverage-for-marasa-sarovar-premiere,true,true,false,false,no_canonical_tag_rendered|structured_data_in_db_but_no_jsonld_rendered
hotel-page,u55qzyag0csk1t9opzmsanq1,/hotels/marigold-sarovar-portico-mashobra-shimla/blogs,false,true,false,false,meta_title_mismatch_or_missing|no_canonical_tag_rendered|structured_data_in_db_but_no_jsonld_rendered
hotel-page,cf2afk5qxn8ly97h1zl4eqot,/hotels/marigold-sarovar-portico-mashobra-shimla/explore-the-hidden-beauty-of-shimla,false,true,false,false,meta_title_mismatch_or_missing|no_canonical_tag_rendered|structured_data_in_db_but_no_jsonld_rendered
hotel-page,mml462ovrn6gppp9sycq0y7d,/hotels/marigold-sarovar-portico-mashobra-shimla/shimla-in-the-summers,false,true,false,false,meta_title_mismatch_or_missing|no_canonical_tag_rendered|structured_data_in_db_but_no_jsonld_rendered
hotel-page,k0b56t8vpty35gta9zl1mqb1,/hotels/marigold-sarovar-portico-mashobra-shimla/shimla-in-the-winters,false,true,false,false,meta_title_mismatch_or_missing|no_canonical_tag_rendered|structured_data_in_db_but_no_jsonld_rendered
hotel-page,kebq0ir6s3pdqn2i18c1krt6,/hotels/rosefinch-sarovar-portico-bhimtal/blogs,true,true,false,false,no_canonical_tag_rendered|structured_data_in_db_but_no_jsonld_rendered
hotel-page,ajp3do2r3e1o10kuan41d48p,/hotels/rosefinch-sarovar-portico-bhimtal/attractions-in-bhimtal,false,true,false,false,meta_title_mismatch_or_missing|no_canonical_tag_rendered|structured_data_in_db_but_no_jsonld_rendered
