type,documentId,slug_or_path,resolved_status,unique,issues
hotel,sr28j4o4s0502lkqya9j3nq1,sarovar-premiere-delhi,200,true,
hotel,cq3x0k9ydpgaq8g63cr814a9,sarovar-portico-jaipur,200,true,
hotel,kj0pmuwptrnwwu7uieirolti,sarovar-premiere-goa-beach-resort,200,true,
hotel,ln0gj8rlj4rxumo7x99iy8ve,sarovar-portico-mumbai,200,true,
hotel,mw8ueg6zyc37gcywhrm1qmks,sarovar-regency-shimla,200,true,
hotel,tuc0lt9c0l0na2pxpdrgpjcy,sarovar-regency-rishikesh,200,true,
hotel,ievhz3zi8m0wnimukmab9sf3,sarovar-portico-delhi-aerocity,200,true,
hotel,h956jqot2rkpm49hmtisj2y2,sarovar-premiere-jaipur-heritage,200,true,
hotel,kjw454m5jgmcu0bczmcid856,abn-sarovar-portico-jim-corbett,200,true,
hotel,vt2ug2ez0s8hya3j0oihwbrd,nidhivan-sarovar-portico-vrindavan,200,true,
hotel,rqhof3eo3ccww1itbquu765a,marigold-sarovar-portico-mashobra-shimla,200,true,
hotel,glk2wfzrstdbocv6bpstqswh,vandhara-sarovar-premiere-patkote,200,true,
hotel,in0kis219t8nbhztema6bsmn,aditya-hometel-hyderabad,200,true,
hotel,xliva2mj2oisblywnnmzb4io,aditya-park-hyderabad,200,true,
hotel,myzp4bufrciaeqa1f7hwnthq,ambrosia-sarovar-portico-haridwar,200,true,
hotel,jlgiovfnn7iwclcfq1tst38o,ambar-sarovar-portico-gandhidham-hotel,200,true,
hotel,nheqorhkiaxribfpkk6qffzt,balaji-sarovar-premiere-solapur,200,true,
hotel,pi0kgqvv2mby22nmi5va3i5j,bamus-sarovar-portico-kampala,200,true,
hotel,nj93qgtto0lgesdjc499yrd2,bellevue-sarovar-premiere-junagadh,200,true,
hotel,gl4vmpykhppii6cv6a6eutbz,citadel-sarovar-portico-bangalore,200,true,
hotel,oxljj6tebeltew10ljuqnbcs,davanam-sarovar-portico-suites-bangalore,200,true,
hotel,zhdk257u85fi0awyg3tpxwrt,classic-sarovar-portico-thiruvananthapuram,200,true,
hotel,kyixj09apb6tuuo9448fzoto,delite-sarovar-portico-faridabad,200,true,
hotel,a8yzgu7kccovpvtki1a8of7w,deventure-sarovar-portico-patel-nagar,200,true,
hotel,cvezpiutdrsntdy2ttr9vbwq,deventure-sarovar-portico--kapashera-new-delhi,200,true,
hotel,zbdydapaezsdchbhigwbzw71,efcee-sarovar-portico-bhavnagar,200,true,
hotel,eshvg3smsdhll8od16ofykzn,estuary-sarovar-Premiere-poovar,200,true,
hotel,wwvbmh6fki9v5xfb9ifbdymi,geeta-sarovar-portico-hotels-panipat,200,true,
hotel,kylyag77ozfu7dw4fge295xl,golden-sarovar-portico-amritsar,200,true,
hotel,lrfe2tp0kn5yferboipi6fjc,golden-tulip-agra,200,true,
hotel,bbjcv7jcjmz1n85wljcjftqj,golden-tulip-bdi-club-and-suite-bhiwadi,200,true,
hotel,cn1xygizaysd9wumjcv5exkl,golden-tulip-bhopal,200,true,
hotel,bmtx3bphwi1k401p89ritkvp,golden-tulip-candolim-goa,200,true,
hotel,tgxknqo7yxdn0g6gy6pdwe5g,golden-tulip-essential-jaipur,200,true,
hotel,gpj43v7o7gtk0y7yntzr28my,golden-tulip-goa-mandrem,200,true,
hotel,zkf3jgbetp7dsrj3mwbb6qj9,golden-tulip-goa-vagator,200,true,
hotel,mxkwek8pauu2zl96w5s0p353,golden-tulip-hari-nagar,200,true,
hotel,vpev1rnivzb43qifo0dksqbq,golden-tulip-hotel-in-jaipur,200,true,
hotel,yl7977lzdf050nx76202p8x0,golden-tulip-jalandhar,200,true,
hotel,ag0ne7ux6h82mi0ufls4pgtk,golden-tulip-kukas-jaipur,200,true,
hotel,exqs3n9e3rg4os6w2veyccb8,golden-tulip-lucknow,200,true,
hotel,oycar1zhbavm4r2f4j35fkm6,golden-tulip-sector-80-gurugram,200,true,
hotel,dzceu61lxiy9w6jhj8k2t3j4,golden-tulip-srinagar,200,true,
hotel,ubmswdq1c1g6cfhwrp4q7lc2,royal-hometel-suites-dahisar-mumbai,200,true,
hotel,wm4irbpis6w0bbd7mtwucuks,royal-sarovar-portico-siliguri,200,true,
hotel,z0upqx69ydricmx0x7oluej9,royal-tulip-chitwan,200,true,
hotel,rv3gyw02f35a4hofvyr7no2s,royal-tulip-kathmandu-shivapuri-national-park,200,true,
hotel,glejblzsz4kwa25vs0f9h4bn,royal-tulip-kathmandu,200,true,
hotel,eabvldp442te264l6uqzcc01,royale-sarovar-portico-agra,200,true,
hotel,h8vbecw43qgvtaieaq4dp8ev,rs-sarovar-portico-palampur,200,true,
hotel,de3w9emq8p80n6tcxzdhishw,sairafort-sarovar-portico-jaisalmer,200,true,
hotel,wvfdxegmsefrcqnkv0wlk1g2,sarovar-ahmedabad,200,true,
hotel,rrp79c5xowigpxuvth1pymtz,sarovar-portico-ajmer,200,true,
hotel,l00w2hfl8p99urg4isa14iv0,sarovar-portico-badrinath-uttarakhand,200,true,
hotel,a0olawjkl11bho3oq692bs43,sarovar-portico-bhubaneswar,200,true,
hotel,cb9t2cns47wpg0h5sun5zehk,sarovar-portico-birgunj,200,true,
hotel,bg7b0me5wfypkbah8oyjldzn,sarovar-portico-dehradun,200,true,
hotel,utx6f0169wb4zw8bciv92u9x,sarovar-portico-gir,200,true,
hotel,f49yr9el4hyp8wm0mwz619fq,sarovar-portico-hanumangarh,200,true,
hotel,rre6ugf4nom5jgnyaksyrbte,sarovar-portico-jalandhar,200,true,
hotel,arnplnbalzptqjyw3jcfhbaq,sarovar-portico-kolkata-rajarhat,200,true,
hotel,yguny2p9yh5zqh29nvfoqvyl,sarovar-portico-morbi,200,true,
hotel,rygi0vqbp5opssa7p5vpfbs2,sarovar-portico-naraina-new-delhi,200,true,
hotel,llshsw5zsai8ap90e9ty762k,sarovar-portico-saharanpur,200,true,
hotel,mtpj0l8nrlrjwvhgkri3brfw,sarovar-portico-somnath,200,true,
hotel,mpd0qk2ccww22xrhklqfiq92,sarovar-portico-sonipat,200,true,
hotel,q7ha9n4x1s8jcrgz1btra8i4,sarovar-portico-srinagar,200,true,
hotel,q50xom97u7k70gcrlkjyhuj2,sarovar-portico-surajkund,200,true,
hotel,l29ccsfyjm041637w1sssg3e,sarovar-premiere-amritsar,200,true,
hotel,qt7r4ao6fwnzqt838fuj4l4c,sarovar-premiere-alwar,200,true,
hotel,vdqj0qajfbxhnsoguhgkjezr,sarovar-premiere-jaipur,200,true,
hotel,tyghvr1m6xufwzv90ecxv9f9,sarovar-premiere-srinagar,200,true,
hotel,xji3gdmxeh6ziosixs2ab8t0,sea-breeze-sarovar-portico-varca-goa,200,true,
hotel,yeyd4tcv5dz9nq4qc6mozjc7,serene-premiere-hargeisa,200,true,
hotel,zsf47aenm1mc810vpi3c9fsl,shravanthi-sarovar-portico-bengaluru,200,true,
hotel,qyepag2vwhs0m9mfl9ggha23,shyama-sarovar-portico-orai,200,true,
hotel,wdwr9na3dtnngunn8nn2r31v,singhania-sarovar-portico-raipur,200,true,
hotel,iai2tjski38mzismfohs5gy7,skywings-sarovar-portico-mathura,200,true,
hotel,yuscko7rq2l1rzz4duy1e44s,sobit-sarovar-portico-palolem-beach-hotel-goa,200,true,
hotel,vmsu2hjxtzi8g2gr5px9h69g,taurus-hotel-mahipalpur-new-delhi,200,true,
hotel,z5tyyl7sg79gpz8rbma5pfcl,the-ashtan-sarovar-portico-new-delhi,200,true,
hotel,ycp1hc8rc6v0fmdjmv0m7ssl,the-gaurs-sarovar-premiere,200,true,
hotel,wh66kzx9qnxpgnsk6okst09m,the-heron-portico-nairobi,200,true,
hotel,m2ooofx864jahbhmgq6mvsqj,the-gokulam-park-kochi,200,true,
hotel,woistsdi8ww9jdzupmvhz9ih,the-muse-sarovar-portico-nehru-place-new-delhi,200,true,
hotel,bfykycaabzujxza1zakrdg69,the-promenade-pondicherry,200,true,
hotel,rvqei2o7yte035qa7trmc9ec,tulip-inn-bhopal,200,true,
hotel,swfoozfri0jpabi3tmo1jtg4,tulip-inn-gurugram-near-medanta,200,true,
hotel,iq1dy64wt2sh24bzl2w3u1g7,tulip-inn-koramangala,200,true,
hotel,nsbwxjvi448rtb44p3znh35v,tulip-inn-shravasti,200,true,
hotel,vo48ogiq4ionzq2ceemyz2sy,tulip-inn-zirakpur,200,true,
hotel,cj46m70icy1hurkk7hgmiah2,v-sarovar-portico-mi-road-jaipur,200,true,
hotel,pt954m6bhats2hzir541zmgi,vaishnodevi-portico-katra,200,true,
hotel,rogz5szgn13cvdmeevwa8jbo,venizia-sarovar-portico-in-new-delhi,200,true,
hotel,kpf4gals2yxkg9mvvb5esdwd,viraj-sarovar-portico-jammu,200,true,
hotel,vew069pph0gharh0lgj6jfpc,golden-tulip-udaipur,200,true,
hotel,ueqmqq9p5ufoksylov1ltvpn,golden-tulip-tirupati,200,true,
hotel,ep147k3lkgsp9rkbvdjzxbvk,golden-tulip,200,true,
hotel,lcsiof3ol3u5cvyr5rm2s13k,grand-continent-anjuna,200,true,
hotel,idt7wgbvd0n6d27aoc53y8xo,grand-continent-brookefield-bengaluru,200,true,
hotel,z9keid6l1ze9uu6sqghp69ux,grand-continent-hebbal-bangalore,200,true,
hotel,t4oqb5tlt6ljuhw8g0cwq93d,grand-continent-hosur,200,true,
hotel,foaeyxlinknkd1mdi61yjr96,grand-continent-malleshwaram-bangalore,200,true,
hotel,dulazj3fbpm363og0pk6zo3z,grand-continent-mahabalipuram,200,true,
hotel,wn5u3hgyo2zeytt4pol2eulr,grand-continent-mysore,200,true,
hotel,gof0nrzn7xg5fnnc3i2x4dih,grand-continent-secunderabad,200,true,
hotel,rc58adgip2rl5q0ug9txf8a9,grand-portico-hotel-in-latur,200,true,
hotel,ki1vjxay15jnujjcikq2kceb,highland-sarovar-portico-sindhudurg,200,true,
hotel,kehsc82vkbibh4alwh3k5oa9,hometel-alambagh-lucknow,200,true,
hotel,a64dvsnts2wpcxgi82saqckj,hometel-roorkee,200,true,
hotel,rd1rckytbfr5zidvklxad3an,hometel-chandigarh,200,true,
hotel,kn4tliuzdetbggkmpcovxyf0,hrj-sarovar-portico-indore,200,true,
hotel,tbz50k3vm3evehr5ssezs6yu,iris-sarovar-portico-gurugram,200,true,
hotel,gjvj1n7efo6nn3mfmrgi9nw1,ishaan-sarovar-portico-deoghar,200,true,
hotel,fgsh1iqwzppm69u11dbdmn7s,kpg-sarovar-portico-raj-nagar-extension-ghaziabad,200,true,
hotel,y2sfqfyjssjimziuyt95eg82,lagoon-sarovar-premiere-pondicherry,200,true,
hotel,v1vfqrshexf95orkxb6fpw5a,la-place-sarovar-portico-lucknow,200,true,
hotel,d7i07ozxdule8j9edzacv4ez,le-dupleix-pondicherry,200,true,
hotel,tr1ubf9cir92pxyuy19is6fl,le-lac-sarovar-ranchi,200,true,
hotel,dgafbx7g4eyjn7767cvguenw,madhuban-sarovar-portico-mussorie,200,true,
hotel,j9s68jd94a0m0zet5j93fqyt,legend-sarovar-portico,200,true,
hotel,yd7h2lz0gatji8bmfouve33w,mahagun-sarovar-portico-suites-vaishali,200,true,
hotel,isyez2n6zynxzjv0vmc70x81,majestic-court-sarovar-portico-navi-mumbai,200,true,
hotel,kx78qv4r0voji7gdp78u56dg,manjeera-international-convention-centre,200,true,
hotel,mc9i8dsw86tgh0h0lfgkutq3,manjeera-sarovar-premiere-rajahmundry,200,true,
hotel,wd93vbljhxrqaahd4j8ltzzm,marasa-sarovar-portico-rajkot,200,true,
hotel,b2p0vkm0vbb1vy4ld0ona55t,marasa-sarovar-premiere-bodhgaya,200,true,
hotel,n5xo9z0j7xzrkgssvpxz53qd,marasa-sarovar-premiere-tirupati-hotels,200,true,
hotel,wgsaao2613c13tc6lsq8o4nj,mj-sarovar-portico-haridwar,200,true,
hotel,o1da0ksqldub948k1y3nbdg0,marine-plaza-mumbai,200,true,
hotel,b7vkbewua16i1y9unkbwk835,mountnoor-sarovar-premiere-pahalgam,200,true,
hotel,m079kakdl1x8fkqgebw3jzax,mukundra-sarovar-premiere-kota,200,true,
hotel,y7i33qrfe7zsl54lgrfp20wr,nataraj-sarovar-portico-jhansi,200,true,
hotel,qgb7rx7eo65id7uscqk1vsvm,naturevilas-portico-manali,200,true,
hotel,lg68oiqz8ht4rcfp586f3qef,nirvana-sarovar-portico-gorakhpur,200,true,
hotel,dpi1ztz03r00h0s0lhm7dr14,neelkanth-sarovar-premiere-lusaka,200,true,
hotel,mls77b7hie6jp3b8zlcznf2a,nirwana-hometel-jaipur-sarovar,200,true,
hotel,kwn3byhz868jji95h57sfjxh,paradigm-sarovar-kakinada,200,true,
hotel,gjai9v986449xj50no17n8ut,park-inn-gurgaon,200,true,
hotel,kkc9mdz9qxvh2qkqfkz58cf5,park-inn-by-radisson-ayodhya,200,true,
hotel,y2svrpznr4562wz1o9p6j564,Park-Inn-Radisson-Goa-Candolim,200,true,
hotel,ezhwjan3er65wzp0pjxsgboz,park-plaza-faridabad,200,true,
hotel,gezrbajohui6w08c7b1k72v3,park-plaza-jodhpur,200,true,
hotel,orfnykm3gp3alkxubofqqwos,park-plaza-jalandhar,200,true,
hotel,ngqmxp5f1z6g2cx2rqlcuey1,park-plaza-shahadra--east-delhi,200,true,
hotel,dp3pchx3z0m8varr1x2wjpqm,park-plaza-ludhiana,200,true,
hotel,iyftn1x1hf4um63b5ab1ocmz,prachi-sarovar-premiere-bhubaneswar,200,true,
hotel,m3reigqloix1tkxm3bj53hpr,park-plaza-zirakpur,200,true,
hotel,e5sbgltc4ta0yf8ldyusskak,pushkara-portico-hotel-in-dibrugarh,200,true,
hotel,iq0ggiovctbvy6vshivlfz3p,presidium-sarovar-premiere-dalhousie,200,true,
hotel,gkq13tosaf6d6ol2u2o4kvuu,radha-hometel-bangalore,200,true,
hotel,qiylpmyuzgutlu2nf1pawhxa,radha-regent-chennai,200,true,
hotel,rpmfc42m6nyd97zn7h9r9mz0,radisson-blu--bengaluru-outer-ring-road,200,true,
hotel,z3i1yye4jqyvi7q7mzvmks84,radisson-hyderabad--hitec,200,true,
hotel,kz2a1fb8hgo1wiq6r10mhnp1,rbd-sarovar-portico-outer-ring-road-bengaluru,200,true,
hotel,gdpihuh8tywh8jhfnqlldh4a,radisson-mumbai-goregaon,200,true,
hotel,rbtnosd0eitqwls5ure6p6wo,rivera-sarovar-portico-ahmedabad,200,true,
hotel,rm561tf3834rlb6mra6g9f1o,residency-sarovar-portico-mumbai,200,true,
hotel,vy36fssx9wwtmjuhqplr9uy9,rosefinch-sarovar-portico-bhimtal,200,true,
hotel,yilu5qua4f2j6ugbs1tfgre7,riviera-sarovar-portico-pathankot,200,true,
hotel,ad5iag5fvfvzdo2laageof0b,royal-kingdom-sarovar-portico-pilibhit,200,true,
hotel,yczwat3spjzrg7aczxbng90b,sarovar-portico-sriperumbudur,200,true,
destination,r36h7a5q2tfbgbyo28cjwuf8,delhi,200,true,
destination,fblpo68wa0twzik4590s12zn,jaipur,200,true,
destination,tggyudfiehfn3bekua5apvks,goa,200,true,
destination,hc0w6rpjlhstr7eioukhmyxh,mumbai,200,true,
destination,vygzbazz4tgsqc7y0qbyrdg1,shimla,200,true,
destination,zl5lc2zfkjt0jn7fhci6a9gj,rishikesh,200,true,
destination,hvwpueh5bee16ye1328lcbdx,jim-corbett,200,true,
destination,ytjgkkvwzgl1stmds1toz4cv,ahmedabad,200,true,
destination,hzmazmumyyn2t8v5mnfyhotx,agra,200,true,
destination,eyz1hy5pi66cm47srrdulcl9,dibrugarh,200,true,
destination,t8xz6snksi9rlpx0gsauohnc,faridabad,200,true,
destination,gn3ims8jxak9qqed5r403jqs,ghaziabad-vaishali,200,true,
destination,ogz1hhov20giquv5i9q158qe,gandhidham,200,true,
destination,pwppmhouwai1twxbzfggzxkp,gorakhpur,200,true,
destination,iow55idqp7gtwmlmjzibvojx,hanumangarh,200,true,
destination,vef5cgg66d40tmgfiiodu4mn,gurugram,200,true,
destination,yg15f20wo0qn10kqtfg7hfqq,hargeisa,200,true,
destination,cbqoeyioqk9x6xh160iahppf,haridwar,200,true,
destination,ge7aqzl18i85kmacf2iy3stj,hyderabad,200,true,
destination,wzoia1gyn1ynrddtw1zdty8t,indore,200,true,
destination,mmwth3lj0uet15exke9r7m9j,jalandhar,200,true,
destination,sqc28s6784quqpbj98n9qzh0,jaisalmer,200,true,
destination,qx1suolvsmkp03mur8eu7p9y,jammu,200,true,
destination,iyyhojumzp6naxdwtis08u5e,jhansi,200,true,
destination,dejvdrnmw73rnbrvtlyt8tp9,jodhpur,200,true,
destination,pciedoqp6htrgwma10be6rky,junagadh,200,true,
destination,f6weqsd15y4hck58omx491sd,kathmandu,200,true,
destination,nvibjcwtcfka5gsvxb9m30nn,kampala,200,true,
destination,bvblkugclc8r9awb31095q0p,katra,200,true,
destination,xe8jq7dbldq9pixbfoi0tg5h,kochi,200,true,
destination,klsuhzs7q5wcqf9gig3cfo62,kolkata,200,true,
destination,mabq6b03elerfbx7y79vq3g3,kota,200,true,
destination,tpxo2i0vj2gwfrau50q4exv8,lucknow,200,true,
destination,bq7yy00v5l8j1z90holqcf1o,latur,200,true,
destination,ckm08gns3z7k6lkg1i6h7ei9,ludhiana,200,true,
destination,nxdbovii8c44wf0ryhx46qe1,manali,200,true,
destination,f0v2si8e3kd3ohzo69z3sdco,lusaka-zambia,200,true,
destination,bn78n8107fe737kcl13fk3v5,mathura-vrindavan,200,true,
destination,e870r3n5qie2z4577a2sj43r,mashobra-shimla,200,true,
destination,hfaow8p1ugdduz0np2pkxz0h,morbi,200,true,
destination,l6gclqbzj7delbvvfa7s8rbd,mussoorie,200,true,
destination,d5sownnwln860ouv32x63sjb,mysore,200,true,
destination,rh6d7nr675n609u8jl15saof,nairobi-kenya,200,true,
destination,boila1hbc6djnpapsl9si5te,new-delhi,200,true,
destination,m6g7btt3yvd7l5homnm6bbze,noida,200,true,
destination,dz7gp49dsfprh15jgedh97hm,orai,200,true,
destination,siswvpabra03z2x4aa7euldt,pahalgam,200,true,
destination,b28mkolactqfcet3yjn8vd3x,panipat,200,true,
destination,u9ueihk6fxdrv70pjhytp8bv,palampur,200,true,
destination,tionrtabs53vd9xs37xghw3i,patkote,200,true,
destination,ntx5lg5cwd79laaezadlo0xm,pathankot,200,true,
destination,ngcujryrjykc8q3qb8rl073x,pondicherry,200,true,
destination,ei464chm3yhsgmpzrtfpgfix,pilibhit,200,true,
destination,hfoie9rzqc33nipfzqbzrqc9,raipur,200,true,
destination,yojcyv76cqnr5261suzle1te,poovar-island-kerala,200,true,
destination,aiu7hheke4ljhkh3rschr070,ranchi,200,true,
destination,jy3k3z1a6fx48bhw52jptf8r,rajkot,200,true,
destination,uphwlrrfe3cfncx7zirb1nel,roorkee,200,true,
destination,lm12y35foqb8hbnzpk5ftw3g,saharanpur,200,true,
destination,qo32u2p4jshtib2n0cnyh26q,secunderabad,200,true,
destination,rfaoec41vz2fk4b4ig4um99s,shrawasti,200,true,
destination,sw3nns5we6adhwh3p3j09cr6,siliguri,200,true,
destination,a1k0gq8uchrzkyqmg5o460hl,sindhudurg,200,true,
destination,p3a7nhuzvgfy0hhi7w23vrv5,solapur,200,true,
destination,r6im9mrko0qd3gjnyzy53ik4,somnath,200,true,
destination,o33skxs2x6g03brfg3jro3d6,sonipat,200,true,
destination,k6ecypd791hicqf3tqsyouka,srinagar,200,true,
destination,cbwvgzjd66akvfhm4vrwj134,sriperumbudur,200,true,
destination,m1y1qydywb0ssbdafbnjkftj,thiruvananthapuram,200,true,
destination,n49fyb3d1q8xdyw5ah0fljkj,udaipur,200,true,
destination,qofk8kwmu3dbcwh6ff3k0fwq,mahabalipuram,200,true,
destination,x8fd2345tc43cd6btlv9rpyh,alwar,200,true,
destination,jbet1ihsxbnv8ve6u0vt5z9v,ajmer,200,true,
destination,eymuihdn0b4hhujdlw634mi2,amritsar,200,true,
destination,v3zsunlqq3z3reh9724oagjk,ayodhya,200,true,
destination,f5u7rszcm0xs65kdkhmy02ry,baddi,200,true,
destination,hlxzom9lue8r9w9v0l3lzrem,badrinath,200,true,
destination,pull38xmlu51ui1zm3y6ct8y,bangalore-bengaluru,200,true,
destination,qx7jxgyk3kfs88dfftuz8zwq,bhavnagar,200,true,
destination,kbuycasjrnq5lxrb9u7sr4ay,bhiwadi,200,true,
destination,be9vt5os68ybgqypb1bzx5wt,bhimtal,200,true,
destination,tldpku80fh73w1pqktxqvw67,bhubaneswar,200,true,
destination,aslghsfca7c0c7i3pna0zeae,bhopal,200,true,
destination,q8tmio8nkdw18y91x09t0h1x,birgunj-nepal,200,true,
destination,a0u425s73km2l2n7y69ejp0v,bodhgaya,200,true,
destination,ht592ggjg3ajj843zandajo2,chennai,200,true,
destination,vu596lop3met5kpn9vn4t7mv,chandigarh,200,true,
destination,r9irwb8bbvcbp12x7btn91ho,chitwan-nepal,200,true,
destination,ei26zen3zevkia2yj1pdpi9a,dalhousie,200,true,
destination,wxk53zm5bgi6ydlea17b5lyd,deoghar,200,true,
destination,qugjnmpit3pmm9o25doopts8,dehradun,200,true,
destination,x5lizrsnny14x0l853ycxd6t,hosur,200,true,
destination,n7ga96wha5gw88vsdxm9iarg,kakinada,200,true,
destination,dfx8rs3d6pcek041ez5qp537,navi-mumbai,200,true,
destination,n5oyt8h3mcxa1s9dhoanjww1,sasan-gir,200,true,
destination,boy8ftjo746yvpg633232qwg,tirupati,200,true,
brand,pg22r3xrqolut8qxt1yx7t6v,sarovar-premiere,n/a,true,no_frontend_route
brand,kq0e4kiv0cdkp80iakgh8a27,sarovar-portico,n/a,true,no_frontend_route
brand,lqz6pnqljmpy09702pfviqs0,sarovar-regency,n/a,true,no_frontend_route
brand,lcl5j2bb7v6q436rrobki61t,hometel,n/a,true,no_frontend_route
brand,hqq4kfu4uh3qupkzr5gqx7o0,sarovar,n/a,true,no_frontend_route
brand,w71r6do0fm6dprxuqy7fvghx,golden-tulip,n/a,true,no_frontend_route
offer,ppy4pkg8pro0uglb2lfwq2as,early-bird-getaway,200,true,
offer,g3kr8u9m32qc18lpalk9oo4i,honeymoon-bliss-package,200,true,
offer,os01pbjo4aj4ol3p90w8mi3p,weekend-staycation-special,200,true,
offer,oit7gnk0dmvcx2na2wf1fubr,mice-season-special,200,true,
offer,pvdtjvghrgsz20j8kmf0a4hx,aditya-hometel-hyderabad-book-direct-special-offer,200,true,
offer,xjc71f0rb5ubaa1mn77bck7r,aditya-park-hyderabad-book-direct-offer,200,true,
offer,xb4nh5i4o1rdv3bid1q88p4w,ambar-sarovar-portico-gandhidham-hotel-book-direct-special-offer,200,true,
offer,f7m9oz6qq7zmtoletmp5hxw4,ambar-sarovar-portico-gandhidham-hotel-chef-made-my-breakfast-my-way,200,true,
offer,my6scq916xrvt88rrpdhohv6,ambar-sarovar-portico-gandhidham-hotel-flexi-check-in-and-check-out,200,true,
offer,tdgqpha04gn87ohmiclom0tb,ambar-sarovar-portico-gandhidham-hotel-take-away-breakfast-with-early-checkout,200,true,
offer,meqi8zfwc4qdnnzfu013wqbh,ambar-sarovar-portico-gandhidham-hotel-high-speed-browsing-at-no-charge,200,true,
offer,rwm84ilx592fs3nh1s1cu86l,ambrosia-sarovar-portico-haridwar-book-direct-special-offer,200,true,
offer,wjj4nix1x5qfghfx4yw918sk,balaji-sarovar-premiere-solapur-free-wi-fi,200,true,
offer,cp7astkiyc4zacksul2naexk,bellevue-sarovar-premiere-junagadh-promotions,200,true,
offer,o7pda8eg6e2joil4a21h0c7i,classic-sarovar-portico-thiruvananthapuram-free-wi-fi,200,true,
offer,xmo4foe33jtz166c0bkng4jl,davanam-sarovar-portico-suites-bangalore-book-direct-special-offer,200,true,
offer,nf8745qreohcq1k75atq55zu,deventure-sarovar-portico-kapashera-new-delhi-free-wi-fi,200,true,
offer,wh7uw27uo96xhg7tt1lyl3ut,efcee-sarovar-portico-bhavnagar-book-direct-special-offer,200,true,
offer,m77ceuso3anam3n2jc90bjne,golden-sarovar-portico-amritsar-book-direct-special-offer,200,true,
offer,zu93refmkqebkg26uewffe41,golden-sarovar-portico-amritsar-chef-made-my-breakfast-my-way,200,true,
offer,loaergwyl91zs859smlizq62,golden-sarovar-portico-amritsar-flexi-check-in-check-out,200,true,
offer,zqgkm9h57nvwfhjuz886ui1p,golden-sarovar-portico-amritsar-high-speed-browsing-at-no-charge,200,true,
offer,dkavba8kjcqn4v69c8uu8cxv,golden-sarovar-portico-amritsar-take-away-breakfast-with-early-check-out,200,true,
offer,erdg6fw9a7bj36jv8chze9vd,golden-tulip-candolim-goa-10-members-only-discount,200,true,
offer,ngi7df1mx46wozkm7r25zv8l,golden-tulip-candolim-goa-flat-30-discount,200,true,
offer,qi78r98fptf2o2gxm6usa6f3,golden-tulip-goa-mandrem-corporate-group-package-with-all-inclusive-35-rooms-70-guest,200,true,
offer,hjysuf1rp0xhve0vtnm4pjyi,golden-tulip-goa-mandrem-destination-wedding-exclusive-buyout-package-for-108-guest-with-all-inclusive,200,true,
offer,st3ekf7r8ql6x6ye1uei5t80,golden-tulip-goa-mandrem-monsoon-bonanza,200,true,
offer,g8wm19cs8mckwvbwf0g9pti0,golden-tulip-lucknow-ayodhya-tour-package,200,true,
offer,b675xob42sqdkyl8kfz8cpnj,golden-tulip-lucknow-book-direct-offer,200,true,
offer,x1j9z3s3h94qbj0uv47v1lsw,golden-tulip-lucknow-chef-made-my-breakfast-my-way,200,true,
offer,s4j3ss63wsg1p2y54m8ir8rk,golden-tulip-lucknow-flexi-check-in-check-out,200,true,
offer,qp6x7ubgigd7n2goniz2gz91,golden-tulip-lucknow-free-wi-fi,200,true,
offer,qf7rsr0pkz3o2d3zlytev9ps,golden-tulip-lucknow-high-speed-browsing-at-no-charge,200,true,
offer,u6qg3od4lcq86k46xrcxxgiy,golden-tulip-lucknow-take-away-breakfast-with-early-check-out,200,true,
offer,u8r4ll1jwf2vfa64oa8j2f9j,grand-continent-anjuna-flat-30-discount,200,true,
offer,z7zq9d4uzrn95i6p3cbhz4ho,hometel-chandigarh-book-direct-special-offer,200,true,
offer,usf8hxuobm8lqe3gasssdf23,hometel-chandigarh-diamond-packages-rs2199-taxes,200,true,
offer,qd9qw0fy9s4m0xjq49ynzrgt,hometel-chandigarh-platinum-packages-2499-taxes,200,true,
offer,bfzk89973e2jv1jqznno24b8,hometel-chandigarh-silver-packages-rs1799-taxes,200,true,
offer,g6cugr9d5wp0noyb7iit9cgq,hometel-roorkee-free-wi-fi,200,true,
offer,tcw16zelr1esxk1gi3q5ry4t,la-place-sarovar-portico-lucknow-free-wi-fi-at-la-place-sarovar-portico-lucknow,200,true,
offer,t8su1gz1rtyj7agl2du1fq17,le-dupleix-pondicherry-lobster-nights-at-le-dupleix,200,true,
offer,q06oneo93so45sja370yjl51,le-lac-sarovar-ranchi-free-wi-fi,200,true,
offer,x5us8fm4ndd6nkfe2r3gbkmm,legend-sarovar-portico-book-direct-special-offer,200,true,
offer,u7r8tztgiidb75brmr87bw5t,mahagun-sarovar-portico-suites-vaishali-book-direct-special-offer,200,true,
offer,gj1u88kvy5b8bnntwk0oeo8u,mahagun-sarovar-portico-suites-vaishali-free-wi-fi-at-mahagun-sarovar-portico-suites-vaishali,200,true,
offer,vnf1icozwu0gnndsbg94os5n,majestic-court-sarovar-portico-navi-mumbai-free-wi-fi,200,true,
offer,e9e6f1pwywb47nk10svm1wut,marasa-sarovar-portico-rajkot-free-wi-fi,200,true,
offer,vmrtkkrmo51avo3m17rjxhcg,marasa-sarovar-premiere-tirupati-hotels-complimentary-wi-fi,200,true,
offer,kltlrstvzb15k0awm1ks3smt,marigold-sarovar-portico-mashobra-shimla-book-direct-special-offer,200,true,
offer,ob34ogp5erd51569rzwcjjh0,marigold-sarovar-portico-mashobra-shimla-weekend-weekdays-offer,200,true,
offer,y23woyotzy090ghfmyd2ks3b,marine-plaza-mumbai-complimentary-wi-fi,200,true,
offer,yweqvtgwabw9cvba7ymcrby0,nataraj-sarovar-portico-jhansi-complimentary-wi-fi,200,true,
offer,if63ksup3qg2550zh2xsc18n,nirvana-sarovar-portico-gorakhpur-book-direct-special-offer,200,true,
offer,in52zw43n9xptznl9vaxq8mq,paradigm-sarovar-kakinada-free-wi-fi,200,true,
offer,whjxrklknsd1ihg9d85clxaq,park-inn-gurgaon-free-wi-fi,200,true,
offer,h2bykhh5bq28aj25j2z9tl0h,park-inn-radisson-goa-candolim-free-wi-fi,200,true,
offer,dzhaeby7dd63w81sqwyho9ml,park-plaza-faridabad-free-wi-fi,200,true,
offer,kdsralo2hgl7qwg7rmi22aon,park-plaza-jodhpur-free-wi-fi,200,true,
offer,rifvydhcsm6c3aa87qj15xwd,park-plaza-ludhiana-orient-blade-chinese-and-asian-cuisine,200,true,
offer,lvivbyr2o2ssy6l14j91uxb1,park-plaza-ludhiana-panorama,200,true,
offer,asepfg8bm0knsa1jwzwlanht,park-plaza-ludhiana-passion-lounge-bar,200,true,
offer,l7gbthfclrulmpqf4gvumaot,park-plaza-shahadra-east-delhi-free-wi-fi,200,true,
offer,a6yhtbigsud8oj5ckxqe2nmm,park-plaza-zirakpur-free-wi-fi,200,true,
offer,e1z4b6sib5bay7zdqa885w9e,radha-hometel-bangalore-book-direct-special-offer,200,true,
offer,d0jklhnqf9gx1wk0eossqlqh,radha-hometel-bangalore-complimentary-breakfast-offer,200,true,
offer,kdcifjyaxw4qgq6lk72upmnc,radha-regent-chennai-book-direct-offer,200,true,
offer,nk8cmz6s252jzy3cwq1w9fit,radisson-hyderabad-hitec-free-wi-fi,200,true,
offer,cfdhylb4czwh7aif8yl8mvss,radisson-mumbai-goregaon-free-wi-fi,200,true,
offer,ff633of1i2efpx4fqxb1q7ot,rbd-sarovar-portico-outer-ring-road-bengaluru-book-direct-special-offer,200,true,
offer,whyeybvr36k8kti7v3tifxgy,residency-sarovar-portico-mumbai-free-wifi,200,true,
offer,ea5jrb8gg9xdw51ubdh9gwcl,rivera-sarovar-portico-ahmedabad-book-direct-special-offer,200,true,
offer,pj6tuk0wsl3bsdj4vcdwhj0r,royal-sarovar-portico-siliguri-free-wi-fi,200,true,
offer,xrifa69bdoxaqkajxn54b39y,sarovar-portico-badrinath-uttarakhand-book-direct-special-offer,200,true,
offer,zurwcehvu4v6lkzyn5hk93g6,sarovar-portico-dehradun-high-speed-browsing-at-no-charge,200,true,
offer,dd3s9wifp11k2p8sher511z5,sarovar-portico-hanumangarh-direct-booking-offer,200,true,
offer,th1w5vxhbssc95626fi5raoq,sarovar-portico-jaipur-free-wifi,200,true,
offer,z8c0uppjendwehjbcum3vs4a,sarovar-portico-jalandhar-free-wi-fi,200,true,
offer,t4obs4nzxw5w5fjbh7lqj71r,sarovar-portico-naraina-new-delhi-free-wi-fi,200,true,
offer,j5o3w2e8sepi1ewtkmpam4jk,sarovar-portico-somnath-book-direct,200,true,
offer,we6qvr18g4e96fqh4sqmwh21,sarovar-portico-surajkund-book-direct-special-offer,200,true,
offer,rn66mpizqyreua7c3vm4n3yp,sarovar-premiere-jaipur-day-conference-package,200,true,
offer,bp3g8hdjqc2d4cb3qcszxnko,sarovar-premiere-jaipur-free-wi-fi,200,true,
offer,aj109s90vyyrmbjd977mbvp6,singhania-sarovar-portico-raipur-free-wi-fi,200,true,
offer,wjhnvgfa8qvx6fmx9slozv61,skywings-sarovar-portico-mathura-winter-package,200,true,
offer,eaz0kn3pljsatgawvml4di08,sobit-sarovar-portico-palolem-beach-hotel-goa-book-direct-exclusive-website-offer,200,true,
offer,kgqgwo0w98nlev1vxdf3gqx2,sobit-sarovar-portico-palolem-beach-hotel-goa-travel-local-stay-local-live-the-new-normal,200,true,
offer,ulrb1kqj2zka9duk0chnella,taurus-hotel-mahipalpur-new-delhi-free-wi-fi,200,true,
offer,czs5mclevh6e52rllmvmc558,the-ashtan-sarovar-portico-new-delhi-free-wifi,200,true,
offer,pv9mevj0x0wtp7978kk6ooiw,the-gaurs-sarovar-premiere-book-direct-offer,200,true,
offer,cyhigl20qvhhjjyfj0i6kd5a,the-gokulam-park-kochi-free-wi-fi,200,true,
offer,jpwe1o6ygql249cywqu1obzk,the-muse-sarovar-portico-nehru-place-new-delhi-free-wi-fi,200,true,
offer,b0h5v9ohf9ctsylp19rofrqc,tulip-inn-gurugram-near-medanta-medanta-care-stay-package,200,true,
article,tilyaneda7wlfd93bq46lfyj,blogs-an-escape-to-poovar-island,200,true,
article,jt6hiuk25o9a99f92cef8itl,blogs-beautiful-locations-to-get-married-in-this-summer,200,true,
article,x0h2lx5ks9sodkve06790xen,blogs-best-beaches-to-visit-in-goa,200,true,
article,vjyxiyogoz566osh363xaqf4,blogs-best-destinations-for-drivable-holidays-over-long-weekends,200,true,
article,n41kmnqpmjgdh20dgg0ts1mx,blogs-best-places-to-visit-in-agra,200,true,
article,q007y34o1favbv65afg90aag,blogs-best-summer-destinations-in-india,200,true,
article,ykz7eh4hxkzfy98zi22dr2qa,blogs-easter-recipe,200,true,
article,xsxnsz71x6n8v316f7ph81md,blogs-enjoy-divine-experience-in-mathura,200,true,
article,ytv8zl6ufjhh5pdinum8kx5n,blogs-experience-chandigarh-culture-food-architecture,200,true,
article,airxktc3vjrrn3tivuez89q6,blogs-experience-mashobra-with-marigold-sarovar-portico,200,true,
article,ju82peptwsvagrh10afz5iiq,blogs-experience-the-best-attractions-of-kerala,200,true,
article,lrw0exth2tb357odwgvwlg47,blogs-experience-the-glorious-past-of-agra-with-sarovar-hotels,200,true,
article,isyny5htu8hhe47zxlokevpz,blogs-experiential-things-to-do-in-bhimtal,200,true,
article,hpfrz6jx8sonnkcolhbec6gk,blogs-explore-the-beauty-of-jaisalmer,200,true,
article,wrvi8xqver400k2rl0cnvf3w,blogs-explore-the-best-of-palampur,200,true,
article,udqyty99tno25823dt1fo1cu,blogs-explore-the-city-of-jhansi,200,true,
article,qihi8i0zl3ymla37fncadgt4,blogs-explore-the-rich-heritage-of-pondicherry-with-sarovar-hotels,200,true,
article,uol4xl8gvammfdqdnq6vpxvc,blogs-explore-the-royal-capital-of-rajasthan,200,true,
article,tm3yycsjpxhj6fvf3enjce31,blogs-following-the-food-trail-in-gujarat,200,true,
article,sgjhpjdidm61dbdmunig37hh,blogs-food-trail-through-north-east-india,200,true,
article,dis1y1yyp7mkmmg89ni1p3oh,blogs-hidden-gems-of-andhra-pradesh-that-you-must-visit,200,true,
article,b495ez733ajuxcv3sdjo4o6z,blogs-hidden-gems-sasan-gir-junagadh-jaisalmer-and-south-goa,200,true,
article,aj380r8ql9a2kuvvt56byiwg,blogs-india-during-monsoons,200,true,
article,uu1m2i7rwnvi13dgd4kgiy51,blogs-mashobra-a-safe-place-to-travel-to,200,true,
article,mxb8eohvejfs0jq4d6dww5vi,blogs-most-popular-places-to-visit-in-jaipur,200,true,
article,p9jkfowhu6896iyqvbyk0bms,blogs-nutritious-homemade-meals-with-sarovars-ghar-ka-khana,200,true,
article,ad15ow379k7bslwta9ocm2my,blogs-places-to-visit-in-maharashtra-this-monsoon,200,true,
article,p75xdgsrk9zcklomg9539xs0,blogs-rajasthan-a-unique-summer-destination-in-india,200,true,
article,zcnsexwxwhrfaqwhptpmjwe4,blogs-rediscover-india-bodhgaya,200,true,
article,l1u1fxigkjy4974lklcwalf3,blogs-rediscover-india-delhi-ncr,200,true,
article,vik5l4u6aano67vevvg5ggih,blogs-rediscover-india-dibrugarh,200,true,
article,a3oo204omm9ak5eaxcov1xst,blogs-rediscover-india-jaisalmer,200,true,
article,p3wx1lhcvmo5g6268hiff70i,blogs-rediscover-india-mussoorie,200,true,
article,wsrkavxj8lqgyqetg2fqfvyg,blogs-rediscover-india-palampur,200,true,
article,js5fm89exgivuksvdmfdheoq,blogs-rejoice-amid-the-ethereal-vistas-of-shimla,200,true,
article,y2oljn8w1yh92odv2e8es27f,blogs-revel-in-the-mesmerizing-beauty-of-gangtok,200,true,
article,i6x8jll20ux9euq2qja2quka,blogs-romantic-things-to-do-during-valentines-day,200,true,
article,g0fnu7brenisrwq9rvkpnr7f,blogs-take-your-life-on-a-holiday-drive-down-kerala-getaway-awaits,200,true,
article,vjll7jvjt3o75psadkulb12y,blogs-the-alluring-poovar-island,200,true,
article,vv3tbolobbied20rj7j9pei9,blogs-the-mountains-beckon-this-january,200,true,
article,gvy7x6xfyruynchi8zrr8xpu,blogs-things-to-do-in-vaishali-corporate-business-hubs,200,true,
article,uubw7b95rqslna46eljqoxeb,blogs-top-5-places-to-explore-in-mashobra,200,true,
article,fblpuvhrsd8fvh49gtqkrzu0,blogs-top-5-places-to-visit-in-kerala-with-sarovar-hotels,200,true,
article,r4e9jvkuoe727bfddtw2mr5u,blogs-tourists-guide-and-top-attractions-in-new-delhi,200,true,
article,gue3fg8a6tha6qh5jlzbncye,blogs-travel-restrictions-across-india,200,true,
article,y8lktzjddn45nqb37jpsz8px,blogs-workation-destinations-in-india,200,true,
dining,grw54li7o43bf8l27s63yc9y,the-multi-cuisine-restaurant-sarovar-premiere-delhi,200,true,
dining,m511x8u2omlugvpn12zq9k9z,sky-lounge-bar-sarovar-premiere-delhi,200,true,
dining,v0hqgljc7igvg5s4499bjg73,the-multi-cuisine-restaurant-sarovar-portico-jaipur,200,true,
dining,osu2a6tpguud27h5s8olvt6y,sky-lounge-bar-sarovar-portico-jaipur,200,true,
dining,g9plvk1j5m65pirlsyr37blj,the-multi-cuisine-restaurant-sarovar-premiere-goa-beach-resort,200,true,
dining,gqsrh633xkafxdl92pcxn0ov,sky-lounge-bar-sarovar-premiere-goa-beach-resort,200,true,
dining,w44zvdhrm2mvan3c1skx92wx,the-multi-cuisine-restaurant-sarovar-portico-mumbai,200,true,
dining,d0fd2t221uho31rg1jpb26cz,sky-lounge-bar-sarovar-portico-mumbai,200,true,
dining,mtnfmzlpnvjd0sedlofvwxp7,the-multi-cuisine-restaurant-sarovar-regency-shimla,200,true,
dining,ycldhmj40lnjdp7bhz2joj4t,sky-lounge-bar-sarovar-regency-shimla,200,true,
dining,tionx0e6p8malctulqtvks95,the-multi-cuisine-restaurant-sarovar-regency-rishikesh,200,true,
dining,xkacb1vn7xhja1k1t8h8zbui,sky-lounge-bar-sarovar-regency-rishikesh,200,true,
dining,rm6krkpm93lgq1k0g7rg6ssb,the-multi-cuisine-restaurant-sarovar-portico-delhi-aerocity,200,true,
dining,x76hs3iovk28eq0l3n1l89ro,sky-lounge-bar-sarovar-portico-delhi-aerocity,200,true,
dining,yubpkx8ila3705t54wv7dxn6,the-multi-cuisine-restaurant-sarovar-premiere-jaipur-heritage,200,true,
dining,umby2zq961dvptzckwyax3zq,sky-lounge-bar-sarovar-premiere-jaipur-heritage,200,true,
dining,eax5p5nkiv97c7z42o3smxod,abn-sarovar-portico-jim-corbett-clove-the-bar,200,true,
dining,eiqh87r672w03z53p7ffryym,abn-sarovar-portico-jim-corbett-flavours-all-day-dining,200,true,
dining,cftxcld360d6asllzhjrrlph,aditya-hometel-hyderabad-flavours-all-day-dining-at-aditya-hometel-hyderabad,200,true,
dining,b3jps581w1m09a08nrz5drov,aditya-park-hyderabad-harry-s-the-pub-at-aditya-park-hyderabad,200,true,
dining,ta7wv7jivsavf37mwf9svmkv,aditya-park-hyderabad-promenade-restaurant-at-aditya-park-hyderabad,200,true,
dining,eeq31oryahdzi6t4keuhrcql,ambrosia-sarovar-portico-haridwar-bubbles-at-ambrosia-sarovar-portico-haridwar,200,true,
dining,ulccvtiocc91y874cuzkjgd6,ambar-sarovar-portico-gandhidham-hotel-saras-restaurant-at-hotel-ambar-sarovar-portico-gandhidham,200,true,
dining,at52yvb1ldpr0f58gt8bga50,ambrosia-sarovar-portico-haridwar-clove-restaurant-at-hotel-ambrosia-sarovar-portico-haridwar,200,true,
dining,fcfkki8wxz9mie9yz0s99mlw,balaji-sarovar-premiere-solapur-courtyard-restaurant-at-balaji-sarovar-premiere-solapur,200,true,
dining,bp77n4qyrw9m0hw5yz9vlfwh,balaji-sarovar-premiere-solapur-high-point-at-balaji-sarovar-premiere-solapur,200,true,
dining,yob4z9pedge1uvl3so59r76n,balaji-sarovar-premiere-solapur-tea-lounge-at-balaji-sarovar-premiere-solapur,200,true,
dining,zazwt5ludv5o2yq4b42o87bk,balaji-sarovar-premiere-solapur-the-oriental-blossom-at-balaji-sarovar-premiere-solapur,200,true,
dining,zibglwzq8cwx36kqaerqlyd4,bamus-sarovar-portico-kampala-bake-brew-sip-snack-and-smile,200,true,
dining,knqjcynvimfka4pk0rg63dwc,deventure-sarovar-portico-patel-nagar-indulge-at-temptation-all-day-dining-bliss,200,true,
dining,xjb9kwez8aypjf8x7nay04yz,efcee-sarovar-portico-bhavnagar-spice-story-restaurant-at-efcee-sarovar-premiere-a-5-star-hotel-in-bhavnagar,200,true,
dining,ca9kwj9zs4vm0vdjxf3bdm22,efcee-sarovar-portico-bhavnagar-victoria-23-restaurant-at-efcee-sarovar-premiere-a-5-star-hotel-in-bhavnagar,200,true,
dining,ygm62xmeny6qlfy3b2u1vsmc,estuary-sarovar-premiere-poovar-dinner-by-the-sea-at-ripples-our-multi-cuisine-restaurant-in-poovar,200,true,
dining,zzentgo1oqsjntfsugvj0gg0,geeta-sarovar-portico-hotels-panipat-multi-cuisine-restaurants-in-panipat,200,true,
dining,xta5h2zq3uohuvlt1z1kg5be,geeta-sarovar-portico-hotels-panipat-rooftop-restaurants-in-panipat,200,true,
dining,snwzry4zjo9wyxdzxj93fvh8,golden-sarovar-portico-amritsar-chill-lounge-bar-at-golden-sarovar-portico-amritsar,200,true,
dining,qxgopckskg45y5iaj0mdqzbe,golden-sarovar-portico-amritsar-flavours-restaurant-at-golden-sarovar-portico-amritsar,200,true,
dining,ka04y5syc180ys7pveokumsq,golden-sarovar-portico-amritsar-restaurants-in-amritsar-terrace-grill-golden-sarovar-portico,200,true,
dining,ysoncgectcgdb1ck945mhhbb,golden-tulip-agra-panora-a-rooftop-lounge-bar-in-agra,200,true,
dining,z6xbxvw5u4gapvtlqnrycr4k,golden-tulip-agra-sumac-a-chic-multi-cuisine-restaurant-in-agra,200,true,
dining,h5f8vpgmsecu9m6wqn82y6is,golden-tulip-bdi-club-and-suite-bhiwadi-an-elevated-dining-experience-at-the-best-restaurant-in-bhiwadi,200,true,
dining,iao7qxhny9m0c4d49mc7jx2n,bellevue-sarovar-premiere-junagadh-flavours-9-our-cafe-in-junagadh-at-bellevue-sarovar-premiere,200,true,
dining,so4frycqdjcj5yi8satej4t6,bamus-sarovar-portico-kampala-flavours-all-day-dining-from-daybreak-to-dinner-hour,200,true,
dining,bcc8z8dsx4b0z647greq4h9h,classic-sarovar-portico-thiruvananthapuram-classic-caf-at-classic-sarovar-portico-thiruvananthapuram,200,true,
dining,ntwecyjmb6el0p81kepkam2z,bellevue-sarovar-premiere-junagadh-girnar-sky-lounge-bar-be-que-roof-top-restaurant-at-bellevue-sarovar-premiere-junagadh,200,true,
dining,i40coktk0ozt4p8ryz2tabw4,classic-sarovar-portico-thiruvananthapuram-options-restaurant-at-classic-sarovar-portico-thiruvananthapuram,200,true,
dining,jk1anhbwzznek3iix4tobbby,classic-sarovar-portico-thiruvananthapuram-sizzle-n-grill-our-rooftop-restaurant-in-trivandrum,200,true,
dining,zhxyphp9smetiyt5qivdac49,davanam-sarovar-portico-suites-bangalore-tangerine-a-fine-multi-cuisine-restaurant-in-hosur,200,true,
dining,z1cum2xljpudymnj36tnma0o,davanam-sarovar-portico-suites-bangalore-gallop-a-chic-lounge-bar-in-hosur,200,true,
dining,ru9solax5te8y4lqbb0rakbj,deventure-sarovar-portico-kapashera-new-delhi-atrium-lounge-at-deventure-sarovar-portico-kapashera-new-delhi,200,true,
dining,qbmstayv7fu2g2r1r4q4xjk2,delite-sarovar-portico-faridabad-enjoy-flavourful-food-in-faridabad-at-flavours-all-day-dining,200,true,
dining,frxh5qrfuk86m5yj1w993d5h,golden-tulip-candolim-goa-aquatico-all-day-dining-a-poolside-restaurant-in-candolim,200,true,
dining,cmcpmpc1ezmw8326qj4ae779,deventure-sarovar-portico-kapashera-new-delhi-patio-restaurant-at-deventure-sarovar-portico-kapashera-new-delhi,200,true,
dining,pnshn3ence6exy2chmmtxdwt,golden-tulip-goa-mandrem-coffe-co-where-coffee-meets-conversation,200,true,
dining,hu5evj5p5sl77hohkeh5yrly,golden-tulip-essential-jaipur-14-tables-restaurant-at-golden-tulip-essential-jaipur,200,true,
dining,lr55ugkhufzllbywzsgnceri,golden-tulip-goa-mandrem-tulipe-dining-that-flows-with-your-day,200,true,
dining,ssqd1c7ei71eqvf66tea7geu,golden-tulip-goa-vagator-tulipe-all-day-dining-a-celebration-of-goa-s-best-flavours,200,true,
dining,ne4jdqae2dw6qidp35fq73qo,golden-tulip-goa-vagator-chill-the-bar-goa-s-premier-unwind-spot,200,true,
dining,hguh00vqr5678gbrdljxswna,golden-tulip-hari-nagar-savour-mouthwatering-delights-at-our-cafe-in-west-delhi,200,true,
dining,z4dfeyxcognh1ye3qjfjx7b5,golden-tulip-hari-nagar-grab-a-drink-at-our-bar-in-west-delhi,200,true,
dining,valw5gaqdhqed6hwpdj0ewzn,golden-tulip-hotel-in-jaipur-marigold-restaurant-at-golden-tulip-jaipur-city-center,200,true,
dining,vlgk1hgojfsk32zrzcplfd1f,golden-tulip-jalandhar-grab-a-drink-at-the-best-bar-in-jalandhar,200,true,
dining,e4ujkcpc679tdczae76nf6h3,golden-tulip-jalandhar-unwind-at-the-best-lounge-in-jalandhar,200,true,
dining,ifj2xjs52epu12m4huayyd5a,golden-tulip-jalandhar-enjoy-delicious-treats-at-our-cafe-in-jalandhar,200,true,
dining,t264n2zp2esnzjw2rlvryvrn,golden-tulip-kukas-jaipur-tulipe-flavours-served-with-jaipur-s-warmth,200,true,
dining,dib94qcx3taiqgt0uf3hktx9,golden-tulip-lucknow-branche-bar-at-golden-tulip-lucknow,200,true,
dining,lbfr7aowtbwml8el0grq1ugf,golden-tulip-lucknow-just-baked-at-golden-tulip-lucknow,200,true,
dining,w5tfnulub0a8zt64ynm3dfjw,golden-tulip-lucknow-branche-restaurant-at-golden-tulip-lucknow,200,true,
dining,gjfxp8sfwgyvpk8ik2m9mtvr,golden-tulip-sector-80-gurugram-latelier-a-toast-to-slow-evenings,200,true,
dining,jy20h78kqpkl5zvoxnx6vz56,golden-tulip-sector-80-gurugram-tulipe-taste-india-s-best-on-a-modern-plate,200,true,
dining,b603ykgx4okil0dl6vy9aagd,golden-tulip-srinagar-karak-tea-lounge-at-golden-tulip-srinagar,200,true,
dining,nw0fbw41p86lqtrepl9xam4w,golden-tulip-srinagar-sheesha-restaurant-at-golden-tulip-srinagar,200,true,
dining,y9u3lytzf5uz8zcnm3fy0zb2,golden-tulip-srinagar-takht-e-sulaiman-restaurant-at-golden-tulip-srinagar,200,true,
dining,ig069dnep72h5d090eb3wph1,golden-tulip-udaipur-flavours-all-day-dining-a-culinary-journey-awaits,200,true,
dining,g19x76ovv5dewk9wb4f68bur,golden-tulip-udaipur-poolside-grill-udaipur-s-ultimate-flavour-escape,200,true,
dining,o07zyzs7z7drxgmlyr40ezfg,golden-tulip-udaipur-library-lounge-cosy-coffee-shop-in-udaipur,200,true,
dining,gc5mrjhmkxxpusjf0vwfl2fw,golden-tulip-bar-at-golden-tulip-gurgaon,200,true,
dining,cz49gzqlcfyyikc8yxw2c406,golden-tulip-the-coffee-shop-at-golden-tulip-gurgaon,200,true,
dining,prhba49joyx6qyvk8b8zd3fk,grand-continent-anjuna-delight-your-palate-at-flavours-all-day-dining,200,true,
dining,urf25pct03qubhwxg5r406ve,grand-continent-brookefield-bengaluru-flavours-all-day-dining-offering-the-best-food-in-bengaluru,200,true,
dining,lhik1drgn8wsodsgdsegy66m,grand-continent-hosur-cafe-parade-a-sumptuous-eatery,200,true,
dining,om02tpa83alomuyybr6zqu5h,grand-continent-mahabalipuram-flavours-all-day-dining-best-food-in-mahabalipuram,200,true,
dining,w6lduiyutytrafs3uh35lg7t,grand-continent-mahabalipuram-smoke-barbeque-love-rooftop-restaurant-in-mahabalipuram,200,true,
dining,hdw0tou60x4gsyy2kc57s2zt,grand-continent-mahabalipuram-moka-desserts-more-cafe-in-mahabalipuram,200,true,
dining,gplfhv88b39612inyz4jyai9,grand-continent-mahabalipuram-unwind-kitchen-bar-in-mahabalipuram,200,true,
dining,sjpcw6q8eu7ovxx1u8yojtlv,grand-continent-malleshwaram-bangalore-indulge-in-flavours-an-all-day-dining-restaurant-in-malleshwaram,200,true,
dining,fwg54esp0dt290c0hxkg3np2,grand-continent-mysore-enjoy-exquisite-dining-in-mysore,200,true,
dining,yjonshim0z5y23tjnx8x0qp5,grand-portico-hotel-in-latur-chill-bar-a-splendid-bar-in-latur,200,true,
dining,cjolf6vma37efnyz242q6hg7,grand-portico-hotel-in-latur-flavours-a-delightful-multi-cuisine-restaurant-in-latur,200,true,
dining,uya3ac2dy8hgyi0cw1azok88,highland-sarovar-portico-sindhudurg-flavours-all-day-dining-the-heart-of-delicious-food-in-sindhudurg,200,true,
dining,qe57axt3ftgmb02kinhfs88w,hometel-chandigarh-chill-lounge-bar-at-hometel-chandigarh,200,true,
dining,xy881riq57udtletoinsm1g5,hometel-chandigarh-flavours-all-day-dining-at-hometel-chandigarh,200,true,
dining,gqugf3341x5g5rggh09kgttl,hometel-chandigarh-terrace-grill-at-hometel-chandigarh,200,true,
dining,f8lyh8cp8o2b7hgdoi5otb3r,hometel-roorkee-chill-lounge-bar-at-hometel-roorkee,200,true,
dining,kaonhupzudcjamdd07scaj8d,hometel-roorkee-flavours-restaurant-at-hometel-roorkee,200,true,
dining,r4twfja9zx25fk109lw8sl9v,hrj-sarovar-portico-indore-lip-smacking-delicacies-at-flavours-multi-cuisine-restaurant,200,true,
dining,fwyl28ub1cg173debxruwcgw,hrj-sarovar-portico-indore-unwind-groove-to-up-beat-tunes-at-chill-bar-coming-soon,200,true,
dining,cbykczdsu3hb9ikqminimm57,iris-sarovar-portico-gurugram-experience-culinary-excellence-at-flavours-all-day-dining,200,true,
dining,cbno8stvg3synlxrxcii0eix,iris-sarovar-portico-gurugram-unwind-in-style-at-terrace-grill,200,true,
dining,w1q00ntabtcryz538elhwx9b,ishaan-sarovar-portico-deoghar-fursat-bar-in-deoghar,200,true,
dining,yh9s72okc505rpfkqaif8wj1,ishaan-sarovar-portico-deoghar-punita-all-day-dining-in-deoghar,200,true,
dining,owy0yyachliy9osn3nfk5xv0,la-place-sarovar-portico-lucknow-pavillion-restaurant-at-la-place-sarovar-portico-lucknow,200,true,
dining,oq5vi54kb8sxd1nskrpq6jn4,la-place-sarovar-portico-lucknow-terrace-grill-at-la-place-sarovar-portico-lucknow,200,true,
dining,h24hc8ln7ioo82f5571aluah,lagoon-sarovar-premiere-pondicherry-destress-with-some-tasty-quick-bites,200,true,
dining,igwo4zw05e6bl2vu5nmwvar1,lagoon-sarovar-premiere-pondicherry-prepare-your-senses-for-a-unique-palate,200,true,
dining,w8sv397guolfrml8p3sz3egv,lagoon-sarovar-premiere-pondicherry-unwind-unplug-at-our-bar-in-pondicherry,200,true,
dining,jxcwqo7hd5059e50mzqalt0c,le-dupleix-pondicherry-courtyard-restaurant-at-le-dupleix-pondicherry,200,true,
dining,hp1d0vf37obt3gy7upjnpk8n,le-dupleix-pondicherry-the-governor-s-lounge-bar-at-le-dupleix-pondicherry,200,true,
dining,wa1ab8msl0t6f88kec7vq09r,le-lac-sarovar-ranchi-chill-lounge-bar-at-le-lac-sarovar-portico-ranchi,200,true,
dining,woyhgkgjoayikqtvpb6he3ih,le-lac-sarovar-ranchi-flavours-restaurant-at-le-lac-sarovar-portico-ranchi,200,true,
dining,a9hvunncdm2eawn5tbtd17lj,le-lac-sarovar-ranchi-pastry-shop-at-le-lac-sarovar-portico-ranchi,200,true,
dining,m7de5zs11xbe41s7rq43rvef,legend-sarovar-portico-blue-o-at-legend-sarovar-portico-baddi,200,true,
dining,j5rbca89eilqh8jb16nmyetm,legend-sarovar-portico-seasons-at-legend-sarovar-portico-baddi,200,true,
dining,iekaxrigqe16la41tg6z7i1y,madhuban-sarovar-portico-mussorie-flavours-restaurant-at-hotel-madhuban-sarovar-portico-mussoorie,200,true,
dining,xsw3eott32y8gk7w0u18ku6h,madhuban-sarovar-portico-mussorie-sapphire-lounge-bar-at-hotel-madhuban-sarovar-portico-mussoorie,200,true,
dining,zeaokv7o6c05ciuofqcsx3au,mahagun-sarovar-portico-suites-vaishali-tangerine-restaurant-at-mahagun-sarovar-portico-suites-vaishali,200,true,
dining,p3j08zkoiyihv6qhqaelrex9,mahagun-sarovar-portico-suites-vaishali-terrace-grill-at-mahagun-sarovar-portico-suites-vaishali,200,true,
dining,h3kdyz69qpz0vo3kyzztdt4y,majestic-court-sarovar-portico-navi-mumbai-white-violet-at-majestic-court-sarovar-portico-the-best-restaurant-in-navi-mumbai,200,true,
dining,h2v1d8y462s1978fgez8smsh,manjeera-sarovar-premiere-rajahmundry-chill-lounge-bar-at-manjeera-sarovar-premiere-rajahmundry,200,true,
dining,hc2pka74g0hgv2wbfdts7pae,manjeera-sarovar-premiere-rajahmundry-flavours-restaurant-at-manjeera-sarovar-portico-rajahmundry,200,true,
dining,de0rcv0ks6ygawaccyxifegw,marasa-sarovar-portico-rajkot-garam-giggles-a-rooftop-cafe-in-rajkot-at-marasa-sarovar-portico,200,true,
dining,ewy3u5rvuznmq9snpg9jl2ab,marasa-sarovar-portico-rajkot-mehek-pure-veg-restaurant-in-rajkot-at-marasa-sarovar-portico,200,true,
dining,brxvitt99zhkwa8kpj77afc5,marasa-sarovar-premiere-bodhgaya-in-room-dining-at-marasa-sarovar-premiere-bodhgaya,200,true,
dining,p5cez5n5gmcef1gs05ttnmt9,marasa-sarovar-premiere-bodhgaya-tea-bar-a-unique-dining-place-in-bodhgaya,200,true,
dining,n5qldornr8ydzckblclm02vk,marasa-sarovar-premiere-bodhgaya-varada-caf-fine-dining-at-our-hotel-in-bodhgaya,200,true,
dining,mnq8c195d991xt3bwo8c8s8o,marasa-sarovar-premiere-tirupati-hotels-krishna-vegetarian-restaurant-at-marasa-sarovar-premiere-tirupati,200,true,
dining,xtf9b8keqqmp0uls7g7rhlai,marasa-sarovar-premiere-tirupati-hotels-lotus-cafe-at-marasa-sarovar-premiere-tirupati,200,true,
dining,lc4oo3hwlrbmmp7bf40njpep,marasa-sarovar-premiere-tirupati-hotels-somasura-the-bar-at-marasa-sarovar-premiere-tirupati,200,true,
dining,mqptlgno3f01ynnn5o7tvz0d,marigold-sarovar-portico-mashobra-shimla-craignano,200,true,
dining,r739eu2lwotxlsidvybolwcd,marigold-sarovar-portico-mashobra-shimla-glen,200,true,
dining,q0nhpoyzpi6z9ql5hecuqnv5,marine-plaza-mumbai-bayview-all-day-dining-at-hotel-marine-plaza-mumbai,200,true,
dining,cpdkhnu4e4oe7afjim1z5alt,marine-plaza-mumbai-geoffrey-s-the-pub-at-hotel-marine-plaza-mumbai,200,true,
dining,b1to92la6udd61az8esdljlb,marine-plaza-mumbai-the-oriental-blossom-at-hotel-marine-plaza-mumbai,200,true,
dining,ey2gxq6uu02w8s3anhiq0t8k,mj-sarovar-portico-haridwar-flavours-all-day-dining-an-interactive-dining-experience,200,true,
dining,u9zlup6g14auh0oez24k2t2k,mountnoor-sarovar-premiere-pahalgam-noor-all-day-dining-crafted-with-soul-from-daylight-to-candlelight,200,true,
dining,vezubp8ij6q7jz7x9e8oo3bj,mountnoor-sarovar-premiere-pahalgam-tamanna-kashmiri-speciality-lounge-wine-dine-with-views,200,true,
dining,wdsah7r7llwrszxioe948vib,mukundra-sarovar-premiere-kota-jharokha-enjoy-global-flavours-in-an-inviting-setting,200,true,
dining,kl4w62foda2l44pa1e9bs01q,mukundra-sarovar-premiere-kota-mehfil-e-khas-refined-evenings-with-fine-spirits,200,true,
dining,e4vh3q5dyl7tbu7q8z5rmgfw,nataraj-sarovar-portico-jhansi-flavours-our-24-hour-restaurant-in-jhansi,200,true,
dining,neyv312284v88l901njeza27,nataraj-sarovar-portico-jhansi-lancer-our-bar-in-jhansi,200,true,
dining,zltltz9vki30qh4ptrbgq4bv,naturevilas-portico-manali-sumptuous-dining-at-one-of-the-best-coffee-shops-in-manali,200,true,
dining,hmo6y3zv55bvluklfc489h2e,neelkanth-sarovar-premiere-lusaka-smoke-house-grill-restaurant-in-lusaka-at-neelkanth-sarovar-premiere,200,true,
dining,dpsfmvqxx54ytzfpbssvvsbi,neelkanth-sarovar-premiere-lusaka-swirl-bar-in-lusaka-at-neelkanth-sarovar-premiere,200,true,
dining,hqpjdwj5jgtrkql9ym0zhc92,neelkanth-sarovar-premiere-lusaka-sweet-talk-tea-shop-in-lusaka-at-neelkanth-sarovar-premiere,200,true,
dining,v7x6joqqudj6zm8tmmrhqdsw,nidhivan-sarovar-portico-vrindavan-tripti-at-nidhivan-sarovar-portico-vrindavan,200,true,
dining,rmzrmt4966f7d6yi64pmj5pj,nirvana-sarovar-portico-gorakhpur-dine-551-restaurant-at-nirvana-sarovar-portico-gorakhpur,200,true,
dining,fxj1mr6dc4li2drmqtfcl3c4,nirwana-hometel-jaipur-sarovar-chill-lounge-bar-at-nirwana-hometel-jaipur,200,true,
dining,er9ee0intcmfz8lf3l3f6m13,nirwana-hometel-jaipur-sarovar-flavours-restaurant-at-nirwana-hometel-jaipur,200,true,
dining,i97vbpx0zow3bqf3knae0s1a,nirwana-hometel-jaipur-sarovar-jaipur-adda-at-nirwana-hometel-jaipur,200,true,
dining,cnav7mrj9b023yh29c4q7eze,paradigm-sarovar-kakinada-city-view-paradigm-sarovar-portico-kakinada-hotels,200,true,
dining,ydyy6971f0s0f5iwywqc7nk7,paradigm-sarovar-kakinada-level-7-paradigm-sarovar-portico-business-hotels-in-kakinada,200,true,
dining,tbxsac72cm5x38s9g99du0qc,park-inn-gurgaon-cafe-55-at-park-inn-gurgaon-a-radisson-brand-managed-by-sarovar-hotels,200,true,
dining,csmljoatsxlbrwx0bdw40zkr,park-inn-gurgaon-lounge-bar-at-park-inn-gurgaon-a-radisson-brand-managed-by-sarovar-hotels,200,true,
dining,pads3umvzd1mgxeo29qjhoqp,park-inn-radisson-goa-candolim-chapora-at-park-inn-by-radisson-goa-candolim-by-the-radisson-hotel-group-managed-by-sarovar-hotels,200,true,
dining,zu8lv7ztvjyiqemq32ht08gw,park-inn-radisson-goa-candolim-colval-at-park-inn-by-radisson-goa-candolim-by-the-radisson-hotel-group-managed-by-sarovar-hotels,200,true,
dining,lybf1dzbe1xjoxcgo906j5np,park-inn-radisson-goa-candolim-sal-at-park-inn-by-radisson-goa-candolim-by-the-radisson-hotel-group-managed-by-sarovar-hotels,200,true,
dining,c3a4aa2njn33m0n9osmshz0x,park-plaza-faridabad-cakes-n-bakes-at-park-plaza-faridabad-by-the-radisson-hotel-group-managed-by-sarovar-hotels,200,true,
dining,n2b8u7v4ux8t8eods2vntzc2,park-plaza-faridabad-geoffrey-s-the-pub-at-park-plaza-faridabad-by-the-radisson-hotel-group-managed-by-sarovar-hotels,200,true,
dining,ufwtssid2oh718063ab0krj5,park-plaza-jalandhar-flavours-all-day-dining,200,true,
dining,ak9i6mo19njakzymdkdr1eje,park-plaza-faridabad-veranda-at-park-plaza-faridabad-by-the-radisson-hotel-group-managed-by-sarovar-hotels,200,true,
dining,a8j26ck2vv8637waso2rju5l,park-plaza-jalandhar-geoffrey-s-bar-in-jalandhar,200,true,
dining,o7u8jw7z90cdl7leqr0jt72n,park-plaza-jalandhar-the-oriental-blossom-restaurant-in-jalandhar,200,true,
dining,ab9xv7faqbwmdtj3q2rqghhb,park-plaza-jodhpur-geoffrey-s-the-pub-at-park-plaza-jodhpur-by-the-radisson-hotel-group-managed-by-sarovar-hotels,200,true,
dining,pmz6bvbrkx2vrpaaych8i0rz,park-plaza-jodhpur-oasis-restaurant-at-park-plaza-jodhpur-by-the-radisson-hotel-group-managed-by-sarovar-hotels,200,true,
dining,n97skeo23mjgfoxwkgr666xi,park-plaza-ludhiana-orient-blade-restaurant-at-park-plaza-ludhiana-by-the-radisson-hotel-group-managed-by-sarovar-hotels,200,true,
dining,d4hc52rk6vochch8phby31fx,park-plaza-ludhiana-panorama-restaurant-at-park-plaza-ludhiana-by-the-radisson-hotel-group-managed-by-sarovar-hotels,200,true,
dining,frudjc6vfvmjddo1o8d56q4h,park-plaza-ludhiana-passion-lounge-at-park-plaza-ludhiana-by-the-radisson-hotel-group-managed-by-sarovar-hotels,200,true,
dining,diygjrews0trgxdl5c9ao15d,park-plaza-shahadra-east-delhi-chingari-restaurant-at-park-plaza-shahadra-east-delhi-radisson-hotel-group-managed-by-sarovar-hotels,200,true,
dining,pddmztco9t5j2w5nt7kpj04w,park-plaza-shahadra-east-delhi-promenade-at-park-plaza-shahadra-east-delhi-radisson-hotel-group-managed-by-sarovar-hotels,200,true,
dining,mohhqeoevgfwd0786swmdpfo,park-plaza-shahadra-east-delhi-rouge-lounge-bar-at-park-plaza-shahadra-east-delhi-radisson-hotel-group-managed-by-sarovar-hotels,200,true,
dining,zf8y8hr0vmk4fd87rnza5bow,park-plaza-zirakpur-essence-restaurant-at-park-plaza-zirakpur-by-the-radisson-hotel-group-managed-by-sarovar-hotels,200,true,
dining,rf9lbig93y5t913vyf4up5au,park-plaza-zirakpur-free-spirit-lounge-bar-at-park-plaza-zirakpur-by-the-radisson-hotel-group-managed-by-sarovar-hotels,200,true,
dining,xv4ldxm3glpik4o4t7mucfqy,prachi-sarovar-premiere-bhubaneswar-flavours-all-day-dining-from-daybreak-to-dinner-hour,200,true,
dining,jxdjfk2cdhgdl8yejv20se0e,prachi-sarovar-premiere-bhubaneswar-mahua-lounge-bar-for-perfect-sips-conversations,200,true,
dining,dwywnlbggg8mtj6beb7ys8tb,presidium-sarovar-premiere-dalhousie-sip-and-soak-in-the-view-at-the-hooch,200,true,
dining,v5jnzweln3nd4a5c5nvn6zpj,presidium-sarovar-premiere-dalhousie-a-gastronomic-adventure-at-thyme,200,true,
dining,iw3scp9e9kpmr5xcwa06g7zk,pushkara-portico-hotel-in-dibrugarh-qube-restaurant-at-pushkara-sarovar-portico-dibrugarh,200,true,
dining,yyoa46ukh1zmfewcf4wo28il,pushkara-portico-hotel-in-dibrugarh-tap21-bar-at-pushkara-sarovar-portico-dibrugarh,200,true,
dining,uvut9n5gewa0zmjzb1i3enkz,radha-hometel-bangalore-chill-bar-at-radha-hometel-bangalore,200,true,
dining,lmp9ihybuz0jl0n078cwirds,radha-hometel-bangalore-flavours-multi-cuisine-restaurant-at-radha-hometel-bangalore,200,true,
dining,jd07wu9zz7g6noqerufczrse,radha-regent-chennai-radha-regent-chennai-business-hotels-in-chennai-aura-lounge-bar,200,true,
dining,svflwy18soitkhbwdg7a28zu,radha-regent-chennai-geoffrey-s-the-pub-at-radha-regent-chennai,200,true,
dining,vqt1l1mduv1p695fhym8n2yc,radha-regent-chennai-radha-regent-chennai-best-hotels-in-chennai-the-lobby-cafe,200,true,
dining,kz99hz74b10itybm6cbb9jk2,radha-regent-chennai-radha-regent-chennai-restaurants-in-chennai-the-oriental-blossom,200,true,
dining,wam16gi8kf166tm0iznzsk6k,radisson-blu-bengaluru-outer-ring-road-europa-360-at-radisson-blu-bengaluru-outer-ring-road-by-the-radisson-hotel-group-managed-by-sarovar-hotels,200,true,
dining,bd247q4izvmq0i03wjdd3nhf,radisson-blu-bengaluru-outer-ring-road-malties-the-lobby-bar-at-radisson-blu-bengaluru-outer-ring-road-by-the-radisson-hotel-group-managed-by-sarovar-hotels,200,true,
dining,fv56pykhhgfjueyozaguivlv,radisson-blu-bengaluru-outer-ring-road-marquis-at-radisson-blu-bengaluru-outer-ring-road-by-the-radisson-hotel-group-managed-by-sarovar-hotels,200,true,
dining,tifngppix697dx97n7d3p219,radisson-blu-bengaluru-outer-ring-road-melange-at-radisson-blu-bengaluru-outer-ring-road-by-the-radisson-hotel-group-managed-by-sarovar-hotels,200,true,
dining,yh8qmvqj8lyyu7wa255a9tvt,radisson-blu-bengaluru-outer-ring-road-saffron-at-radisson-blu-bengaluru-outer-ring-road-by-the-radisson-hotel-group-managed-by-sarovar-hotels,200,true,
dining,oze51vdv9fnl8jz43neeao8t,radisson-blu-bengaluru-outer-ring-road-shao-at-radisson-blu-bengaluru-outer-ring-road-by-the-radisson-hotel-group-managed-by-sarovar-hotels,200,true,
dining,ize1wrnceo091lh957tys730,radisson-hyderabad-hitec-cascade-all-day-dining-restaurant-at-radisson-hyderabad-hitec-by-the-radisson-hotel-group-managed-by-sarovar-hotels,200,true,
dining,i56r6iukq76ffl8dpvxlfmbj,radisson-hyderabad-hitec-chama-gaucha-at-radisson-hyderabad-hitec-by-the-radisson-hotel-group-managed-by-sarovar-hotels,200,true,
dining,rf48gz604j9sgfb75plmelsd,radisson-hyderabad-hitec-wai-kiki-polynesian-resto-bar-at-radisson-hyderabad-hitec-by-the-radisson-hotel-group-managed-by-sarovar-hotels,200,true,
dining,n3x2f9nogfkt4k0f9kkbapnf,radisson-hyderabad-hitec-zyng-lounge-bar-at-radisson-hyderabad-hitec-by-the-radisson-hotel-group-managed-by-sarovar-hotels,200,true,
dining,dsfuokvoj2azf7869qpf80tr,radisson-mumbai-goregaon-firin-restaurant-at-radisson-mumbai-goregaon,200,true,
dining,vcwrno4lhzpl7zztq7a77bg5,radisson-mumbai-goregaon-goma-restaurant-at-radisson-mumbai-goregaon,200,true,
dining,inrvbqbzu412aa7i8l2wwhq4,radisson-mumbai-goregaon-meetha-sweet-parlour-at-radisson-mumbai-goregaon,200,true,
dining,q0vato3btzb1n18ehhav68p8,radisson-mumbai-goregaon-musaafer-restaurant-at-radisson-mumbai-goregaon,200,true,
dining,cjbtwwi0vicq5n0umhbr5vz8,radisson-mumbai-goregaon-tipple-restaurant-at-radisson-mumbai-goregaon,200,true,
dining,zjkvt8rt6plp8twhnebhrej1,rbd-sarovar-portico-outer-ring-road-bengaluru-brunchilly-at-rbd-sarovar-portico-outer-ring-road-bengaluru,200,true,
dining,surd3ql8fa68s3lipoo5qj5h,residency-sarovar-portico-mumbai-tea-lounge-residency-sarovar-portico-hotels-in-goregaon,200,true,
dining,jcz5pun3d0p7fcc9xg3xo7h9,rivera-sarovar-portico-ahmedabad-liquor-shop-at-sarovar-portico-ahmedabad,200,true,
dining,gqj0z68dck214w79cx7565ew,riviera-sarovar-portico-pathankot-altura-sky-high-flavours-served-with-a-view,200,true,
dining,xyh1ti38yvvvisgclsvzcssf,rivera-sarovar-portico-ahmedabad-riverview-restaurant-at-rivera-sarovar-portico-ahmedabad,200,true,
dining,xmacfrst3ekeip3rvvw3in8r,riviera-sarovar-portico-pathankot-flavours-all-day-dining-from-sunrise-to-supper,200,true,
dining,s4qgl7l4m7emphjd0y9yg01m,riviera-sarovar-portico-pathankot-raise-a-glass-at-zar-where-evenings-come-alive,200,true,
dining,fo05prgqvnv0f9gs1beiq0ny,rosefinch-sarovar-portico-bhimtal-wild-oak-at-rosefinch-sarovar-portico-bhimtal,200,true,
dining,ex6qlrpsv9v90sr62hi49vd1,rosefinch-sarovar-portico-bhimtal-lake-cafe-at-rosefinch-sarovar-portico-bhimtal,200,true,
dining,o3z2t5c7vvdam2rt4e99bt6c,royal-hometel-suites-dahisar-mumbai-cafe365-at-royal-hometel-suite-dahisar-mumbai,200,true,
dining,fmyxfgs9hkqehdwlesupfoxe,royal-hometel-suites-dahisar-mumbai-chill-lounge-bar-at-royal-hometel-suite-dahisar-mumbai,200,true,
dining,eh1nijoy9ijl35b2e1wuylw0,royal-hometel-suites-dahisar-mumbai-flavours-restaurant-at-royal-hometel-suite-dahisar-mumbai,200,true,
dining,ris1lmj7dsw1eo3cb2mtoxjt,royal-kingdom-sarovar-portico-pilibhit-alfresco,200,true,
dining,htmj0mk24hi7oa7jhiplaqm5,royal-kingdom-sarovar-portico-pilibhit-bar,200,true,
dining,inij6c6hfrqtweg1g965c1rc,royal-kingdom-sarovar-portico-pilibhit-coffee-house,200,true,
dining,h7pms87xkqluo2dcovuid8b3,royal-kingdom-sarovar-portico-pilibhit-the-hunter-all-day-dining,200,true,
dining,z0rgzynvq38cgwfujsnvld9j,royal-sarovar-portico-siliguri-chhai-bar-at-royal-sarovar-portico-siliguri,200,true,
dining,yiyiwe0mu4inihu7jtl9q3ph,royal-sarovar-portico-siliguri-orchids-at-royal-sarovar-portico-siliguri,200,true,
dining,irhjyuy8h5n8uuhke9drc0ne,royal-tulip-chitwan-forest-flame-authentic-north-asian-and-nepali-grilled-delights,200,true,
dining,kp1rrftw9f25s417g5l95ohd,royal-tulip-chitwan-majhi-ghar-all-day-dining-global-flavours-local-delights,200,true,
dining,zaiku8ekp9tai4pty64rkvlj,royal-tulip-chitwan-tanavi-bar-a-perfect-blend-of-drinks-and-serenity,200,true,
dining,u53kjmbe0aetz2p50r1gbtnc,royal-tulip-kathmandu-shivapuri-national-park-aairak-bar-your-relaxed-evening-destination,200,true,
dining,kgtuz4nms6hiry3j6cql4gzq,royal-tulip-kathmandu-shivapuri-national-park-guras-all-day-dining-with-pool-views,200,true,
dining,wi59o3v4zch0j78b29udo6an,royal-tulip-kathmandu-alpine-lounge-bar-sophisticated-sips-in-a-serene-setting,200,true,
dining,k7ztnevf4426kegwtef23koi,royal-tulip-kathmandu-lalitpur-cafe-global-flavours-and-local-warmth-served-all-day,200,true,
dining,d3deocj0n4g8lqr91n2da9gf,royale-sarovar-portico-agra-bamboo-our-bar-in-agra,200,true,
dining,qyay35h6uln7xr5olmh9pjj0,royale-sarovar-portico-agra-hibiscus-serving-delicious-food-in-agra,200,true,
dining,fcdk0h6e47ife3xh8yel3jtn,rs-sarovar-portico-palampur-360-degree-bar-restaurant-rs-sarovar-portico-hotel-in-palampur,200,true,
dining,fa8ir8bu5r2xky9ty467roa4,rs-sarovar-portico-palampur-dining-rs-sarovar-portico-dharamshala-hotel,200,true,
dining,msg3h2dz2j3mmn9b7r20jpfb,rs-sarovar-portico-palampur-the-terrace-rs-sarovar-portico-best-hotels-in-palampur,200,true,
dining,ygfyvsb5ttjm4h5e5ovwz9la,sairafort-sarovar-portico-jaisalmer-restaurant-at-sairafort-sarovar-portico-jaisalmer,200,true,
dining,gn8umxwudg1csnr3mml3taz9,sarovar-ahmedabad-celebrations-our-pure-vegetarian-restaurant-in-ahmedabad,200,true,
dining,uxpfzpiqf1zq16bd5uwphitz,sarovar-portico-ajmer-flavours-all-day-dining-offering-the-best-food-in-ajmer,200,true,
dining,ay85emtb1l341o65zarnxhur,sarovar-portico-badrinath-uttarakhand-cafe-in-the-park-at-sarovar-portico-badrinath,200,true,
dining,sozv3r3tetrf0an3njs2v0st,sarovar-portico-badrinath-uttarakhand-sarovar-all-day-dining-at-sarovar-portico-badrinath,200,true,
dining,x1jvcs0zifca19r6e90mrqsy,sarovar-portico-bhubaneswar-bar-lift-your-spirits-in-style,200,true,
dining,uz19z7gkns0lhopikf2459it,sarovar-portico-bhubaneswar-caffe-your-cosy-coffee-stop,200,true,
dining,h0deytgpl9rpfbcveryc3lzq,sarovar-portico-bhubaneswar-spice-brings-every-flavour-to-life,200,true,
dining,pyfmsromx79mvk04n2ztn60j,sarovar-portico-birgunj-flavours-all-day-dining,200,true,
dining,i6go5mr3rc8isj6yfln19z3n,sarovar-portico-birgunj-nest-at-the-top,200,true,
dining,akfupum3adywpxqh1fhwkcck,sarovar-portico-dehradun-dining-at-sarovar-portico-dehradun,200,true,
dining,fbuhqytdvsxw9mjqm2q56d5f,sarovar-portico-gir-flavours-pure-vegetarian-kathiyawadi-cuisine,200,true,
dining,o2dudz1pfwzr7p9pqf8rih0e,sarovar-portico-hanumangarh-bern-raise-a-toast-in-style-at-our-bar,200,true,
dining,yf9fgt7by82f55mlxpzigcri,sarovar-portico-hanumangarh-bern-all-day-dining-global-flavours-with-local-warmth,200,true,
dining,bneeow73bbhps611qmtv9clc,sarovar-portico-jaipur-sunset-bar-sarovar-portico-best-hotels-in-jaipur-top-jaipur-hotels,200,true,
dining,gnv76enof5545ytdg6r0jjg5,sarovar-portico-jaipur-the-pavillion-at-sarovar-portico-jaipur,200,true,
dining,cayuk051qem5kysopqvrsua2,sarovar-portico-jalandhar-cafe-181-sarovar-portico-jalandhar-restaurant-in-jalandhar,200,true,
dining,m69fot6twgrw62swvt6y3103,sarovar-portico-jalandhar-the-lounge-sarovar-portico-jalandhar-hotels-in-jalandhar,200,true,
dining,x1msnr6pesmi89g4fhnwn61y,sarovar-portico-kolkata-rajarhat-golpo-all-day-dining,200,true,
dining,xumo6pcbn8l5dtb0ezlfbpkv,sarovar-portico-morbi-flavours-a-magical-multi-cuisine-restaurant-in-morbi,200,true,
dining,boop4j56iny6v55m2g5m61y3,sarovar-portico-naraina-new-delhi-cafe-9-sarovar-portico-naraina-restaurants-in-naraina,200,true,
dining,t887xb5we2vh6bwoffno1hb5,sarovar-portico-somnath-dining-sarovar-portico-somnath-restaurants-in-somnath,200,true,
dining,kixwhkxnmxvy9oel81ctmgi4,sarovar-portico-somnath-the-lounge-sarovar-portico-somnath-restaurants-in-somnath,200,true,
dining,of0sqgv0go36cyljg56bo7lb,sarovar-portico-sonipat-unwind-at-chill-bar-the-best-bar-in-sonipat,200,true,
dining,nq0yfp5akohgykj9m853igjw,sarovar-portico-sonipat-fine-dining-at-flavours-our-restaurant-in-sonipat,200,true,
dining,df6n7bw3kmff8ndqxkst2vxc,sarovar-portico-srinagar-delectable-dining-at-our-multi-cuisine-restaurant-in-srinagar,200,true,
dining,yqjyx23kwxlmj33tt78v2y46,sarovar-portico-srinagar-tea-time-at-sarovar-portico-srinagar,200,true,
dining,ci9uytks9g2z51csvz3m2xbo,sarovar-portico-srinagar-relish-the-flavours-at-our-rooftop-restaurant-in-srinagar,200,true,
dining,cbgq0oaltwt1kmeua75r4tu8,sarovar-portico-sriperumbudur-chola-lounge-bar-where-cocktails-meet-culture,200,true,
dining,us9wf1v3j7996na1izqzp92k,sarovar-portico-sriperumbudur-spr-kitchen-multi-cuisine-dining-at-its-finest,200,true,
dining,l9fsqac99ja7ugim7z0h7gvc,sarovar-portico-surajkund-on-the-rocks-a-bar-in-surajkund-at-sarovar-portico,200,true,
dining,dbcmerafvdc022jen1tnuej6,sarovar-portico-surajkund-panoramic-restaurant-at-the-sarovar-portico-surajkund,200,true,
dining,t6fsulx1369sfg48q1qpednd,sarovar-premiere-alwar-chill-bar-and-lounge-restobar-in-alwar,200,true,
dining,bqqhjj17peeccv48x8lw3t3f,sarovar-premiere-alwar-rajputana-all-day-dining-in-alwar,200,true,
dining,kf2wn9iuiyrgziyjmfxujkvc,sarovar-premiere-amritsar-365-all-day-dining-offering-delicious-food-in-amritsar,200,true,
dining,vrrfezaxu7hhukw1wdojmjlx,sarovar-premiere-jaipur-in-room-dining-at-sarovar-premiere-jaipur,200,true,
dining,ilpww1feotppn2vr97o624ij,sarovar-premiere-jaipur-lattice-bar-at-sarovar-premiere-jaipur,200,true,
dining,w14xznk7cphaa9zb7vvlx9s6,sarovar-premiere-jaipur-terrazzo-multi-cuisine-restaurant-at-sarovar-premiere-jaipur,200,true,
dining,vn02e79ymsfge7lvntswvcru,sarovar-premiere-srinagar-sulaiman-the-best-rooftop-restaurant-in-srinagar,200,true,
dining,qwxojtsw37vlk0ror1ckdlhj,sea-breeze-sarovar-portico-varca-goa-chill-the-bar,200,true,
dining,bxxm5zd5f5o4u4xjq0q14mke,sea-breeze-sarovar-portico-varca-goa-flavours-all-day-dining,200,true,
dining,ytwccs5rn6e745c8qup074s7,serene-premiere-hargeisa-bake-brew-the-go-to-cafe-in-hargeisa,200,true,
dining,hw3buy5kul043umcenhmu0h3,serene-premiere-hargeisa-savour-flavours-under-the-open-sky-at-mottola,200,true,
dining,ogvdz0nv0herz7hcw88piszz,serene-premiere-hargeisa-pdr-intimate-meals-lasting-memories,200,true,
dining,f1zpcil4hzaks8iy4z257ut0,serene-premiere-hargeisa-spa-bev-where-every-sip-is-a-step-toward-wellness,200,true,
dining,wixwxvshisotggvo97qpwcxq,serene-premiere-hargeisa-vip-lounge-fine-dining-for-the-whole-family,200,true,
dining,d40gpho7bmyo06cwfgqfl9ew,serene-premiere-hargeisa-zataar-where-global-dishes-meet-local-delicacies,200,true,
dining,q9cpjmxqw1f05j4zaptct0y3,shravanthi-sarovar-portico-bengaluru-flavours-the-coffee-shop-at-shravanthi-sarovar-portico-bengaluru,200,true,
dining,pfl0c0eie6rxcrulm1p4qk20,shravanthi-sarovar-portico-bengaluru-turquoise-the-bar-for-every-occasion,200,true,
dining,up9mglajdn0tng0wwkdwkq3u,shyama-sarovar-portico-orai-flavoursome-delicacies-at-our-restaurant-in-orai,200,true,
dining,j5u1eqwrsthcygx0t9rocblf,singhania-sarovar-portico-raipur-flavours-all-day-dining-at-singhania-sarovar-portico-raipur,200,true,
dining,rla4zmjhz42txp1lsjsgkma2,singhania-sarovar-portico-raipur-geoffrey-s-the-pub-at-singhania-sarovar-portico-raipur,200,true,
dining,i3irekwghoe187au9zzeuloa,singhania-sarovar-portico-raipur-in-room-dining-at-singhania-sarovar-portico-raipur,200,true,
dining,kkpvmuy2ca3nyn875p79egmf,skywings-sarovar-portico-mathura-chill-bar-raise-a-glass-to-good-times,200,true,
dining,z2jwfi8f55gt2vlz8gaiu8oh,skywings-sarovar-portico-mathura-experience-dining-in-mathura-at-flavours,200,true,
dining,hrmjb1sixyo18zfmgww8g8yi,sobit-sarovar-portico-palolem-beach-hotel-goa-sumptuous-dining-at-sobit-sarovar-portico-goa,200,true,
dining,r1wg6bom7ucum5e83rsd1csl,taurus-hotel-mahipalpur-new-delhi-alfa-63-at-taurus-sarovar-portico-new-delhi,200,true,
dining,noey0t412dxtdfs6fxdclhky,taurus-hotel-mahipalpur-new-delhi-delhi-barbeque-at-taurus-sarovar-portico-new-delhi-near-igi-airport,200,true,
dining,govrx8opxre1a5hv24k2jf66,the-ashtan-sarovar-portico-new-delhi-twenty-ten-fine-dining-restaurant-in-delhi-at-the-ashton-sarovar-portico,200,true,
dining,y3r5g534whdbs07vlm77tl2i,the-gaurs-sarovar-premiere-flavours-one-of-the-best-coffee-shops-in-greater-noida,200,true,
dining,w3c2furicujca15kpy368216,the-gaurs-sarovar-premiere-liiquidz-a-casual-bar-in-greater-noida,200,true,
dining,xwqy97xb3buw3vqxxctztv8w,the-gokulam-park-kochi-champs-bar-at-the-gokulam-park-kochi,200,true,
dining,vok6priag1945l0ax9tgdggz,the-gokulam-park-kochi-la-boulangerie-at-the-gokulam-park-kochi,200,true,
dining,i8e29hajoh85rp86v25xt3vj,the-gokulam-park-kochi-periyar-restaurant-at-the-gokulam-park-kaloor-kochi,200,true,
dining,yu3rui4qog4ghb20sstv8b0s,the-heron-portico-nairobi-bashasha-at-the-heron-by-sarovar-portico-india-nairobi,200,true,
dining,n0v7pwc7jq0br311sbad87g7,the-heron-portico-nairobi-casbah-steak-house-bar-at-the-heron-by-sarovar-portico-india-nairobi,200,true,
dining,co4asosqvwuiww4zo22ex8av,the-heron-portico-nairobi-sirocco-aqua-bar-at-the-heron-by-sarovar-portico-india-nairobi,200,true,
dining,qjma4kfhx0ye90mi073u6zns,the-muse-sarovar-portico-nehru-place-new-delhi-restaurant-at-the-muse-sarovar-portico-nehru-place-new-delhi,200,true,
dining,hpeb1n1si2fy21sp1fuuq17m,the-promenade-pondicherry-bay-of-buddha-rooftop-restaurant-in-pondicherry,200,true,
dining,srna13fktsg5x8diski6nxhj,the-promenade-pondicherry-risque-at-the-promenade-pondicherry,200,true,
dining,dt5ienzbtrapda61yn3ku516,the-promenade-pondicherry-blueline-restaurant-at-the-promenade-pondicherry,200,true,
dining,a6x00r4xkqzo81vlw6hdiai2,the-promenade-pondicherry-the-storyteller-s-bar-a-uniquely-conceptualized-bar-in-pondicherry,200,true,
dining,pjhz77pk206h997gc5rewqss,tulip-inn-bhopal-sip-and-unwind-at-l-atelier,200,true,
dining,vadhx2004s78uwtelyqo5lkq,the-promenade-pondicherry-wildfish-bistro-at-the-promenade-pondicherry,200,true,
dining,e20wxmjpliu4b8ez4hhr7gua,tulip-inn-bhopal-dining-delights-await-at-our-restaurant-in-bhopal,200,true,
dining,sb2th30cmphhrfbpkw5wm22v,tulip-inn-koramangala-scrumptious-delicacies-at-altar-restaurant,200,true,
dining,jsqqi1qqpt5iow98tm7wukjo,tulip-inn-koramangala-a-diverse-range-of-concoctions-at-sage-bar,200,true,
dining,o48a02y4k5jda4894b4gxeit,tulip-inn-zirakpur-whistler-cafe-bar-the-best-restaurant-in-zirakpur,200,true,
dining,gncn126um60wqjah6884npvc,v-sarovar-portico-mi-road-jaipur-flavours-at-v-sarovar-portico-mi-road-jaipur,200,true,
dining,xk1jjn9jfo594r88dpls9u60,v-sarovar-portico-mi-road-jaipur-jharokha-at-v-sarovar-portico-mi-road-jaipur,200,true,
dining,uvrz6u44fvh7jc2ex5qarvfc,vandhara-sarovar-premiere-patkote-brahmkamal-relish-the-nuances-of-the-kumaoni-flavours,200,true,
dining,kkblqwjvvhad1fry8cr6qvv3,venizia-sarovar-portico-in-new-delhi-dining-at-flavours-our-in-house-restaurant-in-new-delhi,200,true,
dining,a5eidovdwgv3k4as60ejrh4q,viraj-sarovar-portico-jammu-flavours-coffee-shop-at-viraj-sarovar-portico-jammu,200,true,
dining,gmchphr3bcxxonrf3wk3tkdz,viraj-sarovar-portico-jammu-terrace-grill-at-the-viraj-sarovar-portico-jammu,200,true,
dining,nnw2b6b1jlunkayehfalt7cx,viraj-sarovar-portico-jammu-zing-bar-at-the-viraj-sarovar-portico-jammu,200,true,
banquet,spx2h02k38zwtahb263x0m1w,grand-ballroom-sarovar-premiere-delhi,200,true,
banquet,z1oyc5usag9e4ivpqwoyanrp,conference-hall-sarovar-premiere-delhi,200,true,
banquet,wtb2kfwuekw840v2jiw8yloa,grand-ballroom-sarovar-portico-jaipur,200,true,
banquet,cb6l8drmex240peb3ci1geul,conference-hall-sarovar-portico-jaipur,200,true,
banquet,teol54r9ewdiyhwi5h1116xx,grand-ballroom-sarovar-premiere-goa-beach-resort,200,true,
banquet,ndjey9nloumzfw16olszytud,conference-hall-sarovar-premiere-goa-beach-resort,200,true,
banquet,tnat79g0o71zgamiae8zrdax,grand-ballroom-sarovar-portico-mumbai,200,true,
banquet,of5ie552dqdb9uee5svrhxlj,conference-hall-sarovar-portico-mumbai,200,true,
banquet,jdc60qgmf31o00pzi1ma4o6s,grand-ballroom-sarovar-regency-shimla,200,true,
banquet,pb3ihbyfh5slczqnbjcxsrff,conference-hall-sarovar-regency-shimla,200,true,
banquet,a56rfc6i367yl4hhndjs9orw,grand-ballroom-sarovar-regency-rishikesh,200,true,
banquet,yfgznbzc8oxw615u6xsjiz0c,conference-hall-sarovar-regency-rishikesh,200,true,
banquet,lsiyc411d8ngspt9utu7ygx6,grand-ballroom-sarovar-portico-delhi-aerocity,200,true,
banquet,zyrmm614b2hrj7bu7hardnf5,conference-hall-sarovar-portico-delhi-aerocity,200,true,
banquet,ny8xi2uhdp6dxn1iaf0ljqhe,grand-ballroom-sarovar-premiere-jaipur-heritage,200,true,
banquet,ngcd0i9vq3865tpf5puof6of,conference-hall-sarovar-premiere-jaipur-heritage,200,true,
banquet,i2bnnrpg9n3xtssb38azx8ww,abn-sarovar-portico-jim-corbett-clove,200,true,
banquet,o1mqdcibfiy6cp3x9s17bxn7,abn-sarovar-portico-jim-corbett-lawn,200,true,
banquet,c53iubltk83rg79zkxc4gwpl,abn-sarovar-portico-jim-corbett-saffron,200,true,
banquet,acraojrlysp51l3c5r1767xi,ambar-sarovar-portico-gandhidham-hotel-meetings-events-at-ambar-sarovar-portico-gandhidham,200,true,
banquet,ka2kc010jpbxg2s9y7lmpgzi,aditya-hometel-hyderabad-meetings-events-at-aditya-hometel-hyderabad,200,true,
banquet,dj9i5htwv7f0n5nsmdb5s35x,balaji-sarovar-premiere-solapur-meetings-events-at-balaji-sarovar-premiere-solapur,200,true,
banquet,ogchcx1yw765uuvxhnzljs66,bamus-sarovar-portico-kampala-amber-a-space-for-focus-and-finesse,200,true,
banquet,lzbnztiaveu0y38wcgm0vjje,bamus-sarovar-portico-kampala-emerald-focused-flawless-events-in-flexible-spaces,200,true,
banquet,ayi2yme8dmit0lp1jx9xg0gl,bamus-sarovar-portico-kampala-opal-make-your-events-sparkle,200,true,
banquet,fg4tzdh4qsaqwm8svyqe8im2,bamus-sarovar-portico-kampala-ruby-a-sophisticated-space-for-gatherings-business,200,true,
banquet,uagtsauhnaw8txzm4zuuv7vz,bamus-sarovar-portico-kampala-sapphire-versatility-meets-sophistication,200,true,
banquet,hj27r8yqmwdlui43zsv8udjq,bamus-sarovar-portico-kampala-shine-bright-at-solitaire,200,true,
banquet,le6in8d7igkd3h1gel32va05,bamus-sarovar-portico-kampala-topaz-sophisticated-space-for-seamless-gatherings,200,true,
banquet,l5u37hqtdr5mjscxtd89zprw,classic-sarovar-portico-thiruvananthapuram-meetings-events-at-classic-sarovar-portico-thiruvananthapuram,200,true,
banquet,z43cikhzdkr3u3oz4ij4a3qu,davanam-sarovar-portico-suites-bangalore-meetings-events-at-davanam-sarovar-portico-suites-bangalore,200,true,
banquet,cpfjcsdhq121ijfp9ymcvwoa,delite-sarovar-portico-faridabad-classic-hall-at-delite-sarovar-portico-faridabad,200,true,
banquet,k5hqc17geha2zxz3ihpi7djc,delite-sarovar-portico-faridabad-imperial-hall-i-at-delite-sarovar-portico-faridabad,200,true,
banquet,ac98eqlel529urzp7pudrr53,delite-sarovar-portico-faridabad-imperial-hall-ii-at-delite-sarovar-portico-faridabad,200,true,
banquet,k26je4z5uxbl04c3h52uah0n,delite-sarovar-portico-faridabad-royal-hall-at-delite-sarovar-portico-faridabad,200,true,
banquet,z2oa7d748l9572pfkhpmmkg8,deventure-sarovar-portico-kapashera-new-delhi-meetings-events-at-deventure-sarovar-portico-kapashera-new-delhi,200,true,
banquet,dydoy6og5hwiffpsnqul6pfj,estuary-sarovar-premiere-poovar-banquet-halls-at-estuary-sarovar-premiere-poovar-island,200,true,
banquet,iw9owwc0flb09tufelauv24p,estuary-sarovar-premiere-poovar-board-rooms-at-estuary-sarovar-premiere-poovar-island,200,true,
banquet,s5dhw3bfxk1xf1b9znvntgm0,geeta-sarovar-portico-hotels-panipat-crystal-a-banquet-hall-at-geeta-sarovar-portico-panipat,200,true,
banquet,pvn1mom5pedvix8yr8base7l,geeta-sarovar-portico-hotels-panipat-imperial-a-banquet-hall-at-geeta-sarovar-portico-panipat,200,true,
banquet,aqdna2q8bhjt3p7n79opem0d,geeta-sarovar-portico-hotels-panipat-regal-a-banquet-hall-at-geeta-sarovar-portico-panipat,200,true,
banquet,ovllrp1xfpaopqdr96pyynmt,golden-sarovar-portico-amritsar-meetings-events-at-golden-sarovar-portico-amritsar,200,true,
banquet,xxg5wrrq6rj4i1bkrda1pzrf,golden-tulip-agra-royale-ballroom-an-elegant-and-versatile-ballroom-in-agra,200,true,
banquet,a96cjarizi61soedvmuhu484,golden-tulip-agra-elevate-your-meetings-and-intimate-gatherings-at-royale-house,200,true,
banquet,z164rnvk2ddlf6cuxkc12i4d,golden-tulip-agra-royale-park-the-perfect-open-air-lawn-for-your-elegant-events-in-agra,200,true,
banquet,qso49f0dxwp56tt4dp0evap1,golden-tulip-bhopal-summit-cherish-your-celebrations,200,true,
banquet,ftjos6i2lf73n1csvvhiljs3,golden-tulip-candolim-goa-senate-i-crafted-for-celebrations-of-every-scale,200,true,
banquet,byxziypn2ycjgycrihyco4ms,golden-tulip-candolim-goa-senate-ii-smartly-sized-fully-equipped,200,true,
banquet,kqhg42k11wbtrgruz0x2qjh7,golden-tulip-goa-mandrem-the-grandeur-where-celebrations-shine-brighter,200,true,
banquet,jquy1vtww9wfrfqpfpeiz8dk,golden-tulip-hari-nagar-board-room-i,200,true,
banquet,gj86alqalisz3814xdcmh15s,golden-tulip-hari-nagar-board-room-ii,200,true,
banquet,w4phlbte2ojxs916jn2hfooh,golden-tulip-hari-nagar-imperial-i,200,true,
banquet,evh7qtlzogt5q5u6s1l3bxw4,golden-tulip-hari-nagar-imperial-iii,200,true,
banquet,hq8vuuw4p9kha4q0ayz5jfit,golden-tulip-hari-nagar-imperial-ii,200,true,
banquet,c250frrv908idpbw37g3ubx9,golden-tulip-hari-nagar-imperial-iv,200,true,
banquet,a5y0915tpb34ph5hykmw5der,golden-tulip-hari-nagar-imperial-v,200,true,
banquet,ws5uzkrqbsukkkrio0u2z9ry,golden-tulip-hotel-in-jaipur-meeting-room-at-golden-tulip-jaipur-city-center,200,true,
banquet,wmvwuyeld7qce561gzomkcgs,golden-tulip-hotel-in-jaipur-durbar-hall-at-golden-tulip-jaipur-city-center,200,true,
banquet,jxipyoksdmg1rdoidzv3ohyd,golden-tulip-hotel-in-jaipur-maharaja-hall-at-golden-tulip-jaipur-city-center,200,true,
banquet,oml92igplcf8t5nq384rkhrd,golden-tulip-hotel-in-jaipur-maharani-hall-at-golden-tulip-jaipur-city-center,200,true,
banquet,kbb4ck7imp61d49ha5usamlu,golden-tulip-hotel-in-jaipur-mehfil-hall-at-golden-tulip-jaipur-city-center,200,true,
banquet,nw783dm2uwu54jfmkmylep0m,golden-tulip-hotel-in-jaipur-rajputana-hall-at-golden-tulip-jaipur-city-center,200,true,
banquet,ex7lhfe892r7kikdn9ud2h51,golden-tulip-hotel-in-jaipur-training-room-at-golden-tulip-jaipur-city-center,200,true,
banquet,w42ggh02z8f8d4c3sckt5oll,golden-tulip-jalandhar-create-indelible-memories-in-our-party-halls,200,true,
banquet,madng9zsxtmjlz3y47wbq46w,golden-tulip-jalandhar-celebrate-your-achievements-in-style,200,true,
banquet,cfooslt63sgwrqhj2jdhabmq,golden-tulip-jalandhar-memorable-celebrations-befitting-memorable-milestones,200,true,
banquet,pbig3qsiw2vw6mb0m0gggf8g,golden-tulip-jalandhar-seminars-and-conferences-in-jalandhar,200,true,
banquet,v9thhq34h9tippopuhcaw9xx,golden-tulip-jalandhar-unforgettable-weddings-in-jalandhar,200,true,
banquet,bew788n7dny11qmr3co4qv10,golden-tulip-kukas-jaipur-boardroom-professional-space-for-executive-discussions,200,true,
banquet,hnb6ujuwd4m9miqmmzxoqirs,golden-tulip-kukas-jaipur-grand-ballroom-a-flexible-venue-for-every-occasion,200,true,
banquet,f6livqrcqokn4umdjqkefm89,golden-tulip-kukas-jaipur-lawn-celebrate-under-open-skies,200,true,
banquet,hu5xqydunzhdpv6idc0t0ajw,golden-tulip-kukas-jaipur-royal-ballroom-where-large-celebrations-come-together,200,true,
banquet,vwjeogxuk18bptlgf8zy3gme,golden-tulip-lucknow-meetings-events-at-golden-tulip-lucknow,200,true,
banquet,oncu0qoz4sg9j7tuevoeokah,golden-tulip-srinagar-meetings-events-at-golden-tulip-srinagar,200,true,
banquet,ntq9rvvp97282h67jyc0mgpf,golden-tulip-tirupati-grand-ball-room-cherish-celebrations,200,true,
banquet,nfm8zmw5790o63yzc6cx2u4e,golden-tulip-udaipur-ballroom-the-perfect-event-venue-in-udaipur,200,true,
banquet,kz7qrm0gc8koyekcmj8yiopr,golden-tulip-udaipur-gardens-an-expansive-outdoor-event-venue-in-udaipur,200,true,
banquet,b9msdz345hin7smuaepocai8,golden-tulip-udaipur-silver-room-a-versatile-party-hall-in-udaipur,200,true,
banquet,as4dayp890wahaseic8wmvgo,grand-continent-anjuna-meetings-events-at-grand-continent-anjuna-a-sarovar-portico-affiliate-hotel,200,true,
banquet,fdb5ey4cf820ifmo21t7pzr3,grand-continent-hosur-memorable-events-at-grand-continental-hosur,200,true,
banquet,jap1m9xfmqe1nfkz6fdgpise,grand-continent-mahabalipuram-boardroom-in-mahabalipuram,200,true,
banquet,lzomtzmx2stub1jg8yd6xev3,grand-continent-mahabalipuram-mandapa-the-ballroom-banquet-hall-in-mahabalipuram,200,true,
banquet,mvqozl22nraw0q3utv2l18ch,grand-continent-mahabalipuram-rathas-the-open-lawn-outdoor-event-venue-in-mahabalipuram,200,true,
banquet,vb7maskc6d6jgkom6zu3i62i,grand-continent-malleshwaram-bangalore-a-grand-banquet-hall-in-malleshwaram,200,true,
banquet,a460rmfdiaj2dszsu90yt063,grand-portico-hotel-in-latur-meetings-events-at-grand-sarovar-portico-latur,200,true,
banquet,hdn9nkesoq1x7p6ffdlt8wnl,hometel-chandigarh-meetings-events-at-hometel-chandigarh,200,true,
banquet,etph3k29kndjheyz1ihr1aou,hometel-chandigarh-wedding-packages-at-hometel-chandigarh,200,true,
banquet,cz2aa6tlfx6rw03sbpl0y7hm,hrj-sarovar-portico-indore-host-majestic-events-in-indore-at-sarovar-portico,200,true,
banquet,bph3nfptsa5j57fy2jw52ypy,iris-sarovar-portico-gurugram-elevate-your-celebrations-at-senate,200,true,
banquet,z21g0d4dzp755xtog2u96dun,ishaan-sarovar-portico-deoghar-aamantran-banquet-hall-in-deoghar,200,true,
banquet,tl1edu4yz46ledip6czgatgn,ishaan-sarovar-portico-deoghar-aarambh-party-hall-in-deoghar,200,true,
banquet,a2qddc2zuohnknbzu1euv1w3,ishaan-sarovar-portico-deoghar-abhinandan-marriage-hall-in-deoghar,200,true,
banquet,qwj2peypb4o5jpj3hwv0ffxw,kpg-sarovar-portico-raj-nagar-extension-ghaziabad-emerald-a-creative-conference-room-for-inspired-gatherings,200,true,
banquet,v92fs3wbvzner36x7bymouns,kpg-sarovar-portico-raj-nagar-extension-ghaziabad-sapphire-ballroom-designed-for-conferences-and-celebrations-alike,200,true,
banquet,mflib5gtw5avqgy4aw2cvuwm,kpg-sarovar-portico-raj-nagar-extension-ghaziabad-solitaire-host-elegant-events-in-a-scenic-setting,200,true,
banquet,daeviwprbrspqtxbmgw8mwfs,la-place-sarovar-portico-lucknow-meetings-events-at-la-place-sarovar-portico-lucknow,200,true,
banquet,lioc670ate5agnh49bw0ahzl,madhuban-sarovar-portico-mussorie-meetings-events-at-hotel-madhubhan-sarovar-portico-mussoorie,200,true,
banquet,lqtx5qnranbwavdx7p2wj2x3,mahagun-sarovar-portico-suites-vaishali-meetings-events-at-mahagun-sarovar-portico-suites-vaishali,200,true,
banquet,amrbkm87wv4c03ro7d9u6mpu,majestic-court-sarovar-portico-navi-mumbai-banquet-and-conference-hall-in-navi-mumbai,200,true,
banquet,dqc8tuu36sxg4x41kprnclsn,marasa-sarovar-premiere-tirupati-hotels-meetings-events-at-marasa-sarovar-premiere-a-5-star-hotel-in-tirupati,200,true,
banquet,sp0v8lakcal13cwdq461mrx1,marigold-sarovar-portico-mashobra-shimla-meetings-and-banquet-halls-in-mashobra-at-marigold-sarovar-portico,200,true,
banquet,qrdk3wevg1xe7lkcrk4dxsxc,marine-plaza-mumbai-meetings-events-at-hotel-marine-plaza-mumbai,200,true,
banquet,cxmvol8ay3ahxuujjjitph6g,mj-sarovar-portico-haridwar-sampark-your-go-to-venue-for-cosy-celebrations,200,true,
banquet,fls3qkmmhxo7l021kceotdkd,mj-sarovar-portico-haridwar-sangeet-the-ideal-destination-for-grand-events-in-haridwar,200,true,
banquet,xr5luitgolfxg70552sys4ve,mj-sarovar-portico-haridwar-sanjog-elevate-your-events-in-haridwar-to-new-heights,200,true,
banquet,hy4u2z1vyz9zehv24224g6po,mj-sarovar-portico-haridwar-sargam-where-grand-indoors-meet-open-skies,200,true,
banquet,r9bynfqrbwiat6zsc464ccs5,mukundra-sarovar-premiere-kota-aangan-courtyard-mandap-for-your-forever-promises,200,true,
banquet,hgngprgrl02g64ioj45g10rq,mukundra-sarovar-premiere-kota-darbar-refined-boardroom-for-impactful-meetings,200,true,
banquet,guh56399fd7g10g4balyhfyq,mukundra-sarovar-premiere-kota-gajanand-vanah-special-lawn-for-joyful-social-gatherings,200,true,
banquet,t7wjh9fyr1epabuevht2fakv,mukundra-sarovar-premiere-kota-neelkanth-vatika-grand-open-air-lawn-for-spectacular-celebrations,200,true,
banquet,tqd55udlycf8o2e6ulwq09ip,mukundra-sarovar-premiere-kota-rajwada-versatile-banquet-space-for-every-occasion,200,true,
banquet,f3znde8ndt9kjqa4d8sern1d,mukundra-sarovar-premiere-kota-utsav-contemporary-indoor-venue-for-seamless-conferences,200,true,
banquet,ys0ryx1rujqbrd3m0oqjslc0,mukundra-sarovar-premiere-kota-virasat-banquet-hall-inspired-by-heritage-for-intimate-celebrations,200,true,
banquet,hwpbyo4oaibm00swhccq4q7o,naturevilas-portico-manali-plan-sophisticated-meetings-events-in-manali,200,true,
banquet,frpscja8rs45yk7o6jyr5v1k,neelkanth-sarovar-premiere-lusaka-banquets-conferences-at-neelkanth-sarovar-premiere-lusaka,200,true,
banquet,lnw4ly4msgm3017ifiw9qvss,nidhivan-sarovar-portico-vrindavan-meetings-events-at-nidhivan-sarovar-portico-vrindavan,200,true,
banquet,q2ndlqr7dbgo92pbajnmidmm,nirwana-hometel-jaipur-sarovar-meetings-events-at-nirwana-hometel-best-banqquet-halls-in-jaipur,200,true,
banquet,e84yncjpv4owrzcicpfy19jr,park-inn-gurgaon-meetings-events-at-park-inn-gurgaon-banquet-halls-in-gurgaon,200,true,
banquet,rc8eqvbbgmqtxd5xf1spe65e,park-plaza-faridabad-meetings-events-at-park-plaza-faridabad-by-the-radisson-hotel-group-managed-by-sarovar-hotels,200,true,
banquet,hby1bn98b3u7h8k20s2x8xl4,park-plaza-jalandhar-imperial-i-party-hall-in-jalandhar,200,true,
banquet,toj2bp94c37qume1tqlbf6hp,park-plaza-jalandhar-imperial-ii-event-venue-in-jalandhar,200,true,
banquet,ybnuyxo7suc51e7f3jzihixv,park-plaza-jalandhar-imperial-banquet-hall-in-jalandhar,200,true,
banquet,yr6iaioh51o57j4owtfqrto8,park-plaza-jalandhar-senate-meeting-room-in-jalandhar,200,true,
banquet,ptup21j9b3ahg2bj2p7w3uf3,park-plaza-jodhpur-meetings-events-at-park-plaza-jodhpur-by-the-radisson-hotel-group-managed-by-sarovar-hotels,200,true,
banquet,yqkb1oli5pulbb8ty7432o1c,park-plaza-ludhiana-meetings-events-at-park-plaza-ludhiana-by-the-radisson-hotel-group-managed-by-sarovar-hotels,200,true,
banquet,nh5970ki4noqak9ag254incy,park-plaza-shahadra-east-delhi-meetings-events-at-park-plaza-shahadra-east-delhi-radisson-hotel-group-managed-by-sarovar-hotels,200,true,
banquet,wt7e8rya21gxbxgxl3rl4xka,prachi-sarovar-premiere-bhubaneswar-crystal-ballroom-i-sparkling-spaces-for-spectacular-gatherings,200,true,
banquet,zu2hgn6tuura2eywtepcsawo,prachi-sarovar-premiere-bhubaneswar-crystal-ballroom-where-grand-events-unfold,200,true,
banquet,xwu3s66eea1eh7t95n3e0aqn,prachi-sarovar-premiere-bhubaneswar-crystal-ballroom-ii-polished-spaces-for-picture-perfect-gatherings,200,true,
banquet,ddq2miwmhk7mw2vvemh2oed5,prachi-sarovar-premiere-bhubaneswar-crystal-lawn-i-charm-meets-the-open-air-lawn,200,true,
banquet,yaim3ciajrnazwfapjolyf45,prachi-sarovar-premiere-bhubaneswar-crystal-lawn-ii-your-perfectly-celebratory-outdoor-lawn,200,true,
banquet,ocxsd9bdntrb1i95rhgjnrt1,prachi-sarovar-premiere-bhubaneswar-crystal-lawn-event-lawn-where-the-sky-joins-in,200,true,
banquet,l2h3180bbjdixv4g5tvuabmj,prachi-sarovar-premiere-bhubaneswar-crystal-room-where-decisions-are-made,200,true,
banquet,gtkjzlcw4r4zr42nlt087u2c,pushkara-portico-hotel-in-dibrugarh-banquets-conferences-at-pushkara-sarovar-portico,200,true,
banquet,k08v7o5zp37xvwzcppkdfsh5,radha-hometel-bangalore-meetings-events-at-radha-hometel-bangalore,200,true,
banquet,be2kyhg2xzlhnmj3bir372e2,radisson-hyderabad-hitec-meetings-events-at-radisson-hyderabad-hitec-by-the-radisson-hotel-group-managed-by-sarovar-hotels,200,true,
banquet,u5hc7vv1fzwzl6o47wk6ggo7,radisson-mumbai-goregaon-meetings-events-at-radisson-mumbai-goregaon-by-the-radisson-hotel-group-managed-by-sarovar-hotels,200,true,
banquet,u1g69cyjmkx2h41r9cpyez0u,rbd-sarovar-portico-outer-ring-road-bengaluru-crystal-palace-at-rbd-sarovar-portico-outer-ring-road-bengaluru,200,true,
banquet,eqdgvwhizt07c7a1pr1h11z6,riviera-sarovar-portico-pathankot-sapphire-i-versatile-mid-sized-venue-for-gatherings,200,true,
banquet,pbcizh2jqyh4qtrufccb3xk7,riviera-sarovar-portico-pathankot-sapphire-ii-elegant-space-for-social-corporate-events,200,true,
banquet,gnfy2rfaejbm1gq9yu70mmqf,riviera-sarovar-portico-pathankot-sapphire-where-grand-celebrations-take-centre-stage,200,true,
banquet,qvcsmjbgtfmuw0mt0aifxg8y,royal-hometel-suites-dahisar-mumbai-meetings-events-at-royal-hometel-suites,200,true,
banquet,igdenid6oml9sgttyz68cukb,royal-kingdom-sarovar-portico-pilibhit-kitty-hall,200,true,
banquet,w1umh56xvr574904s4k7dl89,royal-kingdom-sarovar-portico-pilibhit-victoria-hall,200,true,
banquet,lbt88wqkqtncu8xcmbq1b8lq,royal-sarovar-portico-siliguri-meetings-events-at-royal-sarovar-portico-siliguri,200,true,
banquet,rxda5q5iw43bxuy0q3ocqyxl,royal-tulip-chitwan-dhyan-sadan-state-of-the-art-boardroom-for-productive-meetings,200,true,
banquet,egn246wthvq8jrb5k72i1rov,royal-tulip-chitwan-gyan-sadan-your-ideal-venue-for-meetings-and-events,200,true,
banquet,nzx3dh8ce28n96jb8ibyxwrs,royal-tulip-kathmandu-shivapuri-national-park-daphne-garden-i-open-air-elegance-amid-lush-greenery,200,true,
banquet,c13hen9r7lavjl729ahkuzvq,royal-tulip-chitwan-veda-sadan-versatile-banquet-hall-for-weddings-corporate-events-and-mice-gatherings,200,true,
banquet,f8l3rajr9g8eq2f476cp23cy,royal-tulip-kathmandu-shivapuri-national-park-daphne-garden-ii-our-elegant-outdoor-event-venue-in-kathmandu,200,true,
banquet,ny93ttxyxhb4o3gl1t4xjlj1,royal-tulip-kathmandu-shivapuri-national-park-royal-arena-amphitheatre-tiered-seating-amid-scenic-views,200,true,
banquet,lio11xt95cv185n3tinlhz5m,royal-tulip-kathmandu-shivapuri-national-park-shivpuri-hall-host-events-with-luxurious-indoors-open-air-charm,200,true,
banquet,jc1wmse842l3ookpczcvv6vu,royal-tulip-kathmandu-dhaulagiri-for-focused-conversations-that-matter,200,true,
banquet,dlzoqx14xwjqo42myy7wze5h,royal-tulip-kathmandu-gaurishankar-elevate-every-event-with-a-view,200,true,
banquet,ezdxibz9sbcdpgybqgge7rik,royal-tulip-kathmandu-kanchenjunga-versatile-venue-for-inspired-exchange,200,true,
banquet,jpejoilgp2p72vgkkgg912aa,royal-tulip-kathmandu-langtang-where-collaboration-comes-naturally,200,true,
banquet,sdom95dfjhw6gdgx2t3ds4vb,royal-tulip-kathmandu-lhotse-where-grand-gatherings-take-shape,200,true,
banquet,evrjb1kmk3y7wrg8b2bwxwoc,royal-tulip-kathmandu-makalu-a-smart-space-for-small-group-synergy,200,true,
banquet,l6wmxijo2gd3uud8d0t63dsl,royal-tulip-kathmandu-manaslu-practicality-meets-professionalism,200,true,
banquet,yqfdmhdzyh2vtdh0is9mj15j,royal-tulip-kathmandu-nilgiri-a-quiet-space-for-clear-thinking,200,true,
banquet,hi7vme2gkv2kuw09ecdk35jy,royal-tulip-kathmandu-nuptse-a-social-space-that-blends-seamlessly,200,true,
banquet,imjot8i0vaks6dtkbscf9p54,royal-tulip-kathmandu-sagarmatha-the-crown-jewel-of-kathmandu-events,200,true,
banquet,sso3g3wr0cabkwvl14w2z8vj,sairafort-sarovar-portico-jaisalmer-meetings-events-at-sairafort-sarovar-portico-jaisalmer,200,true,
banquet,x3nfslltq7z82neyvwsjv1ry,sairafort-sarovar-portico-jaisalmer-lawns-at-sairafort-sarovar-portico-jaisalmer,200,true,
banquet,r4klnhhsrkgnsdbg92gnsm7s,sarovar-ahmedabad-chancellor-court-a-contemporary-banquet-hall-in-ahmedabad,200,true,
banquet,gvdc9r5kb13rwedb8e172o18,sarovar-portico-ajmer-ruby-where-every-meeting-leaves-a-mark,200,true,
banquet,fuxk7coen07g2ooin4frme7k,sarovar-portico-ajmer-sapphire-i-party-with-a-view-in-the-heart-of-ajmer,200,true,
banquet,s7tekqoc2z8pw1git8j2igvv,sarovar-portico-ajmer-sapphire-ii-where-city-views-meet-perfect-celebrations,200,true,
banquet,q650ongvmsh91z6qapag9ffa,sarovar-portico-bhubaneswar-drive-productivity-at-the-forum,200,true,
banquet,hvg6no334dowtyigvq6vd545,sarovar-portico-bhubaneswar-celebrate-big-at-the-pavilion-garden-venue,200,true,
banquet,dlp1i9e1zm5kfaz7c3zneh2l,sarovar-portico-bhubaneswar-the-regal-designed-to-fit-every-occasion,200,true,
banquet,j73kbzbybir8sk9yip6schfx,sarovar-portico-bhubaneswar-the-regency-your-venue-your-way,200,true,
banquet,xac11fali5qcxjryu7r2dxfk,sarovar-portico-bhubaneswar-water-lilli-celebrate-by-the-pool,200,true,
banquet,bymmplzn2n0cbz172y85b2fa,sarovar-portico-birgunj-annapurna-i,200,true,
banquet,xgnq9nmht5ybp04009ye2j69,sarovar-portico-birgunj-annapurna-ii,200,true,
banquet,zui3bzfqy1gbi7jrjgs647oi,sarovar-portico-birgunj-aura,200,true,
banquet,o1mg5jiri1onyu2t6h3h01bn,sarovar-portico-birgunj-everest,200,true,
banquet,aa6viyqpfqhojmjutj1u70eq,sarovar-portico-birgunj-the-aura-terrace,200,true,
banquet,zstwi63dul12gkiv3ta65mfc,sarovar-portico-dehradun-meetings-events-at-sarovar-portico-dehradun,200,true,
banquet,oy1j9s78zbyps0ki52gj0588,sarovar-portico-hanumangarh-lawn-a-grand-setting-for-celebrations-under-the-sky,200,true,
banquet,mklx78t210vfmd4pqueupge1,sarovar-portico-hanumangarh-sapphire-where-celebrations-take-centre-stage,200,true,
banquet,q1fu61vh97gl7waivpm86uie,sarovar-portico-sonipat-garnet,200,true,
banquet,l192dqufu6fex9vk9240v49e,sarovar-portico-sonipat-grand-crystal,200,true,
banquet,m0ia74nayyicw1q02t5vdjsk,sarovar-portico-sonipat-opal,200,true,
banquet,gefjgukpi8axgeuehu2xtic3,sarovar-portico-sriperumbudur-boardroom-private-space-for-executive-meetings-team-discussions,200,true,
banquet,f5x6bx8hro7ti8rx4x2s7tak,sarovar-portico-sriperumbudur-crescent-private-meeting-room-for-focused-business-sessions,200,true,
banquet,jn9vg478pqgikaeapuxzh1mm,sarovar-portico-sriperumbudur-summit-grand-venue-for-celebrations-conferences,200,true,
banquet,pnqfpohdc00xccrwcs8sjzdy,sarovar-portico-sriperumbudur-senate-versatile-venue-for-mid-sized-corporate-social-events,200,true,
banquet,jtrnc8gqcnrrme0ym3dp51g2,sarovar-portico-surajkund-banquets-conferences-at-sarovar-portico-surajkund,200,true,
banquet,e0xuoz91c7zl4m9r46dd8rek,sarovar-premiere-alwar-maharaja-a-premium-event-venue-in-alwar,200,true,
banquet,pbrsb9mvmal1lhaxqkfb70b3,sarovar-premiere-alwar-maharani-1-an-elegant-banquet-hall-in-alwar,200,true,
banquet,na5lm8fv1tdrnqi1ojve57p3,sarovar-premiere-alwar-maharani-2-a-refined-event-space-in-alwar,200,true,
banquet,srxoyjziokmqellzmm1ddpn7,sarovar-premiere-amritsar-banquet-lawns-redefining-wedding-lawns-in-amritsar,200,true,
banquet,orddtlhk4hc8c5p353bdkfm8,sarovar-premiere-amritsar-pearl-for-your-gleaming-celebrations-in-amritsar,200,true,
banquet,pnpzu0mllk600z7rg4ks2e2s,sarovar-premiere-amritsar-royal-ballroom-for-seamless-social-and-corporate-gatherings,200,true,
banquet,gex6iny3t0ey912v6hjh14jw,sarovar-premiere-srinagar-habba-khatoon-banquet-hall-in-srinagar,200,true,
banquet,hi4f5b5m6zifa34n0j20ibzy,sea-breeze-sarovar-portico-varca-goa-tempest-at-sea-breeze-sarovar-portico-varca-goa,200,true,
banquet,c9e7ycbdn4at5ytxywo2w5pv,sea-breeze-sarovar-portico-varca-goa-aqua-at-sea-breeze-sarovar-portico-varca-goa,200,true,
banquet,mrbyzc46c77bvtfk7ixn2l0n,sea-breeze-sarovar-portico-varca-goa-tide-at-sea-breeze-sarovar-portico-varca-goa,200,true,
banquet,yir3i8znukd073u0fu8a3zru,serene-premiere-hargeisa-bander-wanaag-a-hall-as-big-as-your-event,200,true,
banquet,hi0xpzi62lq59w1how446w9m,serene-premiere-hargeisa-business-centre-built-for-business-travellers-on-the-go,200,true,
banquet,o59qw17hc84kzthnc5tw096k,serene-premiere-hargeisa-meeting-room-1-where-business-meets-success,200,true,
banquet,tfb0zo7pzea0v749vkeirz7x,serene-premiere-hargeisa-meeting-room-2-designed-for-success-comfort,200,true,
banquet,b6q68wa8gut1ggdpf8j9eeqx,serene-premiere-hargeisa-meeting-room-3-high-end-boardroom-for-key-discussions,200,true,
banquet,dvc6dejgeepn4bxmg0cdxrx4,serene-premiere-hargeisa-ramad-cosy-equipped-and-ready-for-you,200,true,
banquet,oe629lva32xhkmyrk6s031nx,serene-premiere-hargeisa-rental-offices-private-cabins-a-high-tech-boardroom,200,true,
banquet,txck4v6tirv61hok83d3utgz,shyama-sarovar-portico-orai-daffodil,200,true,
banquet,klof0dxblzo3e1s9ixsehdw7,shyama-sarovar-portico-orai-euphorbia,200,true,
banquet,afp4hwv3xehjxfi8l3nim1bd,shyama-sarovar-portico-orai-hibiscus,200,true,
banquet,o01wwvgwf1joepl3k0ivmrb3,shyama-sarovar-portico-orai-lotus-garden,200,true,
banquet,jg1m34bp1ef50ybjlmoemmgr,shyama-sarovar-portico-orai-lotus,200,true,
banquet,wo32cux433o1blgwljy29cxv,shyama-sarovar-portico-orai-poolside,200,true,
banquet,livznnibepz4ixeqbpw9rvxb,singhania-sarovar-portico-raipur-chambers-meeting-halls-at-singhania-sarovar-portico-raipur,200,true,
banquet,shwuqbilhtc17nbnftjxbq0t,skywings-sarovar-portico-mathura-aanandam-i-your-ideal-banquet-space-in-mathura,200,true,
banquet,ibicmyb0wul4i0xpchybdmoa,skywings-sarovar-portico-mathura-aanandam-ii-an-elegant-space-for-intimate-gatherings,200,true,
banquet,np5uh585d7rmf0sycmetzjvs,skywings-sarovar-portico-mathura-anandam-the-perfect-banquet-hall-in-mathura,200,true,
banquet,t1j6lfjzqp3oq4ik7izf0xfs,skywings-sarovar-portico-mathura-sanskriti-plan-your-next-meeting-at-our-boardroom-in-mathura,200,true,
banquet,x31w65zeper8q8iejlkwgoqw,sobit-sarovar-portico-palolem-beach-hotel-goa-meetings-events-at-sobit-sarovar-portico-goa,200,true,
banquet,gnixevdg9fhr03jum9wsbf1e,taurus-hotel-mahipalpur-new-delhi-meetings-events-at-taurus-sarovar-portico-new-delhi-near-igi-airport,200,true,
banquet,i59mny7ipytf80x18ccy6eei,the-gaurs-sarovar-premiere-the-best-banquet-halls-in-greater-noida,200,true,
banquet,ikr1jdb6r2ho7em8rf839am2,the-gokulam-park-kochi-meetings-events-at-the-gokulam-park-kochi,200,true,
banquet,n5btaufbbtw114auak682k62,the-muse-sarovar-portico-nehru-place-new-delhi-meetings-events-at-the-muse-sarovar-portico-nehru-place-new-delhi,200,true,
banquet,xdejo4sst7kid8wy5lqs547f,tulip-inn-bhopal-host-your-events-in-style-at-emerald,200,true,
banquet,ozik2nip58qrpd33ddi81zal,tulip-inn-bhopal-palm-court-your-perfect-event-space,200,true,
banquet,c267blddtukkckvzyuxyj7f7,tulip-inn-bhopal-royal-court-where-events-shine,200,true,
banquet,geaz46j1vhner1lyne66bqln,tulip-inn-bhopal-unleash-the-potential-of-every-event-at-sapphire,200,true,
banquet,xzbreo0jpl5820xwlbpu7sq2,tulip-inn-gurugram-near-medanta-emerald-a-our-sophisticated-space-for-gatherings-business,200,true,
banquet,govflgr39zoqcnxg1uyh0bmd,tulip-inn-gurugram-near-medanta-emerald-b-where-every-event-comes-together,200,true,
banquet,r6vdd7ewv858ga11r88iy3r4,tulip-inn-gurugram-near-medanta-terrace-intimate-events-under-the-open-sky,200,true,
banquet,jf6aw30oo6bpvpftgmqhhhgg,tulip-inn-koramangala-celebrate-your-occassions-in-grandeur-at-tulip-inn,200,true,
banquet,k15hy7x3njtqwa7bzwof490x,tulip-inn-shravasti-boardroom,200,true,
banquet,ntpmhh71qy0hky1jb987ua4e,tulip-inn-shravasti-hall-1-banquet-hall-in-shravasti,200,true,
banquet,j657cqr7q67qzz3inp2z7zh0,tulip-inn-shravasti-lawn-area,200,true,
banquet,b2fs0v4ddzq5s2j5db4o2fpx,tulip-inn-zirakpur-mystic-a-banquet-hall-that-adapts-to-your-needs,200,true,
banquet,shrbio16ex9hxtkmog390ude,tulip-inn-zirakpur-zurich-a-chic-conference-hall-in-zirakpur,200,true,
banquet,vnwfq89toq4six3999eqk9rn,v-sarovar-portico-mi-road-jaipur-boardroom-i-at-v-sarovar-portico-mi-road-jaipur,200,true,
banquet,yei59dc8bwbr4ww5sin9qh9k,v-sarovar-portico-mi-road-jaipur-regal-i-at-v-sarovar-portico-mi-road-jaipur,200,true,
banquet,d6yre4ekxekuulgc1x8xv9zf,v-sarovar-portico-mi-road-jaipur-boardroom-ii-at-v-sarovar-portico-mi-road-jaipur,200,true,
banquet,bvedy3u8y4t0b7jg1wi2rvzt,v-sarovar-portico-mi-road-jaipur-regal-ii-at-v-sarovar-portico-mi-road-jaipur,200,true,
banquet,y9iqlrgd0yi0iyxu2piv4hn6,vaishnodevi-portico-katra-meetings-events-at-the-vaishnodevi-sarovar-portico-katra,200,true,
banquet,b5xaqnm8hwgj0rx0fd9f3r7i,vandhara-sarovar-premiere-patkote-nakshatra-hall-i-a-stellar-stage-for-your-celebrations,200,true,
banquet,kb3bt8ys3c56qcz5vrljis6z,vandhara-sarovar-premiere-patkote-nakshatra-hall-ii-elevate-your-meetings-intimate-gatherings,200,true,
banquet,w1dxyrv0evfxbg3zhxyg23aw,vandhara-sarovar-premiere-patkote-nakshatra-lawn-celebrate-like-a-star,200,true,
banquet,dgoo8df1qqfw558hd5pnbfxr,venizia-sarovar-portico-in-new-delhi-meetings-events-at-venizia-sarovar-portico-new-delhi,200,true,
banquet,y8kqpabho39wxl163z46oh7a,viraj-sarovar-portico-jammu-board-room-at-viraj-sarovar-portico-jammu,200,true,
banquet,qpyo0lul8mrfrd3kry48ru9z,viraj-sarovar-portico-jammu-coral-banquet-hall-at-viraj-sarovar-portico-jammu,200,true,
banquet,oyqak8qwme7kwg1oefugni25,viraj-sarovar-portico-jammu-emerald-2-hall-at-viraj-sarovar-portico-jammu,200,true,
banquet,avmhy60egni0rssl1yhtzya6,viraj-sarovar-portico-jammu-emerald-hall-at-viraj-sarovar-portico-jammu,200,true,
banquet,xtkswyfof0mer1h507qy5mns,viraj-sarovar-portico-jammu-sapphire-hall-at-viraj-sarovar-portico-jammu,200,true,
banquet,lk33123p6zp237o8scyrkaas,viraj-sarovar-portico-jammu-the-grand-lawns-at-viraj-sarovar-portico-jammu,200,true,
banquet,kwfomyvcf88bovdpc9ignwna,golden-tulip-hotel-in-jaipur-meeting-room,200,true,
attraction,riluo30e4l10ancpnfa8kraf,aditya-hometel-hyderabad-tourist-places-in-hyderabad-explore-the-entrancing-city,200,true,
attraction,sfsgf8yuig78ywhjv1trsvib,ambar-sarovar-portico-gandhidham-hotel-explore-gandhidham-top-tourist-places-in-gandhidham,200,true,
attraction,rgkiedyb873abkd0sxa0s6lg,aditya-park-hyderabad-explore-hyderabad,200,true,
attraction,dtkx9asjgh1r34swlm8lkz3a,ambrosia-sarovar-portico-haridwar-explore-haridwar,200,true,
attraction,jxfla5gv3se75p7aihtztba7,balaji-sarovar-premiere-solapur-explore-solapur,200,true,
attraction,j8gbdo7rzrimr5erjsecy1la,bellevue-sarovar-premiere-junagadh-visit-tourist-places-as-you-stay-in-our-junagadh-hotel,200,true,
attraction,ofhsiwg5bp17ifh94k3tkz9m,classic-sarovar-portico-thiruvananthapuram-things-to-do-in-thiruvananthapuram,200,true,
attraction,xjspipj4p2ttzf9m6uhk0v55,davanam-sarovar-portico-suites-bangalore-explore-bangalore-well-known-tourist-places-in-bangalore,200,true,
attraction,ovmnkxmx9thh0w3a6hw5zni6,deventure-sarovar-portico-kapashera-new-delhi-things-to-do-in-delhi,200,true,
attraction,fazqzj0tdk0w1kvfbspayhsu,efcee-sarovar-portico-bhavnagar-explore-bhavnagar,200,true,
attraction,zu6c5yjf7icgs448p6bnbkl3,golden-sarovar-portico-amritsar-explore-amritsar,200,true,
attraction,cddtox5q5v3tzll9yq7vb0ib,golden-tulip-essential-jaipur-explore-jaipur,200,true,
attraction,gbcwa2xph6kp7hldixaqasc5,golden-tulip-lucknow-explore-lucknow-cuisines,200,true,
attraction,be48de1z663l7tokn584maqx,golden-tulip-srinagar-things-to-do-in-srinagar,200,true,
attraction,fwcl1js09obxo7yxolb9j7ko,grand-continent-malleshwaram-bangalore-explore-bangalore,200,true,
attraction,nk2qev687x4x4e57k43t4n7z,hometel-chandigarh-explore-the-best-of-chandigarh,200,true,
attraction,qp8sf0cu7uq1hnf8hietbgvn,hometel-roorkee-explore-roorkee,200,true,
attraction,a3g23zi8o1c1z25x5t36ryxg,la-place-sarovar-portico-lucknow-explore-lucknow,200,true,
attraction,elb7fhr4vh2md4ki93weo6bm,le-dupleix-pondicherry-activities,200,true,
attraction,qrvxwzo6hxhhuz0qvr6gu8n0,le-dupleix-pondicherry-heritage,200,true,
attraction,xe8xif7ij7k9c3e1l0dwvrib,le-dupleix-pondicherry-shopping,200,true,
attraction,ioyrbj7pms7hqa6jqh3yjzu8,le-lac-sarovar-ranchi-explore-ranchi,200,true,
attraction,fc6od1juf1ltprxofdc27n9r,legend-sarovar-portico-explore-baddi,200,true,
attraction,aj8kdqf0zqrxeci8ct1wmle1,mahagun-sarovar-portico-suites-vaishali-explore-vaishali,200,true,
attraction,u5xvlol4srape5e7suvaazm1,majestic-court-sarovar-portico-navi-mumbai-things-to-do-in-mumbai,200,true,
attraction,ag4yk9njvi51gfnjuz1ej4sn,marasa-sarovar-portico-rajkot-explore-rajkot,200,true,
attraction,irrxy7bdevsjlczr7brsz7se,marasa-sarovar-premiere-bodhgaya-explore-bodhgaya,200,true,
attraction,hs3b26l2aukbcg510rdjaz60,marasa-sarovar-premiere-tirupati-hotels-4-must-visit-temples-in-tirupati,200,true,
attraction,efwtd8v94htovo33niwkmvhr,marigold-sarovar-portico-mashobra-shimla-explore-shimla,200,true,
attraction,w2mrfqhrjm6mjmu53gbqx2mv,marine-plaza-mumbai-explore-mumbai,200,true,
attraction,xbe5kfg6omz40a5mgzrmbon9,neelkanth-sarovar-premiere-lusaka-explore-lusaka,200,true,
attraction,ca9t52duqklmjo4que2t1joy,nidhivan-sarovar-portico-vrindavan-explore-vrindavan,200,true,
attraction,scbvp4djpvl5bj2gzj5wgmgr,nirvana-sarovar-portico-gorakhpur-a-tryst-with-food,200,true,
attraction,mfpqkni360um5fsvxtdn3yiv,nirvana-sarovar-portico-gorakhpur-explore-gorakhpur,200,true,
attraction,zk1p13vhko7uhgiskchj07dm,nirwana-hometel-jaipur-sarovar-things-to-do-in-jaipur,200,true,
attraction,lw2cj2z555imudtrk81c0hi4,paradigm-sarovar-kakinada-explore-kakinada,200,true,
attraction,hocsax0tzhfm1pqtgod21lmj,park-inn-gurgaon-explore-gurgaon,200,true,
attraction,g9cjqiyhp9ght20mobieb2io,park-inn-radisson-goa-candolim-explore-goa,200,true,
attraction,e2a2akbyxp2odo63sabzx4f1,park-plaza-faridabad-surajkund-mela,200,true,
attraction,k7v6a75qm61sb5r06kssxhma,park-plaza-jodhpur-top-places-to-visit-in-jodhpur,200,true,
attraction,apc7sp7qvf3vd8tln97ouv3o,park-plaza-ludhiana-things-to-do-in-ludhiana,200,true,
attraction,lyzlsg7zf91yo2z5z6t3ywio,park-plaza-shahadra-east-delhi-places-to-visit-in-delhi,200,true,
attraction,jfyq7sivhpsv89x7mablogdu,park-plaza-zirakpur-explore-zirakpur,200,true,
attraction,giirfd9z9cxqslz5w5logyph,radha-hometel-bangalore-major-tech-hubs-in-bangalore,200,true,
attraction,my152etlqodst8kxrbmdulbd,radha-regent-chennai-explore-chennai-best-tourist-places-in-chennai,200,true,
attraction,teyc96htryrbyrw74o3mnpmd,radisson-blu-bengaluru-outer-ring-road-explore-bangalore,200,true,
attraction,tst5x1hp5n6162l1bacnggdh,radisson-hyderabad-hitec-major-tech-hubs-in-hyderabad,200,true,
attraction,d1wkz94rpncn0fxz2kf3spcw,radisson-mumbai-goregaon-4-things-to-do-in-mumbai,200,true,
attraction,d3tqvgbm2ltf1f1vgojo2m42,rbd-sarovar-portico-outer-ring-road-bengaluru-explore-bengaluru,200,true,
attraction,hjhfb9i9gg3zu2e34lvh8lyx,residency-sarovar-portico-mumbai-explore-mumbai,200,true,
attraction,f52y0qoccbewirg5ea38ne6b,rivera-sarovar-portico-ahmedabad-explore-ahmedabad,200,true,
attraction,w8ctkpbgg9ra0kke1jwb9a2o,royal-sarovar-portico-siliguri-explore-siliguri,200,true,
attraction,whky7u7p6t5xfrnye7argcid,royal-hometel-suites-dahisar-mumbai-explore-dahisar-mumbai,200,true,
attraction,drv5bqylocnh9bprllxzgvrx,rs-sarovar-portico-palampur-explore-palampur,200,true,
attraction,g7xpbnajacrut5ikvqxr6spb,sairafort-sarovar-portico-jaisalmer-explore-jaisalmer,200,true,
attraction,o9i8oiqofsxkzgzgvjo58ruw,sarovar-ahmedabad-explore-ahmedabad,200,true,
attraction,zvr6s73tqcwazh3nyyp8xw7t,sarovar-portico-badrinath-uttarakhand-explore-badrinath,200,true,
attraction,rwu33e0y0xz34qzwpxzw90cr,sarovar-portico-dehradun-explore-dehradun,200,true,
attraction,jf72hb7h6ntgbrp9j8w5ke6r,sarovar-portico-jaipur-explore-jaipur,200,true,
attraction,qwt7ggzc7vq117lnmu4199hn,sarovar-portico-jalandhar-explore-jalandhar,200,true,
attraction,jns12kiulupm13pnq0kzljlo,sarovar-portico-morbi-places-to-visit-in-morbi,200,true,
attraction,alrqserd1ct4gr2susalg1c3,sarovar-portico-naraina-new-delhi-4-must-visit-historical-monuments,200,true,
attraction,munuug35geudos24f949v0vr,sarovar-portico-somnath-explore-somnath,200,true,
attraction,klwh5zsxrzj21abaa2szltgw,sarovar-portico-surajkund-must-visit-places-in-surajkund,200,true,
attraction,t53hm4np26o3pnh5w0j95wq2,sarovar-premiere-jaipur-explore-jaipur,200,true,
attraction,l0zwq3195ps93x9mtuucv848,shravanthi-sarovar-portico-bengaluru-explore-bengaluru,200,true,
attraction,vz2y5ja750u0mrgg5i76jok7,singhania-sarovar-portico-raipur-explore-raipur,200,true,
attraction,jt9g3mprcectmz768iylur5h,taurus-hotel-mahipalpur-new-delhi-must-visit-places-in-delhi,200,true,
attraction,xwbpeo7qeo03gkjdemcrrlj8,the-ashtan-sarovar-portico-new-delhi-top-tourist-attractions-in-new-delhi,200,true,
attraction,qu4rphd204mhtm2y03acrcqr,the-gaurs-sarovar-premiere-places-to-visit-in-greater-noida,200,true,
attraction,d3wi4kth3p11nk88etdgig8a,the-gokulam-park-kochi-explore-kochi,200,true,
attraction,v1tpcmw2pxy5us7gcder7nln,the-heron-portico-nairobi-explore-nairobi,200,true,
attraction,m645js6ou4ucoywja9o8nfdl,the-muse-sarovar-portico-nehru-place-new-delhi-things-to-in-new-delhi,200,true,
attraction,kvdvawjyj8anans9nq5egz9j,the-promenade-pondicherry-activities,200,true,
attraction,dvbhtrrr5ge88xyfv8w3l63j,the-promenade-pondicherry-heritage,200,true,
attraction,xfcpky6hkqvq9htuhj5n2wta,the-promenade-pondicherry-shopping,200,true,
attraction,jer85c1vow8az62ph2a0sa8x,viraj-sarovar-portico-jammu-explore-jammu,200,true,
page,dctqd17debur98kce4x2iu3c,/blogs.html,200,true,
page,yvvvrzlp2h7ujd0wckgg3qlb,/our-destinations.html,200,true,
page,l4e3lxfkjmil3cyr8w09ujsd,/about-us.html,200,true,
page,iulkp6js7r9xkrh244m97zj3,/about-us/discover.html,200,true,
page,j7x7tv70zzwzkc15becwolui,/about-us/our-brands.html,200,true,
page,b1omwsvgfyvyssaih41p76n3,/about-us/our-team.html,200,true,
page,f5cuasye4aeqe1ddpa9v9tzc,/careers.html,200,true,
page,z64h1946w00iiva65ce7pts5,/careers/careers.html,200,true,
page,ar5gdgd7uda2bn7x5pzz2b1p,/contact-us/contact-sarovar-hotels.html,200,true,
page,xobnb0eljcibc0yda8jkcna9,/events/meetings-and-events.html,200,true,
page,wdovdjpkr91a2opjucvwvpcn,/hotel-directory/hotel-directory.html,200,true,
page,vz20gkdaazqxuml5dbnhibwh,/amex-offer-terms-and-conditions.html,200,true,
page,vwkkdqw1dwsa8yb8dh0yonst,/disclaimer.html,200,true,
page,vjofznpvgp88q2xer4miild6,/elder-stay-package.html,200,true,
page,xbtdf0qqg5v7yqjpep8ydv4k,/golden-tulip.html,200,true,
page,dbe17doevvxx7np5x45iwo94,/foodgully.html,200,true,
page,eozhdb9tw6pmqwqndpajjua6,/manage-booking.html,200,true,
page,f1ckknj64ezvt9uc34yi7r4o,/happiness-sarovar.html,200,true,
page,b7qkcf05ubs3vrxso9ksscxm,/mountain-destinations.html,200,true,
page,if3swajj3x713c85yzd168o6,/offers.html,200,true,
page,zb5x707u39yf11axrwp983bk,/opening-soon.html,200,true,
page,wj374bvf8xms3r94lirgghhv,/secretarial.html,200,true,
page,mvaabey4dnbczbm1mrpv5kri,/sitemap.html,200,true,
page,idl7lbfqsva15vqtnqc4ajna,/weddings.html,200,true,
page,hrot6gn86yialc1hj1aeetvp,/awards/awards.html,200,true,
page,kh3ficaev8xoxek5927gu3cx,/beyond-consultancy/beyond-consultancy.html,200,true,
page,xpukqvi7guu97ngibcprv1o3,/experiences/business-hotels.html,200,true,
page,bipjwrvzpfy24fro5akumhdh,/experiences/leisure-hotels.html,200,true,
page,akg0kr0mnuddxh83fytevsvr,/experiences/pilgrimage-hotels.html,200,true,
page,fg3c5f40zmfz6aivuy3hsctv,/flash-sale/flash-sale.html,200,true,
page,iu0x7riek71rrpzj6cvvh8nr,/happiness-sarovar/get-the-best-weekend-weekdays-offer-at-our-mashobra-hotel.html,200,true,
page,s38qmxjowsfwkdz35fmg2wfp,/happiness-sarovar/rs-sarovar-portico---summer-holiday-offers.html,200,true,
page,ztwghrvw9sh1f0gjuoka9v91,/home-delivery/home-delivery.html,200,true,
page,bgxvf6mskcsjmqxgnubwn2v3,/lywwh/city-package.html,200,true,
page,r53blver5umkvuoa8jwdthnc,/lywwh/estuary-sarovar-premiere-poovar.html,200,true,
page,xwsaaeah11v5ngbl8rp2j2zj,/newsroom/newsroom.html,200,true,
page,lz51v74ffjiev5g8dviieam7,/newsletter/newsletter.html,200,true,
page,vc0ugnjsppwgndew973klzqd,/offers/mice-offers.html,404,true,resolves_404_not_200
page,kt8t9i0d1shn0bson0lb0zie,/offers/sarovar-hotels-x-fly91.html,404,true,resolves_404_not_200
page,yx7fxpc5h9xzrrkwibdonfu9,/offers/why-book-direct.html,404,true,resolves_404_not_200
page,jecuua1k0bk5d5wm6zyfg8zt,/partner-with-us/corporate-travel-agents.html,200,true,
page,jrbagacq9s8o4mabq0k01lgb,/partner-with-us/hotel-partner.html,200,true,
page,etbhddnx67uw4qvbextbgxl3,/privacy-policy/privacy-policy.html,200,true,
page,h4fs9e2wadpakyoy86xdzxsh,/partner-with-us/vendors-and-suppliers.html,200,true,
page,cvunxm8bqqs3bjtdl3z48pa3,/spin-and-win/spin-and-win.html,200,true,
page,cmfr68oq2iiwo3zg8q0r2kso,/summer-offer/special-summer-offer.html,200,true,
page,c20jfflwj83pj5scdudjnnr4,/terms-and-conditions/terms-and-conditions.html,200,true,
page,pepaprainwiu1f58lod9pwi7,/weddings/terms-conditions-of-wedding-packages.html,200,true,
room,a1l06n6ealblirlf37lphntz,standard-room-sarovar-premiere-delhi,200,true,
room,nwvi45huqlv48q118191guqs,deluxe-room-sarovar-premiere-delhi,200,true,
room,pg10yms1xecnp3srspvfzutf,executive-suite-sarovar-premiere-delhi,200,true,
room,m0phglqq4wgu5edsi7azp47b,presidential-suite-sarovar-premiere-delhi,200,true,
room,a1vatuztuasvxk81txiowp5g,standard-room-sarovar-portico-jaipur,200,true,
room,i0fsez274ewgxiezu0p4ifrx,deluxe-room-sarovar-portico-jaipur,200,true,
room,e3mvdlwkrwdna9j02lkd4kz4,executive-suite-sarovar-portico-jaipur,200,true,
room,fa9z6qj366boik0zcwdb6pw6,standard-room-sarovar-premiere-goa-beach-resort,200,true,
room,xkgr43zun9nrfh3uae5j9gsr,deluxe-room-sarovar-premiere-goa-beach-resort,200,true,
room,c82o4eufi6zcb2knsx5dosy0,executive-suite-sarovar-premiere-goa-beach-resort,200,true,
room,ie1ml249tf1iestxyn8t7ndp,presidential-suite-sarovar-premiere-goa-beach-resort,200,true,
room,grtqfxzsj7aegoo6rozii1n4,standard-room-sarovar-portico-mumbai,200,true,
room,s350yse2pcnwro9dfvrncszf,deluxe-room-sarovar-portico-mumbai,200,true,
room,ded9xa5v2s04m5tewoz1ed12,executive-suite-sarovar-portico-mumbai,200,true,
room,iuj3s1kp4nhzqvus7liqe4yn,standard-room-sarovar-regency-shimla,200,true,
room,fg9y9v6xpnyy2ptqqgammvmi,deluxe-room-sarovar-regency-shimla,200,true,
room,shl8bzgsnia9rhuhl0bxxdz9,executive-suite-sarovar-regency-shimla,200,true,
room,k4xlchfcpyu1bijxjpn5yyt7,standard-room-sarovar-regency-rishikesh,200,true,
room,jfecqgjqga008nrqhorc8gkm,deluxe-room-sarovar-regency-rishikesh,200,true,
room,di87ojozas765163lcku062t,executive-suite-sarovar-regency-rishikesh,200,true,
room,dwk6ftsftrgzjy32ovdo4jrr,standard-room-sarovar-portico-delhi-aerocity,200,true,
room,oods86r7vx690accv3f5szg3,deluxe-room-sarovar-portico-delhi-aerocity,200,true,
room,avb1rd14wyd0lr72oxl3wpqp,executive-suite-sarovar-portico-delhi-aerocity,200,true,
room,ist9vd85w0imd11llnlyeh3t,standard-room-sarovar-premiere-jaipur-heritage,200,true,
room,vxzgrsw50lnttr6dc19sqmcc,deluxe-room-sarovar-premiere-jaipur-heritage,200,true,
room,cby66izdqb8sodjrrkcgh7vx,executive-suite-sarovar-premiere-jaipur-heritage,200,true,
room,jdmvrj2pifozqbph1kxymhx5,cottage-double-bed-room-with-two-balconies,200,true,
room,sm9d42dk167catfij0h5w2gr,premium-cottage-double-bed-room-with-sit-out-area,200,true,
room,b1w9qxpexw6c87kzodg2dvbw,deluxe-double-bed-room-with-sit-out-area,200,true,
room,e1cirtb7fniav7xhbzdlslqz,premium-double-bed-room-with-private-balcony,200,true,
room,kulliow4p379hvsst4ri0e00,superior-double-bed-room-with-balcony,200,true,
room,gfvoa4owmpt0loxslt4twavu,suites,200,true,
room,rq6jk1uf5toaz6mqykfv7hko,standard-room,200,true,
room,efuvyz9ah5ylga7ti38u071o,superior-rooms,200,true,
room,a7zbw2402ke4ziap4zqdkhvo,executive-rooms,200,true,
room,fllmqrnk8lunqhxlrltlmjjf,friends-family,200,true,
room,h19c9dvxei0fzzb8yz8thlx0,junior-suites,200,true,
room,w7q4ii25f4buzp7axfq8zv3s,superior-rooms,200,true,
room,gpsdasp86p0mclx57myajtcp,suites,200,true,
room,vh83gs0bkj9yvzw45vfhvx5g,superior-rooms,200,true,
room,tpkgvcgg2rjfp4eknc82xzfb,deluxe-room-king-bed,200,true,
room,sw2ydrdznhzerj13yno0ndlj,deluxe-room-twin-bed,200,true,
room,qi5bsytnw9ewooiaybcu3eb5,junior-suite,200,true,
room,wae85x4c232ztgczuqb7u0jh,premium-suite,200,true,
room,fu62vi93sl1bf28enq97nbej,deluxe-rooms-city-view,200,true,
room,fklbkvnolptlix00ln7wmsn6,deluxe-rooms-pool-view,200,true,
room,p6y92vb8oa4nteelkg5di8m1,executive-suites,200,true,
room,rv50k9cz0d28vwedhsse74um,presidential-suites,200,true,
room,q1xfwwlxhfi066vcbkvih1ey,deluxe-double-bed-room,200,true,
room,dxlobnggk4swm99kiw7yoynx,executive-suite,200,true,
room,gra1zmgr5q9nbk02jaqapnhc,standard-double-bed-room,200,true,
room,tf2ngauhyn04vc06gn3nci8g,standard-twin-bed-room,200,true,
room,f5s52293si6dhvd96ukh5x75,superior-double-bed-room,200,true,
room,smfkp3dchlbjmra4zvymbhjb,superior-twin-bed-room,200,true,
room,sbuwh44mtcoumv675ixme6ni,deluxe-room,200,true,
room,l70ujtki16v9j8ywd7lsl991,premiere-king-girnar-view-room,200,true,
room,i4f7c65crggjca7uth6m9m79,suite,200,true,
room,iv1i36ym5y6uzu0v4syucqrl,superior-twin-city-view-room,200,true,
room,kgkyjp8v75n5owfdxf75c39e,deluxe-king-room,200,true,
room,s04t97g5huakyxeyu325g89j,deluxe-twin-room,200,true,
room,ypav48ugk1lof34rjd37v801,executive-double-room,200,true,
room,cpbllks1xd8hbu4oxkjvtbtb,executive-twin-room,200,true,
room,n5vjefnx3f1yr9dukrcfpd02,suite,200,true,
room,mgbzuq4mzy4apzv0tg355ilm,club-rooms,200,true,
room,mfzrgx4848r79zwo89xi3kee,executive-rooms,200,true,
room,d9r9i4olip5h0aox1yumald9,suite,200,true,
room,x0aqtf57334phf6e8w2ox257,deluxe-suites,200,true,
room,s1c3vtvu623bump807dej2gd,executive-suites,200,true,
room,a7pfki01q9rbt4iqhfkk97hj,premium-suite,200,true,
room,kzvmgw908nyxur2lf8kxffad,executive-rooms-double-twin-bed-room,200,true,
room,a260rvl4uqtyi5ut6yalijfo,premium-rooms-double-bed-room,200,true,
room,asm5hic8yt5p6cc5vymxbbm1,suites-double-bed-room,200,true,
room,oldkyn71kdwc2oswxuofxn1s,deluxe-rooms,200,true,
room,ypvpazv6hk5ny84wr82x8ipu,premium-room,200,true,
room,szd1edba201c83g7vc21oqlv,superior-rooms,200,true,
room,xbasz119edmqaah1xz1jkahc,club-double-bed-room,200,true,
room,xbdq69t3naumoce7y22ghqb3,executive-double-bed-room,200,true,
room,ez6i1714karzdguhit5pvgoo,executive-twin-bed-room,200,true,
room,csoawd4g2lng6jol7txlzcig,deluxe-room,200,true,
room,w1t7h62bjmefral883qb1kyo,executive-suites,200,true,
room,wk7cynji8gastsd9ybumplzo,leela-suite,200,true,
room,ws1hsfzigmnd28j2erew7wy2,premium-room,200,true,
room,o5naxus2wjakqpjw9jx7m2cv,deluxe-pool-villa-140-sq-m-1500-sq-ft,200,true,
room,c1prwlvwbtbwquvzq2a3tkxq,estuary-view-32-sq-m-345-sq-ft,200,true,
room,g10777fzgjv60au34bzxnp1f,garden-cottage-32-sq-m-340-sq-ft,200,true,
room,v397m5f8awzqptcyolo3yfi2,garden-view-27-sq-m-290-sq-ft,200,true,
room,yhi41af1jb035bqm8c3piwpu,leisure-villa-43-sq-m-460-sq-ft,200,true,
room,qjn0qulnl0m7hvl6f9e774os,pool-villa-121-sq-m-1300-sq-ft,200,true,
room,hj47hunj9mkpkr0g18gw1pwi,deluxe-double-or-twin-rooms,200,true,
room,n9h5447zs5w3rvannuautzsu,presidential-suite-room,200,true,
room,u3uss7rxasnuscidbxwn8vcx,suite-room,200,true,
room,v7ty3rcipju17qtkk2n40i39,deluxe-suites,200,true,
room,riv4ypt6snsko040dvrxffj6,executive-rooms,200,true,
room,msjm2wayrxs2ul76zb4aneic,premium-room,200,true,
room,nrmocpa1b6vov1oedzitmhi8,presidential-suite,200,true,
room,fwexmemwi1ibi3lmkkyif1yn,superior-double-bed-room,200,true,
room,cy3djjrk96pqbjz8mdzdun5d,superior-twin-bed-room,200,true,
room,sd8bdwr1iz8v3tdft04m80tq,deluxe-double-bed-room,200,true,
room,vpsg1y595nnk5acti26yoi6v,deluxe-twin-bed-room,200,true,
room,hdr8dg2v2gi10zwbbeplirr5,executive-double-bed-room,200,true,
room,ya71nu2icjzpwoba0c36sjn7,suite,200,true,
room,nl5v8wtbeurn56f9qjsx3ssx,club-king-room,200,true,
room,shpv48fntlhebfkf0ax7fvbs,junior-suite,200,true,
room,oxvqo05vbd3q5zk4pkhux4y2,superior-room,200,true,
room,rc5ut9n3q27ozafjwwxhyytl,deluxe-room,200,true,
room,f5ovwfvia15q5ywv64np7nhc,suite,200,true,
room,l3vrnsvigfu6udd32l157bzi,superior-room,200,true,
room,ppbayvtku9j3xohg8e4j6udh,deluxe-double-bedroom,200,true,
room,tftio8ztsco0y4fpx93rf9jj,apartment-double-bedroom,200,true,
room,wfcq5915ekescaivsi0cowdk,imperial-double-bedroom,200,true,
room,qaksmgaagk04qm2fdxk3ykj0,jr-suite-double-bedroom,200,true,
room,imghi70dwa3nzkrvfbxntl21,superior-double-bedroom,200,true,
room,zcqnlocxltsx82op1lrcsb7e,superior-twin-bedroom,200,true,
room,qcmi8haxijqo57wiwkmny9oh,standard-king-rooms,200,true,
room,iu38wdrdrztzmi8vvgmwl4qg,suites,200,true,
room,yu3cv0p4klfmzk71url2zs93,superior-rooms-double-bed,200,true,
room,is93ra8d7ipf6i4pvdg9b2ro,superior-rooms-twin-bed,200,true,
room,xf5dzkktvvg58q7datoq27bw,1-bedroom-pool-villa,200,true,
room,j0qvqxsl42wndj1ci6dc6bcy,1-bedroom-villa,200,true,
room,pyqvfh6szn5h4hj1u54b9anm,2-bedroom-pool-villa,200,true,
room,nb4w5n82zqjxuixrwxasx8wj,2-bedroom-villa,200,true,
room,nb3qh6m5vqpnwzobv9q2bggf,deluxe-room-with-private-balcony,200,true,
room,ss340p64xevisk5unjbw2223,executive-room-with-private-balcony,200,true,
room,hzl4h5vgbcrhdzi5yuizdupq,premium-room-with-private-balcony,200,true,
room,d2emmx0jzadjnpq07ptvaine,presidential-suite-with-infinity-pool,200,true,
room,z6qrpiuqh94c235zxhlmthrc,deluxe-room,200,true,
room,koz85wac9t93kpctgxoozagm,superior-room,200,true,
room,cpfpkg5api7unmvt0lvift6f,executive-room,200,true,
room,ys7odnbqz39akgth4othrkkb,standard-room,200,true,
room,uhsp8hkru5u725f4ppxk06nz,superior-plus-room,200,true,
room,qtuewb2a0jdfockiv6banycq,superior-room,200,true,
room,q2ndqang6upisjhe2sr09fw4,deluxe-rooms,200,true,
room,w6dw5qsegho9bvysfls516cb,deluxe-suites,200,true,
room,j4xkj4zypyx6kcoi4mhws665,junior-suites,200,true,
room,nzi6ldpunbvplojjk73f6eoa,presidential-suite,200,true,
room,o5etmndj0rml04nw2s0lev7j,super-deluxe-rooms-double-bed,200,true,
room,qchgemc7l3yfelph80bisio3,super-deluxe-rooms-twin-beds,200,true,
room,rb9ixlag9d78mnpjx5pz4ng1,deluxe-king-rooms-double-bed,200,true,
room,htwb6oh6eo1didji3g37vshn,deluxe-king-rooms-twin-beds,200,true,
room,s6ex2nqqu7dwi6g45f1x0p6s,deluxe-room-city-facing,200,true,
room,rga3j60z4z900sgpx5dll4p4,deluxe-twin-room-city-facing,200,true,
room,gdxvisjptruvjia7vx536ghi,suite,200,true,
room,c5fn9swd99fzghdzup75lc23,superior-double-room,200,true,
room,esbpwv6mlhy7a67z4c5b5sev,superior-twin-room,200,true,
room,gkpuuu7jmrnilt66b89wl123,club-premium-room,200,true,
room,mjpq8lf7q8fnw0g47xtrmwue,club-room-king-b-wing,200,true,
room,jwutxt26sf7jnj4cze9gu5ab,club-room-twin-b-wing,200,true,
room,fz2b9obwgduir6bueuw228kr,executive-room,200,true,
room,ouj120h15im5lgjg1gdgdv0a,junior-suite,200,true,
room,qoivxg7y5vf7qlm9hxucq6g2,suite,200,true,
room,pgniaomv9sv4hr6lkwss7mgc,deluxe-room-with-pool-view,200,true,
room,h90b54g19strleb9g9brnz0b,executive-room-with-balcony,200,true,
room,wyxwzx5nkiqxoo5l55bi9bld,luxury-suite,200,true,
room,rd5pyabwbw8rzahn42kpn081,premium-suite,200,true,
room,bz2buzgh12sdoyo1p51prnxq,standard-double-room,200,true,
room,nzej65v9nhpnprm4bz2jp6pc,deluxe-rooms,200,true,
room,jsj7s6eayfhmhsv5za18twqx,standard-twin-room,200,true,
room,sr2fya6e1zr6017ggmraequg,executive-suites,200,true,
room,gkqxjkoo816rat9ezzqwfehe,deluxe-rooms-king,200,true,
room,t5v8dqt4o6kobcb2hc3wrazv,premium-rooms,200,true,
room,qqf8w643nifykli4evf6wtk0,deluxe-rooms-twin,200,true,
room,p0z1ahrfwesarshvxiw819pd,suite,200,true,
room,b7l45ozlleyz8itbo9hdpnep,luxury-suite,200,true,
room,dprw0llxy0zic6dmn16rvyae,premium-double-pool-view-room,200,true,
room,rgcxm0kx2maj5cy0jgyd8o2s,standard-double-room,200,true,
room,t6j3jndeqb9a4e0p56aaxd7i,standard-twin-room,200,true,
room,lrpsyybyhp1tzzr5les7ic71,superior-double-room,200,true,
room,vj9sngp9ol0i3nz5h9pluhf0,superior-twin-room,200,true,
room,afsrbnq7f8btadkaqn7yeana,deluxe-double-bed-rooms,200,true,
room,e0ku4umsvqiq46zhphcbios0,premium-rooms-with-balcony,200,true,
room,iiadr7jdadt73lbviqfumkw0,suites,200,true,
room,iy9g5us50atn3hdqeym0i0vi,superior-twin-or-double-bed-rooms,200,true,
room,sc1hyh4lgj1m5l4prpt1vl89,deluxe-double-room-pool-view-with-balcony-happy-hours-inclusion,200,true,
room,ixgccfnkfz75f3vsspfbpcvo,family-suite-pool-view-with-balcony-interconnected-02-bed-rooms-happy-hours-inclusion,200,true,
room,nuxr7x1oo1s2cqyiyz6sv37m,standard-double-room-with-happy-hours,200,true,
room,s9dib4jiouost54byl6ypl38,superior-double-room-partial-pool-view-with-happy-hours,200,true,
room,c0r1opnomeccvlb4tpood7hg,deluxe-room-with-balcony-double-bed,200,true,
room,g9dr9qmbau7ufl344d747e89,deluxe-room-with-balcony-twin-beds,200,true,
room,dpl4ehi9qyzuh9kpbcc8lwzn,executive-room-double-bed,200,true,
room,rda0uttqqloyxrfd6guwexbq,premium-room-with-balcony-double-bed,200,true,
room,wu56225fqwksrphv43f6vbw2,premium-room-with-balcony-twin-bed,200,true,
room,wgijvy0ftys7no71mnrt5bdm,deluxe-room-king-bed,200,true,
room,k432hpbxj9eisr8v3zv0sbgu,deluxe-room-twin-bed,200,true,
room,z5ekuzyusztemogcrxk2jhur,executive-room-king-bed,200,true,
room,syo7bescpf6sh6d65a44mjcy,executive-room-twin-bed,200,true,
room,swk65eafel73skcnxqkoawlr,premium-room-king-bed,200,true,
room,tuk8r11aelq32dsb3d3cikfu,deluxe-room,200,true,
room,vau1r0srsxk5zwqb7ym5gocx,executive-room,200,true,
room,z1xg446uvwnp0xksejx1gj3f,family-room,200,true,
room,yywa0q646j746e9dj3dqagya,royal-suite,200,true,
room,blote0yyn87983nzg7tb6pdz,canal-view-room-double-bed,200,true,
room,tarcess7q8vqv61hgo8yfv1t,canal-view-room-twin-beds,200,true,
room,jxjqao16ync76jorjojg382k,deluxe-room-double-bed,200,true,
room,fmcebzamdp0ud5f2zqi07ll1,deluxe-room-twin-beds,200,true,
room,m03gtftq81275354kc4u4sd5,sea-suite,200,true,
room,ei4daoweeqmetgv97uczltdz,sea-view-room,200,true,
room,jg3ealhcbyiges7wowoft7od,deluxe-room,200,true,
room,trh0j8rvniziob0jh4injfuw,executive-room,200,true,
room,cd4euqfjmwjzg3voy7d3nmil,royal-suite-with-king-size-bed,200,true,
room,jh30wj5e347e1apukjy6cvbr,royal-suite-with-twin-size-bed,200,true,
room,chfhvly5seadyve5mpfc44ra,deluxe-room,200,true,
room,fli3u3usct8qe51eq7rttx1z,family-room,200,true,
room,lz9ynej3hsqd0aj8fn08tw71,deluxe-room-double,200,true,
room,ia6xiprag7tgd5wv413mpjnr,deluxe-room-twin,200,true,
room,earo553h25trwxgo91y16f1z,superior-room-double,200,true,
room,so73o1k7ha0er3hv5zrvgi9r,deluxe-rooms-double-bed,200,true,
room,bm3k2xll099x49dsby8udg0m,deluxe-rooms-twin-beds,200,true,
room,jdpkyve108h1uikqebwzgu87,suites,200,true,
room,ubd6v6o6ymlr9yjei148hihl,deluxe-room-with-balcony,200,true,
room,ykq4c71fjiwbe3m472rtsapq,premium-room-with-balcony,200,true,
room,urn4zco7jilcvv4j4sqgsupy,deluxe-double-room,200,true,
room,o6vgzuh13t49olcvemsmmgl3,deluxe-twin-room,200,true,
room,pvi17u96km5u1kg1yowj6rp9,executive-suite,200,true,
room,lo9521nv350nu9wom24yzfi5,premium-double-room,200,true,
room,da6gb7ambtvyqmu4lnon796u,premium-twin-room,200,true,
room,c70vqbo8o60wjrqbpz0k1ea5,deluxe-rooms,200,true,
room,xp1lqyl8p6e5cngms3jsc7ib,superior-rooms,200,true,
room,ojv406ysi5vq922ltdmknwfv,superior-twin-rooms,200,true,
room,g8wwiavnjspnt70awwzqvtky,suites,200,true,
room,w2tua238sulwrij44iltwsdx,superior-double-rooms,200,true,
room,dqe35g3dgosszn5o9d6i1quo,superior-twin-rooms,200,true,
room,ztx4sekh3beim668aep2cbp3,deluxe-rooms-double-beds,200,true,
room,t8310dlj8ba2to4t1v0tckb1,executive-rooms,200,true,
room,h2a5t0gixmpxb2dw16v1zof9,deluxe-rooms-twin-beds,200,true,
room,ae8oz566kyc2f4luvooe9f3i,suites,200,true,
room,p6u24lmdgwqxsm5kmheaw2pw,superior-rooms-double-beds,200,true,
room,g9iu2kxffrvqlf20jw9dzidw,deluxe-room-with-balcony-double-bed,200,true,
room,gj96gy362ii6q2l1ay6d9tn1,superior-rooms-twin-beds,200,true,
room,u95e9yan1ypgdrm14ss66jtt,deluxe-room-with-balcony-twin-bed,200,true,
room,qv69shtgoy6kxbdsyakfvgxb,junior-suite-pool-view-with-balcony,200,true,
room,pqsycxl1n2dp1vg5214gz226,junior-suite-with-balcony,200,true,
room,seoexfavwo1iu7m7izg0c0ak,deluxe-double-room,200,true,
room,w6scrq1cqq8mqavng9tso4l7,executive-suite,200,true,
room,rejcdwj610vvfz15avatgsbt,premium-twin-room,200,true,
room,cfo365b0qcqowuevmpkx2kj4,deluxe-king-room,200,true,
room,pgvcawhv1ymg06t06hfg3mqs,deluxe-twin-room,200,true,
room,mvat187wfp396ivbkjpueow9,junior-suite,200,true,
room,fdz804w50asto7tpws73wgtt,superior-room,200,true,
room,erze4lhh3l55lh33w0kmqo6s,day-use-room-1100-to-0400-pm,200,true,
room,vtcme52rhqghs3b0uybos5zv,executive-suites,200,true,
room,wj4qzvdgwhrgzj5jh1cz0tiw,premium-room-with-queen-or-twin-bed,200,true,
room,t30rcq9hk8jgw5wf1ad715ic,superior-rooms-with-queen-bed,200,true,
room,gc4rteuu80iicp74gfhwvs7m,superior-rooms-with-twin-bed,200,true,
room,kax4c5neu3mfxjyr1caz1xbp,deluxe-room,200,true,
room,br93wd97gsv7x9gmheeda9px,lagoon-view-room,200,true,
room,mbvc7hpetofelqfmn2gl12bk,lilly-pond-view-room,200,true,
room,eu0ai4zs6sv4n6iva9myhvzj,pool-view-room,200,true,
room,sfy9a3i508pl44t6xbhsekix,deluxe-rooms,200,true,
room,gu3sjyyfvg60ddegvx6i1ne3,luxury-suite-with-balcony,200,true,
room,kz3wizs08x13elk6uqyisix8,penthouse,200,true,
room,ue52gjcdfu0p0rwhfpzxks66,superior-rooms,200,true,
room,gbpo6f3a72lj5aw0jtlt04um,executive-suite-room,200,true,
room,atx5smgunaokvk2jmev9mxup,premium-rooms,200,true,
room,i9wakiw7mlr8e1rbjeuthn3n,presidential-suite,200,true,
room,p9xxotervvuabs4nartpupmd,superior-rooms,200,true,
room,a8nwp501ctrambfp40v4ca4n,deluxe-rooms,200,true,
room,a5vi5h8nip68w1qrjpfslajd,suites,200,true,
room,dd10lcn9pnkvkw6qiercjghv,superior-rooms,200,true,
room,mcnxyjm77nxcs9wbqc20m21m,superior-select-room,200,true,
room,c6vyxpgy3uy0mpan1xblnfsz,deluxe-rooms,200,true,
room,firv4ru4kvcecfw87eugx9w4,valley-view-rooms,200,true,
room,h9ndf235mabof5uawnolgo16,premiere-suite-copy,200,true,
room,dwjf91d7ms5qmjcdiqamaxkk,premier-studio,200,true,
room,su3575ykriozm99tf89hxt0x,premiere-suite,200,true,
room,ehmmdp74p4o7qgphgn4s7tjg,studio-rooms,200,true,
room,js3lcndm9lzbusmzabhnc3s5,suite,200,true,
room,hr997os27nt8c26i8tkso0j4,deluxe-rooms-with-king-bed,200,true,
room,bboxbvoyjibcl2sj3dw23w6i,suite-rooms-with-king-bed,200,true,
room,k3j1ylkxc6q39ksj3lc97gyi,superior-room-with-king-bed,200,true,
room,w0yuskbunuruyx2kz58hrnl7,superior-room-with-twin-bed,200,true,
room,x11larpvbwcvefhy2e3nfzwu,executive-rooms-king-size-bed,200,true,
room,vwxcyz7dcfbqvfsphog8l193,executive-rooms-twin-bed,200,true,
room,hsaw3l6tnhzvl9vb9wgd1vvw,premiere-suites-rooms,200,true,
room,kael03v7d2d787v0a5zumjaa,executive-rooms,200,true,
room,yfo1ji45pfiji9dzzionkckn,suites-1-king-bed,200,true,
room,y9iihny98316yeggnl0u11jl,deluxe-double-rooms,200,true,
room,rzgut7sm3euq8ed9vg4hlyg3,deluxe-twin-bed-room,200,true,
room,jq80zbbnlpl81q5b3om4rccr,premium-twin-room,200,true,
room,rqou0assz7vjmh0eg92kwui4,suite,200,true,
room,yzuie8x91gc1ot80ci7r2uol,deluxe-room-king,200,true,
room,cmz8zotfxbyw46xea8o9uqw1,deluxe-room-twin-beds,200,true,
room,r13306e5z8oytlye2pcpfc4y,premium-room-king,200,true,
room,yuijk1k69rckz1jqovveaa69,premium-room-twin-beds,200,true,
room,k230cxvt7ikog2kutk6b0yut,suites,200,true,
room,m751yqufa6g42c8uqotx54ps,family-suite,200,true,
room,guepyvy0orse3e1q7gg7ljrp,mountain-view-balcony-room,200,true,
room,mvkij8ewgdsjecc0y3x5cq86,mountain-view-suite-with-private-sit-out,200,true,
room,m5afe4yyhfc0ctbvh19rc5ni,premium-room,200,true,
room,rb2lbrsujjgb3ygx53b2klo6,swiss-duplex-cottage-with-private-garden,200,true,
room,satwcc2zn3ku3fbm1crekedp,swiss-duplex-cottage-valley-view,200,true,
room,bdtljvjb1c9ridz2n0dc68yh,villa-room,200,true,
room,vvwi1zdilx41pwlk2e1t7joz,deluxe-suite,200,true,
room,rd2bp40h7joocp5iec20f3ng,executive-suite,200,true,
room,qllwik5edfar7diemeude2en,sea-facing-room,200,true,
room,j6p3m5ey2bvyrlvcx5tk9nhc,special-suite,200,true,
room,p8yysuxs3zfhbl1syot3nqsh,standard-room,200,true,
room,rchqrg1nng1dy243hfj0g996,executive-double-bed-room,200,true,
room,x3v8tthe3sssvjqg4lvpl9r4,standard-deluxe-double-bed-room,200,true,
room,thjmf75py8209d7fb4lq1a4f,suite,200,true,
room,ngllwrb0k8yz7vrw9hmfxlg6,superior-double-bed-room,200,true,
room,fhb1dy81sj4t7rcnty15el6h,superior-twin-bed-room,200,true,
room,macvrm0edok3f95e5fzqav59,deluxe-double-room-with-balcony,200,true,
room,g0vnwkuznhd546yezqtr7y2j,junior-suite,200,true,
room,f0r4jr5jb2pvdn4wr1io2pcb,premium-double-room-with-mountain-view,200,true,
room,im796hnhc3vcciv5vn35zi57,superior-double-room-with-mountain-view,200,true,
room,x6hov0qc4slxmtuw3tr1gek7,deluxe-double-room,200,true,
room,hhgwlcbvkj3249r7s2qaot59,executive-double-room,200,true,
room,azsqy3snt2utgus7oh1o747i,premium-double-room,200,true,
room,pzckso11obazamkebbcgmr0o,presidential-suite,200,true,
room,ncrqry8w4nvjpcxq7toxh52h,superior-double-room,200,true,
room,ba2q3ubyena7vdp2ujbi6y61,superior-twin-room,200,true,
room,cdr3d0rt6gjxezsc37bgwc3e,deluxe-room,200,true,
room,x5atfr32k8nixcx7zkorpfv8,executive-suite,200,true,
room,idj4mys7gqwsot4j1gfga0n3,junior-suite,200,true,
room,lzncymnux2xyqhjvd6zbuu3b,nature-himalayan-rooms,200,true,
room,pt59zgm6yygiln84s625zeue,superior-room,200,true,
room,aagu8017kc1zzqbhzdinbr09,nature-orchid-rooms,200,true,
room,cqta21pw4bnkhmw9kzdq3rkh,suites,200,true,
room,utfqc5eqlhauclqwztv8luqd,deluxe-suite,200,true,
room,o345i8u0ooxfkl1k5msui33z,executive-twin-suite,200,true,
room,h2v8qj3kzssqa14ldpeuabg2,premium-suite,200,true,
room,woi3e8dozou3h7h7x13qqqrj,deluxe-double-bed-room,200,true,
room,hbtdin1hqw27shddpktavnsk,deluxe-twin-bed-room,200,true,
room,zwnn49obew409651s7hpxpoj,junior-suite,200,true,
room,ah4a81402z7rsngapmz901lu,premium-room,200,true,
room,g03od5sxia7acs4b5qi03d3r,deluxe-rooms,200,true,
room,yukk9dnwvjk72ocsv5szpn2q,suites,200,true,
room,fygj9hefp2uca7tv94t76qmr,superior-rooms,200,true,
room,kcrpzrtnvughjj14y1r0yucp,studio-room-city-view,200,true,
room,l0ljwb33ptcc091hbypzxzbo,studio-room-nahargarh-view,200,true,
room,rq7lc35kari5rc7gvvbf5cmq,superior-king-bed-rooms,200,true,
room,audetexw99rrgtczgsjc3co6,superior-twin-bed-room,200,true,
room,jjyclz75v6dagpr0lmxvzixj,club-rooms,200,true,
room,ru8enx38s3kbr0yopycbp3da,superior-rooms,200,true,
room,hvanqfmneatsew9undo09pw8,deluxe-double-deluxe-twin,200,true,
room,nnnqboegf4zyi6inppbltw5q,suite,200,true,
room,a32ppydj0g3pcacrap2xc50h,superior-double-superior-twin,200,true,
room,gilt0ywx46y2751b3nhnce78,deluxe-room,200,true,
room,o5pywkak4fs4j376h8eis933,executive-room,200,true,
room,gx75kdnph7no6vnlw0olk9gu,suite,200,true,
room,abcuur9z566iy6pxncfojacr,superior-room,200,true,
room,z0gonmqbmfc408ce2fmn4nlh,deluxe-room,200,true,
room,vxy8x1d2rjgrlddwy5qoohb1,suites,200,true,
room,g4ux6ui4aib1mhzr06uiiad6,superior-room,200,true,
room,xxjdkekcjngi07yotrcntuio,khandagiri-temple-view-deluxe-double-bed-room,200,true,
room,vq2287a3dx035rmqp7asfxuz,khandagiri-temple-view-deluxe-twin-bed-room,200,true,
room,jxnepw2ng7iz6ntwxvid6g1g,luxury-suite,200,true,
room,nznqghyq5lrr6dub8myrndey,pool-view-premium-double-bed-room,200,true,
room,a2yki0rldbit0ps3iypvpz6k,standard-twin-bed-room,200,true,
room,pd3sg0g10jdb3v1po8g5y5e2,standard-double-bed-room,200,true,
room,b9oteufll90zu1gmofmyhqze,superior-double-bed-room,200,true,
room,mx7fl6bbgs46ctpmfxncosq9,superior-twin-bed-room,200,true,
room,c5ag81qq3ne7q7u23wgifpsq,deluxe-suite-with-balcony,200,true,
room,ofdd785n5g1233q9fs0gvi9s,deluxe-room-with-balcony,200,true,
room,sasngeeld9qejlf01ppaxrrr,family-room,200,true,
room,fk6k6le7db16s0pm0ckncbdd,luxury-suite-with-private-sit-out,200,true,
room,s92gqqebhhhreudyv11udqsq,premium-room-with-private-sit-out,200,true,
room,he3ku2livgo9j2rdib305xrf,panorama-valley-view-with-balcony,200,true,
room,emq2bywm9hmvwc04hpuia55m,premium-valley-view-with-balcony,200,true,
room,iljpyu3y2m6jw0bo50idqmy5,superior-room,200,true,
room,yf2l13gff3tflfseq7ubu6eo,deluxe-double-bed-rooms,200,true,
room,r821k81yma375ocbpgx2fh5c,deluxe-twin-bed-room,200,true,
room,tbm0nz7hq7e8nj64c17xhuoi,executive-rooms,200,true,
room,xsws6sw5kc38o1u24um4l5g5,penthouse,200,true,
room,ro8w5wy63a8i9i5g5ftfyxxq,standard-double-or-twin-room,200,true,
room,u6isp2o89cefmoedx231cceh,suites,200,true,
room,x1jvtxujzzndfzhn8v3a12y9,superior-queen-room,200,true,
room,zt6n9lu160p2iz4ofrb0hi19,superior-twin-bed-room,200,true,
room,n3mjjunub5isxbmppypahwxf,suites,200,true,
room,r3ndhma4innt3iufqkkfkwij,executive-rooms,200,true,
room,nmdxmc6geod8kmacm8gjrg3t,superior-rooms,200,true,
room,mjkeq14fup8p45l4g98zx0hf,club-rooms,200,true,
room,zu7zjpibxde5u23ajzvzse3m,deluxe-rooms,200,true,
room,oe9nna7hossjfipksisbvsk5,premium-room-with-balcony,200,true,
room,c0v8fg5167gzlb0f9v9e10fg,premium-rooms,200,true,
room,ct2fq6az14cpmxm87tx653kz,deluxe-rooms,200,true,
room,tl1ziny7xczsbh8xdsdoyqaq,superior-rooms,200,true,
room,lzhtkdg5wxy2mjdnwuvcgrin,deluxe-rooms,200,true,
room,xmfzndrldu2rzv2e9nelcsm6,standard-rooms,200,true,
room,y4wiu287a3c4wkmrxfwp85xs,executive-double-bed-room,200,true,
room,n9gkva6hybnujedvq4hkjsie,superior-rooms,200,true,
room,r3yk0ois2ddv27rsu28qonl5,premium-double-bed-room,200,true,
room,wq9jd8lbum7x1qvqzbe4kfv2,premium-twin-bed-room,200,true,
room,ppmlfvu3go0vpoj642ozkzh2,suite-double-bed-room,200,true,
room,t1vejl8zotobngxh9q38h8gc,superior-double-bed-room,200,true,
room,sgu2xnsuunoyxkv7e9w1k793,lake-view-deluxe-rooms-with-balcony-breakfast-dinner,200,true,
room,hyzpwijwm4xopw8ah6ma0rbs,lake-view-deluxe-rooms-with-balcony-breakfast,200,true,
room,t4hcghul5ipat79fwxwnseut,lake-view-deluxe-rooms-with-balcony,200,true,
room,mbjcbw1re25nyw3yaipy6vo0,lake-view-family-room-4-pax-room-only,200,true,
room,f9fb12t0epyp5u068nmsar2q,lake-view-family-room-4-pax-with-breakfast-and-dinner,200,true,
room,ay2rdcq513kdps0dgadhwukp,lake-view-family-room-4-pax-with-breakfast,200,true,
room,sdscdpbbn8brjp25p3e1ohh0,lake-view-luxury-rooms-with-balcony-breakfast-and-dinner,200,true,
room,pyit4q1b3r1mk55s43bp6mad,lake-view-luxury-rooms-with-balcony-breakfast,200,true,
room,kwtntdtdreibllrpkrlfsnko,lake-view-luxury-rooms-with-balcony,200,true,
room,h39fo8gyq8gs4pjuvktcfyvh,deluxe-double-rooms,200,true,
room,mdv1z3m0zbpp87drjmxr0wbi,deluxe-twin-room,200,true,
room,kxhwiy90b6d79827kvdawib4,suite-double-room,200,true,
room,rjui4p93vxx8hoth27nb7pe9,suite-twin-room,200,true,
room,q1aqhq1725g7bl8xurd262ls,superior-room,200,true,
room,zgv7ibkix5yv0aixhmu2fyll,deluxe-double-room,200,true,
room,o2mhghch2vjfr0l2gws19tew,executive-double-room,200,true,
room,ro8j8gi6see1mltzwokcy7nl,executive-twin-room,200,true,
room,moc9z3lxjjyegfzlu5qrmm2k,standard-double-room,200,true,
room,rbplmnmknh1qt24gsx00pueh,superior-double-room,200,true,
room,i5mca6nzinfb4n2qqnmcifmf,deluxe-room,200,true,
room,i4w3tyvt00kxowciybas158r,suite,200,true,
room,vzkccp2o9w0r3hrlbc7schw5,superior-rooms,200,true,
room,gx6lmesu2odgp39xiraq93sk,deluxe-double-bed-room,200,true,
room,z4gpvie1mbu4kbjhoz90qwf5,deluxe-twin-bed-room,200,true,
room,b9ti4w2o3ffmd3icm9mmjiu9,executive-suite,200,true,
room,x619lk9jlvmq4nq62hwfwhq4,machan-room,200,true,
room,qwyr55q3dodx12lhnvj83ksc,pool-facing-king-room,200,true,
room,mgu2i8dengbm6o7uhdr80wxf,pool-facing-twin-room,200,true,
room,gnea1k6qwqofes7fo1ofvkrh,pool-villa-king,200,true,
room,cc97oy3ak6xgxafqzzubbtmc,premium-double-bed-room,200,true,
room,gcez7jm8rc0h6ys4kgtt6zqo,premium-twin-bed-room,200,true,
room,o8mtdx4nnpxwpusl8h1zedf6,superior-deluxe-double-bed-room,200,true,
room,k0gh7xp0cstq7x26olmuongb,superior-deluxe-twin-bed-room,200,true,
room,mv7x8tkggxzf8sdwfbljblbm,water-villa,200,true,
room,v66nl1oaouarrz1357gvjmhh,deluxe-double-room-with-mountain-view,200,true,
room,b60gfswv08zgeqd72q196q7q,executive-double-room-with-valley-view,200,true,
room,r9duqhte1tk5b8z3bs36do2h,premium-double-room-with-balcony,200,true,
room,y3wli92dgqq95m98hm7vuqvq,executive-twin-room-with-valley-view,200,true,
room,r0xzhe38m0ui1cezve4w9qjr,presidential-villa,200,true,
room,abx4cg720wpxg355zndrzs4r,superior-double-room-with-valley-view,200,true,
room,c3kwv07cqj77rmtprzmiudg2,superior-twin-room-with-valley-view,200,true,
room,yr5s93v5oclidxt5kc22jlhr,deluxe-double-room,200,true,
room,d88uas32ps8bbuhbnhu02qw9,premium-room,200,true,
room,knpply1itc5t8yliaa4lxx0y,deluxe-twin-room,200,true,
room,tv0sqy81gxtq2wrblekhtqkx,presidential-suite,200,true,
room,volqy0ofjvjbr2ohuuai6uwb,royal-club-room,200,true,
room,vb0yg0j2omsw4tmrva24m03t,deluxe-double-room,200,true,
room,swp0354zpdsm1vjo3k85hk0n,deluxe-twin-room,200,true,
room,jghb8oq6db3sebgnw2soarv5,executive-room,200,true,
room,f1aj36v05ehyt8u6gn27lal9,suite,200,true,
room,dm9p9qcf5gfct61clhchbgbu,executive-suites,200,true,
room,rqxhnagngzbics89s1gjiwl8,junior-suites,200,true,
room,oxenkjb3gu717tkd8x2s7vyu,premium-rooms,200,true,
room,bxve2cfkat52lk9lj5xqhhd0,presidential-suite,200,true,
room,quljsgz19vyqrmdqvn795xzq,superior-rooms,200,true,
room,dk0p89x96wzuv39rmc1it69t,deluxe-rooms,200,true,
room,oii0fufklnj1l9hqlz7f54on,superior-rooms,200,true,
room,nf5gytqod9nnst2t73wjok6e,deluxe-double-bed-rooms,200,true,
room,rqq3s2aq8dvowvu20jwyrb3r,jr-suite,200,true,
room,yqc7bmj5c42xa1jq13nv2xzp,deluxe-twin-bed-room,200,true,
room,ykwvsd0ruwbpbyhorbxf0ywh,premium-room,200,true,
room,l7wcienh5ti1r08j6auy868z,suite,200,true,
room,rwe4ob1rtm1qz6whbsu83o2w,superior-twin-bed-room,200,true,
room,xedxsy54ngy703860pqwzr8s,superior-double-bed-room,200,true,
room,n40qyretsfqx081jc5fg9ftw,deluxe-rooms,200,true,
room,xrfqfwnr8u7923k4och76hw4,suite,200,true,
room,bro5gxo8maqfsuecsyzhrg9a,deluxe-king-room,200,true,
room,wf88nglrrdz8dq6dbggnvq72,deluxe-twin-room,200,true,
room,dlipfq0on7rexmnviafi97ap,executive-king-room,200,true,
room,xxc2r1aznn1lax6dc2qxvs98,executive-twin-room,200,true,
room,qn713cr4otsmda0m4awzfanl,junior-suite,200,true,
room,neiljv7ij7bsprmwge5jlyi5,suite,200,true,
room,rkf3scpvoa6enw0hpk8zwy7k,deluxe-double-bed-room,200,true,
room,oa1shdkr3kqtb908b98k3tq9,deluxe-twin-bed-room,200,true,
room,dxnnjzlo2fzm8agupw3bagan,premium-double-bed-room,200,true,
room,pt7d351eqbhrggu5gf0u7g7m,suite-double-bed-room,200,true,
room,yptbk1hbtu8v697yyk6adgqy,suite-room,200,true,
room,i53t6vsqxmg3m1bk6hgd74pv,superior-double-bed-room,200,true,
room,woyle7byvn660vlmtz6ed12m,superior-twin-bed-room,200,true,
room,xk93ypzsne96s8snod3fnp4c,deluxe-double-bed-room,200,true,
room,k3cah2v9o6d88vzzjn1n962b,deluxe-twin-bed-room,200,true,
room,p6fpf8k1mpxlkumpf3ddhu51,executive-room,200,true,
room,od79lf5tepv19vs79hgv8l1a,studio,200,true,
room,xgxmuioqsghxibsm2j3f4yxd,suite,200,true,
room,hamnd41na5t43l9j2zkaf2gj,deluxe-double-garden-view,200,true,
room,k7wse39wctrensnstlkctn3w,deluxe-twin-garden-view,200,true,
room,sggln1q3wqgryz4pvr5upibq,suite,200,true,
room,qrr8ljf99lnd6gjtillylp73,superior-double-city-view,200,true,
room,k5py9skvlxa5ntwz6bwak9uo,superior-twin-city-view,200,true,
room,h4t9u0dp4fqn6xk2x2beiv5g,premium-rooms,200,true,
room,j371x6z9q3c8se3h4qmez2hz,suite,200,true,
room,iw9mgrx1w9uefzkz6hforq3o,superior-rooms,200,true,
room,t17rr67lvxrs7erlanhasdmy,deluxe-double-bed-room,200,true,
room,wvzdu3zpg42llhyecffeof9o,deluxe-twin-bed-room,200,true,
room,unzob2e8z0uvizgtxo5qqwr2,executive-room,200,true,
room,gegvp1uifsq16z6xm55id3wx,suites,200,true,
room,yh0tp9mjmww981fqv9lpe2ws,deluxe-double-room,200,true,
room,aogzttqixks057r5iym9xgbt,deluxe-twin-room,200,true,
room,u7xl9qk2pau7j2l26m6bqv8f,executive-room,200,true,
room,r5rvlwjaimf9i9xq73ps5nnx,standard-double-bed-room,200,true,
room,dyowcyz8uc3f2jx1dymcy7ei,suite-double-bed-room,200,true,
room,ygacy133vv50jmju497q571h,deluxe-rooms,200,true,
room,z6dt6x22352huq27808ck5y0,executive-suites,200,true,
room,epy2w2rmd04v11y11btdxspi,junior-suites,200,true,
room,ho4aj5ll47cyvgt4ocge8887,premium-double-bed-rooms,200,true,
room,icicyr0imms265obrvnud8a6,premium-twin-bed-rooms,200,true,
room,jpqgtv36yux3tmablbo0n13v,deluxe-rooms,200,true,
room,opehi07k8pgbnleeeemt2q8k,superior-double-bed-rooms,200,true,
room,u2fmwy0xn1wy8pop1nakmans,superior-twin-bed-rooms,200,true,
room,t7iwyzb8ajfmbihumd2fpn0l,deluxe-double-bed,200,true,
room,i5topwc4tvl9xkj60ayoo5sy,deluxe-twin-bed,200,true,
room,hnko3xe61v202zcgaawsem85,executive-suite,200,true,
room,s5vwop96v6xyp09sj5y4fl0i,suite,200,true,
room,cbxypn2fjvmlguwycpdoohgk,executive-room,200,true,
room,h0jd1ywm5t0bck8b5omzcx26,family-suite,200,true,
room,grce91lurqc9j24nmyzr13u3,premier-room,200,true,
room,aql1ra680lt053a4t4dyg340,presidential-suite,200,true,
room,ka0t09imxkywooas8rzcao7h,sarovar-suite,200,true,
room,n0xxkqrp6wmbxqirlixmjlw4,superior-room,200,true,
room,idjviwrqyg4karx4aiw8l3xp,deluxe-king-room,200,true,
room,o9og1iba4kclc1bdwil6jiju,deluxe-suite,200,true,
room,ox2g990etwsroo9efau1w5ge,deluxe-twin-room,200,true,
room,gmey3p62noy7tbq31ekipx90,deluxe-room-double,200,true,
room,c5a5hzcxumyuggwix5lelc35,family-interconnected-room,200,true,
room,vjyt8t6sr8odif39atbkwfk2,premium-king-room,200,true,
room,kiw9ocx5hvovajsk5xkhuef9,premium-twin-room,200,true,
room,ofo5w7slhzj5642v023hqs0h,suite,200,true,
room,j3h9lmkwb5a7buumm1qiipz8,studio-room,200,true,
room,tjqti3t09tow7kzs1k1mc2oq,deluxe-rooms,200,true,
room,tot39bsx21kt4mqi29v6nvbx,executive-rooms,200,true,
room,li0u1vhnrnts343ns62xunl9,superior-rooms,200,true,
room,b5yoi0hukwb43yxtlhloh7qf,deluxe-double-city-view,200,true,
room,jb6sn55dtsd2018s98yqkzcb,deluxe-twin-city-view,200,true,
room,ygyhgzig3ymaeaqirpsbe0wq,premium-double-hill-view,200,true,
room,x6wyviyzwwi10j5tsspjie6u,premium-twin-hill-view,200,true,
room,xaweof0up51g5nsf17mujgc7,standard-double-hill-view,200,true,
room,w9o9v3vj84wgjtbib9hd95aa,suite-hill-view,200,true,
room,iamop5jlyaormwyqu6oyad2h,deluxe-double-bed-room,200,true,
room,y99loymux0eciihr1eyqrb4v,deluxe-twin-bed-room,200,true,
room,kc4v4zo6plz8n6mdd752g3pl,executive-double-bed-room,200,true,
room,a5lck2v5fqfm8d18zzb9wbzt,executive-twin-bed-room,200,true,
room,sixj23tyb8651thmlgb36x7r,junior-suite,200,true,
room,yaqfrtqwol368p159cjn87pt,premium-double-bed-room,200,true,
room,uw47y1tadd4rvh8n8kmxz8j0,premium-twin-bed-room,200,true,
room,vuh9iu2zm2n5qsgvo171tj05,royal-suite,200,true,
room,bl3lzcornqb7dduuuin52osg,deluxe-room,200,true,
room,idzdwz22lvcjyfj8tiz5yshb,executive-suite,200,true,
room,b2t4tmj7s8xzfgqbjakbgidd,deluxe-double-bed-room,200,true,
room,ufunkwabwfiiqclsypw5y2ri,premium-room,200,true,
room,qoh57yjqc1pgz2a8pmgyb318,deluxe-twin-bed-room,200,true,
room,yuraxajw42tctr2w99nfb99b,executive-suite,200,true,
room,thl7l456zgs9jd0jmupjn2k9,junior-suite,200,true,
room,zu7n6kqfrjw6snykoj9m24rn,premium-suite-two-bedroom-suite,200,true,
room,le8r2r1jm020314x8hdujgp9,deluxe-room,200,true,
room,pwhs3fnv4wcx3h2z9fdsxri5,premium-double-room-with-balcony,200,true,
room,wpdz43o5ikoy9sy8oi6m3njl,premium-twin-room-with-balcony,200,true,
room,lhym40fgsdfhutb0den3u5a0,standard-double-room-with-balcony,200,true,
room,na2t4uxb4696mbk4j42dlpmb,standard-twin-room-with-balcony,200,true,
room,hl5w3uk3wz8pqgwcxgwr438p,superior-double-room-with-balcony,200,true,
room,kieilqrjsufcsy8ys0p6snzv,superior-twin-room-with-balcony,200,true,
room,p5x2pabqd88b59d0z5tr4a2q,deluxe-room-double-bed,200,true,
room,ca2lstgypbgu66d29tptaozt,deluxe-room-twin-beds,200,true,
room,e8vpyingy0xo2n6wz86wjb1y,executive-suite,200,true,
room,mr6ezn4s1mlje7cmsqzay5zn,junior-suite,200,true,
room,dknto8382eiuwbf9p2h85hj2,presidential-suite,200,true,
room,rh62cbc2tbp60xej3yujwihz,club-double-bed-rooms,200,true,
room,t124rxb8j2k7dw5w31srevpg,club-twin-bed-rooms,200,true,
room,cmd38k41c2ctl8txutb0jnq5,premier-suite,200,true,
room,tm305kd92p8d7zhzirrfavku,deluxe-double-or-twin-room,200,true,
room,a77yxuu4d3jo5g148clhit80,superior-rooms,200,true,
room,oqeojcoifj4w6ytmwft46fmf,deluxe-twin-room,200,true,
room,dutuan0o1dtp88qs5o1b5qd6,executive-cottage,200,true,
room,idie9e6gdpewznu0cnwb3gu4,honeymoon-cottage,200,true,
room,d06vdwx6eleu3kin1zt4a9qk,executive-room,200,true,
room,xdsru0hw02b179v124kt2n1u,suite,200,true,
room,v4tlr18nzdj9unp2atfr4ruy,deluxe-double-bedroom,200,true,
room,zb7wo6t99rzryfouh86cqajq,deluxe-twin-bedroom,200,true,
room,h0u24nhqypdu6q2qjc2b1sr4,junior-suite,200,true,
room,du6mj1kp2l3q96cw7ldembc2,superior-double-bedroom,200,true,
room,w6ggneid50ml3oesruk3mm7f,superior-twin-2-single-bed,200,true,
room,sbuqhzf6vzuka37vkt7ciec5,deluxe-room-with-king-bed,200,true,
room,z0eexrt6fimsd7hlwjuga786,deluxe-room-with-twin-bed,200,true,
room,vmk4uopfgqrngpdkerm3dfnl,premium-room-with-balcony,200,true,
room,gk90mmln0ug1dz020na3i390,standard-room-with-king-bed,200,true,
room,y5k1pog8kl052cz1oqy7ilxq,standard-room-with-twin-bed,200,true,
room,m6a7wjdtj5v1841y17u338h2,suite,200,true,
room,thxywppbk70ak8q5e8yn3hoq,deluxe-king-rooms-with-balcony,200,true,
room,i6aay4s7zp3qx3wf77d47wr5,deluxe-twin-rooms-with-balcony,200,true,
room,dpztm2lp323se4kntl00hiio,executive-rooms,200,true,
room,w0vxkyqfs8iipf2r58nvgt49,pool-view-rooms,200,true,
room,cpis19uaw5aoxljabhqsa8ba,premium-room,200,true,
room,i6x0cb70ggz2mdz70bzxhx1s,standard-twin-bed-room,200,true,
room,xqg3d629dqc9a7ipc8cdo1y8,standard-double-bed-room,200,true,
room,j0x8rexrsuxe2i7590zsdseg,suites,200,true,
room,touwbu0z646r3s6gimdxh84f,premium-room,200,true,
room,rihrz2bf0sy34izm4ms83108,superior-room,200,true,
room,f0j7t7pm1dzy0htqsan9h0oc,deluxe-double-bed-rooms,200,true,
room,yohbmuj6vu4g7vr3m7ihwdto,deluxe-twin-bed-rooms-two-single-bed,200,true,
room,qwtr3wgwba0gucdd6ilc4ww0,premium-twin-bed-rooms,200,true,
room,i0jfsex8vn66eamhfqpcbkp2,suite,200,true,
room,ez7dylpiv9tx0qym4lzieks2,deluxe-suites,200,true,
room,s1tmxvvf1hl05hrpybj010a6,executive-rooms,200,true,
room,aw4jwo02hqwr74qcq05peq1j,superior-rooms,200,true,
room,bthiu1ywycjs1ku854gyty4f,junior-suites,200,true,
room,dmyfjcl3grrpv034o2a4yo6h,standard-rooms,200,true,
room,lzvzb1gpfzzxzxqmzx6i9fs4,premier-suite,200,true,
room,c4btvw94tnqr6wz1gxvrn3mq,superior-rooms,200,true,
room,h85sf86lyoqw0oy4vhb5550w,executive-rooms-twin-king-bed,200,true,
room,y9uazjhj2j0aj9n17nmd3lrm,deluxe-room-01-double-bed,200,true,
room,dhqi0egf0o94hbfrh2pr20bv,deluxe-room-02-single-beds,200,true,
room,wjx6kltoqyfucoy3qhtcggyo,premium-sea-view-room,200,true,
room,ralhbd1utrfannjrxpwu8qrm,standard-room-sea-view,200,true,
room,osyo1cm7vd0kdw1jw96trery,suite-room,200,true,
room,qcn013kpwtxz5gs8vvufnqmv,superior-room-double-bed,200,true,
room,n60wk0ft84ig1vx34iyhd0ju,superior-room-with-two-single-beds,200,true,
room,peqmc2a8ny5a62oldxr0ez4y,deluxe-double-bed-room,200,true,
room,q7dvlljid7oeo2mwourq1ftu,deluxe-twin-bed-room,200,true,
room,m6maz6p2ihu9i8plqxm927o1,deluxe-double-room-with-balcony,200,true,
room,yi8ahvvthfyzi4nghu59oq7t,executive-double-room-with-balcony,200,true,
room,jo8t4stjq3wwdsigslgjakpd,executive-twin-room-with-balcony,200,true,
room,sw7ja965ddhuqxr96myz1hpq,superior-double-room,200,true,
room,epfe2ijzwkzwl9qb1qc7nun8,superior-twin-room,200,true,
room,g88j2jjs39vxga702xytuc5x,deluxe-rooms-double-beds,200,true,
room,eicogcmdwu15dso8g5hgjloj,deluxe-rooms-twin-beds,200,true,
room,xmsrwtujj7l1r1fo1u34wcfs,royal-suites,200,true,
room,wrr32pifw21dzevxo0essml8,executive-room,200,true,
room,ap8kt417z8os31p5oiwaia3j,suite,200,true,
room,lqplhaxxye9y38ugtw1bjial,deluxe-room-twin-beds,200,true,
room,rar0cprbtgdxhgbs4oaxn52k,deluxe-room-king-size-bed,200,true,
room,bskjzfagzfb42d88xabv92sp,executive-room,200,true,
room,nqcxnz412bwhfp8xhukf1e7t,luxury-suite,200,true,
room,ene4ss5nlwvxcundqvsjh2qv,deluxe-room-large,200,true,
room,pjhwxqo14ft9wqvaj69ylily,deluxe-room-twin,200,true,
room,k0lnky3lx6orxp4fteoad7s4,premium-room-large,200,true,
room,n82m2hydwsijz24erfsj68nk,premium-room-twin,200,true,
room,e6x82ulonv8yc6aa3cj8l73n,deluxe-room,200,true,
room,reseqofu14sjgw3gc3ny4elt,premium-room,200,true,
room,dmd2ncylg5nrmgcmhrme6mip,deluxe-king-room-with-balcony,200,true,
room,wcb7um0zv4cakyb2n9rjfsgl,superior-room,200,true,
room,dg8ofy0gp5ez7olvc2qfipju,deluxe-twin-room-with-balcony,200,true,
room,jwrny5gqqmo26dexlkjw48ll,suite-with-garden-forest-view,200,true,
room,glayz2jxzyha5rkgco5sqzoh,vandhara-presidential-suite,200,true,
room,daqbxd8xnbp9ql7e5hjf1kg1,villa-with-garden-forest-view,200,true,
room,oyn9pmcogfsnhzpiqcqp06n1,villa-with-terrace-mountain-view,200,true,
room,fbn5sqqyxpogj5wyhn3ilmdp,deluxe-twin-room,200,true,
room,bwblabf0p24twp4rfmbgwpye,premium-rooms,200,true,
room,fx12tl4o7yseuesj2moclqcd,superior-room,200,true,
room,vdyr37sflgxwkz5ft8arfesr,deluxe-rooms,200,true,
room,wuxnj7m2jbxkn5bq9uy07iu9,junior-suite-rooms,200,true,
room,nftp06325su8fu6xu9at1uro,superior-rooms,200,true,
room,wp565xo0hkl39zexm6f7g7ic,executive-double,200,true,
room,xcgao5achjtewz3mbojrmo5e,deluxe-twin-pool-facing,200,true,
room,ljja2bxvq3do40bk0o5n0x3i,standard-twin-city-facing,200,true,
room,tjtu0957cm5mrhmpk52lfn77,standard-double-city-facing,200,true,
room,rnu2lshh8s79i3zm2ehfki3q,suite,200,true,
hotel-page,kalwcspm9gfcz33pbsrrjgna,/aditya-hometel-hyderabad/rooms.html,n/a,true,
hotel-page,myj8x9adbr0nqsjmiic950hf,/abn-sarovar-portico-jim-corbett/rooms.html,n/a,true,
hotel-page,noufdks8wq62xdys9qywu81s,/aditya-park-hyderabad/rooms.html,n/a,true,
hotel-page,ew9h5km7avxf7cyu87e1g46t,/ambar-sarovar-portico-gandhidham-hotel/rooms.html,n/a,true,
hotel-page,n2g6c3anyn7yz1bw84rqkvta,/ambrosia-sarovar-portico-haridwar/rooms.html,n/a,true,
hotel-page,gznykz25g6qraihebokw9v6p,/balaji-sarovar-premiere-solapur/rooms.html,n/a,true,
hotel-page,pp8dj466kak4dorvbw2mk4nr,/bamus-sarovar-portico-kampala/rooms.html,n/a,true,
hotel-page,f9moyh1pntwdy1sthi6hh34i,/bellevue-sarovar-premiere-junagadh/rooms.html,n/a,true,
hotel-page,pwx7wv99rjcw2aqs1hrmkedm,/citadel-sarovar-portico-bangalore/rooms.html,n/a,true,
hotel-page,xwdll9fwyzpl1n3icl77zaq1,/classic-sarovar-portico-thiruvananthapuram/rooms.html,n/a,true,
hotel-page,fdvjj0wov628owgtttpy8cbj,/davanam-sarovar-portico-suites-bangalore/rooms.html,n/a,true,
hotel-page,xphmujfa3eui0o7m4jg60iky,/delite-sarovar-portico-faridabad/rooms.html,n/a,true,
hotel-page,tv5jnj6x2txcaybbyy5qr4tr,/deventure-sarovar-portico--kapashera-new-delhi/rooms.html,n/a,true,
hotel-page,mete606pl6l3s471vk6u79wd,/deventure-sarovar-portico-patel-nagar/rooms.html,n/a,true,
hotel-page,je4n0fsbfrqgu1h7adl7ygoh,/efcee-sarovar-portico-bhavnagar/rooms.html,n/a,true,
hotel-page,madjftev58w5jv9qjekns2zd,/estuary-sarovar-Premiere-poovar/rooms.html,n/a,true,
hotel-page,nusbk8nkw9vzff0e2gwfmmk2,/geeta-sarovar-portico-hotels-panipat/rooms.html,n/a,true,
hotel-page,lmvba3shfn7rgesnu8r15bsx,/golden-sarovar-portico-amritsar/rooms.html,n/a,true,
hotel-page,rphjzo33crnsqbvoae6brbtl,/golden-tulip-agra/rooms.html,n/a,true,
hotel-page,d6y2jj5vfj38gqf2na3ew595,/golden-tulip-bdi-club-and-suite-bhiwadi/rooms.html,n/a,true,
hotel-page,n4hdoxgpvzszgze0x3ccrzrz,/golden-tulip-bhopal/rooms.html,n/a,true,
hotel-page,c423fftemj50aepjci08qb4h,/golden-tulip-candolim-goa/rooms.html,n/a,true,
hotel-page,ntpubythw79wvdl74av9l6gk,/golden-tulip-essential-jaipur/rooms.html,n/a,true,
hotel-page,c8mus84a6ztke8hlgb31e0kw,/golden-tulip-goa-mandrem/rooms.html,n/a,true,
hotel-page,e7xax4393m2o2a1juq83agq7,/golden-tulip-goa-vagator/rooms.html,n/a,true,
hotel-page,ws84fujwsrpsm02kw47v9x78,/golden-tulip-hari-nagar/rooms.html,n/a,true,
hotel-page,r4349zenjq9uiupm6zvc5ouh,/golden-tulip-hotel-in-jaipur/rooms.html,n/a,true,
hotel-page,a4eqnaxn69ie6f8v946ymulo,/golden-tulip-jalandhar/rooms.html,n/a,true,
hotel-page,r67sypthaieziu1wzoqaxslt,/golden-tulip-kukas-jaipur/rooms.html,n/a,true,
hotel-page,guudpis60u3y4nrnmy4r3vu8,/golden-tulip-lucknow/rooms.html,n/a,true,
hotel-page,duk19y89sjoyacktv9ixlklj,/golden-tulip-sector-80-gurugram/rooms.html,n/a,true,
hotel-page,z70uqowjz4zv5hi0cy6patjm,/golden-tulip-srinagar/rooms.html,n/a,true,
hotel-page,bnf97vy99fdf3279oho6sr9y,/golden-tulip-tirupati/rooms.html,n/a,true,
hotel-page,d95ymuptof03e9ta0v25f4lt,/golden-tulip-udaipur/rooms.html,n/a,true,
hotel-page,pxz8spv2ceh0o9thhn0v01tf,/golden-tulip/rooms.html,n/a,true,
hotel-page,sg0jwjnwcvleyo5hj089q29f,/grand-continent-anjuna/rooms.html,n/a,true,
hotel-page,vnz8qdgap6nzwoin67ckh1f9,/grand-continent-brookefield-bengaluru/rooms.html,n/a,true,
hotel-page,cvfm0ajg8furt5c8qjeg7dk8,/grand-continent-hebbal-bangalore/rooms.html,n/a,true,
hotel-page,vunfx46f8e2z60e9h7lsq8s9,/grand-continent-mahabalipuram/rooms.html,n/a,true,
hotel-page,t5tqjbuavuya2waq9cf05k3x,/grand-continent-malleshwaram-bangalore/rooms.html,n/a,true,
hotel-page,s7ciev7u59ty3s2h5qqvz2oo,/grand-continent-mysore/rooms.html,n/a,true,
hotel-page,it1cog9yicuxtevjcje6szhp,/grand-continent-secunderabad/rooms.html,n/a,true,
hotel-page,hyygk2ggwokfv3gmj1hhd3qw,/grand-portico-hotel-in-latur/rooms.html,n/a,true,
hotel-page,a68z2edwnz13u3fwp4jpvvmh,/highland-sarovar-portico-sindhudurg/rooms.html,n/a,true,
hotel-page,mh2369dmnlmyv3kapkswp3f0,/hometel-alambagh-lucknow/rooms.html,n/a,true,
hotel-page,jrpgywph9v54ea8swa0g1cf0,/hometel-chandigarh/rooms.html,n/a,true,
hotel-page,k7lt3o31f5n487yekcd1x7vk,/hometel-roorkee/rooms.html,n/a,true,
hotel-page,j0z64iaw3hh8usbkf6zdix6m,/hrj-sarovar-portico-indore/rooms.html,n/a,true,
hotel-page,fy3oqim6vzjsvn3eb4na33cj,/iris-sarovar-portico-gurugram/rooms.html,n/a,true,
hotel-page,coqmami0jw6yacuj62agykyo,/ishaan-sarovar-portico-deoghar/rooms.html,n/a,true,
hotel-page,b2f3x0z3i5mxpqvgnfz6avby,/kpg-sarovar-portico-raj-nagar-extension-ghaziabad/rooms.html,n/a,true,
hotel-page,o0igsr3aqpeadpy2nv4suux2,/la-place-sarovar-portico-lucknow/rooms.html,n/a,true,
hotel-page,doma2odkty3hfbe0xgnwyl30,/lagoon-sarovar-premiere-pondicherry/rooms.html,n/a,true,
hotel-page,q161731nyd1wxrqbbvqqrkgn,/le-lac-sarovar-ranchi/rooms.html,n/a,true,
hotel-page,bplfs9bz57gp3dhnt4ywv9jn,/legend-sarovar-portico/rooms.html,n/a,true,
hotel-page,w5240pqq5jp442itqvtbxwdl,/madhuban-sarovar-portico-mussorie/rooms.html,n/a,true,
hotel-page,dmd2ctwtdlzttbgnvjqjifts,/mahagun-sarovar-portico-suites-vaishali/rooms.html,n/a,true,
hotel-page,i4t7p4cjrc85bjj72fs4oegg,/manjeera-sarovar-premiere-rajahmundry/rooms.html,n/a,true,
hotel-page,p66hzzemfk9vg3xjh6buzi6n,/marasa-sarovar-portico-rajkot/rooms.html,n/a,true,
hotel-page,umxyz7ww6lwto8ku0awzdd0q,/marasa-sarovar-premiere-bodhgaya/rooms.html,n/a,true,
hotel-page,i4ie97wy0aqiqsciw4hqq5o5,/marine-plaza-mumbai/rooms.html,n/a,true,
hotel-page,vn73lbxipvz364j2oyrlk87q,/mj-sarovar-portico-haridwar/rooms.html,n/a,true,
hotel-page,lowpuueyufgcdqr6dimtw0uj,/mountnoor-sarovar-premiere-pahalgam/rooms.html,n/a,true,
hotel-page,tfk4x2cn0awgf155qizua428,/mukundra-sarovar-premiere-kota/rooms.html,n/a,true,
hotel-page,pd840218i4lcftk1eguxb10m,/nataraj-sarovar-portico-jhansi/rooms.html,n/a,true,
hotel-page,yjr9zywpr6gkkj8glw344go2,/naturevilas-portico-manali/rooms.html,n/a,true,
hotel-page,jyn511lrr50ewa8gdx9j48gh,/nidhivan-sarovar-portico-vrindavan/rooms.html,n/a,true,
hotel-page,gjgcmkxfrus79msi56mkmqn3,/nirvana-sarovar-portico-gorakhpur/rooms.html,n/a,true,
hotel-page,qognw8hovyqz4c6vydvef9fd,/nirwana-hometel-jaipur-sarovar/rooms.html,n/a,true,
hotel-page,rjyka79j3jo2w0n5b6xytryh,/paradigm-sarovar-kakinada/rooms.html,n/a,true,
hotel-page,cfmkdvmtrpon5fhv81l1somn,/park-inn-by-radisson-ayodhya/rooms.html,n/a,true,
hotel-page,z5yer5bei5dus0m97nyo8moe,/park-plaza-jalandhar/rooms.html,n/a,true,
hotel-page,uxjbcgat52d7slas0ppevf3h,/park-plaza-jodhpur/rooms.html,n/a,true,
hotel-page,i39m7pdutd91allqsda0gh9o,/prachi-sarovar-premiere-bhubaneswar/rooms.html,n/a,true,
hotel-page,b1m6ph33m5uafjimgl100rf7,/presidium-sarovar-premiere-dalhousie/rooms.html,n/a,true,
hotel-page,qz35eosn9b09rsmechcr4289,/pushkara-portico-hotel-in-dibrugarh/rooms.html,n/a,true,
hotel-page,z7pbfc0zdg69ijtfkdz4kscr,/radha-hometel-bangalore/rooms.html,n/a,true,
hotel-page,n8l33k2bg84kkdt464f991pb,/radha-regent-chennai/rooms.html,n/a,true,
hotel-page,a8h5gxz46ujj242xmlnsy8ia,/rbd-sarovar-portico-outer-ring-road-bengaluru/rooms.html,n/a,true,
hotel-page,mwf047l5idkjilcso8q1xjy9,/residency-sarovar-portico-mumbai/rooms.html,n/a,true,
hotel-page,rvdghbgvbc5npednrq08aupe,/rivera-sarovar-portico-ahmedabad/rooms.html,n/a,true,
hotel-page,cuhrht8v65i8uj6x2ppgvd8x,/riviera-sarovar-portico-pathankot/rooms.html,n/a,true,
hotel-page,mbnzb2ykm9uw5d6k7rlt47i1,/rosefinch-sarovar-portico-bhimtal/rooms.html,n/a,true,
hotel-page,dbnqh3w6q7j5n4hdal6y1ny0,/royal-hometel-suites-dahisar-mumbai/rooms.html,n/a,true,
hotel-page,f76xspm5t6bxbg5wllw02y7n,/royal-kingdom-sarovar-portico-pilibhit/rooms.html,n/a,true,
hotel-page,up1p4xg9f75c0icnlmj26ccv,/royal-sarovar-portico-siliguri/rooms.html,n/a,true,
hotel-page,uds47yqh8xjif3s8lt2p9mdx,/royal-tulip-chitwan/rooms.html,n/a,true,
hotel-page,cbuwnbede9mawtlfomvelxeo,/royal-tulip-kathmandu-shivapuri-national-park/rooms.html,n/a,true,
hotel-page,tfvrgcbwplkv70lac2lefzqo,/royal-tulip-kathmandu/rooms.html,n/a,true,
hotel-page,vgt3nakx8ncvw8j3to8i89au,/royale-sarovar-portico-agra/rooms.html,n/a,true,
hotel-page,k2p86do6nz9x1fzpj99bz8ml,/rs-sarovar-portico-palampur/rooms.html,n/a,true,
hotel-page,b8a4j96vmbzth3bcsj2husdm,/sairafort-sarovar-portico-jaisalmer/rooms.html,n/a,true,
hotel-page,cs23lt673v2dfpo30j03089b,/sarovar-ahmedabad/rooms.html,n/a,true,
hotel-page,sdtd1s9bqxlcrx2djad7dfm3,/sarovar-portico-ajmer/rooms.html,n/a,true,
hotel-page,xth5s4ewi2cr2fb9o22q7qex,/sarovar-portico-badrinath-uttarakhand/rooms.html,n/a,true,
hotel-page,dfapz0975mesa0vtizzqmti4,/sarovar-portico-bhubaneswar/rooms.html,n/a,true,
hotel-page,i80c5230p8ufs91208ycl1vq,/sarovar-portico-birgunj/rooms.html,n/a,true,
hotel-page,p0zkfnbk1n5b9vl7266ac24v,/sarovar-portico-dehradun/rooms.html,n/a,true,
hotel-page,aj1mz4mxu1juaq8zbr37esij,/sarovar-portico-gir/rooms.html,n/a,true,
hotel-page,ffplzgu3fhhwzdzat7w841d1,/sarovar-portico-hanumangarh/rooms.html,n/a,true,
hotel-page,fkqqtv8i2u71liydh2otfpl2,/sarovar-portico-jaipur/rooms.html,n/a,true,
hotel-page,cjmpcsu3lsru8tp652t3ee61,/sarovar-portico-jalandhar/rooms.html,n/a,true,
hotel-page,wfjp73trgdu2o7cxu4lojpcc,/sarovar-portico-kolkata-rajarhat/rooms.html,n/a,true,
hotel-page,oshy97rl1g2xbnsj80t1fot1,/sarovar-portico-morbi/rooms.html,n/a,true,
hotel-page,sul8td9z8ayy7bjappntambs,/sarovar-portico-naraina-new-delhi/rooms.html,n/a,true,
hotel-page,wea0w6yvrgu38vfrilr5wlqt,/sarovar-portico-saharanpur/rooms.html,n/a,true,
hotel-page,c68ya9rjrvl6sh9gbcw6l80n,/sarovar-portico-somnath/rooms.html,n/a,true,
hotel-page,pycg7j23xetst4nebe36bo98,/sarovar-portico-sonipat/rooms.html,n/a,true,
hotel-page,a8ixs11uj18d3446y20xssk5,/sarovar-portico-srinagar/rooms.html,n/a,true,
hotel-page,p9i86v4b9vhywx6xi946tz27,/sarovar-portico-surajkund/rooms.html,n/a,true,
hotel-page,c4i6c4wrhdy82dh65h88axh3,/sarovar-premiere-alwar/rooms.html,n/a,true,
hotel-page,cs6pazyn089xpbawnl488b8b,/sarovar-premiere-amritsar/rooms.html,n/a,true,
hotel-page,emogy7fq7wlgitdjefqj33cv,/sarovar-premiere-jaipur/rooms.html,n/a,true,
hotel-page,leijs521whqzcbni0zngkm82,/sarovar-premiere-srinagar/rooms.html,n/a,true,
hotel-page,x4oy03engkpifta7ofsnekyc,/sea-breeze-sarovar-portico-varca-goa/rooms.html,n/a,true,
hotel-page,lhjpmbrq4ospkovzk3tgedf6,/serene-premiere-hargeisa/rooms.html,n/a,true,
hotel-page,a8l44nwiuq06v7hp2xbsc2hh,/shravanthi-sarovar-portico-bengaluru/rooms.html,n/a,true,
hotel-page,xum50ieytxy9qksvvs09uj5t,/singhania-sarovar-portico-raipur/rooms.html,n/a,true,
hotel-page,et3rm0stk4mpjvb76wgzuk4i,/skywings-sarovar-portico-mathura/rooms.html,n/a,true,
hotel-page,e69rkx8py4mcn8bl20nqhy2u,/sobit-sarovar-portico-palolem-beach-hotel-goa/rooms.html,n/a,true,
hotel-page,unmhq2al8qk2o61w32y8wqhu,/taurus-hotel-mahipalpur-new-delhi/rooms.html,n/a,true,
hotel-page,wbh5o11ndf80217llyitffal,/the-gaurs-sarovar-premiere/rooms.html,n/a,true,
hotel-page,rotivd9sd2spziyxcyrfxd7f,/the-gokulam-park-kochi/rooms.html,n/a,true,
hotel-page,ugw7x6e7w6sax2urux76pc9u,/the-heron-portico-nairobi/rooms.html,n/a,true,
hotel-page,z3drjhtj2yrsyeak9hkhpl8e,/the-muse-sarovar-portico-nehru-place-new-delhi/rooms.html,n/a,true,
hotel-page,pocs71t262vbjs8gq9kg8w84,/the-promenade-pondicherry/rooms.html,n/a,true,
hotel-page,v8258pgya32pj8f460zek8to,/tulip-inn-bhopal/rooms.html,n/a,true,
hotel-page,v9qg29gey98883tvqnvhbaw3,/tulip-inn-gurugram-near-medanta/rooms.html,n/a,true,
hotel-page,aukf3dizs2vmg2c3jehj488b,/tulip-inn-koramangala/rooms.html,n/a,true,
hotel-page,ojwrg5ltchc54fljc0jynrpm,/tulip-inn-shravasti/rooms.html,n/a,true,
hotel-page,a7i1hg11ska9melgj87c1cmf,/tulip-inn-zirakpur/rooms.html,n/a,true,
hotel-page,vridhuto1h4xs65ln2pu00xo,/v-sarovar-portico-mi-road-jaipur/rooms.html,n/a,true,
hotel-page,q9y1up9d5qy8sc13o43upiuh,/vaishnodevi-portico-katra/rooms.html,n/a,true,
hotel-page,ah235fjeaj0s4kj7e79uh95p,/vandhara-sarovar-premiere-patkote/rooms.html,n/a,true,
hotel-page,ur7rexted161d43126bpki25,/venizia-sarovar-portico-in-new-delhi/rooms.html,n/a,true,
hotel-page,fcxlzyyy0try53iqh6ufhhtb,/viraj-sarovar-portico-jammu/rooms.html,n/a,true,
hotel-page,m5p1h7w1oomesvu0krct8e4w,/abn-sarovar-portico-jim-corbett/dining.html,n/a,true,
hotel-page,qt4zk6a0d1iyhy7chheltfhk,/aditya-park-hyderabad/dining.html,n/a,true,
hotel-page,lzohrupc4c06fjh7s725l94w,/ambrosia-sarovar-portico-haridwar/dining.html,n/a,true,
hotel-page,otfvnexgjr85ecytb2xs5go7,/balaji-sarovar-premiere-solapur/dining.html,n/a,true,
hotel-page,luev50qm0203pb0j83jt7xs4,/bamus-sarovar-portico-kampala/dining.html,n/a,true,
hotel-page,ch1d608gp7xsmzx961mwkzzn,/citadel-sarovar-portico-bangalore/dining.html,n/a,true,
hotel-page,b3emffmb0tu7zoirh2mbz6um,/bellevue-sarovar-premiere-junagadh/dining.html,n/a,true,
hotel-page,lyt54i88go46aa9n3cogfwzd,/classic-sarovar-portico-thiruvananthapuram/dining.html,n/a,true,
hotel-page,qf61u4v3g4qcg4dm8sww8rbb,/davanam-sarovar-portico-suites-bangalore/dining.html,n/a,true,
hotel-page,xq82dbqhvv6qqlwifs89p0xg,/deventure-sarovar-portico--kapashera-new-delhi/dining.html,n/a,true,
hotel-page,f5mztrzzmgt1dv2wzupx7cnv,/efcee-sarovar-portico-bhavnagar/dining.html,n/a,true,
hotel-page,fy5vyhym4tk25qug0twyp6z4,/golden-sarovar-portico-amritsar/dining.html,n/a,true,
hotel-page,qotsyh92jcsha8huc112pwye,/golden-tulip-agra/dining.html,n/a,true,
hotel-page,nztb2h89vfrqunqflw1g9r75,/golden-tulip-goa-mandrem/dining.html,n/a,true,
hotel-page,j9474csov4kbngesvs2mx2rj,/golden-tulip-goa-vagator/dining.html,n/a,true,
hotel-page,i28e0q7tilo94p9enr6hld7k,/golden-tulip-hari-nagar/dining.html,n/a,true,
hotel-page,vqe0zxklxnskyoohcqqcmosv,/golden-tulip-jalandhar/dining.html,n/a,true,
hotel-page,maizs4nj20py6ehek4y2ig7e,/golden-tulip-kukas-jaipur/dining.html,n/a,true,
hotel-page,f71n1lc1mv3uvjl897ne3so5,/golden-tulip-lucknow/dining.html,n/a,true,
hotel-page,r6wum15hva887dztkcn4bj76,/golden-tulip-sector-80-gurugram/dining.html,n/a,true,
hotel-page,erh0f5rtjwq7ns6ho2bsh897,/golden-tulip-udaipur/dining.html,n/a,true,
hotel-page,b0j7ra80r5hzawa85yx254u4,/golden-tulip/dining.html,n/a,true,
hotel-page,k8d5anvxy957boujgkumojrj,/grand-continent-hebbal-bangalore/dining.html,n/a,true,
hotel-page,fu32ydbfvuhqyzem4ry2fu8e,/grand-continent-mahabalipuram/dining.html,n/a,true,
hotel-page,vs20kbelijqh9w5la18ufher,/grand-continent-secunderabad/dining.html,n/a,true,
hotel-page,tkcfrvnlnb0nsytr1umzz71p,/grand-portico-hotel-in-latur/dining.html,n/a,true,
hotel-page,bi1aadsthabyv8zedk1c4b0h,/hometel-alambagh-lucknow/dining.html,n/a,true,
hotel-page,nzm3eg7hqhp8l05zcrqq3gth,/hometel-chandigarh/dining.html,n/a,true,
hotel-page,hfo57vtph9mymjk320dgnw3w,/hometel-roorkee/dining.html,n/a,true,
hotel-page,prxa8ofdjynb3rrmtdo0wwun,/hrj-sarovar-portico-indore/dining.html,n/a,true,
hotel-page,ukua7ov4vtlrmtc1mdwpwru5,/iris-sarovar-portico-gurugram/dining.html,n/a,true,
hotel-page,ju41hn8l64q4m0fvi3tng6no,/ishaan-sarovar-portico-deoghar/dining.html,n/a,true,
hotel-page,sr262dk5n26mubcje9vo6844,/kpg-sarovar-portico-raj-nagar-extension-ghaziabad/dining.html,n/a,true,
hotel-page,rhem1hot7v9kmmn7iyvv897v,/la-place-sarovar-portico-lucknow/dining.html,n/a,true,
hotel-page,yhtdf2de25erzuwhr0pnshxe,/lagoon-sarovar-premiere-pondicherry/dining.html,n/a,true,
hotel-page,kao9y2wni9la6n46ehmhnk01,/le-dupleix-pondicherry/dining.html,n/a,true,
hotel-page,v6jxxfuzvo46hclstil8kn31,/le-lac-sarovar-ranchi/dining.html,n/a,true,
hotel-page,bqrykxdqiv88iefqgt81wi2c,/legend-sarovar-portico/dining.html,n/a,true,
hotel-page,tkfokhxzjshhely5q3qiwc4s,/madhuban-sarovar-portico-mussorie/dining.html,n/a,true,
hotel-page,i46ouzv1ppleko803dfarmzy,/mahagun-sarovar-portico-suites-vaishali/dining.html,n/a,true,
hotel-page,wl4flq13q0kstotms13c2ahc,/manjeera-sarovar-premiere-rajahmundry/dining.html,n/a,true,
hotel-page,lvewxd0zgukrnbdjwrire5bl,/marasa-sarovar-portico-rajkot/dining.html,n/a,true,
hotel-page,xky24xmwfne8sh2181pzzodr,/grand-continent-hosur/rooms.html,n/a,true,
hotel-page,v0auhgdls216iicbsgbemu7g,/le-dupleix-pondicherry/rooms.html,n/a,true,
hotel-page,vktap15tjrlgrbpmjvjnw5zv,/marasa-sarovar-premiere-tirupati-hotels/rooms.html,n/a,true,
hotel-page,s3hr5jk7ypwvjyp6erdw51c1,/majestic-court-sarovar-portico-navi-mumbai/rooms.html,n/a,true,
hotel-page,zvbjxlsldhwx2sb6riccrm4x,/marigold-sarovar-portico-mashobra-shimla/rooms.html,n/a,true,
hotel-page,s55ubrdnxg7llis9bhqmyfbp,/neelkanth-sarovar-premiere-lusaka/rooms.html,n/a,true,
hotel-page,dsmvhkbfclh0or3t0kkzxwrh,/sarovar-portico-sriperumbudur/rooms.html,n/a,true,
hotel-page,yi6tuomng9yrkjd2egondbs9,/shyama-sarovar-portico-orai/rooms.html,n/a,true,
hotel-page,njloabfqbr1p8ttynuh65b4q,/the-ashtan-sarovar-portico-new-delhi/rooms.html,n/a,true,
hotel-page,anae9n7tkl0ce5y845kn863s,/golden-tulip-srinagar/dining.html,n/a,true,
hotel-page,w8vepexazrjhop2xi3wom1kp,/marasa-sarovar-premiere-bodhgaya/dining.html,n/a,true,
hotel-page,jy3dstp9mc6g8krvozx53jm2,/marasa-sarovar-premiere-tirupati-hotels/dining.html,n/a,true,
hotel-page,i6za92woqi3clluw0ceoa1i2,/marine-plaza-mumbai/dining.html,n/a,true,
hotel-page,wv1ibh9tqlmn5ipu8d5pcxnu,/mountnoor-sarovar-premiere-pahalgam/dining.html,n/a,true,
hotel-page,qaewljlgneklnoala12q0u9i,/mukundra-sarovar-premiere-kota/dining.html,n/a,true,
hotel-page,cn63d53zryhyd7g2wr5rbwxd,/nataraj-sarovar-portico-jhansi/dining.html,n/a,true,
hotel-page,ejshklfcd1g202j0mwayqdng,/neelkanth-sarovar-premiere-lusaka/dining.html,n/a,true,
hotel-page,osrtsqv8ex0bsikhfecd1rtu,/nirwana-hometel-jaipur-sarovar/dining.html,n/a,true,
hotel-page,vvdb7ricz6n19lrslzac36la,/paradigm-sarovar-kakinada/dining.html,n/a,true,
hotel-page,vdfyoxszr71v2bwj7tql4jlq,/park-inn-by-radisson-ayodhya/dining.html,n/a,true,
hotel-page,iqlwthb4hz3zk42eovfm75xq,/park-inn-gurgaon/dining.html,n/a,true,
hotel-page,c6fcatr21brtmamwrkqt4q2z,/Park-Inn-Radisson-Goa-Candolim/dining.html,n/a,true,
hotel-page,pnof1wqwb4kkb1xksl9da0b5,/park-plaza-faridabad/dining.html,n/a,true,
hotel-page,sv7iv9plp8uqx3qzudoq58b9,/park-plaza-jalandhar/dining.html,n/a,true,
hotel-page,h5dg5cv8xi65oni2tmeaiwle,/park-plaza-jodhpur/dining.html,n/a,true,
hotel-page,sfjrz4pknpwc5oensodr0az0,/park-plaza-ludhiana/dining.html,n/a,true,
hotel-page,pd09gkjq5js8wp9pglr5wyka,/park-plaza-shahadra--east-delhi/dining.html,n/a,true,
hotel-page,l4llk1wnve6v3rvqrnyq9cht,/park-plaza-zirakpur/dining.html,n/a,true,
hotel-page,u3rflk6mq0dwzz6v7aky8cf3,/prachi-sarovar-premiere-bhubaneswar/dining.html,n/a,true,
hotel-page,fxbsf6frfb13686dxaithzmv,/presidium-sarovar-premiere-dalhousie/dining.html,n/a,true,
hotel-page,h3pbzk3qbob737s7zaw2w9vv,/pushkara-portico-hotel-in-dibrugarh/dining.html,n/a,true,
hotel-page,p0y8ph8d5d83tiwtt6yyxwhg,/radha-hometel-bangalore/dining.html,n/a,true,
hotel-page,i779jaccllhi2cjip1e23vx2,/radha-regent-chennai/dining.html,n/a,true,
hotel-page,rej0m2jn9x0tt5curx27bmwg,/radisson-blu--bengaluru-outer-ring-road/dining.html,n/a,true,
hotel-page,o3l73i2npcw9emfch91cf68p,/radisson-hyderabad--hitec/dining.html,n/a,true,
hotel-page,gtkopoedlk3sg5dqi5nxbrot,/radisson-mumbai-goregaon/dining.html,n/a,true,
hotel-page,e12m8jvwp9v03b3cqx5v1ptw,/rivera-sarovar-portico-ahmedabad/dining.html,n/a,true,
hotel-page,ui725mmry6mzbxwp9xhow3al,/riviera-sarovar-portico-pathankot/dining.html,n/a,true,
hotel-page,rr3jm24f68fsgaw0j0hpmc3a,/rosefinch-sarovar-portico-bhimtal/dining.html,n/a,true,
hotel-page,f1otuto9z04f8rngznxpzd5c,/royal-hometel-suites-dahisar-mumbai/dining.html,n/a,true,
hotel-page,rgltsqgvke7jukevhmbjue7m,/royal-sarovar-portico-siliguri/dining.html,n/a,true,
hotel-page,fpxodacdf4ejl48luedrlej3,/royal-tulip-chitwan/dining.html,n/a,true,
hotel-page,uxi6igts8oky6mein3bai71a,/royal-tulip-kathmandu-shivapuri-national-park/dining.html,n/a,true,
hotel-page,zh5kvllx3mlws3xa5nc5i8gr,/royal-tulip-kathmandu/dining.html,n/a,true,
hotel-page,ec8m9ezfxgowljhruw1dx5cc,/royale-sarovar-portico-agra/dining.html,n/a,true,
hotel-page,sl3crjyidghfp2qfu3y5btzy,/rs-sarovar-portico-palampur/dining.html,n/a,true,
hotel-page,bsl9t1e407kcy5lsfk4foqhl,/sarovar-portico-badrinath-uttarakhand/dining.html,n/a,true,
hotel-page,i47tn474tuz0vxxt6u8ihmjr,/sarovar-portico-bhubaneswar/dining.html,n/a,true,
hotel-page,ykimxr8anba7q8fa3dwr4n0q,/sarovar-portico-hanumangarh/dining.html,n/a,true,
hotel-page,tsfozv5dwpz7e4sv5eub1psq,/sarovar-portico-jaipur/dining.html,n/a,true,
hotel-page,cox7qejyeqa9hmmn3qkvyfvc,/sarovar-portico-jalandhar/dining.html,n/a,true,
hotel-page,rizt3rdeb6gettn74uvbsdt2,/sarovar-portico-saharanpur/dining.html,n/a,true,
hotel-page,e16u97nht1v2zysl00vidr4y,/sarovar-portico-somnath/dining.html,n/a,true,
hotel-page,m04p4xb3j1z740ujq86pmxps,/sarovar-portico-sonipat/dining.html,n/a,true,
hotel-page,egj2uwmcygq2sqjy0jauwzxq,/sarovar-portico-srinagar/dining.html,n/a,true,
hotel-page,oito1gb5zkulmox0rib7pgxn,/sarovar-portico-sriperumbudur/dining.html,n/a,true,
hotel-page,uhlario8jkrjokf115p25csc,/sarovar-portico-surajkund/dining.html,n/a,true,
hotel-page,hlwp6hs8jneoq2d5rnbgfn36,/sarovar-premiere-alwar/dining.html,n/a,true,
hotel-page,enryipp55fcajq5lr9juvq4w,/sarovar-premiere-jaipur/dining.html,n/a,true,
hotel-page,amgg38pmpfoj3fegzx0nootj,/serene-premiere-hargeisa/dining.html,n/a,true,
hotel-page,me5rc20ym7vuncsigob3rxev,/shravanthi-sarovar-portico-bengaluru/dining.html,n/a,true,
hotel-page,vvyw7ol27tgqcm60j8e8x411,/tulip-inn-shravasti/dining.html,n/a,true,
hotel-page,lv2fiqy122jc5qo2198snjgq,/v-sarovar-portico-mi-road-jaipur/dining.html,n/a,true,
hotel-page,wdiq7yzsrhxzsgnw2xdf8ple,/vandhara-sarovar-premiere-patkote/dining.html,n/a,true,
hotel-page,r2fai876tomubxnn6wkv7pvj,/marigold-sarovar-portico-mashobra-shimla/dining.html,n/a,true,
hotel-page,uja40o4m4ib5few0y83wtebx,/skywings-sarovar-portico-mathura/dining.html,n/a,true,
hotel-page,kfxdzhc3bhdakxmp1g3s1rpv,/singhania-sarovar-portico-raipur/dining.html,n/a,true,
hotel-page,pi6u06tu8sm7hy3e355gwray,/taurus-hotel-mahipalpur-new-delhi/dining.html,n/a,true,
hotel-page,jb15tmh27ot7s53nz2k2zcn2,/the-gaurs-sarovar-premiere/dining.html,n/a,true,
hotel-page,cc17eimup3p9jiktvu893qvh,/the-gokulam-park-kochi/dining.html,n/a,true,
hotel-page,czq19zm8crbrb0emeyehpx7s,/the-heron-portico-nairobi/dining.html,n/a,true,
hotel-page,pdrky5gtvy2x57si81fhdj4x,/the-promenade-pondicherry/dining.html,n/a,true,
hotel-page,bjd4puppp14u6b1rvri68xjl,/tulip-inn-bhopal/dining.html,n/a,true,
hotel-page,tsc3fwz773jd223cinbnov9r,/tulip-inn-gurugram-near-medanta/dining.html,n/a,true,
hotel-page,v0utqygjzslqtjehah7os799,/tulip-inn-koramangala/dining.html,n/a,true,
hotel-page,ou2201xa17hxl44gld8oekp6,/abn-sarovar-portico-jim-corbett/banquets-conferences.html,n/a,true,
hotel-page,qgxw9n75sbt4gm2uzoedfqli,/bamus-sarovar-portico-kampala/banquets-conferences.html,n/a,true,
hotel-page,kzgzsqks5gbdy9v6qmla4jh9,/estuary-sarovar-Premiere-poovar/conferences.html,n/a,true,
hotel-page,emsyzzxgfg9wpv2uyhr9v95w,/geeta-sarovar-portico-hotels-panipat/meetings-events.html,n/a,true,
hotel-page,ts2qr5ytmw4mtpdn9fx4zegn,/golden-tulip-agra/banquets-conferences.html,n/a,true,
hotel-page,vu4ed7ahtckd3f3rm89y2i9h,/golden-tulip-candolim-goa/banquets-conferences.html,n/a,true,
hotel-page,e1qxrja46uqtkwdevfy25wwp,/golden-tulip-hari-nagar/meetings-events.html,n/a,true,
hotel-page,no33lb7be8zoyd8tohillw1o,/golden-tulip-hotel-in-jaipur/meetings-events.html,n/a,true,
hotel-page,yrbkda2dw4wl5o2c4vta4wt3,/golden-tulip-jalandhar/meetings-events.html,n/a,true,
hotel-page,ouytoqmrldh1ekifvssl5x5c,/golden-tulip-kukas-jaipur/banquets-conferences.html,n/a,true,
hotel-page,yvy11nn6uagtf9iytkrp3n51,/golden-tulip-udaipur/banquets-conferences.html,n/a,true,
hotel-page,b46vmufpvnypqxvpckpr1f4e,/grand-continent-mahabalipuram/banquets-conferences.html,n/a,true,
hotel-page,w9uif2xa2dlzbrkg4m2z1pu1,/grand-continent-secunderabad/banquets-conferences.html,n/a,true,
hotel-page,hau7pklscj13b2wso9ih24it,/hometel-alambagh-lucknow/meetings-events.html,n/a,true,
hotel-page,r2q11nqz4u722jngfd2nhd0h,/ishaan-sarovar-portico-deoghar/banquets-conferences.html,n/a,true,
hotel-page,fcpkijyqhpw0h3xnt0j498kw,/kpg-sarovar-portico-raj-nagar-extension-ghaziabad/banquets-conferences.html,n/a,true,
hotel-page,uw99yrbaacf7c925p1y74ti8,/mj-sarovar-portico-haridwar/banquets-conferences.html,n/a,true,
hotel-page,r1x1p6kvaz0kvqfp4x3vow3i,/mukundra-sarovar-premiere-kota/banquets-conferences.html,n/a,true,
hotel-page,csemz078waf7ylddj204fr04,/park-inn-by-radisson-ayodhya/meetings-events.html,n/a,true,
hotel-page,uqlp3tdpqjemvn91as4v6ruv,/park-plaza-jalandhar/banquets-conferences.html,n/a,true,
hotel-page,qtvsfqplemddchuxp0viq2zq,/prachi-sarovar-premiere-bhubaneswar/banquets-conferences.html,n/a,true,
hotel-page,b4gmsjzzioqwcet28gz1wdpl,/riviera-sarovar-portico-pathankot/banquets-conferences.html,n/a,true,
hotel-page,jjx8g7y2rdkbdq75dqxfa4xb,/royal-tulip-chitwan/banquets-conferences.html,n/a,true,
hotel-page,j4xmd7gmp77gsqdeso3i4wwr,/royal-tulip-kathmandu-shivapuri-national-park/banquets-conferences.html,n/a,true,
hotel-page,vvslyvw5s81ouo6k04ifygfd,/royal-tulip-kathmandu/banquets-conferences.html,n/a,true,
hotel-page,btlhuhc003vu31nalcxborg9,/sairafort-sarovar-portico-jaisalmer/banquets-conferences.html,n/a,true,
hotel-page,you14vvlo3pcvjn2277eepga,/sarovar-portico-ajmer/banquets-conferences.html,n/a,true,
hotel-page,k6j2xv3wq96qsplfjaspy0xu,/sarovar-portico-bhubaneswar/banquets-conferences.html,n/a,true,
hotel-page,r0xhql73iowdo6mxlv07kvax,/sarovar-portico-hanumangarh/banquets-conferences.html,n/a,true,
hotel-page,e7x2woumw2rp0evua9mjpnnz,/sarovar-portico-saharanpur/banquets-conferences.html,n/a,true,
hotel-page,i12562wmk87scfgc1ympnoyo,/sarovar-portico-sonipat/meetings-events.html,n/a,true,
hotel-page,k575a9kolirlnye6uqwy165u,/sarovar-portico-sriperumbudur/banquets-conferences.html,n/a,true,
hotel-page,zrwcz6yvxulibs8d2p06hq14,/sarovar-premiere-alwar/banquets-conferences.html,n/a,true,
hotel-page,itc10z76hzr9f12233ayvmh9,/sarovar-premiere-amritsar/banquets-conferences.html,n/a,true,
hotel-page,nafi35k33xpl8q8v7ibkjr38,/serene-premiere-hargeisa/banquets-conferences.html,n/a,true,
hotel-page,sf16c5ei84jp56zfeic2q221,/shyama-sarovar-portico-orai/meetings-events.html,n/a,true,
hotel-page,kdtg08x3a2tb774g3wm7tf93,/skywings-sarovar-portico-mathura/banquets-conferences.html,n/a,true,
hotel-page,cs7fls409cnozdmvrw16ddiu,/tulip-inn-bhopal/banquets-conferences.html,n/a,true,
hotel-page,gu0kg220nxowx4b8l1b4siy6,/tulip-inn-gurugram-near-medanta/banquets-conferences.html,n/a,true,
hotel-page,nxzhm2uoq9j0rjfm70rpf0o8,/tulip-inn-shravasti/meetings-events.html,n/a,true,
hotel-page,zpq1zdm9l9qzd4740ccf2xx8,/tulip-inn-zirakpur/banquets-conferences.html,n/a,true,
hotel-page,n9xgzdta80807phkbi5o76mp,/v-sarovar-portico-mi-road-jaipur/banquets-conferences.html,n/a,true,
hotel-page,y9r6bgmacikmswdmywmun23v,/vandhara-sarovar-premiere-patkote/banquets-conferences.html,n/a,true,
hotel-page,cydk4c493b3qh9bjahsdv12y,/abn-sarovar-portico-jim-corbett/location.html,n/a,true,
hotel-page,ebe8z2x0dzdxmim583z704um,/aditya-hometel-hyderabad/location.html,n/a,true,
hotel-page,v0c931tce3zay17urv5r2hiw,/aditya-park-hyderabad/location.html,n/a,true,
hotel-page,gj4z71ykzv7e7nrejwuczhzx,/ambar-sarovar-portico-gandhidham-hotel/location.html,n/a,true,
hotel-page,it560ibs4ecjdlip458v904n,/ambrosia-sarovar-portico-haridwar/location.html,n/a,true,
hotel-page,ercr37ca5uvmfho5guxepfzj,/bamus-sarovar-portico-kampala/location.html,n/a,true,
hotel-page,qg8o4ukwzw6w4t6433h6haz0,/balaji-sarovar-premiere-solapur/location.html,n/a,true,
hotel-page,brdojyjlfy3ig47ub2bwcg0t,/bellevue-sarovar-premiere-junagadh/location.html,n/a,true,
hotel-page,ojtj6svoxfhoi9r8hfhiqqan,/citadel-sarovar-portico-bangalore/location.html,n/a,true,
hotel-page,tqo3egf9bgcw3s34nok57kv6,/classic-sarovar-portico-thiruvananthapuram/location.html,n/a,true,
hotel-page,qrvz8enwdp1m9thulrhea9ug,/davanam-sarovar-portico-suites-bangalore/location.html,n/a,true,
hotel-page,dy0bhyv6br8jq6xohr8w6oi2,/delite-sarovar-portico-faridabad/location.html,n/a,true,
hotel-page,vhk60a3exxwt38702rsqqjbr,/deventure-sarovar-portico--kapashera-new-delhi/location.html,n/a,true,
hotel-page,qqtyftvaaysqsf150302v3p8,/deventure-sarovar-portico-patel-nagar/location.html,n/a,true,
hotel-page,wr803e5kypvq66oqxaazgnn9,/efcee-sarovar-portico-bhavnagar/location.html,n/a,true,
hotel-page,wvg5heqzaztlxyaqgjejyk88,/estuary-sarovar-Premiere-poovar/location.html,n/a,true,
hotel-page,ty71ytavunujthjgthey1cnq,/geeta-sarovar-portico-hotels-panipat/location.html,n/a,true,
hotel-page,drwpha6arlkwgseffomct6qh,/golden-sarovar-portico-amritsar/location.html,n/a,true,
hotel-page,hjmjbaa5ergh1sf8ytop8q7v,/golden-tulip-agra/location.html,n/a,true,
hotel-page,uyocokp006cgj4xxoh18diat,/golden-tulip-bhopal/location.html,n/a,true,
hotel-page,zzm9yzmg29g7yykhq5lcevyg,/golden-tulip-bdi-club-and-suite-bhiwadi/location.html,n/a,true,
hotel-page,xhheqf819cvsnjnj076d5i8z,/golden-tulip-candolim-goa/location.html,n/a,true,
hotel-page,ybhj343s46c8didw24qqn1fc,/golden-tulip-essential-jaipur/location.html,n/a,true,
hotel-page,zjae0c8vs1izr6496jge79o0,/golden-tulip-goa-mandrem/location.html,n/a,true,
hotel-page,dx6isv6uahzyvou1y6u6rvpp,/golden-tulip-goa-vagator/location.html,n/a,true,
hotel-page,ftsli4seqho3zygh2k9zd70h,/golden-tulip-hari-nagar/location.html,n/a,true,
hotel-page,gr2ymm38rlu86f0geed7iww2,/golden-tulip-hotel-in-jaipur/location.html,n/a,true,
hotel-page,gxuzvfemkrwcasa744g6hkw7,/golden-tulip-jalandhar/location.html,n/a,true,
hotel-page,u4j0q8135j571yovzlysawd4,/golden-tulip-kukas-jaipur/location.html,n/a,true,
hotel-page,j9tatc03dtmunph0ic15o95q,/golden-tulip-lucknow/location.html,n/a,true,
hotel-page,tu2ipl830yl4bcoua20tqr25,/golden-tulip-sector-80-gurugram/location.html,n/a,true,
hotel-page,wcyoma85ucqyt5vuednoji4u,/golden-tulip-srinagar/location.html,n/a,true,
hotel-page,pwbz664zilfdafdxpdbctcr6,/golden-tulip-tirupati/location.html,n/a,true,
hotel-page,an5ys0bej5x5ib35o24cpeyn,/golden-tulip-udaipur/location.html,n/a,true,
hotel-page,ulr51bts46gv1a3dw6bmodcc,/golden-tulip/location.html,n/a,true,
hotel-page,xb4p5eh71ubuuhqaruvby6pm,/grand-continent-anjuna/location.html,n/a,true,
hotel-page,z2iw4glipja3dg7gncxd7qky,/grand-continent-brookefield-bengaluru/location.html,n/a,true,
hotel-page,if4ua82c0m3yrrvd7bjrjgp3,/grand-continent-hebbal-bangalore/location.html,n/a,true,
hotel-page,gywgqwyrx17n2rcub2g3gb86,/grand-continent-hosur/location.html,n/a,true,
hotel-page,kguxjo1ounyk0pim2k09r56o,/grand-continent-mahabalipuram/location.html,n/a,true,
hotel-page,mzirjb0ohxj6dk5cfa3gi2qc,/grand-continent-malleshwaram-bangalore/location.html,n/a,true,
hotel-page,am2nvh1wmrnqzaj8agu1r0mk,/grand-continent-mysore/location.html,n/a,true,
hotel-page,n7gbnlrgc47lp456x3229fbz,/grand-continent-secunderabad/location.html,n/a,true,
hotel-page,b6s4olfh2d99uszviehfrmv3,/grand-portico-hotel-in-latur/location.html,n/a,true,
hotel-page,xpgxtimveqxgrqhg9xyimeim,/highland-sarovar-portico-sindhudurg/location.html,n/a,true,
hotel-page,h41o6e999iudncbk3t670279,/hometel-alambagh-lucknow/location.html,n/a,true,
hotel-page,q9unv2kf8p4tk1wu3rg8mqt7,/hometel-chandigarh/location.html,n/a,true,
hotel-page,pcxldsz6hkrofijskylbxqg2,/hometel-roorkee/location.html,n/a,true,
hotel-page,ca1iewn7gc17jap9l5qpv2mq,/hrj-sarovar-portico-indore/location.html,n/a,true,
hotel-page,i2r1w8daiuzlliyw81l2owus,/iris-sarovar-portico-gurugram/location.html,n/a,true,
hotel-page,zyfgdxgmf18fuoy392g0ojng,/ishaan-sarovar-portico-deoghar/location.html,n/a,true,
hotel-page,r61yskjth894rv10o38mjm7m,/kpg-sarovar-portico-raj-nagar-extension-ghaziabad/location.html,n/a,true,
hotel-page,wviwyhz5t933c40vkn21j30i,/la-place-sarovar-portico-lucknow/location.html,n/a,true,
hotel-page,xwix2fsdst41gzyisoxir4c3,/lagoon-sarovar-premiere-pondicherry/location.html,n/a,true,
hotel-page,wlw1xd7cabekk39leqbsc6ui,/le-dupleix-pondicherry/location.html,n/a,true,
hotel-page,irb54ecv7b4i2fpx2kyjk7c1,/le-lac-sarovar-ranchi/location.html,n/a,true,
hotel-page,ccyrt8dhes512bsvafq6tkil,/legend-sarovar-portico/location.html,n/a,true,
hotel-page,tbi4y4mu9wazj8te43zoslg0,/madhuban-sarovar-portico-mussorie/location.html,n/a,true,
hotel-page,v9fq1iecafuv2q7017vsj548,/mahagun-sarovar-portico-suites-vaishali/location.html,n/a,true,
hotel-page,znq1cqi6lafqjgtiw79s5e9e,/majestic-court-sarovar-portico-navi-mumbai/location.html,n/a,true,
hotel-page,xyf8znkdj0fxadr597n2ka37,/manjeera-international-convention-centre/location.html,n/a,true,
hotel-page,czrkpf8adum7o95csv0id4m8,/manjeera-sarovar-premiere-rajahmundry/location.html,n/a,true,
hotel-page,sak1w4x4acw85571avmeilzt,/marasa-sarovar-portico-rajkot/location.html,n/a,true,
hotel-page,ohl79d9uc7nwp2yvwnxu4nju,/marasa-sarovar-premiere-bodhgaya/location.html,n/a,true,
hotel-page,etdsnt3ruwwnop8c5yun28mu,/marasa-sarovar-premiere-tirupati-hotels/location.html,n/a,true,
hotel-page,s6wb35l3gd62rcs1tqls28jv,/marigold-sarovar-portico-mashobra-shimla/location.html,n/a,true,
hotel-page,a3uka5wntpod5d9kyc47xlrd,/marine-plaza-mumbai/location.html,n/a,true,
hotel-page,mpknp2gpi8gxcp58xz9gd12i,/mj-sarovar-portico-haridwar/location.html,n/a,true,
hotel-page,tk04su92q9qv9nw3nl3wfoef,/mountnoor-sarovar-premiere-pahalgam/location.html,n/a,true,
hotel-page,u3anh9plg8gecqhkb9zg99zt,/mukundra-sarovar-premiere-kota/location.html,n/a,true,
hotel-page,hp9cx9jvirir3idqrasfs10f,/nataraj-sarovar-portico-jhansi/location.html,n/a,true,
hotel-page,wp3andpmh7jf2g2wcn1zlb5q,/naturevilas-portico-manali/location.html,n/a,true,
hotel-page,sh1rvzchq08t54c8ai2qkcl4,/neelkanth-sarovar-premiere-lusaka/location.html,n/a,true,
hotel-page,tek2hyfmwtskexpxox6pyld2,/nidhivan-sarovar-portico-vrindavan/location.html,n/a,true,
hotel-page,vuu5nz64hzvqxdkk8cf2yb0y,/nirvana-sarovar-portico-gorakhpur/location.html,n/a,true,
hotel-page,cokrelr5z1p4hlhqoot6qznx,/nirwana-hometel-jaipur-sarovar/location.html,n/a,true,
hotel-page,umzqa97peszwfsl7b6jey0xw,/paradigm-sarovar-kakinada/location.html,n/a,true,
hotel-page,zaiswm52opvi9taqnsmd8h1d,/park-inn-by-radisson-ayodhya/location.html,n/a,true,
hotel-page,xykqqwqtwmnsel9vuzgo6o7r,/park-inn-gurgaon/location.html,n/a,true,
hotel-page,tm6onu72t4wwf1x1kwtegd6b,/Park-Inn-Radisson-Goa-Candolim/location.html,n/a,true,
hotel-page,brby46gds65ahpn3agzfkik3,/park-plaza-faridabad/location.html,n/a,true,
hotel-page,mhz4hn7yjecql313mcb6ilng,/park-plaza-jalandhar/location.html,n/a,true,
hotel-page,mnh1cophl1q9j1iz4d125yap,/park-plaza-jodhpur/location.html,n/a,true,
hotel-page,ao82i0fr4cgsuxdbw7slkq5o,/park-plaza-ludhiana/location.html,n/a,true,
hotel-page,mnlvxml8xe58dv8k75i8d97g,/park-plaza-shahadra--east-delhi/location.html,n/a,true,
hotel-page,p3l6b9kjuqs1fix9h3fxem5x,/park-plaza-zirakpur/location.html,n/a,true,
hotel-page,gcbsu5lzy7fytxw3s3lc8610,/prachi-sarovar-premiere-bhubaneswar/location.html,n/a,true,
hotel-page,gkea9ua9vkmfnezy0xk7u6jo,/presidium-sarovar-premiere-dalhousie/location.html,n/a,true,
hotel-page,habfyb9oex1hxi50r4ojyz77,/pushkara-portico-hotel-in-dibrugarh/location.html,n/a,true,
hotel-page,cg86t0gy2ukc2s2ewoubsmwg,/radha-hometel-bangalore/location.html,n/a,true,
hotel-page,n9ejkqf3n5oh0d0iksxitewf,/radha-regent-chennai/location.html,n/a,true,
hotel-page,im2q6xdpseg6hoi7thpzwyll,/radisson-blu--bengaluru-outer-ring-road/location.html,n/a,true,
hotel-page,q9e69w14l7yxy6s7h36jgvqn,/radisson-hyderabad--hitec/location.html,n/a,true,
hotel-page,f5lcmdyped9b4z4f4o2usoi4,/radisson-mumbai-goregaon/location.html,n/a,true,
hotel-page,pthutzzz8w91fk8rld0svp9c,/rbd-sarovar-portico-outer-ring-road-bengaluru/location.html,n/a,true,
hotel-page,zkk9oebt1jwcj3xdzgtsc5xr,/residency-sarovar-portico-mumbai/location.html,n/a,true,
hotel-page,x220qyl4jf529wa5ybh77161,/rivera-sarovar-portico-ahmedabad/location.html,n/a,true,
hotel-page,n07u95v84wan2dxlvk8hxhfe,/riviera-sarovar-portico-pathankot/location.html,n/a,true,
hotel-page,au7cyszaaoaog7m4asrdbf2f,/rosefinch-sarovar-portico-bhimtal/location.html,n/a,true,
hotel-page,sd8q0t6t1v8utlsg0z95qfgc,/royal-hometel-suites-dahisar-mumbai/location.html,n/a,true,
hotel-page,gdf4bzcu8raz0o5g3orxtvo3,/royal-kingdom-sarovar-portico-pilibhit/location.html,n/a,true,
hotel-page,fpr69xt0iw3nxx8t13xsxdqt,/royal-sarovar-portico-siliguri/location.html,n/a,true,
hotel-page,xsl1qi3k1rqqfkazlenqc1c8,/royal-tulip-chitwan/location.html,n/a,true,
hotel-page,kz0akiu4k3565tj934ddppow,/royal-tulip-kathmandu-shivapuri-national-park/location.html,n/a,true,
hotel-page,ifysmtn4l1dr6eewulewxuyl,/royal-tulip-kathmandu/location.html,n/a,true,
hotel-page,dg0fyfqoy0rndgxc5p1tih2c,/royale-sarovar-portico-agra/location.html,n/a,true,
hotel-page,adukcj7ww5v2u7im7e10z6yy,/rs-sarovar-portico-palampur/location.html,n/a,true,
hotel-page,ivy28vyl9s70pcctt51nud7h,/sairafort-sarovar-portico-jaisalmer/location.html,n/a,true,
hotel-page,gc7kb6yzohmg78vgq49mia97,/sarovar-ahmedabad/location.html,n/a,true,
hotel-page,gtgy0innsjdp3bc45n4r3jy8,/sarovar-portico-ajmer/location.html,n/a,true,
hotel-page,qpyq0dwhs5kipuk27jpw0pba,/sarovar-portico-badrinath-uttarakhand/location.html,n/a,true,
hotel-page,lo1bgydhjfco89njttgxjvpu,/sarovar-portico-bhubaneswar/location.html,n/a,true,
hotel-page,y9bf5zsvzy3nocec3tc31z5t,/sarovar-portico-birgunj/location.html,n/a,true,
hotel-page,rbpoilbnccmnj273ab9ts64g,/sarovar-portico-dehradun/location.html,n/a,true,
hotel-page,zbhpo5ijsavbkpyubtvnkuwj,/sarovar-portico-gir/location.html,n/a,true,
hotel-page,mnikmvmz542gm4vgjjivz2my,/sarovar-portico-hanumangarh/location.html,n/a,true,
hotel-page,e3ua9iqd6ysbh3fv04psoeg6,/sarovar-portico-jaipur/location.html,n/a,true,
hotel-page,ppz01cz38x1bba0rvg8el2u3,/sarovar-portico-jalandhar/location.html,n/a,true,
hotel-page,wlwr24hjrenez9f9ysqxxgjk,/sarovar-portico-kolkata-rajarhat/location.html,n/a,true,
hotel-page,ifv6e5xtkh8anc0oeb1lvnk6,/sarovar-portico-morbi/location.html,n/a,true,
hotel-page,jyqhmncf15z88p1ishgaae7h,/sarovar-portico-naraina-new-delhi/location.html,n/a,true,
hotel-page,it672j643sa3k0ks2e11ep4y,/sarovar-portico-saharanpur/location.html,n/a,true,
hotel-page,f8oaxk7u0qckjjyei6enotmc,/sarovar-portico-somnath/location.html,n/a,true,
hotel-page,adqsjqk6njpelgl5b8q6hkxe,/sarovar-portico-sonipat/location.html,n/a,true,
hotel-page,dqfyr5jo4vmqjbv4isyd626c,/sarovar-portico-srinagar/location.html,n/a,true,
hotel-page,pbvotvgi0f9b25il9qq102gr,/sarovar-portico-sriperumbudur/location.html,n/a,true,
hotel-page,pwej5qzj1yzg4nd19v4so9ws,/sarovar-portico-surajkund/location.html,n/a,true,
hotel-page,clue6qh1z9gp2a7d402p8fxa,/sarovar-premiere-alwar/location.html,n/a,true,
hotel-page,d3m0bccg3utfofh6wjv5s30x,/sarovar-premiere-amritsar/location.html,n/a,true,
hotel-page,p7bq98v0cm1eo0do0og0tye5,/sarovar-premiere-jaipur/location.html,n/a,true,
hotel-page,mevy4927djkoyq9ecz7py5yz,/sarovar-premiere-srinagar/location.html,n/a,true,
hotel-page,kab0dvxpiaa9fmj6r9jqhao8,/sea-breeze-sarovar-portico-varca-goa/location.html,n/a,true,
hotel-page,ghm2o0znk7qlmn98019435w5,/serene-premiere-hargeisa/location.html,n/a,true,
hotel-page,nquzt2oaapqnob0shf2kdfh2,/shravanthi-sarovar-portico-bengaluru/location.html,n/a,true,
hotel-page,qf2mw52t0epgfnkxo19pntjm,/shyama-sarovar-portico-orai/location.html,n/a,true,
hotel-page,ut19hlkroaomv9exkht42atv,/singhania-sarovar-portico-raipur/location.html,n/a,true,
hotel-page,m85jtth4o7g7o1neud023gch,/skywings-sarovar-portico-mathura/location.html,n/a,true,
hotel-page,i4pxrwnvyodmsr5tr37lxaq0,/sobit-sarovar-portico-palolem-beach-hotel-goa/location.html,n/a,true,
hotel-page,afx5hzof892xjewsvg2s7xkx,/taurus-hotel-mahipalpur-new-delhi/location.html,n/a,true,
hotel-page,h8ru87qiuef8qxkja8eqfk5m,/the-ashtan-sarovar-portico-new-delhi/location.html,n/a,true,
hotel-page,k39d7o0whmopnydsyu27iewi,/the-gaurs-sarovar-premiere/location.html,n/a,true,
hotel-page,zjcn8g7ve2lgabts5uqr2rqx,/the-gokulam-park-kochi/location.html,n/a,true,
hotel-page,nxfzv1gvu5rqmlr9bvtp330l,/the-heron-portico-nairobi/location.html,n/a,true,
hotel-page,c7olxuv4wdo7xamxyn2kbijt,/the-muse-sarovar-portico-nehru-place-new-delhi/location.html,n/a,true,
hotel-page,ej1dt5qsiw4qm78vpm0g04s8,/the-promenade-pondicherry/location.html,n/a,true,
hotel-page,lk3m1vr9i32prhc4qfi8ebvp,/tulip-inn-bhopal/location.html,n/a,true,
hotel-page,x2ojjsj0pj81zyo9r9l2ljr9,/tulip-inn-gurugram-near-medanta/location.html,n/a,true,
hotel-page,olt5ncfj3ij6fg1ohsjxrrk0,/tulip-inn-koramangala/location.html,n/a,true,
hotel-page,jpw4nyvp8ypalanl7vuqep8f,/tulip-inn-shravasti/location.html,n/a,true,
hotel-page,lmaelrqv9cxjkdhwh9icfnfs,/tulip-inn-zirakpur/location.html,n/a,true,
hotel-page,wn8n8jmacym53gche4yk9pwm,/v-sarovar-portico-mi-road-jaipur/location.html,n/a,true,
hotel-page,ker81zkrra6h33ikqyfg3e7d,/vaishnodevi-portico-katra/location.html,n/a,true,
hotel-page,ohbdrbb00oo6bi8i82sam86i,/vandhara-sarovar-premiere-patkote/location.html,n/a,true,
hotel-page,yzqhqsoao0ozqjmidvdg187r,/venizia-sarovar-portico-in-new-delhi/location.html,n/a,true,
hotel-page,sgod6u9ndlp3wrianjbviqid,/viraj-sarovar-portico-jammu/location.html,n/a,true,
hotel-page,rxddmtwt6h1lyyx82corpfnl,/abn-sarovar-portico-jim-corbett/facilities.html,n/a,true,
hotel-page,b6wea8azozl9dtfiqt7dc6rm,/aditya-hometel-hyderabad/facilities/facilities.html,n/a,true,
hotel-page,njm937lv0d0f0vjk33rhs1tq,/aditya-park-hyderabad/facilities/facilities.html,n/a,true,
hotel-page,q761yfxg1u9gprpvxyccz46m,/ambar-sarovar-portico-gandhidham-hotel/facilities/facilities.html,n/a,true,
hotel-page,qiayjgwtvdjqi3hp5u66rdvq,/ambrosia-sarovar-portico-haridwar/facilities/facilities.html,n/a,true,
hotel-page,g2yi394cvercgbprkdearf40,/balaji-sarovar-premiere-solapur/facilities/facilities.html,n/a,true,
hotel-page,b2d3ypecevhoqrwwsrde1pf9,/bamus-sarovar-portico-kampala/facilities.html,n/a,true,
hotel-page,chmbqtlbt08c5xjfb508sc8d,/bellevue-sarovar-premiere-junagadh/facilities/facilities.html,n/a,true,
hotel-page,g5e95l0oybdhrwlv4yd0r2sw,/citadel-sarovar-portico-bangalore/facilities.html,n/a,true,
hotel-page,us5xl4a8gyk7rxv8ng484d9g,/classic-sarovar-portico-thiruvananthapuram/facilities/facilities.html,n/a,true,
hotel-page,qwm9ixv4yj0ee26l0hvvp4c6,/davanam-sarovar-portico-suites-bangalore/facilities/facilities.html,n/a,true,
hotel-page,rno9u8c008n0a7ffvaxyxh93,/delite-sarovar-portico-faridabad/facilities/facilities.html,n/a,true,
hotel-page,mx5g0utsqefzsiwq6pqphgc1,/deventure-sarovar-portico--kapashera-new-delhi/facilities/facilities.html,n/a,true,
hotel-page,wk04b5rym8xansinwevk4egi,/deventure-sarovar-portico-patel-nagar/facilities/facilities.html,n/a,true,
hotel-page,euj3pcuq5qtv6s66vjjs5jii,/efcee-sarovar-portico-bhavnagar/facilities/facilities.html,n/a,true,
hotel-page,xpq08uj2ktqlbeneftl7fx1n,/estuary-sarovar-Premiere-poovar/facilities/facilities.html,n/a,true,
hotel-page,pvnfhkcv50e9yb52l9vnm66b,/geeta-sarovar-portico-hotels-panipat/facilities/facilities.html,n/a,true,
hotel-page,f5uclzj9js7xg6efxtysyp1u,/golden-sarovar-portico-amritsar/facilities/facilities.html,n/a,true,
hotel-page,dmtbmayvdbgibkbfbz7t10xj,/golden-tulip-agra/facilities/facilities.html,n/a,true,
hotel-page,di4680t3nhreyp2w0ox3y7vs,/golden-tulip-bdi-club-and-suite-bhiwadi/facilities/facilities.html,n/a,true,
hotel-page,ylukn7jzmpzxgea6ffnap6to,/golden-tulip-bhopal/facilities/facilities.html,n/a,true,
hotel-page,u031kknheyvbluiq4wxzbkiw,/golden-tulip-candolim-goa/facilities.html,n/a,true,
hotel-page,kfog39iionudcxirqv2o561k,/golden-tulip-essential-jaipur/facilities/facilities.html,n/a,true,
hotel-page,kjykwvet03k586qnrikykgz1,/golden-tulip-goa-mandrem/facilities.html,n/a,true,
hotel-page,dct57z0qft6ysu7zf538qqno,/golden-tulip-goa-vagator/facilities/facilities.html,n/a,true,
hotel-page,mdjoxoooemua4eb05izeu8nj,/golden-tulip-hari-nagar/facilities/facilities.html,n/a,true,
hotel-page,jfm9y06102xoh1skfnz6uiqc,/golden-tulip-hotel-in-jaipur/facilities/facilities.html,n/a,true,
hotel-page,c61vod705d6uqp0zd4ann13j,/golden-tulip-jalandhar/facilities/facilities.html,n/a,true,
hotel-page,rt49uaf1gq937xlzk61o42oc,/golden-tulip-kukas-jaipur/facilities.html,n/a,true,
hotel-page,kek9ygjvebofph0dwfp9ryf9,/golden-tulip-lucknow/facilities/facilities.html,n/a,true,
hotel-page,bx39bltxdwht7jca5bcjapm0,/golden-tulip-sector-80-gurugram/facilities.html,n/a,true,
hotel-page,cqjbyygn8f8eiu3y2mu9cmla,/golden-tulip-srinagar/facilities/facilities.html,n/a,true,
hotel-page,z97yvdm0ypnqa52l3ufc4f08,/golden-tulip-tirupati/facilities/facilities.html,n/a,true,
hotel-page,i0xz9ppag2hhhvj995em780i,/golden-tulip-udaipur/facilities.html,n/a,true,
hotel-page,k9xj6rtrbx1sefcof6rl529z,/golden-tulip/facilities/facilities.html,n/a,true,
hotel-page,qtmv8cunuj0z1dt3e2ffq3w9,/grand-continent-anjuna/facilities/facilities.html,n/a,true,
hotel-page,ig9liht919nzk8y1sps7b2if,/grand-continent-brookefield-bengaluru/facilities/facilities.html,n/a,true,
hotel-page,k9gpxhl8o3poo4vk8vsg8zmk,/grand-continent-hebbal-bangalore/facilities.html,n/a,true,
hotel-page,h3qm4g9xs7pfgdwnmxofftkm,/grand-continent-hosur/facilities/facilities.html,n/a,true,
hotel-page,gf95oljh8rm9rens59ll97il,/grand-continent-mahabalipuram/facilities/facilities.html,n/a,true,
hotel-page,sncxjf4hhk63ok2pof8pmacq,/grand-continent-malleshwaram-bangalore/facilities/facilities.html,n/a,true,
hotel-page,a1yfasgjj0kgntrdq1ulyimr,/grand-continent-mysore/facilities/facilities.html,n/a,true,
hotel-page,nhw4246geho426eswpdlwv5i,/grand-continent-secunderabad/facilities.html,n/a,true,
hotel-page,wpl94lfq8584lr1cb2ufd8lr,/grand-portico-hotel-in-latur/facilities/facilities.html,n/a,true,
hotel-page,htf3kiqztvdlg13sq3nn9dw4,/highland-sarovar-portico-sindhudurg/facilities.html,n/a,true,
hotel-page,ew2h2kn17dkvymtti0mt98t7,/hometel-alambagh-lucknow/facilities.html,n/a,true,
hotel-page,q3qm39yj4fbjp68c64yco2oa,/hometel-chandigarh/facilities/facilities.html,n/a,true,
hotel-page,l1zi7eamf58epo6vzn6ywpus,/hometel-roorkee/facilities/facilities.html,n/a,true,
hotel-page,o3wamj60oajh3nmfys65lxwl,/hrj-sarovar-portico-indore/facilities/facilities.html,n/a,true,
hotel-page,ywt71rdw9w4wfq9obg0s63lc,/iris-sarovar-portico-gurugram/facilities/facilities.html,n/a,true,
hotel-page,cyb7p4t6p7xitzs1fb2shsfs,/ishaan-sarovar-portico-deoghar/facilities.html,n/a,true,
hotel-page,og7h8o99hu8jkg9x92pidhdj,/kpg-sarovar-portico-raj-nagar-extension-ghaziabad/facilities.html,n/a,true,
hotel-page,e9ebld3s3a6oeh6aqsiqqecz,/la-place-sarovar-portico-lucknow/facilities/facilities.html,n/a,true,
hotel-page,pv7iwx9sngq24ikghvylvjp3,/le-dupleix-pondicherry/facilities/facilities.html,n/a,true,
hotel-page,uawu195s7chhxfcw3o3w91de,/le-lac-sarovar-ranchi/facilities/facilities.html,n/a,true,
hotel-page,mfmk34ff3wqupy8np27rr55i,/legend-sarovar-portico/facilities/facilities.html,n/a,true,
hotel-page,kjyvq2amnfal9473ztwzan9c,/madhuban-sarovar-portico-mussorie/facilities/facilities.html,n/a,true,
hotel-page,hvch5a74vzfhlou5stm9oql1,/mahagun-sarovar-portico-suites-vaishali/facilities/facilities.html,n/a,true,
hotel-page,g4l5sbreyztw4vbinbs2h9js,/majestic-court-sarovar-portico-navi-mumbai/facilities/facilities.html,n/a,true,
hotel-page,erbdy6aknfgd5i742ohjbz4p,/manjeera-sarovar-premiere-rajahmundry/facilities/facilities.html,n/a,true,
hotel-page,w710w77j38biyt0n3pws9ie6,/marasa-sarovar-portico-rajkot/facilities/facilities.html,n/a,true,
hotel-page,ancidawh9swtmmwh8n0kysz5,/marasa-sarovar-premiere-bodhgaya/facilities/facilities.html,n/a,true,
hotel-page,przw9fx1kmgc44jsufw8jqaa,/marasa-sarovar-premiere-tirupati-hotels/facilities/facilities.html,n/a,true,
hotel-page,c7xzo301i1z7yy3vsv2ar9i7,/marigold-sarovar-portico-mashobra-shimla/facilities/facilities.html,n/a,true,
hotel-page,lfz3pmz5wcuda9deonch079u,/marine-plaza-mumbai/facilities/facilities.html,n/a,true,
hotel-page,ju92g1j7z2y0bnv867m0be5d,/mj-sarovar-portico-haridwar/facilities.html,n/a,true,
hotel-page,hhyfqpdn5ybjq216l0tyc8qq,/mountnoor-sarovar-premiere-pahalgam/facilities.html,n/a,true,
hotel-page,r9qb0vwvglmo57lzz7mxf3al,/mukundra-sarovar-premiere-kota/facilities.html,n/a,true,
hotel-page,iyln789352fsvztg409s0sos,/nataraj-sarovar-portico-jhansi/facilities/facilities.html,n/a,true,
hotel-page,d6kny4uqxy7ss2y66cr16ukn,/naturevilas-portico-manali/facilities/facilities.html,n/a,true,
hotel-page,ve2kon4j397y10ncwcsu92pg,/neelkanth-sarovar-premiere-lusaka/facilities/facilities.html,n/a,true,
hotel-page,qv7x9mowfgbqnmt9lipg2ayz,/nidhivan-sarovar-portico-vrindavan/facilities/facilities.html,n/a,true,
hotel-page,aw33jcd99l6y53cjl8k0conv,/nirvana-sarovar-portico-gorakhpur/facilities/facilities.html,n/a,true,
hotel-page,es1p4rhlh8150m8qx301wt89,/nirwana-hometel-jaipur-sarovar/facilities/facilities.html,n/a,true,
hotel-page,d4xuhpw7qvx06m7hp9knwlo2,/paradigm-sarovar-kakinada/facilities/facilities.html,n/a,true,
hotel-page,xfczl1eoftfxodl6t0hi3wv4,/park-inn-by-radisson-ayodhya/facilities.html,n/a,true,
hotel-page,ahopth61os5ro988b0zb9dv4,/park-inn-gurgaon/facilities/facilities.html,n/a,true,
hotel-page,amukeixame1iqf20c4u4xjjp,/Park-Inn-Radisson-Goa-Candolim/facilities/facilities.html,n/a,true,
hotel-page,fps1s6uy5sdknhx74hx5dzhd,/park-plaza-faridabad/facilities/facilities.html,n/a,true,
hotel-page,imnz7hwu53onxnba5gqr5kkr,/park-plaza-jalandhar/facilities/facilities.html,n/a,true,
hotel-page,m32br4h3qaf837sp9qcuzxr7,/park-plaza-jodhpur/facilities/facilities.html,n/a,true,
hotel-page,cj951md6bwluh8vd5wbsgiqn,/park-plaza-ludhiana/facilities/facilities.html,n/a,true,
hotel-page,kwo7gipi0fsfhs0nbbqx05qo,/park-plaza-shahadra--east-delhi/facilities/facilities.html,n/a,true,
hotel-page,fowjwsqc1h0ws501vekran0w,/park-plaza-zirakpur/facilities/facilities.html,n/a,true,
hotel-page,hjws1uvmmpmf9fpsjp21cvjo,/prachi-sarovar-premiere-bhubaneswar/facilities.html,n/a,true,
hotel-page,x8a4nvfr5tw9i1jxeswrn2lr,/presidium-sarovar-premiere-dalhousie/facilities.html,n/a,true,
hotel-page,ch0lnn2tiesjoc397j4do64r,/pushkara-portico-hotel-in-dibrugarh/facilities/facilities.html,n/a,true,
hotel-page,hkxivmsf2t29iu810w9g5c71,/radha-hometel-bangalore/facilities/facilities.html,n/a,true,
hotel-page,sgeznxy04y9ywfyg79og1lxq,/radha-regent-chennai/facilities/facilities.html,n/a,true,
hotel-page,e75rlkub7rdvmbr3n2v4yp6p,/radisson-blu--bengaluru-outer-ring-road/facilities/facilities.html,n/a,true,
hotel-page,c7jweuh1npy0mwujaesbrv56,/radisson-hyderabad--hitec/facilities/facilities.html,n/a,true,
hotel-page,jduxyo6jg5u62d76oasimz0g,/radisson-mumbai-goregaon/facilities/facilities.html,n/a,true,
hotel-page,ij42wmprcjbzvwldu2r0q8wv,/rbd-sarovar-portico-outer-ring-road-bengaluru/facilities/facilities.html,n/a,true,
hotel-page,k0r1fneg60lq4s7ts4tcm8bw,/residency-sarovar-portico-mumbai/facilities/facilities.html,n/a,true,
hotel-page,z1nu6hi44u9uc13oxazrm80l,/rivera-sarovar-portico-ahmedabad/facilities/facilities.html,n/a,true,
hotel-page,hdpz9szxaw61kmxxj3301ygh,/riviera-sarovar-portico-pathankot/facilities.html,n/a,true,
hotel-page,fb05xaw3daiuiycvg2aqfog2,/rosefinch-sarovar-portico-bhimtal/facilities/facilities.html,n/a,true,
hotel-page,wp2cwjx7w8a027yiympb2dei,/royal-hometel-suites-dahisar-mumbai/facilities/facilities.html,n/a,true,
hotel-page,o0hu00x4xn5pqkbsexnywn5w,/royal-kingdom-sarovar-portico-pilibhit/facilities.html,n/a,true,
hotel-page,oaov27phpf7awdzwu5mh4xgv,/royal-sarovar-portico-siliguri/facilities/facilities.html,n/a,true,
hotel-page,cfwsqtos06ggfcfpe2pwklk8,/royal-tulip-chitwan/facilities/facilities.html,n/a,true,
hotel-page,obdwfmsslcn39jqwry04dhfp,/royal-tulip-kathmandu-shivapuri-national-park/facilities.html,n/a,true,
hotel-page,ch5iqxsc5ets68uhsm5ummcz,/royal-tulip-kathmandu/facilities.html,n/a,true,
hotel-page,xklsva1anwdzjinqknv8wtxq,/royale-sarovar-portico-agra/facilities/facilities.html,n/a,true,
hotel-page,n7dahrd9hwwrzmlsoq5fcg3d,/rs-sarovar-portico-palampur/facilities/facilities.html,n/a,true,
hotel-page,qixml3t59bc3q61r9z3thfjh,/sairafort-sarovar-portico-jaisalmer/facilities/facilities.html,n/a,true,
hotel-page,mfump9n5v9c7egjedd4x4qi3,/sarovar-ahmedabad/facilities/facilities.html,n/a,true,
hotel-page,vwuihxm9mdw7n53141qefvk5,/sarovar-portico-ajmer/facilities/facilities.html,n/a,true,
hotel-page,h2dpgcm8unlusttwbwxwcjmv,/sarovar-portico-badrinath-uttarakhand/facilities/facilities.html,n/a,true,
hotel-page,ctvdtv83q8gkqbubhekevt7q,/sarovar-portico-bhubaneswar/facilities.html,n/a,true,
hotel-page,w0aaf2qr1wleqxeskljdz8g5,/sarovar-portico-birgunj/facilities.html,n/a,true,
hotel-page,y8atz8geixvxc2aw13gj5iro,/sarovar-portico-dehradun/facilities/facilities.html,n/a,true,
hotel-page,mlf06rncnd1pmb4t3t6uvy21,/sarovar-portico-hanumangarh/facilities.html,n/a,true,
hotel-page,q9l2b73s4ta8n4jzbehmp6v2,/sarovar-portico-jaipur/facilities/facilities.html,n/a,true,
hotel-page,fb8c50lcqoae92hm6eezm16r,/sarovar-portico-jalandhar/facilities/facilities.html,n/a,true,
hotel-page,m4kv0lt58qbyil569kgvkpxu,/sarovar-portico-kolkata-rajarhat/facilities/facilities.html,n/a,true,
hotel-page,vfdaa3siw2u841kfogcj7mzs,/sarovar-portico-naraina-new-delhi/facilities/facilities.html,n/a,true,
hotel-page,xyh4oitxtjit29ozokrbnute,/sarovar-portico-saharanpur/facilities.html,n/a,true,
hotel-page,ffhee9r6db800u103rvk4s25,/sarovar-portico-somnath/facilities/facilities.html,n/a,true,
hotel-page,w9ilj6z1y7qx6ekx0qk3edp9,/sarovar-portico-sonipat/facilities/facilities.html,n/a,true,
hotel-page,v3oylknj0cgm3513r0yk5i1f,/sarovar-portico-srinagar/facilities/facilities.html,n/a,true,
hotel-page,zzk0h3kkedw46v1kznvuj2tz,/sarovar-portico-sriperumbudur/facilities/facilities.html,n/a,true,
hotel-page,w8jpx7jw1ge0k3edzqd2crx4,/sarovar-portico-surajkund/facilities/facilities.html,n/a,true,
hotel-page,f3t9vqtmm2k01snw9tl2z0j9,/sarovar-premiere-alwar/facilities.html,n/a,true,
hotel-page,yvije1vurti7hv5q0sm6903v,/sarovar-premiere-amritsar/facilities/facilities.html,n/a,true,
hotel-page,xlw1ez3uch10a3sm02v92ekn,/sarovar-premiere-jaipur/facilities/facilities.html,n/a,true,
hotel-page,d5cr5riyyami15eer80fwi7v,/sarovar-premiere-srinagar/facilities/facilities.html,n/a,true,
hotel-page,vdt911oq9dv2pp1jtes2dejp,/sea-breeze-sarovar-portico-varca-goa/facilities.html,n/a,true,
hotel-page,jg7jdsezheo8l9mvaguflt65,/serene-premiere-hargeisa/facilities.html,n/a,true,
hotel-page,wzb6bdkkdk6fowpmoa39zsbm,/shravanthi-sarovar-portico-bengaluru/facilities/facilities.html,n/a,true,
hotel-page,zqyoquy10hjv8cnklv90nd56,/shyama-sarovar-portico-orai/facilities/facilities.html,n/a,true,
hotel-page,zul9gu2mwrqw116595twu9wk,/singhania-sarovar-portico-raipur/facilities/facilities.html,n/a,true,
hotel-page,yohnaam034n0ew2zq85yoc48,/skywings-sarovar-portico-mathura/facilities.html,n/a,true,
hotel-page,f4tu9dpueht9rz3ebvswfv63,/sobit-sarovar-portico-palolem-beach-hotel-goa/facilities/facilities.html,n/a,true,
hotel-page,xg3x0269swd351z2n9o9nxhz,/taurus-hotel-mahipalpur-new-delhi/facilities/facilities.html,n/a,true,
hotel-page,ufk3thd0pps69lxr2umagogf,/the-gokulam-park-kochi/facilities/facilities.html,n/a,true,
hotel-page,p1b2zt8kyivbvxljvrhf2ozr,/the-heron-portico-nairobi/facilities/facilities.html,n/a,true,
hotel-page,wta1ezbtuaptriw57u8a18tp,/the-muse-sarovar-portico-nehru-place-new-delhi/facilities/facilities.html,n/a,true,
hotel-page,ul60nmy22tm6gg1pmbjtuijv,/the-promenade-pondicherry/facilities/facilities.html,n/a,true,
hotel-page,neglh8u2uf6y94whpvyh9wo4,/tulip-inn-bhopal/facilities/facilities.html,n/a,true,
hotel-page,rjie5dgajzeb73ydjtylap8q,/tulip-inn-gurugram-near-medanta/facilities.html,n/a,true,
hotel-page,agjk90hjd3ryjudb6mdqv2pp,/tulip-inn-koramangala/facilities/facilities.html,n/a,true,
hotel-page,q1s5mcu1ut0djbhl2utg9ko9,/tulip-inn-zirakpur/facilities/facilities.html,n/a,true,
hotel-page,ii92phvrtdg7kq7tmaifaxwz,/v-sarovar-portico-mi-road-jaipur/facilities/facilities.html,n/a,true,
hotel-page,avdwk0hdu909ha19bvznv6m9,/vaishnodevi-portico-katra/facilities/facilities.html,n/a,true,
hotel-page,uj3r7ebkkvk1d8incrrv8fnu,/vandhara-sarovar-premiere-patkote/facilities.html,n/a,true,
hotel-page,qxi5n8iu0pkpseno4db1ys71,/viraj-sarovar-portico-jammu/facilities/facilities.html,n/a,true,
hotel-page,en2tt3t9wry9k2r1mw6n4xjd,/aditya-hometel-hyderabad/terms-and-conditions/terms-and-conditions.html,n/a,true,
hotel-page,bcx3xwzojy8risjn7kj06dtb,/aditya-park-hyderabad/terms-and-conditions/terms-and-conditions.html,n/a,true,
hotel-page,ni0njrua1sdlo243vzbw4jk5,/ambar-sarovar-portico-gandhidham-hotel/terms-and-conditions/terms-and-conditions.html,n/a,true,
hotel-page,fc2tgv84hju0j9z1qejdy2cg,/ambrosia-sarovar-portico-haridwar/terms-and-conditions/terms-and-conditions.html,n/a,true,
hotel-page,m6davkeg5tl9m7m1df3mv8ha,/balaji-sarovar-premiere-solapur/terms-and-conditions/terms-and-conditions.html,n/a,true,
hotel-page,f889abnm29luo4p16q3tuwrb,/bellevue-sarovar-premiere-junagadh/terms-and-conditions/terms-and-conditions.html,n/a,true,
hotel-page,g29mnyw6twek1k4abmpfx1h4,/classic-sarovar-portico-thiruvananthapuram/terms-and-conditions/terms-and-conditions.html,n/a,true,
hotel-page,il6q3hs738vpocjlzke2bssr,/davanam-sarovar-portico-suites-bangalore/terms-and-conditions/terms-and-conditions.html,n/a,true,
hotel-page,wortvduczcye4w4bpcaagt2g,/deventure-sarovar-portico--kapashera-new-delhi/terms-and-conditions/terms-and-conditions.html,n/a,true,
hotel-page,ekbvgoylkrl8yrj1ytvvez0c,/efcee-sarovar-portico-bhavnagar/terms-and-conditions/terms-and-conditions.html,n/a,true,
hotel-page,hwukkne91tgo6x80tgyn4wey,/estuary-sarovar-Premiere-poovar/terms-and-conditions/terms-and-conditions.html,n/a,true,
hotel-page,xnhuhxr1vm26jywh3drnkjen,/golden-sarovar-portico-amritsar/terms-and-conditions/terms-and-conditions.html,n/a,true,
hotel-page,x0eipeek7flgpgtw7cdyrfgr,/golden-tulip-lucknow/terms-and-conditions/terms-and-conditions.html,n/a,true,
hotel-page,du2ylm3cbko9fv5hzyapbq0t,/golden-tulip-srinagar/terms-and-conditions/terms-and-conditions.html,n/a,true,
hotel-page,agf22u7dx7je9uwj6tv42usn,/hometel-chandigarh/terms-and-conditions/terms-and-conditions.html,n/a,true,
hotel-page,vyhlire234dft21e7lo2g0vf,/hometel-roorkee/terms-and-conditions/terms-and-conditions.html,n/a,true,
hotel-page,twk67y3qoe59n3cyypg0y5uh,/la-place-sarovar-portico-lucknow/terms-and-conditions/terms-and-conditions.html,n/a,true,
hotel-page,c3cvvtrfvn6ojxb6c8c77fed,/le-dupleix-pondicherry/terms-and-conditions/terms-and-conditions.html,n/a,true,
hotel-page,mxej0hlx6qzyqflw4erum1sp,/le-lac-sarovar-ranchi/terms-and-conditions/terms-and-conditions.html,n/a,true,
hotel-page,yxyh6d9tpq53othtr3qley9x,/legend-sarovar-portico/terms-and-conditions/terms-and-conditions.html,n/a,true,
hotel-page,g66rp30744b52wb6sxj7rd01,/mahagun-sarovar-portico-suites-vaishali/terms-and-conditions/terms-and-conditions.html,n/a,true,
hotel-page,pi6oiwtngr1wjsni1h8re9q8,/majestic-court-sarovar-portico-navi-mumbai/terms-and-conditions/terms-and-conditions.html,n/a,true,
hotel-page,t2ebhgfk6arvnfumaql69im1,/marasa-sarovar-portico-rajkot/terms-and-conditions/terms-and-conditions.html,n/a,true,
hotel-page,qov2dhkbewc1b7n3vj2s0vhl,/marasa-sarovar-premiere-bodhgaya/privacy-policy/privacy-policy.html,n/a,true,
hotel-page,g74j7601y2qp2ahguy23xaa9,/marasa-sarovar-premiere-bodhgaya/terms-and-conditions/terms-and-conditions.html,n/a,true,
hotel-page,jc58csfovbbjy8uucjzq7d3c,/marasa-sarovar-premiere-tirupati-hotels/terms-and-conditions/terms-and-conditions.html,n/a,true,
hotel-page,k8roqgy5t88wn8cy4cymh2m8,/marigold-sarovar-portico-mashobra-shimla/terms-and-conditions/terms-and-conditions.html,n/a,true,
hotel-page,p2i1ced9uupt1ogeag38mkuz,/marine-plaza-mumbai/terms-and-conditions/terms-and-conditions.html,n/a,true,
hotel-page,k9xh2hg85kagg6oufwve2ax1,/nataraj-sarovar-portico-jhansi/terms-and-conditions/terms-and-conditions.html,n/a,true,
hotel-page,scu35yu0rm8y8vm74xnt6dr5,/neelkanth-sarovar-premiere-lusaka/terms-and-conditions/terms-and-conditions.html,n/a,true,
hotel-page,fmprmhrhgz2usg73c6c3ryvh,/nidhivan-sarovar-portico-vrindavan/terms-and-conditions/terms-and-conditions.html,n/a,true,
hotel-page,mnj8p3nnxdggvtcirdzv5u4w,/nirvana-sarovar-portico-gorakhpur/terms-and-conditions/terms-and-conditions.html,n/a,true,
hotel-page,t9n1m10zghuzt4jjubhj48lz,/nirwana-hometel-jaipur-sarovar/terms-and-conditions/terms-and-conditions.html,n/a,true,
hotel-page,i949gd4e0n0kowkxmbubcdsy,/paradigm-sarovar-kakinada/terms-and-conditions/terms-and-conditions.html,n/a,true,
hotel-page,raqogn5pq8gfy0rhr6jl1xxg,/park-inn-gurgaon/terms-and-conditions/terms-and-conditions.html,n/a,true,
hotel-page,tz56okdfae9haqv7lr4y20rd,/Park-Inn-Radisson-Goa-Candolim/terms-and-conditions/terms-and-conditions.html,n/a,true,
hotel-page,znrmt4rgmv39ml8164zh5r7r,/park-plaza-faridabad/terms-and-conditions/terms-and-conditions.html,n/a,true,
hotel-page,b2z2isfph7chg3leef0u8uty,/park-plaza-jodhpur/terms-and-conditions/terms-and-conditions.html,n/a,true,
hotel-page,u2tvq0wbev1z0a922slee9dk,/park-plaza-ludhiana/terms-and-conditions/terms-and-conditions.html,n/a,true,
hotel-page,seqwphifb34phjb1xpk1k50v,/park-plaza-shahadra--east-delhi/terms-and-conditions/terms-and-conditions.html,n/a,true,
hotel-page,w2q36xfpkrvfp5auybmuc9u8,/park-plaza-zirakpur/terms-and-conditions/terms-and-conditions.html,n/a,true,
hotel-page,o41ro6z1qpo4g65u2544uc5a,/radha-hometel-bangalore/terms-and-conditions/terms-and-conditions.html,n/a,true,
hotel-page,vjl56kczcg4lihtk16l9ogcc,/radha-regent-chennai/terms-and-conditions/terms-and-conditions.html,n/a,true,
hotel-page,kaghsv0jpksv0f5oka2z7s2i,/radisson-blu--bengaluru-outer-ring-road/terms-and-conditions/terms-and-conditions.html,n/a,true,
hotel-page,kq7uj4l9ym51hikz92m7ywdn,/radisson-hyderabad--hitec/terms-and-conditions/terms-and-conditions.html,n/a,true,
hotel-page,sfr9o6d1crk5k58ntelq4qmh,/radisson-mumbai-goregaon/terms-and-conditions/terms-and-conditions.html,n/a,true,
hotel-page,zsghy33mi8qqjqf0yw9ukbjz,/rbd-sarovar-portico-outer-ring-road-bengaluru/terms-and-conditions/terms-and-conditions.html,n/a,true,
hotel-page,ycnm2i3ieew3ow0jozg36aue,/residency-sarovar-portico-mumbai/terms-and-conditions/terms-and-conditions.html,n/a,true,
hotel-page,azynmlb33duh1arirplxisin,/rivera-sarovar-portico-ahmedabad/terms-and-conditions/terms-and-conditions.html,n/a,true,
hotel-page,e5odi24nyun6xjku50z4wfvn,/royal-hometel-suites-dahisar-mumbai/terms-and-conditions/terms-and-conditions.html,n/a,true,
hotel-page,smmk62qvqr378gs27llgzy86,/royal-sarovar-portico-siliguri/terms-and-conditions/terms-and-conditions.html,n/a,true,
hotel-page,x9qh2n2e3qicp2sjwmpk3rak,/royale-sarovar-portico-agra/privacy-policy.html,n/a,true,
hotel-page,upkgy3vs8uilfsnl2u9tdwnr,/royale-sarovar-portico-agra/terms-and-conditions.html,n/a,true,
hotel-page,tp6yhcu0avv6rr6p4d6ba0rz,/rs-sarovar-portico-palampur/terms-and-conditions/terms-and-conditions.html,n/a,true,
hotel-page,zau0b1ss0dlakzcql0zp2vfj,/sairafort-sarovar-portico-jaisalmer/terms-and-conditions/terms-and-conditions.html,n/a,true,
hotel-page,eneokivteem35o9yuv8ayvna,/sarovar-ahmedabad/privacy-policy/privacy-policy.html,n/a,true,
hotel-page,nd2wyvk9vlwzwo0mnvfjr04i,/sarovar-ahmedabad/terms-and-conditions/terms-and-conditions.html,n/a,true,
hotel-page,wvmalab8n1up39zoesztwbv9,/sarovar-portico-badrinath-uttarakhand/terms-and-conditions/terms-and-conditions.html,n/a,true,
hotel-page,u9eerkfw908kaiqm5j9b7tm5,/sarovar-portico-dehradun/privacy-policy/privacy-policy.html,n/a,true,
hotel-page,l6k8svoj3qbyig8anmbmmatp,/sarovar-portico-dehradun/terms-and-conditions/terms-and-conditions.html,n/a,true,
hotel-page,iznllopizsxczlq34e6ghh3f,/sarovar-portico-jaipur/terms-and-conditions/terms-and-conditions.html,n/a,true,
hotel-page,b56k3ytr8pv61dcyxdfnu5bs,/sarovar-portico-jalandhar/terms-and-conditions/terms-and-conditions.html,n/a,true,
hotel-page,xi7rhggmfgzu1bp7qtdxrdsi,/sarovar-portico-naraina-new-delhi/terms-and-conditions/terms-and-conditions.html,n/a,true,
hotel-page,f4iq1pezcvwrmnfp9tciw9dp,/sarovar-portico-surajkund/terms-and-conditions/terms-and-conditions.html,n/a,true,
hotel-page,nkuq2aue92dym2qp8nx9kta2,/sarovar-premiere-jaipur/privacy-policy/privacy-policy.html,n/a,true,
hotel-page,ml981clgpqoq8ba3ks7nave7,/shravanthi-sarovar-portico-bengaluru/privacy-policy/privacy-policy.html,n/a,true,
hotel-page,pazsnx8d4qzu9xfbffn6ux6v,/shravanthi-sarovar-portico-bengaluru/terms-and-conditions/terms-and-conditions.html,n/a,true,
hotel-page,oo2tfa12tghgha4ppdym5ua0,/singhania-sarovar-portico-raipur/terms-and-conditions/terms-and-conditions.html,n/a,true,
hotel-page,jrp51dzhhv25oirtiubwvscm,/sobit-sarovar-portico-palolem-beach-hotel-goa/terms-and-conditions/terms-and-conditions.html,n/a,true,
hotel-page,kw7vkaya9v93kcsixtdu4tgx,/taurus-hotel-mahipalpur-new-delhi/terms-and-conditions/terms-and-conditions.html,n/a,true,
hotel-page,gejqcr5sdffoaykwyklnbuh1,/the-ashtan-sarovar-portico-new-delhi/terms-and-conditions/terms-and-conditions.html,n/a,true,
hotel-page,ko54elp4jhrqpuef6jt2bx8u,/the-ashtan-sarovar-portico-new-delhi/privacy-policy/privacy-policy.html,n/a,true,
hotel-page,vdqto4s8vjb73h1vbm0xuzuf,/the-gokulam-park-kochi/terms-and-conditions/terms-and-conditions.html,n/a,true,
hotel-page,k3ls2tg4svragqgz46k5bgwj,/the-heron-portico-nairobi/terms-and-conditions/terms-and-conditions.html,n/a,true,
hotel-page,e92bcowbf2qfmx8icb1cr7ps,/the-muse-sarovar-portico-nehru-place-new-delhi/terms-and-conditions/terms-and-conditions.html,n/a,true,
hotel-page,yaj3qaf3xq32vd9w3slv5a56,/the-promenade-pondicherry/terms-and-conditions/terms-and-conditions.html,n/a,true,
hotel-page,dzutjj5m56cdagc5742n9jkh,/vaishnodevi-portico-katra/terms-and-conditions/terms-and-conditions.html,n/a,true,
hotel-page,ycb3ir0u9lvydw7akli1n6y8,/viraj-sarovar-portico-jammu/terms-and-conditions/terms-and-conditions.html,n/a,true,
hotel-page,oteblt6ecfngaw0rvxmsoud1,/ambrosia-sarovar-portico-haridwar/spa/gold-leaf-spa.html,n/a,true,
hotel-page,j0oyih4t7p4bkhfwr33oa2il,/balaji-sarovar-premiere-solapur/spa/spa.html,n/a,true,
hotel-page,asu39u7n6zmfj5fghm76w33d,/marasa-sarovar-premiere-bodhgaya/wellness.html,n/a,true,
hotel-page,na0wky71i8esqgprecls58pk,/marasa-sarovar-premiere-bodhgaya/wellness/body-experiences.html,n/a,true,
hotel-page,jvwz0ixef83r3poi26sycb8c,/marasa-sarovar-premiere-bodhgaya/wellness/body-nourishers.html,n/a,true,
hotel-page,s138s6mm8ahco6a75aj50ncu,/marasa-sarovar-premiere-bodhgaya/wellness/holistic-facials.html,n/a,true,
hotel-page,hkjrpekx1e45jtiutpu4k64w,/marasa-sarovar-premiere-bodhgaya/wellness/meditation.html,n/a,true,
hotel-page,rp1tnsanwiy5xjp6p7lni5l6,/marasa-sarovar-premiere-bodhgaya/wellness/shuddhi-kriyas-cleansing-practices.html,n/a,true,
hotel-page,n996ltyzkdhb0p5a19lqrgvh,/marasa-sarovar-premiere-bodhgaya/wellness/the-clarifiers.html,n/a,true,
hotel-page,qhgcujbkrzwnc2yr9zy0lza7,/marasa-sarovar-premiere-bodhgaya/wellness/well-being-day-and-half-day-journeys.html,n/a,true,
hotel-page,vk18yn8uiqzkqjofd577zqax,/marasa-sarovar-premiere-bodhgaya/wellness/yoga.html,n/a,true,
hotel-page,al2x2i2g4ajn61rn4jgw5eoh,/marasa-sarovar-premiere-tirupati-hotels/spa/buddha-spa.html,n/a,true,
hotel-page,u8sq6uefahnr1v91q7m38bxl,/sarovar-portico-somnath/spa/spa.html,n/a,true,
hotel-page,i9rr7vupld4klfvrcnkyvmd6,/sarovar-portico-sonipat/spa/spa.html,n/a,true,
hotel-page,jtmo5y4qdknqpth2lqmoqjsv,/balaji-sarovar-premiere-solapur/home-delivery/home-delivery.html,n/a,true,
hotel-page,xy1yz9l6liuvpwxb8vh1a0va,/davanam-sarovar-portico-suites-bangalore/home-delivery/home-delivery.html,n/a,true,
hotel-page,j6buc6s3fd5dadgdk2e9ts5x,/golden-sarovar-portico-amritsar/home-delivery/home-delivery.html,n/a,true,
hotel-page,x6sc7dp0xmsvtgsvb2rdio2y,/le-lac-sarovar-ranchi/home-delivery/home-delivery.html,n/a,true,
hotel-page,t3wgckrqsqekwhos07z60023,/nirvana-sarovar-portico-gorakhpur/home-delivery/home-delivery.html,n/a,true,
hotel-page,wgmzelkf5rvgwqscui3ih21y,/paradigm-sarovar-kakinada/home-delivery/home-delivery.html,n/a,true,
hotel-page,x1kbeh3o8jf6httdw0e4mp13,/park-plaza-faridabad/home-delivery/home-delivery.html,n/a,true,
hotel-page,uk6q5k6sjljga84z4ec3p48z,/park-plaza-zirakpur/home-delivery/home-delivery.html,n/a,true,
hotel-page,simcrmlyrjuxlqla50dom6xn,/golden-tulip-goa-mandrem/faqs.html,n/a,true,
hotel-page,pua7vp5ituysu9z72j311lxi,/golden-tulip-kukas-jaipur/faqs.html,n/a,true,
hotel-page,lknqnr9nitt01whrcthio9fj,/golden-tulip-sector-80-gurugram/faqs.html,n/a,true,
hotel-page,f2yezh0rextv9chvbffolmd3,/kpg-sarovar-portico-raj-nagar-extension-ghaziabad/faqs.html,n/a,true,
hotel-page,hgs57rmr2g1z3qjlbxlz4q3p,/mountnoor-sarovar-premiere-pahalgam/faqs.html,n/a,true,
hotel-page,f2ohrhmoi4d3e9gtbk7jenh8,/mukundra-sarovar-premiere-kota/faqs.html,n/a,true,
hotel-page,kiamqxcxhqb21urzawby0nku,/prachi-sarovar-premiere-bhubaneswar/faqs.html,n/a,true,
hotel-page,y9sn5icqr0u7a87s91u8gagv,/royal-tulip-kathmandu-shivapuri-national-park/faqs.html,n/a,true,
hotel-page,jj5fq7ofu9estnp5auwj3v7k,/sarovar-portico-bhubaneswar/faqs.html,n/a,true,
hotel-page,g738kjm582w77nnn3ih95gi7,/tulip-inn-gurugram-near-medanta/faqs.html,n/a,true,
hotel-page,cfnxwkl9gwu2djtuut3m2wa3,/estuary-sarovar-Premiere-poovar/contact-us/contact-us.html,n/a,true,
hotel-page,m1ujpnl0u49xjtjbufyzd2m8,/golden-tulip-essential-jaipur/contact-us/contact-us.html,n/a,true,
hotel-page,so4nthlz7pmrxl7mcrpoi24o,/golden-tulip/contact-us/contact-us.html,n/a,true,
hotel-page,ysfabv9i4ahg0er9kv7mlal5,/lagoon-sarovar-premiere-pondicherry/contact-us.html,n/a,true,
hotel-page,mwm0aryqwpzd3w65pmkne2dy,/manjeera-international-convention-centre/contact-us/contact-us.html,n/a,true,
hotel-page,r54pzsxodpf8mon5jlafbowo,/rosefinch-sarovar-portico-bhimtal/contact-us/contact-us.html,n/a,true,
hotel-page,q5ixcg3x94db5d6qw75imszg,/sarovar-portico-bhubaneswar/contact-us.html,n/a,true,
hotel-page,mrvdy630xekmzgdpan3fffhv,/lagoon-sarovar-premiere-pondicherry/pay-us/pay-us.html,n/a,true,
hotel-page,tcri2kvcjk7d8w6509n98ddm,/sarovar-portico-sonipat/pay-us/pay-us.html,n/a,true,
hotel-page,msr0a9lok7sbaxwraj7qb2zp,/efcee-sarovar-portico-bhavnagar/awards/awards.html,n/a,true,
hotel-page,xdg0ehbzu85bkzgpo6llvkof,/aditya-park-hyderabad/banquet-conferences/meeting-events.html,n/a,true,
hotel-page,iogni9vobngzmsfz0e5ema9u,/ambar-sarovar-portico-gandhidham-hotel/promotions.html,n/a,true,
hotel-page,ztq99m7wyfwfmgc2f4eel6tl,/ambrosia-sarovar-portico-haridwar/banquet-hall-and-conferences/meetings-events.html,n/a,true,
hotel-page,xuq1dcd2ickwy65plrcxsaxn,/bellevue-sarovar-premiere-junagadh/banquet-conference.html,n/a,true,
hotel-page,sfloxyb40p3nixcxk7xa6shn,/bellevue-sarovar-premiere-junagadh/banquet-conference/emerald-conference-hall.html,n/a,true,
hotel-page,ckgmt8zuqf1zemrm7hiwcq6w,/bellevue-sarovar-premiere-junagadh/banquet-conference/grand-crystal---banquet-hall.html,n/a,true,
hotel-page,x42fjpxk9tpq9s4wmupza4fx,/bellevue-sarovar-premiere-junagadh/banquet-conference/opal-conference-hall.html,n/a,true,
hotel-page,xsybf2cdm2hzgu8kq0qjrrns,/citadel-sarovar-portico-bangalore/events.html,n/a,true,
hotel-page,be981v685bm1afqr7r9965cj,/deventure-sarovar-portico-patel-nagar/banquet-hall/oasis-hall.html,n/a,true,
hotel-page,j13n44uyu86q731bw6ep7nk0,/efcee-sarovar-portico-bhavnagar/banquet-conferences/meeting-events.html,n/a,true,
hotel-page,byq5g6o5bstjp2wgjnii2k3o,/estuary-sarovar-Premiere-poovar/about-us/about-us.html,n/a,true,
hotel-page,cmav17nsn14i3ckfzt566iw0,/estuary-sarovar-Premiere-poovar/ayurveda-facility/ayurveda-facility.html,n/a,true,
hotel-page,x0c8ce6ow65ow8buhyxymuab,/estuary-sarovar-Premiere-poovar/ayurveda-packages---details/marma-spine-care.html,n/a,true,
hotel-page,f6c85dleuu21nhx7oykcc91q,/estuary-sarovar-Premiere-poovar/ayurveda-packages---details/panchakarma-detox.html,n/a,true,
hotel-page,jo9fup4kse66iwwc7f3vmyb5,/estuary-sarovar-Premiere-poovar/ayurveda-packages---details/rasayanam-rejuvenation.html,n/a,true,
hotel-page,a4mv2j2ydt4ncry2lyh2kexb,/estuary-sarovar-Premiere-poovar/ayurveda-packages---details/sanjeevani-destress.html,n/a,true,
hotel-page,sggqbs6a8hblup9vaxb61ol1,/estuary-sarovar-Premiere-poovar/ayurveda-packages---details/soundarya-skin-hair-care.html,n/a,true,
hotel-page,k2r3ejlucadffonr8tz02knv,/estuary-sarovar-Premiere-poovar/ayurveda-packages---details/sthoulya-slimming-programme.html,n/a,true,
hotel-page,wsrktc2zaffxr4i784so47kx,/estuary-sarovar-Premiere-poovar/ayurveda-summary-page.html,n/a,true,
hotel-page,kt19j7ngl8vl0y0pw0li6hce,/estuary-sarovar-Premiere-poovar/ayurveda-summary-page/ayurveda-packages.html,n/a,true,
hotel-page,axyvkjvs7lf49op760bhnq2h,/estuary-sarovar-Premiere-poovar/ayurveda-summary-page/ayurveda-treatment.html,n/a,true,
hotel-page,pnw8ildqrhby2xk3eb81jlbb,/estuary-sarovar-Premiere-poovar/career/career.html,n/a,true,
hotel-page,u4o40y5rys9kwzgwz7cmbhco,/estuary-sarovar-Premiere-poovar/celebrations.html,n/a,true,
hotel-page,n8fpdebiwgegihkziwo09b43,/estuary-sarovar-Premiere-poovar/celebrations/honeymoon.html,n/a,true,
hotel-page,sqj7mtru350qnhatwe1uopi3,/estuary-sarovar-Premiere-poovar/celebrations/weddings.html,n/a,true,
hotel-page,a8ouo8v7z8t7m1p8i5mfqvx7,/estuary-sarovar-Premiere-poovar/explore/explore.html,n/a,true,
hotel-page,f7wex3ogy1rn3u6wz9n861yg,/golden-sarovar-portico-amritsar/promotions.html,n/a,true,
hotel-page,f9vpty1sz6z4zuy1bx7u8biz,/golden-tulip-bdi-club-and-suite-bhiwadi/events-meetings/summit.html,n/a,true,
hotel-page,ifrofguoefelbe13kgmmu3tp,/golden-tulip-bhopal/restaurant/tulipe---multi-cuisine-restaurant.html,n/a,true,
hotel-page,z4dox9ga24dcz7sg8pwuk8dh,/golden-tulip-candolim-goa/special-offers.html,n/a,true,
hotel-page,sgehkqbxbbfvciz8egvd2kcr,/golden-tulip-essential-jaipur/banquet-hall-conferences/banquet-hall-conferences.html,n/a,true,
hotel-page,x4l7d06nikwwqyd2l8txq7bv,/golden-tulip-goa-mandrem/promotions.html,n/a,true,
hotel-page,tg38bhn2f1j9vkrqf7qzx05y,/golden-tulip-lucknow/promotions.html,n/a,true,
hotel-page,ii8ye1x8fpyqn6ln39ridxa1,/golden-tulip-srinagar/spa-and-hamam.html,n/a,true,
hotel-page,smnhgid5imd2c8yuh8yyt7ro,/golden-tulip-srinagar/spa-and-hamam/spa.html,n/a,true,
hotel-page,ny8vou6nudpo8pp27hwhd2vh,/golden-tulip-srinagar/spa-and-hamam/turkish-hamam.html,n/a,true,
hotel-page,fm1b1pwna12iznjyi8frnv00,/golden-tulip-tirupati/restaurant/flavours.html,n/a,true,
hotel-page,jk3wov8pyh51ceh2za6rwfwn,/golden-tulip/banquets-and-events/meetings-events.html,n/a,true,
hotel-page,xbvym9jndy3t9b8dsebhual6,/grand-continent-anjuna/special-offers.html,n/a,true,
hotel-page,zyv9ap1j395i15asra53yv6h,/grand-continent-brookefield-bengaluru/banquet-halls.html,n/a,true,
hotel-page,e1z2eymhijqbn7xoka70dl98,/grand-continent-brookefield-bengaluru/banquet-halls/blossom.html,n/a,true,
hotel-page,ic27l6u9sg3x3vjrj98qql2s,/grand-continent-brookefield-bengaluru/banquet-halls/the-alfresco-open-air.html,n/a,true,
hotel-page,x262ogw7kvxccpkfql2de7ye,/grand-continent-mysore/banquet-hall/blossom-banquet-hall.html,n/a,true,
hotel-page,fr1kfihsyzxnflfhqz9ruzyy,/highland-sarovar-portico-sindhudurg/book-your-stay-at-highland-sarovar-portico-sindhudurg.html,n/a,true,
hotel-page,ruu88nrd7ex2hjl8lzmv23qp,/highland-sarovar-portico-sindhudurg/explore-sindhudurg.html,n/a,true,
hotel-page,ynw1hlvup56ne3cvoppg7g54,/hometel-alambagh-lucknow/explore-lucknow.html,n/a,true,
hotel-page,gsdi3e6598w7hzud0tfigwvs,/hometel-chandigarh/promotions.html,n/a,true,
hotel-page,i10alfp9qgdjuyump0e66wo8,/hometel-roorkee/banquet-conferences/meetings-events.html,n/a,true,
hotel-page,d85ii5cnol4uf69mfv3ll74j,/iris-sarovar-portico-gurugram/explore-gurugram.html,n/a,true,
hotel-page,sumlehy7hgdjdppuyslh1ocw,/ishaan-sarovar-portico-deoghar/explore-deoghar.html,n/a,true,
hotel-page,aqa1q3b7zku8uvwrvivbvlvf,/lagoon-sarovar-premiere-pondicherry/amenities.html,n/a,true,
hotel-page,aouk9sjx72pt9eg1vi34s7vh,/lagoon-sarovar-premiere-pondicherry/destination-wedding.html,n/a,true,
hotel-page,lsjtka7dis132v3w7dzp7lwa,/le-dupleix-pondicherry/courtyard-restaurant-menu.html,n/a,true,
hotel-page,c1xei4x48711p6y3tro76edn,/le-dupleix-pondicherry/explore-pondicherry.html,n/a,true,
hotel-page,v3yzs9cysqw6e823j1n1c0kg,/le-lac-sarovar-ranchi/banquet-conferences/meetings-events.html,n/a,true,
hotel-page,ezkc50cbmu1johg4adzwv8qr,/legend-sarovar-portico/banquet-conferences/meetings-events.html,n/a,true,
hotel-page,vyss3kj283pd1vv7flnnni5f,/mahagun-sarovar-portico-suites-vaishali/promotions.html,n/a,true,
hotel-page,w95g237eopd58242th2tjrzl,/manjeera-international-convention-centre/lawns/lawn.html,n/a,true,
hotel-page,zaluehihpxg7rvf9o6fv8nyt,/manjeera-international-convention-centre/meetings-and-events.html,n/a,true,
hotel-page,kq55y531ltxe0f164vkl9jvw,/manjeera-international-convention-centre/meetings-and-events/ball-room-i.html,n/a,true,
hotel-page,npqt57vi7elwgtdcq4do26z9,/manjeera-international-convention-centre/meetings-and-events/ball-room-ii.html,n/a,true,
hotel-page,ebm723tqyp99yr61klmzn915,/manjeera-international-convention-centre/meetings-and-events/ball-room-iii.html,n/a,true,
hotel-page,kj7gz6w4dk6n0vmuqf2xjgyu,/manjeera-international-convention-centre/meetings-and-events/godavari-i.html,n/a,true,
hotel-page,hpezqxtnpcidxy3def3n8kr4,/manjeera-international-convention-centre/meetings-and-events/godavari-ii.html,n/a,true,
hotel-page,vvwo64wevkyakaf1kwjk95nx,/manjeera-international-convention-centre/meetings-and-events/grand-ball-room.html,n/a,true,
hotel-page,bo51lxj2q82rvz04g7a6bk8h,/manjeera-sarovar-premiere-rajahmundry/banquet-halls.html,n/a,true,
hotel-page,llc9szut7ecc1603532obw7n,/manjeera-sarovar-premiere-rajahmundry/banquet-halls/jade-banquet-hall.html,n/a,true,
hotel-page,ijlkeew8wuzr0eyd3fcq4qq2,/manjeera-sarovar-premiere-rajahmundry/banquet-halls/oval-banquet-hall.html,n/a,true,
hotel-page,ofu4tccrwv86xf3b8fzcfm8b,/manjeera-sarovar-premiere-rajahmundry/banquet-halls/ruby-banquet-hall.html,n/a,true,
hotel-page,dzxwunn149iikpxahflevtz8,/manjeera-sarovar-premiere-rajahmundry/convention-centres.html,n/a,true,
hotel-page,i4mqgdln1w4lvxxpm4rn7l8h,/manjeera-sarovar-premiere-rajahmundry/convention-centres/ball-room.html,n/a,true,
hotel-page,kf06cnjb6ha2gqmy18ocw79t,/manjeera-sarovar-premiere-rajahmundry/convention-centres/godavari-1.html,n/a,true,
hotel-page,d62o9guivmmw7xykaxbe4393,/manjeera-sarovar-premiere-rajahmundry/convention-centres/godavari-2.html,n/a,true,
hotel-page,yfv80cibw49ykmr66zrdsk6z,/manjeera-sarovar-premiere-rajahmundry/convention-centres/lawns.html,n/a,true,
hotel-page,eqzbs87y8gopgiwh1t840t22,/marasa-sarovar-portico-rajkot/banquet-conferences/meetings-events.html,n/a,true,
hotel-page,tz6f5llp1yhyy1jii7va889q,/marasa-sarovar-premiere-bodhgaya/banquet-conferences/banquet-and-meeting-hall.html,n/a,true,
hotel-page,h0ijerghwnoeh4pizsptrvts,/marasa-sarovar-premiere-bodhgaya/body-experiences/a-journey-of-spiritual-awakening.html,n/a,true,
hotel-page,i1hs9115b3bsn3br8p9x7ktd,/marasa-sarovar-premiere-bodhgaya/body-experiences/deep-tissue-experience.html,n/a,true,
hotel-page,m06evnxby9rr6eiirz99ctl1,/marasa-sarovar-premiere-bodhgaya/body-experiences/fusion-of-self-realization.html,n/a,true,
hotel-page,jdz42rxx0pckvaq8u8w4fkyb,/marasa-sarovar-premiere-bodhgaya/body-experiences/holistic-aromatic-journey.html,n/a,true,
hotel-page,er84fvr2gec6rvyju0ehetg5,/marasa-sarovar-premiere-bodhgaya/body-experiences/indian-fusion-head-massage.html,n/a,true,
hotel-page,if6o9mp0dlq84nalahon5jr5,/marasa-sarovar-premiere-bodhgaya/body-experiences/peace.html,n/a,true,
hotel-page,n1yz7w7fud52rggul6ywgvm3,/marasa-sarovar-premiere-bodhgaya/body-experiences/reflexology.html,n/a,true,
hotel-page,miu2pls1630becifh81tx4f2,/marasa-sarovar-premiere-bodhgaya/body-experiences/tibetan-massage.html,n/a,true,
hotel-page,w11l7jyk6sgicfx0k8wdmt1g,/marasa-sarovar-premiere-bodhgaya/body-nourishers/bhumispasha-clay-envelopment.html,n/a,true,
hotel-page,hukufo6twcxdcw27gd93qun6,/marasa-sarovar-premiere-bodhgaya/body-nourishers/the-cocoon.html,n/a,true,
hotel-page,eokx7vimxa7placrg2ree1ks,/marasa-sarovar-premiere-bodhgaya/holistic-facial-experiences/peace-and-tranquility.html,n/a,true,
hotel-page,y0y9gl9zs84319dfh9ws69op,/marasa-sarovar-premiere-bodhgaya/holistic-facial-experiences/pollution-rescue.html,n/a,true,
hotel-page,rt2noz4xvlmipajm1c2ue007,/marasa-sarovar-premiere-bodhgaya/holistic-facial-experiences/seabuckthorn-balance.html,n/a,true,
hotel-page,afgaujp4zkusnxhcyaopp3h7,/marasa-sarovar-premiere-bodhgaya/holistic-facial-experiences/spiritual-mist.html,n/a,true,
hotel-page,i0wvo0735u9neu8y383jqdpj,/marasa-sarovar-premiere-bodhgaya/meditatio-japa-japa.html,n/a,true,
hotel-page,bmbusnk55378xfd4hqxieh9m,/marasa-sarovar-premiere-bodhgaya/meditatio-ntar-mouna.html,n/a,true,
hotel-page,moxdvi2t7kb9h738zy6gd100,/marasa-sarovar-premiere-bodhgaya/meditation/chakra-shuddhi.html,n/a,true,
hotel-page,x54a6yyb0nhvbb173gsf6a6r,/marasa-sarovar-premiere-bodhgaya/meditation/chidakasha-dharana.html,n/a,true,
hotel-page,mg3vx51fn5n2phbg6g49xj8v,/marasa-sarovar-premiere-bodhgaya/meditation/hridayakasha-dharana.html,n/a,true,
hotel-page,xpvkcxd9fu9s70f9ci5wm5m6,/marasa-sarovar-premiere-bodhgaya/meditation/tibetan-chantsbuddhist-chants.html,n/a,true,
hotel-page,lexuwt99adlqaydjcvprhoym,/marasa-sarovar-premiere-bodhgaya/meditation/trataka-candle-meditation.html,n/a,true,
hotel-page,b536oknzcrl7rx4jnfe0y81b,/marasa-sarovar-premiere-bodhgaya/meditation/yoga-nidra.html,n/a,true,
hotel-page,vu4rr7lcy2xzhghm5o9d9752,/marasa-sarovar-premiere-bodhgaya/shuddhi-kriyas/jal-neti.html,n/a,true,
hotel-page,g19f2ykhks56d3diy4mrmatw,/marasa-sarovar-premiere-bodhgaya/shuddhi-kriyas/kunjal-kriya.html,n/a,true,
hotel-page,wdlreb2hn3x1srh95ro5mgzm,/marasa-sarovar-premiere-bodhgaya/the-clarifiers/himalayan-salt-scrub.html,n/a,true,
hotel-page,oln4pto7po7t9b2c19s5iap2,/marasa-sarovar-premiere-bodhgaya/the-clarifiers/tibetan-tsampa-body-scrub.html,n/a,true,
hotel-page,dxce4vyagev38bdo564rig5s,/marasa-sarovar-premiere-bodhgaya/yoga/advanced-pranayama-with-bandhas.html,n/a,true,
hotel-page,orx58gdquxe9tk0fdijy3qv2,/marasa-sarovar-premiere-bodhgaya/yoga/gatyatmak-yoga.html,n/a,true,
hotel-page,emtqj5y6pfc4qma2k99lu6pv,/marasa-sarovar-premiere-bodhgaya/yoga/hatha-yoga.html,n/a,true,
hotel-page,uyeg8hnwmrvznazwdhrouz81,/marasa-sarovar-premiere-bodhgaya/yoga/kriya-yoga.html,n/a,true,
hotel-page,pzske4k1evebq1dkx0d59lmq,/marasa-sarovar-premiere-bodhgaya/yoga/panayama.html,n/a,true,
hotel-page,x550dswjw4bi5y5bgykqgk7i,/marasa-sarovar-premiere-tirupati-hotels/experience.html,n/a,true,
hotel-page,zb3ghfochr6uw16wwiebmhd4,/marasa-sarovar-premiere-tirupati-hotels/promotions.html,n/a,true,
hotel-page,toymjprrdgxk1alnrknlnda1,/marigold-sarovar-portico-mashobra-shimla/special-offers.html,n/a,true,
hotel-page,kwd1xg46ely7mu6gk97b4kex,/marigold-sarovar-portico-mashobra-shimla/wedding/weddings-at-sarovar-hotels-resorts.html,n/a,true,
hotel-page,x5sruy3prf7q2ar4z5l1cex8,/mj-sarovar-portico-haridwar/explore-haridwar.html,n/a,true,
hotel-page,gf8bqvsd4yp8ppw7f8pcve1c,/mountnoor-sarovar-premiere-pahalgam/explore-pahalgam.html,n/a,true,
hotel-page,vfjq6qr9dkvc15h0kbjshjjq,/mukundra-sarovar-premiere-kota/explore-kota.html,n/a,true,
hotel-page,uzsymmu5b8jw4iwf0g4bjruu,/nataraj-sarovar-portico-jhansi/banquet-conferences/meetings-events.html,n/a,true,
hotel-page,uc965svc6mxnz4nfy9xe73xj,/nidhivan-sarovar-portico-vrindavan/weddings/destination-wedding-in-vrindavan.html,n/a,true,
hotel-page,gl5tl6nskljpi46dv9t1dxvk,/nidhivan-sarovar-portico-vrindavan/places-to-visit-in-vrindavan/places-to-visit-in-vrindavan.html,n/a,true,
hotel-page,zn4nkbuc807o2br0brwrvu4t,/nirvana-sarovar-portico-gorakhpur/banquet-conferences/meetings-events.html,n/a,true,
hotel-page,r77ui3ckvcig2m8hiy7xq8wk,/nirvana-sarovar-portico-gorakhpur/promotions.html,n/a,true,
hotel-page,skm2y8uscz8vp1v9bw35yvnl,/paradigm-sarovar-kakinada/banquet-conferences/meetings-events.html,n/a,true,
hotel-page,u5p46ysdzl24i7qks39hwnl9,/Park-Inn-Radisson-Goa-Candolim/banquet-conferences/meeting-events.html,n/a,true,
hotel-page,flzlkh7kwyud87twe6q9203s,/park-plaza-ludhiana/promotions.html,n/a,true,
hotel-page,vqyvghdmed00cn11bozkae4n,/park-plaza-zirakpur/banquet-conferences/meeting-events.html,n/a,true,
hotel-page,qbqedik39853vomafvlnvo6i,/park-plaza-zirakpur/shaadi-saga/shaadi-saga.html,n/a,true,
hotel-page,eqzmiiudmq8k8i5o6iwpmvhr,/presidium-sarovar-premiere-dalhousie/events.html,n/a,true,
hotel-page,t20n9rtvdzhi0z1ljxjq9fil,/presidium-sarovar-premiere-dalhousie/events/the-den.html,n/a,true,
hotel-page,xb8155zxopvot9ht13le5uar,/presidium-sarovar-premiere-dalhousie/events/the-reserve.html,n/a,true,
hotel-page,stjgavas6rqajlbea2bnlle9,/presidium-sarovar-premiere-dalhousie/experience.html,n/a,true,
hotel-page,oh5v8m7bkhdhi2m8dlo2qiys,/radha-hometel-bangalore/promotions.html,n/a,true,
hotel-page,kvc4zgxpqboadcs7pvy6u6r8,/radha-regent-chennai/banquet-conferences/meeting-events.html,n/a,true,
hotel-page,ph7kfrwhbj311ckp5a14rnhs,/radisson-blu--bengaluru-outer-ring-road/banquets-and-conferences/meetings-events.html,n/a,true,
hotel-page,n3nk7ka4t25o9vvogciaypr3,/rivera-sarovar-portico-ahmedabad/banquet-conferences/meetings-events.html,n/a,true,
hotel-page,ps3xewzqrv1de3cuas3ybriw,/rosefinch-sarovar-portico-bhimtal/experiences/experiences.html,n/a,true,
hotel-page,dwe6qbm778idy8f0v5dxbz8s,/rosefinch-sarovar-portico-bhimtal/meetings-banquets/conference-hall.html,n/a,true,
hotel-page,xyrpazh8hoqua0lu9jnasnmr,/royal-tulip-kathmandu-shivapuri-national-park/explore-kathmandu.html,n/a,true,
hotel-page,t5i9x0iqu9ls62pwroz4ag1o,/royale-sarovar-portico-agra/events/events.html,n/a,true,
hotel-page,et39jrh8pdpjq4zaehwoxcyw,/royale-sarovar-portico-agra/explore-agra.html,n/a,true,
hotel-page,g53ecqr7m04u2rcabl5az1fs,/rs-sarovar-portico-palampur/banquets-and-conferences/meetings-events.html,n/a,true,
hotel-page,mdheqbjpxkvvhpisyyhtk7b4,/sarovar-portico-gir/facilites/facilites.html,n/a,true,
hotel-page,m0xvgw0wz9mzbtecdjf4uqc0,/sarovar-portico-hanumangarh/special-offers.html,n/a,true,
hotel-page,sg1m3yyz12ch43lainxx4w7o,/sarovar-portico-jaipur/banquet-conferences/meetings-conferences.html,n/a,true,
hotel-page,yg2l1f3v3oed20ufvul39n6n,/sarovar-portico-jaipur/promotions.html,n/a,true,
hotel-page,rydlhk34dsvms3mb839snjgj,/sarovar-portico-jalandhar/banquet-conferences/meetings-events.html,n/a,true,
hotel-page,pn0u1zhpck81cumm2s9h2cey,/sarovar-portico-kolkata-rajarhat/banquet-hall/conclave.html,n/a,true,
hotel-page,cvs099g6zce7hid7ih7t8ylk,/sarovar-portico-morbi/facilities/facilities-at-sarovar-portico-morbi.html,n/a,true,
hotel-page,ilzdl95k4q6cfl4jqjovgjb9,/sarovar-portico-morbi/meetings-conference-rooms/meetings-conference-rooms-in-morbi.html,n/a,true,
hotel-page,xoyiv6mlfenqgu2m6yy2r8md,/sarovar-portico-naraina-new-delhi/banquet-conferences/meetings-events.html,n/a,true,
hotel-page,chta5ovq8fcksmd1kwnpm96l,/sarovar-portico-somnath/banquet-hall-conferences/banquet-hall-conferences.html,n/a,true,
hotel-page,lnozdi2i0t55l17zpd0rxspo,/sarovar-portico-srinagar/banquets-meetings/the-hub.html,n/a,true,
hotel-page,bvgnxdod0hal5tz0lo6jgxq0,/sarovar-portico-surajkund/weddings-at-sarovar-portico-surajkund/weddings.html,n/a,true,
hotel-page,kiabu0asq5e6bo7rz9h0enku,/sarovar-premiere-alwar/destination-wedding-in-alwar.html,n/a,true,
hotel-page,amtl1qws8gwv4w0lidzgmtln,/sarovar-premiere-alwar/explore-alwar.html,n/a,true,
hotel-page,o06r3xh3ja6gqi779ic2swda,/sarovar-premiere-alwar/terms-conditions.html,n/a,true,
hotel-page,i7e288u9c0udbvl969tolboo,/sarovar-premiere-alwar/weddings-thank-you.html,n/a,true,
hotel-page,fzmy3paat5lr084skjkhhyoy,/sarovar-premiere-amritsar/activities-experiences.html,n/a,true,
hotel-page,uww5a6mg0xezynwa111p5fvz,/sarovar-premiere-amritsar/explore-amritsar.html,n/a,true,
hotel-page,ctsdk896pgnz7gza9xp5f7ys,/sarovar-premiere-jaipur/banquet-conferences/meetings-events.html,n/a,true,
hotel-page,zk38zj4zghrlqi9cq9yxj8yk,/sarovar-premiere-jaipur/promotions.html,n/a,true,
hotel-page,uo6irzg2rmovih6amwbl7nj0,/sarovar-premiere-srinagar/explore-srinagar.html,n/a,true,
hotel-page,ik2e19uvzn2ilodua7hj43to,/shravanthi-sarovar-portico-bengaluru/banquets-and-conferences/meetings-events.html,n/a,true,
hotel-page,h8s9rro1davwcj2bpv35phen,/skywings-sarovar-portico-mathura/explore-mathura.html,n/a,true,
hotel-page,z0bn2ovyvydy4n25z3n9apk5,/skywings-sarovar-portico-mathura/special-offers.html,n/a,true,
hotel-page,vc733uplsca5mrne8sgq97g2,/sobit-sarovar-portico-palolem-beach-hotel-goa/promotions.html,n/a,true,
hotel-page,n9eyzgisbowdbj0d91u5zsfr,/the-ashtan-sarovar-portico-new-delhi/360-virtual-tour/virtual-tour.html,n/a,true,
hotel-page,yzkmqiwviwy5ddvxvjqkupie,/the-ashtan-sarovar-portico-new-delhi/banquet-conferences/meetings-events.html,n/a,true,
hotel-page,eu35dndd5hu2y7eznncdixd6,/the-ashtan-sarovar-portico-new-delhi/facilities/facilities-at-hotel-in-delhi-near-aiims.html,n/a,true,
hotel-page,m3henwzau3y8t6o2a0ucyza4,/the-gaurs-sarovar-premiere/facilities/facilities-at-the-gaurs-sarovar-premiere.html,n/a,true,
hotel-page,fhdg965djpp0li3dwljjizah,/the-gaurs-sarovar-premiere/wedding-saga.html,n/a,true,
hotel-page,havoigjc2nr7nd66sdqcyt4h,/the-gokulam-park-kochi/star-classification/star-classification.html,n/a,true,
hotel-page,vsplz9dfv0ouqgrmvqmg4h0n,/the-heron-portico-nairobi/banquet-conferences/meetings-events.html,n/a,true,
hotel-page,mhl09bowodwl41dp1komvufk,/the-promenade-pondicherry/bay-of-buddha-menu.html,n/a,true,
hotel-page,t586ra4vc7y4x1fmt0m3bcq0,/the-promenade-pondicherry/explore-pondicherry.html,n/a,true,
hotel-page,p2bzsr3ifongp3xi0l4cafa1,/the-promenade-pondicherry/the-blueline-menu.html,n/a,true,
hotel-page,u3itosbc30ni8p4zehs1uzah,/the-promenade-pondicherry/wildfish-bistro.html,n/a,true,
hotel-page,zty35i4nblojsi65seolr55b,/tulip-inn-bhopal/explore-bhopal.html,n/a,true,
hotel-page,y2t3icfpcncimltnpur4ayvu,/tulip-inn-gurugram-near-medanta/special-offers.html,n/a,true,
hotel-page,xan8xejuyuixemgmzg2p7wv8,/tulip-inn-shravasti/faciltiies.html,n/a,true,
hotel-page,avsuqkbpm0ihtow3fq3n4tk4,/vandhara-sarovar-premiere-patkote/explore-jim-corbett.html,n/a,true,
hotel-page,odunrbqxm700juksoxh6j9o3,/venizia-sarovar-portico-in-new-delhi/kids-zone/kids-zone.html,n/a,true,
hotel-page,uuawaxq9wfv5vpe2efcyfzyq,/geeta-sarovar-portico-hotels-panipat/blogs.html,n/a,true,
hotel-page,v1vkz8121vaxwggaa3muf59r,/geeta-sarovar-portico-hotels-panipat/blogs/destination-wedding-near-delhi-ncr.html,n/a,true,
hotel-page,cxptnjzr7x4kaddxutbdepw9,/geeta-sarovar-portico-hotels-panipat/blogs/wedding-venues-in-panipat.html,n/a,true,
hotel-page,s0ggz0sgbxjwqnwz2se6mr0y,/marasa-sarovar-premiere-bodhgaya/blogs.html,n/a,true,
hotel-page,tgn648bs7l89kbgu6772kwhn,/marasa-sarovar-premiere-bodhgaya/blogs/bodh-gaya-seeking-nirvana.html,n/a,true,
hotel-page,w5qch61zzms1anvd4lllwx1j,/marasa-sarovar-premiere-bodhgaya/blogs/indias-best-50-new-hotels-digest---outlook-traveller.html,n/a,true,
hotel-page,u0leb1co95kco7tqjaiefccy,/marasa-sarovar-premiere-bodhgaya/blogs/luxury-and-spirituality-at-marasa-sarovar-premiere.html,n/a,true,
hotel-page,vkjvierksx29o17xlfedqs0t,/marasa-sarovar-premiere-bodhgaya/blogs/marasa-sarovar-bodh-gaya-a-sanctuary-of-spiritual-enlightenment.html,n/a,true,
hotel-page,ppsoiugl4iq0nvewbha9k41y,/marasa-sarovar-premiere-bodhgaya/blogs/more-hnis-family-offices-checking-into-hotels-business.html,n/a,true,
hotel-page,q2lvl1nejjvk40kl4iy6p22s,/marasa-sarovar-premiere-bodhgaya/blogs/must-visit-tourist-places-in-bodh-gaya.html,n/a,true,
hotel-page,j1mltb4riw6k54xfeom5c1w6,/marasa-sarovar-premiere-bodhgaya/blogs/southeast-asia-building-coverage-for-marasa-sarovar-premiere.html,n/a,true,
hotel-page,u55qzyag0csk1t9opzmsanq1,/marigold-sarovar-portico-mashobra-shimla/blogs.html,n/a,true,
hotel-page,cf2afk5qxn8ly97h1zl4eqot,/marigold-sarovar-portico-mashobra-shimla/blogs/explore-the-hidden-beauty-of-shimla.html,n/a,true,
hotel-page,mml462ovrn6gppp9sycq0y7d,/marigold-sarovar-portico-mashobra-shimla/blogs/shimla-in-the-summers.html,n/a,true,
hotel-page,k0b56t8vpty35gta9zl1mqb1,/marigold-sarovar-portico-mashobra-shimla/blogs/shimla-in-the-winters.html,n/a,true,
hotel-page,kebq0ir6s3pdqn2i18c1krt6,/rosefinch-sarovar-portico-bhimtal/blogs.html,n/a,true,
hotel-page,ajp3do2r3e1o10kuan41d48p,/rosefinch-sarovar-portico-bhimtal/blogs/attractions-in-bhimtal.html,n/a,true,
