path,source_type,in_db,in_sitemap
/hotels/sarovar-premiere-delhi,hotel,true,false
/hotels/sarovar-premiere-delhi/rooms,hotel-listing,true,false
/hotels/sarovar-premiere-delhi/dining,hotel-listing,true,false
/hotels/sarovar-premiere-delhi/banquets,hotel-listing,true,false
/hotels/sarovar-premiere-delhi/gallery,hotel-listing,true,false
/hotels/sarovar-premiere-delhi/nearby,hotel-listing,true,false
/hotels/sarovar-portico-jaipur,hotel,true,true
/hotels/sarovar-portico-jaipur/rooms,hotel-listing,true,false
/hotels/sarovar-portico-jaipur/dining,hotel-listing,true,false
/hotels/sarovar-portico-jaipur/banquets,hotel-listing,true,false
/hotels/sarovar-portico-jaipur/gallery,hotel-listing,true,false
/hotels/sarovar-portico-jaipur/nearby,hotel-listing,true,false
/hotels/sarovar-premiere-goa-beach-resort,hotel,true,false
/hotels/sarovar-premiere-goa-beach-resort/rooms,hotel-listing,true,false
/hotels/sarovar-premiere-goa-beach-resort/dining,hotel-listing,true,false
/hotels/sarovar-premiere-goa-beach-resort/banquets,hotel-listing,true,false
/hotels/sarovar-premiere-goa-beach-resort/gallery,hotel-listing,true,false
/hotels/sarovar-premiere-goa-beach-resort/nearby,hotel-listing,true,false
/hotels/sarovar-portico-mumbai,hotel,true,false
/hotels/sarovar-portico-mumbai/rooms,hotel-listing,true,false
/hotels/sarovar-portico-mumbai/dining,hotel-listing,true,false
/hotels/sarovar-portico-mumbai/banquets,hotel-listing,true,false
/hotels/sarovar-portico-mumbai/gallery,hotel-listing,true,false
/hotels/sarovar-portico-mumbai/nearby,hotel-listing,true,false
/hotels/sarovar-regency-shimla,hotel,true,false
/hotels/sarovar-regency-shimla/rooms,hotel-listing,true,false
/hotels/sarovar-regency-shimla/dining,hotel-listing,true,false
/hotels/sarovar-regency-shimla/banquets,hotel-listing,true,false
/hotels/sarovar-regency-shimla/gallery,hotel-listing,true,false
/hotels/sarovar-regency-shimla/nearby,hotel-listing,true,false
/hotels/sarovar-regency-rishikesh,hotel,true,false
/hotels/sarovar-regency-rishikesh/rooms,hotel-listing,true,false
/hotels/sarovar-regency-rishikesh/dining,hotel-listing,true,false
/hotels/sarovar-regency-rishikesh/banquets,hotel-listing,true,false
/hotels/sarovar-regency-rishikesh/gallery,hotel-listing,true,false
/hotels/sarovar-regency-rishikesh/nearby,hotel-listing,true,false
/hotels/sarovar-portico-delhi-aerocity,hotel,true,false
/hotels/sarovar-portico-delhi-aerocity/rooms,hotel-listing,true,false
/hotels/sarovar-portico-delhi-aerocity/dining,hotel-listing,true,false
/hotels/sarovar-portico-delhi-aerocity/banquets,hotel-listing,true,false
/hotels/sarovar-portico-delhi-aerocity/gallery,hotel-listing,true,false
/hotels/sarovar-portico-delhi-aerocity/nearby,hotel-listing,true,false
/hotels/sarovar-premiere-jaipur-heritage,hotel,true,false
/hotels/sarovar-premiere-jaipur-heritage/rooms,hotel-listing,true,false
/hotels/sarovar-premiere-jaipur-heritage/dining,hotel-listing,true,false
/hotels/sarovar-premiere-jaipur-heritage/banquets,hotel-listing,true,false
/hotels/sarovar-premiere-jaipur-heritage/gallery,hotel-listing,true,false
/hotels/sarovar-premiere-jaipur-heritage/nearby,hotel-listing,true,false
/hotels/abn-sarovar-portico-jim-corbett,hotel,true,true
/hotels/abn-sarovar-portico-jim-corbett/rooms,hotel-listing,true,false
/hotels/abn-sarovar-portico-jim-corbett/dining,hotel-listing,true,false
/hotels/abn-sarovar-portico-jim-corbett/banquets,hotel-listing,true,false
/hotels/abn-sarovar-portico-jim-corbett/gallery,hotel-listing,true,false
/hotels/abn-sarovar-portico-jim-corbett/nearby,hotel-listing,true,false
/hotels/nidhivan-sarovar-portico-vrindavan,hotel,true,true
/hotels/nidhivan-sarovar-portico-vrindavan/rooms,hotel-listing,true,false
/hotels/nidhivan-sarovar-portico-vrindavan/dining,hotel-listing,true,false
/hotels/nidhivan-sarovar-portico-vrindavan/banquets,hotel-listing,true,false
/hotels/nidhivan-sarovar-portico-vrindavan/gallery,hotel-listing,true,false
/hotels/nidhivan-sarovar-portico-vrindavan/nearby,hotel-listing,true,false
/hotels/marigold-sarovar-portico-mashobra-shimla,hotel,true,true
/hotels/marigold-sarovar-portico-mashobra-shimla/rooms,hotel-listing,true,false
/hotels/marigold-sarovar-portico-mashobra-shimla/dining,hotel-listing,true,false
/hotels/marigold-sarovar-portico-mashobra-shimla/banquets,hotel-listing,true,false
/hotels/marigold-sarovar-portico-mashobra-shimla/gallery,hotel-listing,true,false
/hotels/marigold-sarovar-portico-mashobra-shimla/nearby,hotel-listing,true,false
/hotels/vandhara-sarovar-premiere-patkote,hotel,true,true
/hotels/vandhara-sarovar-premiere-patkote/rooms,hotel-listing,true,false
/hotels/vandhara-sarovar-premiere-patkote/dining,hotel-listing,true,false
/hotels/vandhara-sarovar-premiere-patkote/banquets,hotel-listing,true,false
/hotels/vandhara-sarovar-premiere-patkote/gallery,hotel-listing,true,false
/hotels/vandhara-sarovar-premiere-patkote/nearby,hotel-listing,true,false
/hotels/aditya-hometel-hyderabad,hotel,true,true
/hotels/aditya-hometel-hyderabad/rooms,hotel-listing,true,false
/hotels/aditya-hometel-hyderabad/dining,hotel-listing,true,false
/hotels/aditya-hometel-hyderabad/banquets,hotel-listing,true,false
/hotels/aditya-hometel-hyderabad/gallery,hotel-listing,true,false
/hotels/aditya-hometel-hyderabad/nearby,hotel-listing,true,false
/hotels/aditya-park-hyderabad,hotel,true,true
/hotels/aditya-park-hyderabad/rooms,hotel-listing,true,false
/hotels/aditya-park-hyderabad/dining,hotel-listing,true,false
/hotels/aditya-park-hyderabad/banquets,hotel-listing,true,false
/hotels/aditya-park-hyderabad/gallery,hotel-listing,true,false
/hotels/aditya-park-hyderabad/nearby,hotel-listing,true,false
/hotels/ambrosia-sarovar-portico-haridwar,hotel,true,true
/hotels/ambrosia-sarovar-portico-haridwar/rooms,hotel-listing,true,false
/hotels/ambrosia-sarovar-portico-haridwar/dining,hotel-listing,true,false
/hotels/ambrosia-sarovar-portico-haridwar/banquets,hotel-listing,true,false
/hotels/ambrosia-sarovar-portico-haridwar/gallery,hotel-listing,true,false
/hotels/ambrosia-sarovar-portico-haridwar/nearby,hotel-listing,true,false
/hotels/ambar-sarovar-portico-gandhidham-hotel,hotel,true,true
/hotels/ambar-sarovar-portico-gandhidham-hotel/rooms,hotel-listing,true,false
/hotels/ambar-sarovar-portico-gandhidham-hotel/dining,hotel-listing,true,false
/hotels/ambar-sarovar-portico-gandhidham-hotel/banquets,hotel-listing,true,false
/hotels/ambar-sarovar-portico-gandhidham-hotel/gallery,hotel-listing,true,false
/hotels/ambar-sarovar-portico-gandhidham-hotel/nearby,hotel-listing,true,false
/hotels/balaji-sarovar-premiere-solapur,hotel,true,true
/hotels/balaji-sarovar-premiere-solapur/rooms,hotel-listing,true,false
/hotels/balaji-sarovar-premiere-solapur/dining,hotel-listing,true,false
/hotels/balaji-sarovar-premiere-solapur/banquets,hotel-listing,true,false
/hotels/balaji-sarovar-premiere-solapur/gallery,hotel-listing,true,false
/hotels/balaji-sarovar-premiere-solapur/nearby,hotel-listing,true,false
/hotels/bamus-sarovar-portico-kampala,hotel,true,true
/hotels/bamus-sarovar-portico-kampala/rooms,hotel-listing,true,false
/hotels/bamus-sarovar-portico-kampala/dining,hotel-listing,true,false
/hotels/bamus-sarovar-portico-kampala/banquets,hotel-listing,true,false
/hotels/bamus-sarovar-portico-kampala/gallery,hotel-listing,true,false
/hotels/bamus-sarovar-portico-kampala/nearby,hotel-listing,true,false
/hotels/bellevue-sarovar-premiere-junagadh,hotel,true,true
/hotels/bellevue-sarovar-premiere-junagadh/rooms,hotel-listing,true,false
/hotels/bellevue-sarovar-premiere-junagadh/dining,hotel-listing,true,false
/hotels/bellevue-sarovar-premiere-junagadh/banquets,hotel-listing,true,false
/hotels/bellevue-sarovar-premiere-junagadh/gallery,hotel-listing,true,false
/hotels/bellevue-sarovar-premiere-junagadh/nearby,hotel-listing,true,false
/hotels/citadel-sarovar-portico-bangalore,hotel,true,true
/hotels/citadel-sarovar-portico-bangalore/rooms,hotel-listing,true,false
/hotels/citadel-sarovar-portico-bangalore/dining,hotel-listing,true,false
/hotels/citadel-sarovar-portico-bangalore/banquets,hotel-listing,true,false
/hotels/citadel-sarovar-portico-bangalore/gallery,hotel-listing,true,false
/hotels/citadel-sarovar-portico-bangalore/nearby,hotel-listing,true,false
/hotels/davanam-sarovar-portico-suites-bangalore,hotel,true,true
/hotels/davanam-sarovar-portico-suites-bangalore/rooms,hotel-listing,true,false
/hotels/davanam-sarovar-portico-suites-bangalore/dining,hotel-listing,true,false
/hotels/davanam-sarovar-portico-suites-bangalore/banquets,hotel-listing,true,false
/hotels/davanam-sarovar-portico-suites-bangalore/gallery,hotel-listing,true,false
/hotels/davanam-sarovar-portico-suites-bangalore/nearby,hotel-listing,true,false
/hotels/classic-sarovar-portico-thiruvananthapuram,hotel,true,true
/hotels/classic-sarovar-portico-thiruvananthapuram/rooms,hotel-listing,true,false
/hotels/classic-sarovar-portico-thiruvananthapuram/dining,hotel-listing,true,false
/hotels/classic-sarovar-portico-thiruvananthapuram/banquets,hotel-listing,true,false
/hotels/classic-sarovar-portico-thiruvananthapuram/gallery,hotel-listing,true,false
/hotels/classic-sarovar-portico-thiruvananthapuram/nearby,hotel-listing,true,false
/hotels/delite-sarovar-portico-faridabad,hotel,true,true
/hotels/delite-sarovar-portico-faridabad/rooms,hotel-listing,true,false
/hotels/delite-sarovar-portico-faridabad/dining,hotel-listing,true,false
/hotels/delite-sarovar-portico-faridabad/banquets,hotel-listing,true,false
/hotels/delite-sarovar-portico-faridabad/gallery,hotel-listing,true,false
/hotels/delite-sarovar-portico-faridabad/nearby,hotel-listing,true,false
/hotels/deventure-sarovar-portico-patel-nagar,hotel,true,true
/hotels/deventure-sarovar-portico-patel-nagar/rooms,hotel-listing,true,false
/hotels/deventure-sarovar-portico-patel-nagar/dining,hotel-listing,true,false
/hotels/deventure-sarovar-portico-patel-nagar/banquets,hotel-listing,true,false
/hotels/deventure-sarovar-portico-patel-nagar/gallery,hotel-listing,true,false
/hotels/deventure-sarovar-portico-patel-nagar/nearby,hotel-listing,true,false
/hotels/deventure-sarovar-portico--kapashera-new-delhi,hotel,true,true
/hotels/deventure-sarovar-portico--kapashera-new-delhi/rooms,hotel-listing,true,false
/hotels/deventure-sarovar-portico--kapashera-new-delhi/dining,hotel-listing,true,false
/hotels/deventure-sarovar-portico--kapashera-new-delhi/banquets,hotel-listing,true,false
/hotels/deventure-sarovar-portico--kapashera-new-delhi/gallery,hotel-listing,true,false
/hotels/deventure-sarovar-portico--kapashera-new-delhi/nearby,hotel-listing,true,false
/hotels/efcee-sarovar-portico-bhavnagar,hotel,true,true
/hotels/efcee-sarovar-portico-bhavnagar/rooms,hotel-listing,true,false
/hotels/efcee-sarovar-portico-bhavnagar/dining,hotel-listing,true,false
/hotels/efcee-sarovar-portico-bhavnagar/banquets,hotel-listing,true,false
/hotels/efcee-sarovar-portico-bhavnagar/gallery,hotel-listing,true,false
/hotels/efcee-sarovar-portico-bhavnagar/nearby,hotel-listing,true,false
/hotels/estuary-sarovar-Premiere-poovar,hotel,true,true
/hotels/estuary-sarovar-Premiere-poovar/rooms,hotel-listing,true,false
/hotels/estuary-sarovar-Premiere-poovar/dining,hotel-listing,true,false
/hotels/estuary-sarovar-Premiere-poovar/banquets,hotel-listing,true,false
/hotels/estuary-sarovar-Premiere-poovar/gallery,hotel-listing,true,false
/hotels/estuary-sarovar-Premiere-poovar/nearby,hotel-listing,true,false
/hotels/geeta-sarovar-portico-hotels-panipat,hotel,true,true
/hotels/geeta-sarovar-portico-hotels-panipat/rooms,hotel-listing,true,false
/hotels/geeta-sarovar-portico-hotels-panipat/dining,hotel-listing,true,false
/hotels/geeta-sarovar-portico-hotels-panipat/banquets,hotel-listing,true,false
/hotels/geeta-sarovar-portico-hotels-panipat/gallery,hotel-listing,true,false
/hotels/geeta-sarovar-portico-hotels-panipat/nearby,hotel-listing,true,false
/hotels/golden-sarovar-portico-amritsar,hotel,true,true
/hotels/golden-sarovar-portico-amritsar/rooms,hotel-listing,true,false
/hotels/golden-sarovar-portico-amritsar/dining,hotel-listing,true,false
/hotels/golden-sarovar-portico-amritsar/banquets,hotel-listing,true,false
/hotels/golden-sarovar-portico-amritsar/gallery,hotel-listing,true,false
/hotels/golden-sarovar-portico-amritsar/nearby,hotel-listing,true,false
/hotels/golden-tulip-agra,hotel,true,true
/hotels/golden-tulip-agra/rooms,hotel-listing,true,false
/hotels/golden-tulip-agra/dining,hotel-listing,true,false
/hotels/golden-tulip-agra/banquets,hotel-listing,true,false
/hotels/golden-tulip-agra/gallery,hotel-listing,true,false
/hotels/golden-tulip-agra/nearby,hotel-listing,true,false
/hotels/golden-tulip-bdi-club-and-suite-bhiwadi,hotel,true,true
/hotels/golden-tulip-bdi-club-and-suite-bhiwadi/rooms,hotel-listing,true,false
/hotels/golden-tulip-bdi-club-and-suite-bhiwadi/dining,hotel-listing,true,false
/hotels/golden-tulip-bdi-club-and-suite-bhiwadi/banquets,hotel-listing,true,false
/hotels/golden-tulip-bdi-club-and-suite-bhiwadi/gallery,hotel-listing,true,false
/hotels/golden-tulip-bdi-club-and-suite-bhiwadi/nearby,hotel-listing,true,false
/hotels/golden-tulip-bhopal,hotel,true,true
/hotels/golden-tulip-bhopal/rooms,hotel-listing,true,false
/hotels/golden-tulip-bhopal/dining,hotel-listing,true,false
/hotels/golden-tulip-bhopal/banquets,hotel-listing,true,false
/hotels/golden-tulip-bhopal/gallery,hotel-listing,true,false
/hotels/golden-tulip-bhopal/nearby,hotel-listing,true,false
/hotels/golden-tulip-candolim-goa,hotel,true,true
/hotels/golden-tulip-candolim-goa/rooms,hotel-listing,true,false
/hotels/golden-tulip-candolim-goa/dining,hotel-listing,true,false
/hotels/golden-tulip-candolim-goa/banquets,hotel-listing,true,false
/hotels/golden-tulip-candolim-goa/gallery,hotel-listing,true,false
/hotels/golden-tulip-candolim-goa/nearby,hotel-listing,true,false
/hotels/golden-tulip-essential-jaipur,hotel,true,true
/hotels/golden-tulip-essential-jaipur/rooms,hotel-listing,true,false
/hotels/golden-tulip-essential-jaipur/dining,hotel-listing,true,false
/hotels/golden-tulip-essential-jaipur/banquets,hotel-listing,true,false
/hotels/golden-tulip-essential-jaipur/gallery,hotel-listing,true,false
/hotels/golden-tulip-essential-jaipur/nearby,hotel-listing,true,false
/hotels/golden-tulip-goa-mandrem,hotel,true,true
/hotels/golden-tulip-goa-mandrem/rooms,hotel-listing,true,false
/hotels/golden-tulip-goa-mandrem/dining,hotel-listing,true,false
/hotels/golden-tulip-goa-mandrem/banquets,hotel-listing,true,false
/hotels/golden-tulip-goa-mandrem/gallery,hotel-listing,true,false
/hotels/golden-tulip-goa-mandrem/nearby,hotel-listing,true,false
/hotels/golden-tulip-goa-vagator,hotel,true,true
/hotels/golden-tulip-goa-vagator/rooms,hotel-listing,true,false
/hotels/golden-tulip-goa-vagator/dining,hotel-listing,true,false
/hotels/golden-tulip-goa-vagator/banquets,hotel-listing,true,false
/hotels/golden-tulip-goa-vagator/gallery,hotel-listing,true,false
/hotels/golden-tulip-goa-vagator/nearby,hotel-listing,true,false
/hotels/golden-tulip-hari-nagar,hotel,true,true
/hotels/golden-tulip-hari-nagar/rooms,hotel-listing,true,false
/hotels/golden-tulip-hari-nagar/dining,hotel-listing,true,false
/hotels/golden-tulip-hari-nagar/banquets,hotel-listing,true,false
/hotels/golden-tulip-hari-nagar/gallery,hotel-listing,true,false
/hotels/golden-tulip-hari-nagar/nearby,hotel-listing,true,false
/hotels/golden-tulip-hotel-in-jaipur,hotel,true,true
/hotels/golden-tulip-hotel-in-jaipur/rooms,hotel-listing,true,false
/hotels/golden-tulip-hotel-in-jaipur/dining,hotel-listing,true,false
/hotels/golden-tulip-hotel-in-jaipur/banquets,hotel-listing,true,false
/hotels/golden-tulip-hotel-in-jaipur/gallery,hotel-listing,true,false
/hotels/golden-tulip-hotel-in-jaipur/nearby,hotel-listing,true,false
/hotels/golden-tulip-jalandhar,hotel,true,true
/hotels/golden-tulip-jalandhar/rooms,hotel-listing,true,false
/hotels/golden-tulip-jalandhar/dining,hotel-listing,true,false
/hotels/golden-tulip-jalandhar/banquets,hotel-listing,true,false
/hotels/golden-tulip-jalandhar/gallery,hotel-listing,true,false
/hotels/golden-tulip-jalandhar/nearby,hotel-listing,true,false
/hotels/golden-tulip-kukas-jaipur,hotel,true,true
/hotels/golden-tulip-kukas-jaipur/rooms,hotel-listing,true,false
/hotels/golden-tulip-kukas-jaipur/dining,hotel-listing,true,false
/hotels/golden-tulip-kukas-jaipur/banquets,hotel-listing,true,false
/hotels/golden-tulip-kukas-jaipur/gallery,hotel-listing,true,false
/hotels/golden-tulip-kukas-jaipur/nearby,hotel-listing,true,false
/hotels/golden-tulip-lucknow,hotel,true,true
/hotels/golden-tulip-lucknow/rooms,hotel-listing,true,false
/hotels/golden-tulip-lucknow/dining,hotel-listing,true,false
/hotels/golden-tulip-lucknow/banquets,hotel-listing,true,false
/hotels/golden-tulip-lucknow/gallery,hotel-listing,true,false
/hotels/golden-tulip-lucknow/nearby,hotel-listing,true,false
/hotels/golden-tulip-sector-80-gurugram,hotel,true,true
/hotels/golden-tulip-sector-80-gurugram/rooms,hotel-listing,true,false
/hotels/golden-tulip-sector-80-gurugram/dining,hotel-listing,true,false
/hotels/golden-tulip-sector-80-gurugram/banquets,hotel-listing,true,false
/hotels/golden-tulip-sector-80-gurugram/gallery,hotel-listing,true,false
/hotels/golden-tulip-sector-80-gurugram/nearby,hotel-listing,true,false
/hotels/golden-tulip-srinagar,hotel,true,true
/hotels/golden-tulip-srinagar/rooms,hotel-listing,true,false
/hotels/golden-tulip-srinagar/dining,hotel-listing,true,false
/hotels/golden-tulip-srinagar/banquets,hotel-listing,true,false
/hotels/golden-tulip-srinagar/gallery,hotel-listing,true,false
/hotels/golden-tulip-srinagar/nearby,hotel-listing,true,false
/hotels/royal-hometel-suites-dahisar-mumbai,hotel,true,true
/hotels/royal-hometel-suites-dahisar-mumbai/rooms,hotel-listing,true,false
/hotels/royal-hometel-suites-dahisar-mumbai/dining,hotel-listing,true,false
/hotels/royal-hometel-suites-dahisar-mumbai/banquets,hotel-listing,true,false
/hotels/royal-hometel-suites-dahisar-mumbai/gallery,hotel-listing,true,false
/hotels/royal-hometel-suites-dahisar-mumbai/nearby,hotel-listing,true,false
/hotels/royal-sarovar-portico-siliguri,hotel,true,true
/hotels/royal-sarovar-portico-siliguri/rooms,hotel-listing,true,false
/hotels/royal-sarovar-portico-siliguri/dining,hotel-listing,true,false
/hotels/royal-sarovar-portico-siliguri/banquets,hotel-listing,true,false
/hotels/royal-sarovar-portico-siliguri/gallery,hotel-listing,true,false
/hotels/royal-sarovar-portico-siliguri/nearby,hotel-listing,true,false
/hotels/royal-tulip-chitwan,hotel,true,true
/hotels/royal-tulip-chitwan/rooms,hotel-listing,true,false
/hotels/royal-tulip-chitwan/dining,hotel-listing,true,false
/hotels/royal-tulip-chitwan/banquets,hotel-listing,true,false
/hotels/royal-tulip-chitwan/gallery,hotel-listing,true,false
/hotels/royal-tulip-chitwan/nearby,hotel-listing,true,false
/hotels/royal-tulip-kathmandu-shivapuri-national-park,hotel,true,true
/hotels/royal-tulip-kathmandu-shivapuri-national-park/rooms,hotel-listing,true,false
/hotels/royal-tulip-kathmandu-shivapuri-national-park/dining,hotel-listing,true,false
/hotels/royal-tulip-kathmandu-shivapuri-national-park/banquets,hotel-listing,true,false
/hotels/royal-tulip-kathmandu-shivapuri-national-park/gallery,hotel-listing,true,false
/hotels/royal-tulip-kathmandu-shivapuri-national-park/nearby,hotel-listing,true,false
/hotels/royal-tulip-kathmandu,hotel,true,true
/hotels/royal-tulip-kathmandu/rooms,hotel-listing,true,false
/hotels/royal-tulip-kathmandu/dining,hotel-listing,true,false
/hotels/royal-tulip-kathmandu/banquets,hotel-listing,true,false
/hotels/royal-tulip-kathmandu/gallery,hotel-listing,true,false
/hotels/royal-tulip-kathmandu/nearby,hotel-listing,true,false
/hotels/royale-sarovar-portico-agra,hotel,true,true
/hotels/royale-sarovar-portico-agra/rooms,hotel-listing,true,false
/hotels/royale-sarovar-portico-agra/dining,hotel-listing,true,false
/hotels/royale-sarovar-portico-agra/banquets,hotel-listing,true,false
/hotels/royale-sarovar-portico-agra/gallery,hotel-listing,true,false
/hotels/royale-sarovar-portico-agra/nearby,hotel-listing,true,false
/hotels/rs-sarovar-portico-palampur,hotel,true,true
/hotels/rs-sarovar-portico-palampur/rooms,hotel-listing,true,false
/hotels/rs-sarovar-portico-palampur/dining,hotel-listing,true,false
/hotels/rs-sarovar-portico-palampur/banquets,hotel-listing,true,false
/hotels/rs-sarovar-portico-palampur/gallery,hotel-listing,true,false
/hotels/rs-sarovar-portico-palampur/nearby,hotel-listing,true,false
/hotels/sairafort-sarovar-portico-jaisalmer,hotel,true,true
/hotels/sairafort-sarovar-portico-jaisalmer/rooms,hotel-listing,true,false
/hotels/sairafort-sarovar-portico-jaisalmer/dining,hotel-listing,true,false
/hotels/sairafort-sarovar-portico-jaisalmer/banquets,hotel-listing,true,false
/hotels/sairafort-sarovar-portico-jaisalmer/gallery,hotel-listing,true,false
/hotels/sairafort-sarovar-portico-jaisalmer/nearby,hotel-listing,true,false
/hotels/sarovar-ahmedabad,hotel,true,true
/hotels/sarovar-ahmedabad/rooms,hotel-listing,true,false
/hotels/sarovar-ahmedabad/dining,hotel-listing,true,false
/hotels/sarovar-ahmedabad/banquets,hotel-listing,true,false
/hotels/sarovar-ahmedabad/gallery,hotel-listing,true,false
/hotels/sarovar-ahmedabad/nearby,hotel-listing,true,false
/hotels/sarovar-portico-ajmer,hotel,true,true
/hotels/sarovar-portico-ajmer/rooms,hotel-listing,true,false
/hotels/sarovar-portico-ajmer/dining,hotel-listing,true,false
/hotels/sarovar-portico-ajmer/banquets,hotel-listing,true,false
/hotels/sarovar-portico-ajmer/gallery,hotel-listing,true,false
/hotels/sarovar-portico-ajmer/nearby,hotel-listing,true,false
/hotels/sarovar-portico-badrinath-uttarakhand,hotel,true,true
/hotels/sarovar-portico-badrinath-uttarakhand/rooms,hotel-listing,true,false
/hotels/sarovar-portico-badrinath-uttarakhand/dining,hotel-listing,true,false
/hotels/sarovar-portico-badrinath-uttarakhand/banquets,hotel-listing,true,false
/hotels/sarovar-portico-badrinath-uttarakhand/gallery,hotel-listing,true,false
/hotels/sarovar-portico-badrinath-uttarakhand/nearby,hotel-listing,true,false
/hotels/sarovar-portico-bhubaneswar,hotel,true,true
/hotels/sarovar-portico-bhubaneswar/rooms,hotel-listing,true,false
/hotels/sarovar-portico-bhubaneswar/dining,hotel-listing,true,false
/hotels/sarovar-portico-bhubaneswar/banquets,hotel-listing,true,false
/hotels/sarovar-portico-bhubaneswar/gallery,hotel-listing,true,false
/hotels/sarovar-portico-bhubaneswar/nearby,hotel-listing,true,false
/hotels/sarovar-portico-birgunj,hotel,true,true
/hotels/sarovar-portico-birgunj/rooms,hotel-listing,true,false
/hotels/sarovar-portico-birgunj/dining,hotel-listing,true,false
/hotels/sarovar-portico-birgunj/banquets,hotel-listing,true,false
/hotels/sarovar-portico-birgunj/gallery,hotel-listing,true,false
/hotels/sarovar-portico-birgunj/nearby,hotel-listing,true,false
/hotels/sarovar-portico-dehradun,hotel,true,true
/hotels/sarovar-portico-dehradun/rooms,hotel-listing,true,false
/hotels/sarovar-portico-dehradun/dining,hotel-listing,true,false
/hotels/sarovar-portico-dehradun/banquets,hotel-listing,true,false
/hotels/sarovar-portico-dehradun/gallery,hotel-listing,true,false
/hotels/sarovar-portico-dehradun/nearby,hotel-listing,true,false
/hotels/sarovar-portico-gir,hotel,true,true
/hotels/sarovar-portico-gir/rooms,hotel-listing,true,false
/hotels/sarovar-portico-gir/dining,hotel-listing,true,false
/hotels/sarovar-portico-gir/banquets,hotel-listing,true,false
/hotels/sarovar-portico-gir/gallery,hotel-listing,true,false
/hotels/sarovar-portico-gir/nearby,hotel-listing,true,false
/hotels/sarovar-portico-hanumangarh,hotel,true,true
/hotels/sarovar-portico-hanumangarh/rooms,hotel-listing,true,false
/hotels/sarovar-portico-hanumangarh/dining,hotel-listing,true,false
/hotels/sarovar-portico-hanumangarh/banquets,hotel-listing,true,false
/hotels/sarovar-portico-hanumangarh/gallery,hotel-listing,true,false
/hotels/sarovar-portico-hanumangarh/nearby,hotel-listing,true,false
/hotels/sarovar-portico-jalandhar,hotel,true,true
/hotels/sarovar-portico-jalandhar/rooms,hotel-listing,true,false
/hotels/sarovar-portico-jalandhar/dining,hotel-listing,true,false
/hotels/sarovar-portico-jalandhar/banquets,hotel-listing,true,false
/hotels/sarovar-portico-jalandhar/gallery,hotel-listing,true,false
/hotels/sarovar-portico-jalandhar/nearby,hotel-listing,true,false
/hotels/sarovar-portico-kolkata-rajarhat,hotel,true,true
/hotels/sarovar-portico-kolkata-rajarhat/rooms,hotel-listing,true,false
/hotels/sarovar-portico-kolkata-rajarhat/dining,hotel-listing,true,false
/hotels/sarovar-portico-kolkata-rajarhat/banquets,hotel-listing,true,false
/hotels/sarovar-portico-kolkata-rajarhat/gallery,hotel-listing,true,false
/hotels/sarovar-portico-kolkata-rajarhat/nearby,hotel-listing,true,false
/hotels/sarovar-portico-morbi,hotel,true,true
/hotels/sarovar-portico-morbi/rooms,hotel-listing,true,false
/hotels/sarovar-portico-morbi/dining,hotel-listing,true,false
/hotels/sarovar-portico-morbi/banquets,hotel-listing,true,false
/hotels/sarovar-portico-morbi/gallery,hotel-listing,true,false
/hotels/sarovar-portico-morbi/nearby,hotel-listing,true,false
/hotels/sarovar-portico-naraina-new-delhi,hotel,true,true
/hotels/sarovar-portico-naraina-new-delhi/rooms,hotel-listing,true,false
/hotels/sarovar-portico-naraina-new-delhi/dining,hotel-listing,true,false
/hotels/sarovar-portico-naraina-new-delhi/banquets,hotel-listing,true,false
/hotels/sarovar-portico-naraina-new-delhi/gallery,hotel-listing,true,false
/hotels/sarovar-portico-naraina-new-delhi/nearby,hotel-listing,true,false
/hotels/sarovar-portico-saharanpur,hotel,true,true
/hotels/sarovar-portico-saharanpur/rooms,hotel-listing,true,false
/hotels/sarovar-portico-saharanpur/dining,hotel-listing,true,false
/hotels/sarovar-portico-saharanpur/banquets,hotel-listing,true,false
/hotels/sarovar-portico-saharanpur/gallery,hotel-listing,true,false
/hotels/sarovar-portico-saharanpur/nearby,hotel-listing,true,false
/hotels/sarovar-portico-somnath,hotel,true,true
/hotels/sarovar-portico-somnath/rooms,hotel-listing,true,false
/hotels/sarovar-portico-somnath/dining,hotel-listing,true,false
/hotels/sarovar-portico-somnath/banquets,hotel-listing,true,false
/hotels/sarovar-portico-somnath/gallery,hotel-listing,true,false
/hotels/sarovar-portico-somnath/nearby,hotel-listing,true,false
/hotels/sarovar-portico-sonipat,hotel,true,true
/hotels/sarovar-portico-sonipat/rooms,hotel-listing,true,false
/hotels/sarovar-portico-sonipat/dining,hotel-listing,true,false
/hotels/sarovar-portico-sonipat/banquets,hotel-listing,true,false
/hotels/sarovar-portico-sonipat/gallery,hotel-listing,true,false
/hotels/sarovar-portico-sonipat/nearby,hotel-listing,true,false
/hotels/sarovar-portico-srinagar,hotel,true,true
/hotels/sarovar-portico-srinagar/rooms,hotel-listing,true,false
/hotels/sarovar-portico-srinagar/dining,hotel-listing,true,false
/hotels/sarovar-portico-srinagar/banquets,hotel-listing,true,false
/hotels/sarovar-portico-srinagar/gallery,hotel-listing,true,false
/hotels/sarovar-portico-srinagar/nearby,hotel-listing,true,false
/hotels/sarovar-portico-surajkund,hotel,true,true
/hotels/sarovar-portico-surajkund/rooms,hotel-listing,true,false
/hotels/sarovar-portico-surajkund/dining,hotel-listing,true,false
/hotels/sarovar-portico-surajkund/banquets,hotel-listing,true,false
/hotels/sarovar-portico-surajkund/gallery,hotel-listing,true,false
/hotels/sarovar-portico-surajkund/nearby,hotel-listing,true,false
/hotels/sarovar-premiere-amritsar,hotel,true,true
/hotels/sarovar-premiere-amritsar/rooms,hotel-listing,true,false
/hotels/sarovar-premiere-amritsar/dining,hotel-listing,true,false
/hotels/sarovar-premiere-amritsar/banquets,hotel-listing,true,false
/hotels/sarovar-premiere-amritsar/gallery,hotel-listing,true,false
/hotels/sarovar-premiere-amritsar/nearby,hotel-listing,true,false
/hotels/sarovar-premiere-alwar,hotel,true,true
/hotels/sarovar-premiere-alwar/rooms,hotel-listing,true,false
/hotels/sarovar-premiere-alwar/dining,hotel-listing,true,false
/hotels/sarovar-premiere-alwar/banquets,hotel-listing,true,false
/hotels/sarovar-premiere-alwar/gallery,hotel-listing,true,false
/hotels/sarovar-premiere-alwar/nearby,hotel-listing,true,false
/hotels/sarovar-premiere-jaipur,hotel,true,true
/hotels/sarovar-premiere-jaipur/rooms,hotel-listing,true,false
/hotels/sarovar-premiere-jaipur/dining,hotel-listing,true,false
/hotels/sarovar-premiere-jaipur/banquets,hotel-listing,true,false
/hotels/sarovar-premiere-jaipur/gallery,hotel-listing,true,false
/hotels/sarovar-premiere-jaipur/nearby,hotel-listing,true,false
/hotels/sarovar-premiere-srinagar,hotel,true,true
/hotels/sarovar-premiere-srinagar/rooms,hotel-listing,true,false
/hotels/sarovar-premiere-srinagar/dining,hotel-listing,true,false
/hotels/sarovar-premiere-srinagar/banquets,hotel-listing,true,false
/hotels/sarovar-premiere-srinagar/gallery,hotel-listing,true,false
/hotels/sarovar-premiere-srinagar/nearby,hotel-listing,true,false
/hotels/sea-breeze-sarovar-portico-varca-goa,hotel,true,true
/hotels/sea-breeze-sarovar-portico-varca-goa/rooms,hotel-listing,true,false
/hotels/sea-breeze-sarovar-portico-varca-goa/dining,hotel-listing,true,false
/hotels/sea-breeze-sarovar-portico-varca-goa/banquets,hotel-listing,true,false
/hotels/sea-breeze-sarovar-portico-varca-goa/gallery,hotel-listing,true,false
/hotels/sea-breeze-sarovar-portico-varca-goa/nearby,hotel-listing,true,false
/hotels/serene-premiere-hargeisa,hotel,true,true
/hotels/serene-premiere-hargeisa/rooms,hotel-listing,true,false
/hotels/serene-premiere-hargeisa/dining,hotel-listing,true,false
/hotels/serene-premiere-hargeisa/banquets,hotel-listing,true,false
/hotels/serene-premiere-hargeisa/gallery,hotel-listing,true,false
/hotels/serene-premiere-hargeisa/nearby,hotel-listing,true,false
/hotels/shravanthi-sarovar-portico-bengaluru,hotel,true,true
/hotels/shravanthi-sarovar-portico-bengaluru/rooms,hotel-listing,true,false
/hotels/shravanthi-sarovar-portico-bengaluru/dining,hotel-listing,true,false
/hotels/shravanthi-sarovar-portico-bengaluru/banquets,hotel-listing,true,false
/hotels/shravanthi-sarovar-portico-bengaluru/gallery,hotel-listing,true,false
/hotels/shravanthi-sarovar-portico-bengaluru/nearby,hotel-listing,true,false
/hotels/shyama-sarovar-portico-orai,hotel,true,true
/hotels/shyama-sarovar-portico-orai/rooms,hotel-listing,true,false
/hotels/shyama-sarovar-portico-orai/dining,hotel-listing,true,false
/hotels/shyama-sarovar-portico-orai/banquets,hotel-listing,true,false
/hotels/shyama-sarovar-portico-orai/gallery,hotel-listing,true,false
/hotels/shyama-sarovar-portico-orai/nearby,hotel-listing,true,false
/hotels/singhania-sarovar-portico-raipur,hotel,true,true
/hotels/singhania-sarovar-portico-raipur/rooms,hotel-listing,true,false
/hotels/singhania-sarovar-portico-raipur/dining,hotel-listing,true,false
/hotels/singhania-sarovar-portico-raipur/banquets,hotel-listing,true,false
/hotels/singhania-sarovar-portico-raipur/gallery,hotel-listing,true,false
/hotels/singhania-sarovar-portico-raipur/nearby,hotel-listing,true,false
/hotels/skywings-sarovar-portico-mathura,hotel,true,true
/hotels/skywings-sarovar-portico-mathura/rooms,hotel-listing,true,false
/hotels/skywings-sarovar-portico-mathura/dining,hotel-listing,true,false
/hotels/skywings-sarovar-portico-mathura/banquets,hotel-listing,true,false
/hotels/skywings-sarovar-portico-mathura/gallery,hotel-listing,true,false
/hotels/skywings-sarovar-portico-mathura/nearby,hotel-listing,true,false
/hotels/sobit-sarovar-portico-palolem-beach-hotel-goa,hotel,true,true
/hotels/sobit-sarovar-portico-palolem-beach-hotel-goa/rooms,hotel-listing,true,false
/hotels/sobit-sarovar-portico-palolem-beach-hotel-goa/dining,hotel-listing,true,false
/hotels/sobit-sarovar-portico-palolem-beach-hotel-goa/banquets,hotel-listing,true,false
/hotels/sobit-sarovar-portico-palolem-beach-hotel-goa/gallery,hotel-listing,true,false
/hotels/sobit-sarovar-portico-palolem-beach-hotel-goa/nearby,hotel-listing,true,false
/hotels/taurus-hotel-mahipalpur-new-delhi,hotel,true,true
/hotels/taurus-hotel-mahipalpur-new-delhi/rooms,hotel-listing,true,false
/hotels/taurus-hotel-mahipalpur-new-delhi/dining,hotel-listing,true,false
/hotels/taurus-hotel-mahipalpur-new-delhi/banquets,hotel-listing,true,false
/hotels/taurus-hotel-mahipalpur-new-delhi/gallery,hotel-listing,true,false
/hotels/taurus-hotel-mahipalpur-new-delhi/nearby,hotel-listing,true,false
/hotels/the-ashtan-sarovar-portico-new-delhi,hotel,true,true
/hotels/the-ashtan-sarovar-portico-new-delhi/rooms,hotel-listing,true,false
/hotels/the-ashtan-sarovar-portico-new-delhi/dining,hotel-listing,true,false
/hotels/the-ashtan-sarovar-portico-new-delhi/banquets,hotel-listing,true,false
/hotels/the-ashtan-sarovar-portico-new-delhi/gallery,hotel-listing,true,false
/hotels/the-ashtan-sarovar-portico-new-delhi/nearby,hotel-listing,true,false
/hotels/the-gaurs-sarovar-premiere,hotel,true,true
/hotels/the-gaurs-sarovar-premiere/rooms,hotel-listing,true,false
/hotels/the-gaurs-sarovar-premiere/dining,hotel-listing,true,false
/hotels/the-gaurs-sarovar-premiere/banquets,hotel-listing,true,false
/hotels/the-gaurs-sarovar-premiere/gallery,hotel-listing,true,false
/hotels/the-gaurs-sarovar-premiere/nearby,hotel-listing,true,false
/hotels/the-heron-portico-nairobi,hotel,true,true
/hotels/the-heron-portico-nairobi/rooms,hotel-listing,true,false
/hotels/the-heron-portico-nairobi/dining,hotel-listing,true,false
/hotels/the-heron-portico-nairobi/banquets,hotel-listing,true,false
/hotels/the-heron-portico-nairobi/gallery,hotel-listing,true,false
/hotels/the-heron-portico-nairobi/nearby,hotel-listing,true,false
/hotels/the-gokulam-park-kochi,hotel,true,true
/hotels/the-gokulam-park-kochi/rooms,hotel-listing,true,false
/hotels/the-gokulam-park-kochi/dining,hotel-listing,true,false
/hotels/the-gokulam-park-kochi/banquets,hotel-listing,true,false
/hotels/the-gokulam-park-kochi/gallery,hotel-listing,true,false
/hotels/the-gokulam-park-kochi/nearby,hotel-listing,true,false
/hotels/the-muse-sarovar-portico-nehru-place-new-delhi,hotel,true,true
/hotels/the-muse-sarovar-portico-nehru-place-new-delhi/rooms,hotel-listing,true,false
/hotels/the-muse-sarovar-portico-nehru-place-new-delhi/dining,hotel-listing,true,false
/hotels/the-muse-sarovar-portico-nehru-place-new-delhi/banquets,hotel-listing,true,false
/hotels/the-muse-sarovar-portico-nehru-place-new-delhi/gallery,hotel-listing,true,false
/hotels/the-muse-sarovar-portico-nehru-place-new-delhi/nearby,hotel-listing,true,false
/hotels/the-promenade-pondicherry,hotel,true,true
/hotels/the-promenade-pondicherry/rooms,hotel-listing,true,false
/hotels/the-promenade-pondicherry/dining,hotel-listing,true,false
/hotels/the-promenade-pondicherry/banquets,hotel-listing,true,false
/hotels/the-promenade-pondicherry/gallery,hotel-listing,true,false
/hotels/the-promenade-pondicherry/nearby,hotel-listing,true,false
/hotels/tulip-inn-bhopal,hotel,true,true
/hotels/tulip-inn-bhopal/rooms,hotel-listing,true,false
/hotels/tulip-inn-bhopal/dining,hotel-listing,true,false
/hotels/tulip-inn-bhopal/banquets,hotel-listing,true,false
/hotels/tulip-inn-bhopal/gallery,hotel-listing,true,false
/hotels/tulip-inn-bhopal/nearby,hotel-listing,true,false
/hotels/tulip-inn-gurugram-near-medanta,hotel,true,true
/hotels/tulip-inn-gurugram-near-medanta/rooms,hotel-listing,true,false
/hotels/tulip-inn-gurugram-near-medanta/dining,hotel-listing,true,false
/hotels/tulip-inn-gurugram-near-medanta/banquets,hotel-listing,true,false
/hotels/tulip-inn-gurugram-near-medanta/gallery,hotel-listing,true,false
/hotels/tulip-inn-gurugram-near-medanta/nearby,hotel-listing,true,false
/hotels/tulip-inn-koramangala,hotel,true,true
/hotels/tulip-inn-koramangala/rooms,hotel-listing,true,false
/hotels/tulip-inn-koramangala/dining,hotel-listing,true,false
/hotels/tulip-inn-koramangala/banquets,hotel-listing,true,false
/hotels/tulip-inn-koramangala/gallery,hotel-listing,true,false
/hotels/tulip-inn-koramangala/nearby,hotel-listing,true,false
/hotels/tulip-inn-shravasti,hotel,true,true
/hotels/tulip-inn-shravasti/rooms,hotel-listing,true,false
/hotels/tulip-inn-shravasti/dining,hotel-listing,true,false
/hotels/tulip-inn-shravasti/banquets,hotel-listing,true,false
/hotels/tulip-inn-shravasti/gallery,hotel-listing,true,false
/hotels/tulip-inn-shravasti/nearby,hotel-listing,true,false
/hotels/tulip-inn-zirakpur,hotel,true,true
/hotels/tulip-inn-zirakpur/rooms,hotel-listing,true,false
/hotels/tulip-inn-zirakpur/dining,hotel-listing,true,false
/hotels/tulip-inn-zirakpur/banquets,hotel-listing,true,false
/hotels/tulip-inn-zirakpur/gallery,hotel-listing,true,false
/hotels/tulip-inn-zirakpur/nearby,hotel-listing,true,false
/hotels/v-sarovar-portico-mi-road-jaipur,hotel,true,true
/hotels/v-sarovar-portico-mi-road-jaipur/rooms,hotel-listing,true,false
/hotels/v-sarovar-portico-mi-road-jaipur/dining,hotel-listing,true,false
/hotels/v-sarovar-portico-mi-road-jaipur/banquets,hotel-listing,true,false
/hotels/v-sarovar-portico-mi-road-jaipur/gallery,hotel-listing,true,false
/hotels/v-sarovar-portico-mi-road-jaipur/nearby,hotel-listing,true,false
/hotels/vaishnodevi-portico-katra,hotel,true,true
/hotels/vaishnodevi-portico-katra/rooms,hotel-listing,true,false
/hotels/vaishnodevi-portico-katra/dining,hotel-listing,true,false
/hotels/vaishnodevi-portico-katra/banquets,hotel-listing,true,false
/hotels/vaishnodevi-portico-katra/gallery,hotel-listing,true,false
/hotels/vaishnodevi-portico-katra/nearby,hotel-listing,true,false
/hotels/venizia-sarovar-portico-in-new-delhi,hotel,true,true
/hotels/venizia-sarovar-portico-in-new-delhi/rooms,hotel-listing,true,false
/hotels/venizia-sarovar-portico-in-new-delhi/dining,hotel-listing,true,false
/hotels/venizia-sarovar-portico-in-new-delhi/banquets,hotel-listing,true,false
/hotels/venizia-sarovar-portico-in-new-delhi/gallery,hotel-listing,true,false
/hotels/venizia-sarovar-portico-in-new-delhi/nearby,hotel-listing,true,false
/hotels/viraj-sarovar-portico-jammu,hotel,true,true
/hotels/viraj-sarovar-portico-jammu/rooms,hotel-listing,true,false
/hotels/viraj-sarovar-portico-jammu/dining,hotel-listing,true,false
/hotels/viraj-sarovar-portico-jammu/banquets,hotel-listing,true,false
/hotels/viraj-sarovar-portico-jammu/gallery,hotel-listing,true,false
/hotels/viraj-sarovar-portico-jammu/nearby,hotel-listing,true,false
/hotels/golden-tulip-udaipur,hotel,true,true
/hotels/golden-tulip-udaipur/rooms,hotel-listing,true,false
/hotels/golden-tulip-udaipur/dining,hotel-listing,true,false
/hotels/golden-tulip-udaipur/banquets,hotel-listing,true,false
/hotels/golden-tulip-udaipur/gallery,hotel-listing,true,false
/hotels/golden-tulip-udaipur/nearby,hotel-listing,true,false
/hotels/golden-tulip-tirupati,hotel,true,true
/hotels/golden-tulip-tirupati/rooms,hotel-listing,true,false
/hotels/golden-tulip-tirupati/dining,hotel-listing,true,false
/hotels/golden-tulip-tirupati/banquets,hotel-listing,true,false
/hotels/golden-tulip-tirupati/gallery,hotel-listing,true,false
/hotels/golden-tulip-tirupati/nearby,hotel-listing,true,false
/hotels/golden-tulip,hotel,true,true
/hotels/golden-tulip/rooms,hotel-listing,true,false
/hotels/golden-tulip/dining,hotel-listing,true,false
/hotels/golden-tulip/banquets,hotel-listing,true,false
/hotels/golden-tulip/gallery,hotel-listing,true,false
/hotels/golden-tulip/nearby,hotel-listing,true,false
/hotels/grand-continent-anjuna,hotel,true,true
/hotels/grand-continent-anjuna/rooms,hotel-listing,true,false
/hotels/grand-continent-anjuna/dining,hotel-listing,true,false
/hotels/grand-continent-anjuna/banquets,hotel-listing,true,false
/hotels/grand-continent-anjuna/gallery,hotel-listing,true,false
/hotels/grand-continent-anjuna/nearby,hotel-listing,true,false
/hotels/grand-continent-brookefield-bengaluru,hotel,true,true
/hotels/grand-continent-brookefield-bengaluru/rooms,hotel-listing,true,false
/hotels/grand-continent-brookefield-bengaluru/dining,hotel-listing,true,false
/hotels/grand-continent-brookefield-bengaluru/banquets,hotel-listing,true,false
/hotels/grand-continent-brookefield-bengaluru/gallery,hotel-listing,true,false
/hotels/grand-continent-brookefield-bengaluru/nearby,hotel-listing,true,false
/hotels/grand-continent-hebbal-bangalore,hotel,true,true
/hotels/grand-continent-hebbal-bangalore/rooms,hotel-listing,true,false
/hotels/grand-continent-hebbal-bangalore/dining,hotel-listing,true,false
/hotels/grand-continent-hebbal-bangalore/banquets,hotel-listing,true,false
/hotels/grand-continent-hebbal-bangalore/gallery,hotel-listing,true,false
/hotels/grand-continent-hebbal-bangalore/nearby,hotel-listing,true,false
/hotels/grand-continent-hosur,hotel,true,true
/hotels/grand-continent-hosur/rooms,hotel-listing,true,false
/hotels/grand-continent-hosur/dining,hotel-listing,true,false
/hotels/grand-continent-hosur/banquets,hotel-listing,true,false
/hotels/grand-continent-hosur/gallery,hotel-listing,true,false
/hotels/grand-continent-hosur/nearby,hotel-listing,true,false
/hotels/grand-continent-malleshwaram-bangalore,hotel,true,true
/hotels/grand-continent-malleshwaram-bangalore/rooms,hotel-listing,true,false
/hotels/grand-continent-malleshwaram-bangalore/dining,hotel-listing,true,false
/hotels/grand-continent-malleshwaram-bangalore/banquets,hotel-listing,true,false
/hotels/grand-continent-malleshwaram-bangalore/gallery,hotel-listing,true,false
/hotels/grand-continent-malleshwaram-bangalore/nearby,hotel-listing,true,false
/hotels/grand-continent-mahabalipuram,hotel,true,true
/hotels/grand-continent-mahabalipuram/rooms,hotel-listing,true,false
/hotels/grand-continent-mahabalipuram/dining,hotel-listing,true,false
/hotels/grand-continent-mahabalipuram/banquets,hotel-listing,true,false
/hotels/grand-continent-mahabalipuram/gallery,hotel-listing,true,false
/hotels/grand-continent-mahabalipuram/nearby,hotel-listing,true,false
/hotels/grand-continent-mysore,hotel,true,true
/hotels/grand-continent-mysore/rooms,hotel-listing,true,false
/hotels/grand-continent-mysore/dining,hotel-listing,true,false
/hotels/grand-continent-mysore/banquets,hotel-listing,true,false
/hotels/grand-continent-mysore/gallery,hotel-listing,true,false
/hotels/grand-continent-mysore/nearby,hotel-listing,true,false
/hotels/grand-continent-secunderabad,hotel,true,true
/hotels/grand-continent-secunderabad/rooms,hotel-listing,true,false
/hotels/grand-continent-secunderabad/dining,hotel-listing,true,false
/hotels/grand-continent-secunderabad/banquets,hotel-listing,true,false
/hotels/grand-continent-secunderabad/gallery,hotel-listing,true,false
/hotels/grand-continent-secunderabad/nearby,hotel-listing,true,false
/hotels/grand-portico-hotel-in-latur,hotel,true,true
/hotels/grand-portico-hotel-in-latur/rooms,hotel-listing,true,false
/hotels/grand-portico-hotel-in-latur/dining,hotel-listing,true,false
/hotels/grand-portico-hotel-in-latur/banquets,hotel-listing,true,false
/hotels/grand-portico-hotel-in-latur/gallery,hotel-listing,true,false
/hotels/grand-portico-hotel-in-latur/nearby,hotel-listing,true,false
/hotels/highland-sarovar-portico-sindhudurg,hotel,true,true
/hotels/highland-sarovar-portico-sindhudurg/rooms,hotel-listing,true,false
/hotels/highland-sarovar-portico-sindhudurg/dining,hotel-listing,true,false
/hotels/highland-sarovar-portico-sindhudurg/banquets,hotel-listing,true,false
/hotels/highland-sarovar-portico-sindhudurg/gallery,hotel-listing,true,false
/hotels/highland-sarovar-portico-sindhudurg/nearby,hotel-listing,true,false
/hotels/hometel-alambagh-lucknow,hotel,true,true
/hotels/hometel-alambagh-lucknow/rooms,hotel-listing,true,false
/hotels/hometel-alambagh-lucknow/dining,hotel-listing,true,false
/hotels/hometel-alambagh-lucknow/banquets,hotel-listing,true,false
/hotels/hometel-alambagh-lucknow/gallery,hotel-listing,true,false
/hotels/hometel-alambagh-lucknow/nearby,hotel-listing,true,false
/hotels/hometel-roorkee,hotel,true,true
/hotels/hometel-roorkee/rooms,hotel-listing,true,false
/hotels/hometel-roorkee/dining,hotel-listing,true,false
/hotels/hometel-roorkee/banquets,hotel-listing,true,false
/hotels/hometel-roorkee/gallery,hotel-listing,true,false
/hotels/hometel-roorkee/nearby,hotel-listing,true,false
/hotels/hometel-chandigarh,hotel,true,true
/hotels/hometel-chandigarh/rooms,hotel-listing,true,false
/hotels/hometel-chandigarh/dining,hotel-listing,true,false
/hotels/hometel-chandigarh/banquets,hotel-listing,true,false
/hotels/hometel-chandigarh/gallery,hotel-listing,true,false
/hotels/hometel-chandigarh/nearby,hotel-listing,true,false
/hotels/hrj-sarovar-portico-indore,hotel,true,true
/hotels/hrj-sarovar-portico-indore/rooms,hotel-listing,true,false
/hotels/hrj-sarovar-portico-indore/dining,hotel-listing,true,false
/hotels/hrj-sarovar-portico-indore/banquets,hotel-listing,true,false
/hotels/hrj-sarovar-portico-indore/gallery,hotel-listing,true,false
/hotels/hrj-sarovar-portico-indore/nearby,hotel-listing,true,false
/hotels/iris-sarovar-portico-gurugram,hotel,true,true
/hotels/iris-sarovar-portico-gurugram/rooms,hotel-listing,true,false
/hotels/iris-sarovar-portico-gurugram/dining,hotel-listing,true,false
/hotels/iris-sarovar-portico-gurugram/banquets,hotel-listing,true,false
/hotels/iris-sarovar-portico-gurugram/gallery,hotel-listing,true,false
/hotels/iris-sarovar-portico-gurugram/nearby,hotel-listing,true,false
/hotels/ishaan-sarovar-portico-deoghar,hotel,true,true
/hotels/ishaan-sarovar-portico-deoghar/rooms,hotel-listing,true,false
/hotels/ishaan-sarovar-portico-deoghar/dining,hotel-listing,true,false
/hotels/ishaan-sarovar-portico-deoghar/banquets,hotel-listing,true,false
/hotels/ishaan-sarovar-portico-deoghar/gallery,hotel-listing,true,false
/hotels/ishaan-sarovar-portico-deoghar/nearby,hotel-listing,true,false
/hotels/kpg-sarovar-portico-raj-nagar-extension-ghaziabad,hotel,true,true
/hotels/kpg-sarovar-portico-raj-nagar-extension-ghaziabad/rooms,hotel-listing,true,false
/hotels/kpg-sarovar-portico-raj-nagar-extension-ghaziabad/dining,hotel-listing,true,false
/hotels/kpg-sarovar-portico-raj-nagar-extension-ghaziabad/banquets,hotel-listing,true,false
/hotels/kpg-sarovar-portico-raj-nagar-extension-ghaziabad/gallery,hotel-listing,true,false
/hotels/kpg-sarovar-portico-raj-nagar-extension-ghaziabad/nearby,hotel-listing,true,false
/hotels/lagoon-sarovar-premiere-pondicherry,hotel,true,true
/hotels/lagoon-sarovar-premiere-pondicherry/rooms,hotel-listing,true,false
/hotels/lagoon-sarovar-premiere-pondicherry/dining,hotel-listing,true,false
/hotels/lagoon-sarovar-premiere-pondicherry/banquets,hotel-listing,true,false
/hotels/lagoon-sarovar-premiere-pondicherry/gallery,hotel-listing,true,false
/hotels/lagoon-sarovar-premiere-pondicherry/nearby,hotel-listing,true,false
/hotels/la-place-sarovar-portico-lucknow,hotel,true,true
/hotels/la-place-sarovar-portico-lucknow/rooms,hotel-listing,true,false
/hotels/la-place-sarovar-portico-lucknow/dining,hotel-listing,true,false
/hotels/la-place-sarovar-portico-lucknow/banquets,hotel-listing,true,false
/hotels/la-place-sarovar-portico-lucknow/gallery,hotel-listing,true,false
/hotels/la-place-sarovar-portico-lucknow/nearby,hotel-listing,true,false
/hotels/le-dupleix-pondicherry,hotel,true,true
/hotels/le-dupleix-pondicherry/rooms,hotel-listing,true,false
/hotels/le-dupleix-pondicherry/dining,hotel-listing,true,false
/hotels/le-dupleix-pondicherry/banquets,hotel-listing,true,false
/hotels/le-dupleix-pondicherry/gallery,hotel-listing,true,false
/hotels/le-dupleix-pondicherry/nearby,hotel-listing,true,false
/hotels/le-lac-sarovar-ranchi,hotel,true,true
/hotels/le-lac-sarovar-ranchi/rooms,hotel-listing,true,false
/hotels/le-lac-sarovar-ranchi/dining,hotel-listing,true,false
/hotels/le-lac-sarovar-ranchi/banquets,hotel-listing,true,false
/hotels/le-lac-sarovar-ranchi/gallery,hotel-listing,true,false
/hotels/le-lac-sarovar-ranchi/nearby,hotel-listing,true,false
/hotels/madhuban-sarovar-portico-mussorie,hotel,true,true
/hotels/madhuban-sarovar-portico-mussorie/rooms,hotel-listing,true,false
/hotels/madhuban-sarovar-portico-mussorie/dining,hotel-listing,true,false
/hotels/madhuban-sarovar-portico-mussorie/banquets,hotel-listing,true,false
/hotels/madhuban-sarovar-portico-mussorie/gallery,hotel-listing,true,false
/hotels/madhuban-sarovar-portico-mussorie/nearby,hotel-listing,true,false
/hotels/legend-sarovar-portico,hotel,true,true
/hotels/legend-sarovar-portico/rooms,hotel-listing,true,false
/hotels/legend-sarovar-portico/dining,hotel-listing,true,false
/hotels/legend-sarovar-portico/banquets,hotel-listing,true,false
/hotels/legend-sarovar-portico/gallery,hotel-listing,true,false
/hotels/legend-sarovar-portico/nearby,hotel-listing,true,false
/hotels/mahagun-sarovar-portico-suites-vaishali,hotel,true,true
/hotels/mahagun-sarovar-portico-suites-vaishali/rooms,hotel-listing,true,false
/hotels/mahagun-sarovar-portico-suites-vaishali/dining,hotel-listing,true,false
/hotels/mahagun-sarovar-portico-suites-vaishali/banquets,hotel-listing,true,false
/hotels/mahagun-sarovar-portico-suites-vaishali/gallery,hotel-listing,true,false
/hotels/mahagun-sarovar-portico-suites-vaishali/nearby,hotel-listing,true,false
/hotels/majestic-court-sarovar-portico-navi-mumbai,hotel,true,true
/hotels/majestic-court-sarovar-portico-navi-mumbai/rooms,hotel-listing,true,false
/hotels/majestic-court-sarovar-portico-navi-mumbai/dining,hotel-listing,true,false
/hotels/majestic-court-sarovar-portico-navi-mumbai/banquets,hotel-listing,true,false
/hotels/majestic-court-sarovar-portico-navi-mumbai/gallery,hotel-listing,true,false
/hotels/majestic-court-sarovar-portico-navi-mumbai/nearby,hotel-listing,true,false
/hotels/manjeera-international-convention-centre,hotel,true,true
/hotels/manjeera-international-convention-centre/rooms,hotel-listing,true,false
/hotels/manjeera-international-convention-centre/dining,hotel-listing,true,false
/hotels/manjeera-international-convention-centre/banquets,hotel-listing,true,false
/hotels/manjeera-international-convention-centre/gallery,hotel-listing,true,false
/hotels/manjeera-international-convention-centre/nearby,hotel-listing,true,false
/hotels/manjeera-sarovar-premiere-rajahmundry,hotel,true,true
/hotels/manjeera-sarovar-premiere-rajahmundry/rooms,hotel-listing,true,false
/hotels/manjeera-sarovar-premiere-rajahmundry/dining,hotel-listing,true,false
/hotels/manjeera-sarovar-premiere-rajahmundry/banquets,hotel-listing,true,false
/hotels/manjeera-sarovar-premiere-rajahmundry/gallery,hotel-listing,true,false
/hotels/manjeera-sarovar-premiere-rajahmundry/nearby,hotel-listing,true,false
/hotels/marasa-sarovar-portico-rajkot,hotel,true,true
/hotels/marasa-sarovar-portico-rajkot/rooms,hotel-listing,true,false
/hotels/marasa-sarovar-portico-rajkot/dining,hotel-listing,true,false
/hotels/marasa-sarovar-portico-rajkot/banquets,hotel-listing,true,false
/hotels/marasa-sarovar-portico-rajkot/gallery,hotel-listing,true,false
/hotels/marasa-sarovar-portico-rajkot/nearby,hotel-listing,true,false
/hotels/marasa-sarovar-premiere-bodhgaya,hotel,true,true
/hotels/marasa-sarovar-premiere-bodhgaya/rooms,hotel-listing,true,false
/hotels/marasa-sarovar-premiere-bodhgaya/dining,hotel-listing,true,false
/hotels/marasa-sarovar-premiere-bodhgaya/banquets,hotel-listing,true,false
/hotels/marasa-sarovar-premiere-bodhgaya/gallery,hotel-listing,true,false
/hotels/marasa-sarovar-premiere-bodhgaya/nearby,hotel-listing,true,false
/hotels/marasa-sarovar-premiere-tirupati-hotels,hotel,true,true
/hotels/marasa-sarovar-premiere-tirupati-hotels/rooms,hotel-listing,true,false
/hotels/marasa-sarovar-premiere-tirupati-hotels/dining,hotel-listing,true,false
/hotels/marasa-sarovar-premiere-tirupati-hotels/banquets,hotel-listing,true,false
/hotels/marasa-sarovar-premiere-tirupati-hotels/gallery,hotel-listing,true,false
/hotels/marasa-sarovar-premiere-tirupati-hotels/nearby,hotel-listing,true,false
/hotels/mj-sarovar-portico-haridwar,hotel,true,true
/hotels/mj-sarovar-portico-haridwar/rooms,hotel-listing,true,false
/hotels/mj-sarovar-portico-haridwar/dining,hotel-listing,true,false
/hotels/mj-sarovar-portico-haridwar/banquets,hotel-listing,true,false
/hotels/mj-sarovar-portico-haridwar/gallery,hotel-listing,true,false
/hotels/mj-sarovar-portico-haridwar/nearby,hotel-listing,true,false
/hotels/marine-plaza-mumbai,hotel,true,true
/hotels/marine-plaza-mumbai/rooms,hotel-listing,true,false
/hotels/marine-plaza-mumbai/dining,hotel-listing,true,false
/hotels/marine-plaza-mumbai/banquets,hotel-listing,true,false
/hotels/marine-plaza-mumbai/gallery,hotel-listing,true,false
/hotels/marine-plaza-mumbai/nearby,hotel-listing,true,false
/hotels/mountnoor-sarovar-premiere-pahalgam,hotel,true,true
/hotels/mountnoor-sarovar-premiere-pahalgam/rooms,hotel-listing,true,false
/hotels/mountnoor-sarovar-premiere-pahalgam/dining,hotel-listing,true,false
/hotels/mountnoor-sarovar-premiere-pahalgam/banquets,hotel-listing,true,false
/hotels/mountnoor-sarovar-premiere-pahalgam/gallery,hotel-listing,true,false
/hotels/mountnoor-sarovar-premiere-pahalgam/nearby,hotel-listing,true,false
/hotels/mukundra-sarovar-premiere-kota,hotel,true,true
/hotels/mukundra-sarovar-premiere-kota/rooms,hotel-listing,true,false
/hotels/mukundra-sarovar-premiere-kota/dining,hotel-listing,true,false
/hotels/mukundra-sarovar-premiere-kota/banquets,hotel-listing,true,false
/hotels/mukundra-sarovar-premiere-kota/gallery,hotel-listing,true,false
/hotels/mukundra-sarovar-premiere-kota/nearby,hotel-listing,true,false
/hotels/nataraj-sarovar-portico-jhansi,hotel,true,true
/hotels/nataraj-sarovar-portico-jhansi/rooms,hotel-listing,true,false
/hotels/nataraj-sarovar-portico-jhansi/dining,hotel-listing,true,false
/hotels/nataraj-sarovar-portico-jhansi/banquets,hotel-listing,true,false
/hotels/nataraj-sarovar-portico-jhansi/gallery,hotel-listing,true,false
/hotels/nataraj-sarovar-portico-jhansi/nearby,hotel-listing,true,false
/hotels/naturevilas-portico-manali,hotel,true,true
/hotels/naturevilas-portico-manali/rooms,hotel-listing,true,false
/hotels/naturevilas-portico-manali/dining,hotel-listing,true,false
/hotels/naturevilas-portico-manali/banquets,hotel-listing,true,false
/hotels/naturevilas-portico-manali/gallery,hotel-listing,true,false
/hotels/naturevilas-portico-manali/nearby,hotel-listing,true,false
/hotels/nirvana-sarovar-portico-gorakhpur,hotel,true,true
/hotels/nirvana-sarovar-portico-gorakhpur/rooms,hotel-listing,true,false
/hotels/nirvana-sarovar-portico-gorakhpur/dining,hotel-listing,true,false
/hotels/nirvana-sarovar-portico-gorakhpur/banquets,hotel-listing,true,false
/hotels/nirvana-sarovar-portico-gorakhpur/gallery,hotel-listing,true,false
/hotels/nirvana-sarovar-portico-gorakhpur/nearby,hotel-listing,true,false
/hotels/neelkanth-sarovar-premiere-lusaka,hotel,true,true
/hotels/neelkanth-sarovar-premiere-lusaka/rooms,hotel-listing,true,false
/hotels/neelkanth-sarovar-premiere-lusaka/dining,hotel-listing,true,false
/hotels/neelkanth-sarovar-premiere-lusaka/banquets,hotel-listing,true,false
/hotels/neelkanth-sarovar-premiere-lusaka/gallery,hotel-listing,true,false
/hotels/neelkanth-sarovar-premiere-lusaka/nearby,hotel-listing,true,false
/hotels/nirwana-hometel-jaipur-sarovar,hotel,true,true
/hotels/nirwana-hometel-jaipur-sarovar/rooms,hotel-listing,true,false
/hotels/nirwana-hometel-jaipur-sarovar/dining,hotel-listing,true,false
/hotels/nirwana-hometel-jaipur-sarovar/banquets,hotel-listing,true,false
/hotels/nirwana-hometel-jaipur-sarovar/gallery,hotel-listing,true,false
/hotels/nirwana-hometel-jaipur-sarovar/nearby,hotel-listing,true,false
/hotels/paradigm-sarovar-kakinada,hotel,true,true
/hotels/paradigm-sarovar-kakinada/rooms,hotel-listing,true,false
/hotels/paradigm-sarovar-kakinada/dining,hotel-listing,true,false
/hotels/paradigm-sarovar-kakinada/banquets,hotel-listing,true,false
/hotels/paradigm-sarovar-kakinada/gallery,hotel-listing,true,false
/hotels/paradigm-sarovar-kakinada/nearby,hotel-listing,true,false
/hotels/park-inn-gurgaon,hotel,true,true
/hotels/park-inn-gurgaon/rooms,hotel-listing,true,false
/hotels/park-inn-gurgaon/dining,hotel-listing,true,false
/hotels/park-inn-gurgaon/banquets,hotel-listing,true,false
/hotels/park-inn-gurgaon/gallery,hotel-listing,true,false
/hotels/park-inn-gurgaon/nearby,hotel-listing,true,false
/hotels/park-inn-by-radisson-ayodhya,hotel,true,true
/hotels/park-inn-by-radisson-ayodhya/rooms,hotel-listing,true,false
/hotels/park-inn-by-radisson-ayodhya/dining,hotel-listing,true,false
/hotels/park-inn-by-radisson-ayodhya/banquets,hotel-listing,true,false
/hotels/park-inn-by-radisson-ayodhya/gallery,hotel-listing,true,false
/hotels/park-inn-by-radisson-ayodhya/nearby,hotel-listing,true,false
/hotels/Park-Inn-Radisson-Goa-Candolim,hotel,true,true
/hotels/Park-Inn-Radisson-Goa-Candolim/rooms,hotel-listing,true,false
/hotels/Park-Inn-Radisson-Goa-Candolim/dining,hotel-listing,true,false
/hotels/Park-Inn-Radisson-Goa-Candolim/banquets,hotel-listing,true,false
/hotels/Park-Inn-Radisson-Goa-Candolim/gallery,hotel-listing,true,false
/hotels/Park-Inn-Radisson-Goa-Candolim/nearby,hotel-listing,true,false
/hotels/park-plaza-faridabad,hotel,true,true
/hotels/park-plaza-faridabad/rooms,hotel-listing,true,false
/hotels/park-plaza-faridabad/dining,hotel-listing,true,false
/hotels/park-plaza-faridabad/banquets,hotel-listing,true,false
/hotels/park-plaza-faridabad/gallery,hotel-listing,true,false
/hotels/park-plaza-faridabad/nearby,hotel-listing,true,false
/hotels/park-plaza-jodhpur,hotel,true,true
/hotels/park-plaza-jodhpur/rooms,hotel-listing,true,false
/hotels/park-plaza-jodhpur/dining,hotel-listing,true,false
/hotels/park-plaza-jodhpur/banquets,hotel-listing,true,false
/hotels/park-plaza-jodhpur/gallery,hotel-listing,true,false
/hotels/park-plaza-jodhpur/nearby,hotel-listing,true,false
/hotels/park-plaza-jalandhar,hotel,true,true
/hotels/park-plaza-jalandhar/rooms,hotel-listing,true,false
/hotels/park-plaza-jalandhar/dining,hotel-listing,true,false
/hotels/park-plaza-jalandhar/banquets,hotel-listing,true,false
/hotels/park-plaza-jalandhar/gallery,hotel-listing,true,false
/hotels/park-plaza-jalandhar/nearby,hotel-listing,true,false
/hotels/park-plaza-shahadra--east-delhi,hotel,true,true
/hotels/park-plaza-shahadra--east-delhi/rooms,hotel-listing,true,false
/hotels/park-plaza-shahadra--east-delhi/dining,hotel-listing,true,false
/hotels/park-plaza-shahadra--east-delhi/banquets,hotel-listing,true,false
/hotels/park-plaza-shahadra--east-delhi/gallery,hotel-listing,true,false
/hotels/park-plaza-shahadra--east-delhi/nearby,hotel-listing,true,false
/hotels/park-plaza-ludhiana,hotel,true,true
/hotels/park-plaza-ludhiana/rooms,hotel-listing,true,false
/hotels/park-plaza-ludhiana/dining,hotel-listing,true,false
/hotels/park-plaza-ludhiana/banquets,hotel-listing,true,false
/hotels/park-plaza-ludhiana/gallery,hotel-listing,true,false
/hotels/park-plaza-ludhiana/nearby,hotel-listing,true,false
/hotels/prachi-sarovar-premiere-bhubaneswar,hotel,true,true
/hotels/prachi-sarovar-premiere-bhubaneswar/rooms,hotel-listing,true,false
/hotels/prachi-sarovar-premiere-bhubaneswar/dining,hotel-listing,true,false
/hotels/prachi-sarovar-premiere-bhubaneswar/banquets,hotel-listing,true,false
/hotels/prachi-sarovar-premiere-bhubaneswar/gallery,hotel-listing,true,false
/hotels/prachi-sarovar-premiere-bhubaneswar/nearby,hotel-listing,true,false
/hotels/park-plaza-zirakpur,hotel,true,true
/hotels/park-plaza-zirakpur/rooms,hotel-listing,true,false
/hotels/park-plaza-zirakpur/dining,hotel-listing,true,false
/hotels/park-plaza-zirakpur/banquets,hotel-listing,true,false
/hotels/park-plaza-zirakpur/gallery,hotel-listing,true,false
/hotels/park-plaza-zirakpur/nearby,hotel-listing,true,false
/hotels/pushkara-portico-hotel-in-dibrugarh,hotel,true,true
/hotels/pushkara-portico-hotel-in-dibrugarh/rooms,hotel-listing,true,false
/hotels/pushkara-portico-hotel-in-dibrugarh/dining,hotel-listing,true,false
/hotels/pushkara-portico-hotel-in-dibrugarh/banquets,hotel-listing,true,false
/hotels/pushkara-portico-hotel-in-dibrugarh/gallery,hotel-listing,true,false
/hotels/pushkara-portico-hotel-in-dibrugarh/nearby,hotel-listing,true,false
/hotels/presidium-sarovar-premiere-dalhousie,hotel,true,true
/hotels/presidium-sarovar-premiere-dalhousie/rooms,hotel-listing,true,false
/hotels/presidium-sarovar-premiere-dalhousie/dining,hotel-listing,true,false
/hotels/presidium-sarovar-premiere-dalhousie/banquets,hotel-listing,true,false
/hotels/presidium-sarovar-premiere-dalhousie/gallery,hotel-listing,true,false
/hotels/presidium-sarovar-premiere-dalhousie/nearby,hotel-listing,true,false
/hotels/radha-hometel-bangalore,hotel,true,true
/hotels/radha-hometel-bangalore/rooms,hotel-listing,true,false
/hotels/radha-hometel-bangalore/dining,hotel-listing,true,false
/hotels/radha-hometel-bangalore/banquets,hotel-listing,true,false
/hotels/radha-hometel-bangalore/gallery,hotel-listing,true,false
/hotels/radha-hometel-bangalore/nearby,hotel-listing,true,false
/hotels/radha-regent-chennai,hotel,true,true
/hotels/radha-regent-chennai/rooms,hotel-listing,true,false
/hotels/radha-regent-chennai/dining,hotel-listing,true,false
/hotels/radha-regent-chennai/banquets,hotel-listing,true,false
/hotels/radha-regent-chennai/gallery,hotel-listing,true,false
/hotels/radha-regent-chennai/nearby,hotel-listing,true,false
/hotels/radisson-blu--bengaluru-outer-ring-road,hotel,true,true
/hotels/radisson-blu--bengaluru-outer-ring-road/rooms,hotel-listing,true,false
/hotels/radisson-blu--bengaluru-outer-ring-road/dining,hotel-listing,true,false
/hotels/radisson-blu--bengaluru-outer-ring-road/banquets,hotel-listing,true,false
/hotels/radisson-blu--bengaluru-outer-ring-road/gallery,hotel-listing,true,false
/hotels/radisson-blu--bengaluru-outer-ring-road/nearby,hotel-listing,true,false
/hotels/radisson-hyderabad--hitec,hotel,true,true
/hotels/radisson-hyderabad--hitec/rooms,hotel-listing,true,false
/hotels/radisson-hyderabad--hitec/dining,hotel-listing,true,false
/hotels/radisson-hyderabad--hitec/banquets,hotel-listing,true,false
/hotels/radisson-hyderabad--hitec/gallery,hotel-listing,true,false
/hotels/radisson-hyderabad--hitec/nearby,hotel-listing,true,false
/hotels/rbd-sarovar-portico-outer-ring-road-bengaluru,hotel,true,true
/hotels/rbd-sarovar-portico-outer-ring-road-bengaluru/rooms,hotel-listing,true,false
/hotels/rbd-sarovar-portico-outer-ring-road-bengaluru/dining,hotel-listing,true,false
/hotels/rbd-sarovar-portico-outer-ring-road-bengaluru/banquets,hotel-listing,true,false
/hotels/rbd-sarovar-portico-outer-ring-road-bengaluru/gallery,hotel-listing,true,false
/hotels/rbd-sarovar-portico-outer-ring-road-bengaluru/nearby,hotel-listing,true,false
/hotels/radisson-mumbai-goregaon,hotel,true,true
/hotels/radisson-mumbai-goregaon/rooms,hotel-listing,true,false
/hotels/radisson-mumbai-goregaon/dining,hotel-listing,true,false
/hotels/radisson-mumbai-goregaon/banquets,hotel-listing,true,false
/hotels/radisson-mumbai-goregaon/gallery,hotel-listing,true,false
/hotels/radisson-mumbai-goregaon/nearby,hotel-listing,true,false
/hotels/rivera-sarovar-portico-ahmedabad,hotel,true,true
/hotels/rivera-sarovar-portico-ahmedabad/rooms,hotel-listing,true,false
/hotels/rivera-sarovar-portico-ahmedabad/dining,hotel-listing,true,false
/hotels/rivera-sarovar-portico-ahmedabad/banquets,hotel-listing,true,false
/hotels/rivera-sarovar-portico-ahmedabad/gallery,hotel-listing,true,false
/hotels/rivera-sarovar-portico-ahmedabad/nearby,hotel-listing,true,false
/hotels/residency-sarovar-portico-mumbai,hotel,true,true
/hotels/residency-sarovar-portico-mumbai/rooms,hotel-listing,true,false
/hotels/residency-sarovar-portico-mumbai/dining,hotel-listing,true,false
/hotels/residency-sarovar-portico-mumbai/banquets,hotel-listing,true,false
/hotels/residency-sarovar-portico-mumbai/gallery,hotel-listing,true,false
/hotels/residency-sarovar-portico-mumbai/nearby,hotel-listing,true,false
/hotels/rosefinch-sarovar-portico-bhimtal,hotel,true,true
/hotels/rosefinch-sarovar-portico-bhimtal/rooms,hotel-listing,true,false
/hotels/rosefinch-sarovar-portico-bhimtal/dining,hotel-listing,true,false
/hotels/rosefinch-sarovar-portico-bhimtal/banquets,hotel-listing,true,false
/hotels/rosefinch-sarovar-portico-bhimtal/gallery,hotel-listing,true,false
/hotels/rosefinch-sarovar-portico-bhimtal/nearby,hotel-listing,true,false
/hotels/riviera-sarovar-portico-pathankot,hotel,true,true
/hotels/riviera-sarovar-portico-pathankot/rooms,hotel-listing,true,false
/hotels/riviera-sarovar-portico-pathankot/dining,hotel-listing,true,false
/hotels/riviera-sarovar-portico-pathankot/banquets,hotel-listing,true,false
/hotels/riviera-sarovar-portico-pathankot/gallery,hotel-listing,true,false
/hotels/riviera-sarovar-portico-pathankot/nearby,hotel-listing,true,false
/hotels/royal-kingdom-sarovar-portico-pilibhit,hotel,true,true
/hotels/royal-kingdom-sarovar-portico-pilibhit/rooms,hotel-listing,true,false
/hotels/royal-kingdom-sarovar-portico-pilibhit/dining,hotel-listing,true,false
/hotels/royal-kingdom-sarovar-portico-pilibhit/banquets,hotel-listing,true,false
/hotels/royal-kingdom-sarovar-portico-pilibhit/gallery,hotel-listing,true,false
/hotels/royal-kingdom-sarovar-portico-pilibhit/nearby,hotel-listing,true,false
/hotels/sarovar-portico-sriperumbudur,hotel,true,true
/hotels/sarovar-portico-sriperumbudur/rooms,hotel-listing,true,false
/hotels/sarovar-portico-sriperumbudur/dining,hotel-listing,true,false
/hotels/sarovar-portico-sriperumbudur/banquets,hotel-listing,true,false
/hotels/sarovar-portico-sriperumbudur/gallery,hotel-listing,true,false
/hotels/sarovar-portico-sriperumbudur/nearby,hotel-listing,true,false
/hotels/abn-sarovar-portico-jim-corbett/location,hotel-page,true,true
/hotels/aditya-hometel-hyderabad/location,hotel-page,true,true
/hotels/aditya-park-hyderabad/location,hotel-page,true,true
/hotels/ambar-sarovar-portico-gandhidham-hotel/location,hotel-page,true,true
/hotels/ambrosia-sarovar-portico-haridwar/location,hotel-page,true,true
/hotels/bamus-sarovar-portico-kampala/location,hotel-page,true,true
/hotels/balaji-sarovar-premiere-solapur/location,hotel-page,true,true
/hotels/bellevue-sarovar-premiere-junagadh/location,hotel-page,true,true
/hotels/citadel-sarovar-portico-bangalore/location,hotel-page,true,true
/hotels/classic-sarovar-portico-thiruvananthapuram/location,hotel-page,true,true
/hotels/davanam-sarovar-portico-suites-bangalore/location,hotel-page,true,true
/hotels/delite-sarovar-portico-faridabad/location,hotel-page,true,true
/hotels/deventure-sarovar-portico--kapashera-new-delhi/location,hotel-page,true,true
/hotels/deventure-sarovar-portico-patel-nagar/location,hotel-page,true,true
/hotels/efcee-sarovar-portico-bhavnagar/location,hotel-page,true,true
/hotels/estuary-sarovar-Premiere-poovar/location,hotel-page,true,true
/hotels/geeta-sarovar-portico-hotels-panipat/location,hotel-page,true,true
/hotels/golden-sarovar-portico-amritsar/location,hotel-page,true,true
/hotels/golden-tulip-agra/location,hotel-page,true,true
/hotels/golden-tulip-bhopal/location,hotel-page,true,true
/hotels/golden-tulip-bdi-club-and-suite-bhiwadi/location,hotel-page,true,true
/hotels/golden-tulip-candolim-goa/location,hotel-page,true,true
/hotels/golden-tulip-essential-jaipur/location,hotel-page,true,true
/hotels/golden-tulip-goa-mandrem/location,hotel-page,true,true
/hotels/golden-tulip-goa-vagator/location,hotel-page,true,true
/hotels/golden-tulip-hari-nagar/location,hotel-page,true,true
/hotels/golden-tulip-hotel-in-jaipur/location,hotel-page,true,true
/hotels/golden-tulip-jalandhar/location,hotel-page,true,true
/hotels/golden-tulip-kukas-jaipur/location,hotel-page,true,true
/hotels/golden-tulip-lucknow/location,hotel-page,true,true
/hotels/golden-tulip-sector-80-gurugram/location,hotel-page,true,true
/hotels/golden-tulip-srinagar/location,hotel-page,true,true
/hotels/golden-tulip-tirupati/location,hotel-page,true,true
/hotels/golden-tulip-udaipur/location,hotel-page,true,true
/hotels/golden-tulip/location,hotel-page,true,true
/hotels/grand-continent-anjuna/location,hotel-page,true,true
/hotels/grand-continent-brookefield-bengaluru/location,hotel-page,true,true
/hotels/grand-continent-hebbal-bangalore/location,hotel-page,true,true
/hotels/grand-continent-hosur/location,hotel-page,true,true
/hotels/grand-continent-mahabalipuram/location,hotel-page,true,true
/hotels/grand-continent-malleshwaram-bangalore/location,hotel-page,true,true
/hotels/grand-continent-mysore/location,hotel-page,true,true
/hotels/grand-continent-secunderabad/location,hotel-page,true,true
/hotels/grand-portico-hotel-in-latur/location,hotel-page,true,true
/hotels/highland-sarovar-portico-sindhudurg/location,hotel-page,true,true
/hotels/hometel-alambagh-lucknow/location,hotel-page,true,true
/hotels/hometel-chandigarh/location,hotel-page,true,true
/hotels/hometel-roorkee/location,hotel-page,true,true
/hotels/hrj-sarovar-portico-indore/location,hotel-page,true,true
/hotels/iris-sarovar-portico-gurugram/location,hotel-page,true,true
/hotels/ishaan-sarovar-portico-deoghar/location,hotel-page,true,true
/hotels/kpg-sarovar-portico-raj-nagar-extension-ghaziabad/location,hotel-page,true,true
/hotels/la-place-sarovar-portico-lucknow/location,hotel-page,true,true
/hotels/lagoon-sarovar-premiere-pondicherry/location,hotel-page,true,true
/hotels/le-dupleix-pondicherry/location,hotel-page,true,true
/hotels/le-lac-sarovar-ranchi/location,hotel-page,true,true
/hotels/legend-sarovar-portico/location,hotel-page,true,true
/hotels/madhuban-sarovar-portico-mussorie/location,hotel-page,true,true
/hotels/mahagun-sarovar-portico-suites-vaishali/location,hotel-page,true,true
/hotels/majestic-court-sarovar-portico-navi-mumbai/location,hotel-page,true,true
/hotels/manjeera-international-convention-centre/location,hotel-page,true,true
/hotels/manjeera-sarovar-premiere-rajahmundry/location,hotel-page,true,true
/hotels/marasa-sarovar-portico-rajkot/location,hotel-page,true,true
/hotels/marasa-sarovar-premiere-bodhgaya/location,hotel-page,true,true
/hotels/marasa-sarovar-premiere-tirupati-hotels/location,hotel-page,true,true
/hotels/marigold-sarovar-portico-mashobra-shimla/location,hotel-page,true,true
/hotels/marine-plaza-mumbai/location,hotel-page,true,true
/hotels/mj-sarovar-portico-haridwar/location,hotel-page,true,true
/hotels/mountnoor-sarovar-premiere-pahalgam/location,hotel-page,true,true
/hotels/mukundra-sarovar-premiere-kota/location,hotel-page,true,true
/hotels/nataraj-sarovar-portico-jhansi/location,hotel-page,true,true
/hotels/naturevilas-portico-manali/location,hotel-page,true,true
/hotels/neelkanth-sarovar-premiere-lusaka/location,hotel-page,true,true
/hotels/nidhivan-sarovar-portico-vrindavan/location,hotel-page,true,true
/hotels/nirvana-sarovar-portico-gorakhpur/location,hotel-page,true,true
/hotels/nirwana-hometel-jaipur-sarovar/location,hotel-page,true,true
/hotels/paradigm-sarovar-kakinada/location,hotel-page,true,true
/hotels/park-inn-by-radisson-ayodhya/location,hotel-page,true,true
/hotels/park-inn-gurgaon/location,hotel-page,true,true
/hotels/Park-Inn-Radisson-Goa-Candolim/location,hotel-page,true,true
/hotels/park-plaza-faridabad/location,hotel-page,true,true
/hotels/park-plaza-jalandhar/location,hotel-page,true,true
/hotels/park-plaza-jodhpur/location,hotel-page,true,true
/hotels/park-plaza-ludhiana/location,hotel-page,true,true
/hotels/park-plaza-shahadra--east-delhi/location,hotel-page,true,true
/hotels/park-plaza-zirakpur/location,hotel-page,true,true
/hotels/prachi-sarovar-premiere-bhubaneswar/location,hotel-page,true,true
/hotels/presidium-sarovar-premiere-dalhousie/location,hotel-page,true,true
/hotels/pushkara-portico-hotel-in-dibrugarh/location,hotel-page,true,true
/hotels/radha-hometel-bangalore/location,hotel-page,true,true
/hotels/radha-regent-chennai/location,hotel-page,true,true
/hotels/radisson-blu--bengaluru-outer-ring-road/location,hotel-page,true,true
/hotels/radisson-hyderabad--hitec/location,hotel-page,true,true
/hotels/radisson-mumbai-goregaon/location,hotel-page,true,true
/hotels/rbd-sarovar-portico-outer-ring-road-bengaluru/location,hotel-page,true,true
/hotels/residency-sarovar-portico-mumbai/location,hotel-page,true,true
/hotels/rivera-sarovar-portico-ahmedabad/location,hotel-page,true,true
/hotels/riviera-sarovar-portico-pathankot/location,hotel-page,true,true
/hotels/rosefinch-sarovar-portico-bhimtal/location,hotel-page,true,true
/hotels/royal-hometel-suites-dahisar-mumbai/location,hotel-page,true,true
/hotels/royal-kingdom-sarovar-portico-pilibhit/location,hotel-page,true,true
/hotels/royal-sarovar-portico-siliguri/location,hotel-page,true,true
/hotels/royal-tulip-chitwan/location,hotel-page,true,true
/hotels/royal-tulip-kathmandu-shivapuri-national-park/location,hotel-page,true,true
/hotels/royal-tulip-kathmandu/location,hotel-page,true,true
/hotels/royale-sarovar-portico-agra/location,hotel-page,true,true
/hotels/rs-sarovar-portico-palampur/location,hotel-page,true,true
/hotels/sairafort-sarovar-portico-jaisalmer/location,hotel-page,true,true
/hotels/sarovar-ahmedabad/location,hotel-page,true,true
/hotels/sarovar-portico-ajmer/location,hotel-page,true,true
/hotels/sarovar-portico-badrinath-uttarakhand/location,hotel-page,true,true
/hotels/sarovar-portico-bhubaneswar/location,hotel-page,true,true
/hotels/sarovar-portico-birgunj/location,hotel-page,true,true
/hotels/sarovar-portico-dehradun/location,hotel-page,true,true
/hotels/sarovar-portico-gir/location,hotel-page,true,true
/hotels/sarovar-portico-hanumangarh/location,hotel-page,true,true
/hotels/sarovar-portico-jaipur/location,hotel-page,true,true
/hotels/sarovar-portico-jalandhar/location,hotel-page,true,true
/hotels/sarovar-portico-kolkata-rajarhat/location,hotel-page,true,true
/hotels/sarovar-portico-morbi/location,hotel-page,true,true
/hotels/sarovar-portico-naraina-new-delhi/location,hotel-page,true,true
/hotels/sarovar-portico-saharanpur/location,hotel-page,true,true
/hotels/sarovar-portico-somnath/location,hotel-page,true,true
/hotels/sarovar-portico-sonipat/location,hotel-page,true,true
/hotels/sarovar-portico-srinagar/location,hotel-page,true,true
/hotels/sarovar-portico-sriperumbudur/location,hotel-page,true,true
/hotels/sarovar-portico-surajkund/location,hotel-page,true,true
/hotels/sarovar-premiere-alwar/location,hotel-page,true,true
/hotels/sarovar-premiere-amritsar/location,hotel-page,true,true
/hotels/sarovar-premiere-jaipur/location,hotel-page,true,true
/hotels/sarovar-premiere-srinagar/location,hotel-page,true,true
/hotels/sea-breeze-sarovar-portico-varca-goa/location,hotel-page,true,true
/hotels/serene-premiere-hargeisa/location,hotel-page,true,true
/hotels/shravanthi-sarovar-portico-bengaluru/location,hotel-page,true,true
/hotels/shyama-sarovar-portico-orai/location,hotel-page,true,true
/hotels/singhania-sarovar-portico-raipur/location,hotel-page,true,true
/hotels/skywings-sarovar-portico-mathura/location,hotel-page,true,true
/hotels/sobit-sarovar-portico-palolem-beach-hotel-goa/location,hotel-page,true,true
/hotels/taurus-hotel-mahipalpur-new-delhi/location,hotel-page,true,true
/hotels/the-ashtan-sarovar-portico-new-delhi/location,hotel-page,true,true
/hotels/the-gaurs-sarovar-premiere/location,hotel-page,true,true
/hotels/the-gokulam-park-kochi/location,hotel-page,true,true
/hotels/the-heron-portico-nairobi/location,hotel-page,true,true
/hotels/the-muse-sarovar-portico-nehru-place-new-delhi/location,hotel-page,true,true
/hotels/the-promenade-pondicherry/location,hotel-page,true,true
/hotels/tulip-inn-bhopal/location,hotel-page,true,true
/hotels/tulip-inn-gurugram-near-medanta/location,hotel-page,true,true
/hotels/tulip-inn-koramangala/location,hotel-page,true,true
/hotels/tulip-inn-shravasti/location,hotel-page,true,true
/hotels/tulip-inn-zirakpur/location,hotel-page,true,true
/hotels/v-sarovar-portico-mi-road-jaipur/location,hotel-page,true,true
/hotels/vaishnodevi-portico-katra/location,hotel-page,true,true
/hotels/vandhara-sarovar-premiere-patkote/location,hotel-page,true,true
/hotels/venizia-sarovar-portico-in-new-delhi/location,hotel-page,true,true
/hotels/viraj-sarovar-portico-jammu/location,hotel-page,true,true
/hotels/abn-sarovar-portico-jim-corbett/amenities,hotel-page,true,true
/hotels/aditya-hometel-hyderabad/amenities,hotel-page,true,true
/hotels/aditya-park-hyderabad/amenities,hotel-page,true,true
/hotels/ambar-sarovar-portico-gandhidham-hotel/amenities,hotel-page,true,true
/hotels/ambrosia-sarovar-portico-haridwar/amenities,hotel-page,true,true
/hotels/balaji-sarovar-premiere-solapur/amenities,hotel-page,true,true
/hotels/bamus-sarovar-portico-kampala/amenities,hotel-page,true,true
/hotels/bellevue-sarovar-premiere-junagadh/amenities,hotel-page,true,true
/hotels/citadel-sarovar-portico-bangalore/amenities,hotel-page,true,true
/hotels/classic-sarovar-portico-thiruvananthapuram/amenities,hotel-page,true,true
/hotels/davanam-sarovar-portico-suites-bangalore/amenities,hotel-page,true,true
/hotels/delite-sarovar-portico-faridabad/amenities,hotel-page,true,true
/hotels/deventure-sarovar-portico--kapashera-new-delhi/amenities,hotel-page,true,true
/hotels/deventure-sarovar-portico-patel-nagar/amenities,hotel-page,true,true
/hotels/efcee-sarovar-portico-bhavnagar/amenities,hotel-page,true,true
/hotels/estuary-sarovar-Premiere-poovar/amenities,hotel-page,true,true
/hotels/geeta-sarovar-portico-hotels-panipat/amenities,hotel-page,true,true
/hotels/golden-sarovar-portico-amritsar/amenities,hotel-page,true,true
/hotels/golden-tulip-agra/amenities,hotel-page,true,true
/hotels/golden-tulip-bdi-club-and-suite-bhiwadi/amenities,hotel-page,true,true
/hotels/golden-tulip-bhopal/amenities,hotel-page,true,true
/hotels/golden-tulip-candolim-goa/amenities,hotel-page,true,true
/hotels/golden-tulip-essential-jaipur/amenities,hotel-page,true,true
/hotels/golden-tulip-goa-mandrem/amenities,hotel-page,true,true
/hotels/golden-tulip-goa-vagator/amenities,hotel-page,true,true
/hotels/golden-tulip-hari-nagar/amenities,hotel-page,true,true
/hotels/golden-tulip-hotel-in-jaipur/amenities,hotel-page,true,true
/hotels/golden-tulip-jalandhar/amenities,hotel-page,true,true
/hotels/golden-tulip-kukas-jaipur/amenities,hotel-page,true,true
/hotels/golden-tulip-lucknow/amenities,hotel-page,true,true
/hotels/golden-tulip-sector-80-gurugram/amenities,hotel-page,true,true
/hotels/golden-tulip-srinagar/amenities,hotel-page,true,true
/hotels/golden-tulip-tirupati/amenities,hotel-page,true,true
/hotels/golden-tulip-udaipur/amenities,hotel-page,true,true
/hotels/golden-tulip/amenities,hotel-page,true,true
/hotels/grand-continent-anjuna/amenities,hotel-page,true,true
/hotels/grand-continent-brookefield-bengaluru/amenities,hotel-page,true,true
/hotels/grand-continent-hebbal-bangalore/amenities,hotel-page,true,true
/hotels/grand-continent-hosur/amenities,hotel-page,true,true
/hotels/grand-continent-mahabalipuram/amenities,hotel-page,true,true
/hotels/grand-continent-malleshwaram-bangalore/amenities,hotel-page,true,true
/hotels/grand-continent-mysore/amenities,hotel-page,true,true
/hotels/grand-continent-secunderabad/amenities,hotel-page,true,true
/hotels/grand-portico-hotel-in-latur/amenities,hotel-page,true,true
/hotels/highland-sarovar-portico-sindhudurg/amenities,hotel-page,true,true
/hotels/hometel-alambagh-lucknow/amenities,hotel-page,true,true
/hotels/hometel-chandigarh/amenities,hotel-page,true,true
/hotels/hometel-roorkee/amenities,hotel-page,true,true
/hotels/hrj-sarovar-portico-indore/amenities,hotel-page,true,true
/hotels/iris-sarovar-portico-gurugram/amenities,hotel-page,true,true
/hotels/ishaan-sarovar-portico-deoghar/amenities,hotel-page,true,true
/hotels/kpg-sarovar-portico-raj-nagar-extension-ghaziabad/amenities,hotel-page,true,true
/hotels/la-place-sarovar-portico-lucknow/amenities,hotel-page,true,true
/hotels/le-dupleix-pondicherry/amenities,hotel-page,true,true
/hotels/le-lac-sarovar-ranchi/amenities,hotel-page,true,true
/hotels/legend-sarovar-portico/amenities,hotel-page,true,true
/hotels/madhuban-sarovar-portico-mussorie/amenities,hotel-page,true,true
/hotels/mahagun-sarovar-portico-suites-vaishali/amenities,hotel-page,true,true
/hotels/majestic-court-sarovar-portico-navi-mumbai/amenities,hotel-page,true,true
/hotels/manjeera-sarovar-premiere-rajahmundry/amenities,hotel-page,true,true
/hotels/marasa-sarovar-portico-rajkot/amenities,hotel-page,true,true
/hotels/marasa-sarovar-premiere-bodhgaya/amenities,hotel-page,true,true
/hotels/marasa-sarovar-premiere-tirupati-hotels/amenities,hotel-page,true,true
/hotels/marigold-sarovar-portico-mashobra-shimla/amenities,hotel-page,true,true
/hotels/marine-plaza-mumbai/amenities,hotel-page,true,true
/hotels/mj-sarovar-portico-haridwar/amenities,hotel-page,true,true
/hotels/mountnoor-sarovar-premiere-pahalgam/amenities,hotel-page,true,true
/hotels/mukundra-sarovar-premiere-kota/amenities,hotel-page,true,true
/hotels/nataraj-sarovar-portico-jhansi/amenities,hotel-page,true,true
/hotels/naturevilas-portico-manali/amenities,hotel-page,true,true
/hotels/neelkanth-sarovar-premiere-lusaka/amenities,hotel-page,true,true
/hotels/nidhivan-sarovar-portico-vrindavan/amenities,hotel-page,true,true
/hotels/nirvana-sarovar-portico-gorakhpur/amenities,hotel-page,true,true
/hotels/nirwana-hometel-jaipur-sarovar/amenities,hotel-page,true,true
/hotels/paradigm-sarovar-kakinada/amenities,hotel-page,true,true
/hotels/park-inn-by-radisson-ayodhya/amenities,hotel-page,true,true
/hotels/park-inn-gurgaon/amenities,hotel-page,true,true
/hotels/Park-Inn-Radisson-Goa-Candolim/amenities,hotel-page,true,true
/hotels/park-plaza-faridabad/amenities,hotel-page,true,true
/hotels/park-plaza-jalandhar/amenities,hotel-page,true,true
/hotels/park-plaza-jodhpur/amenities,hotel-page,true,true
/hotels/park-plaza-ludhiana/amenities,hotel-page,true,true
/hotels/park-plaza-shahadra--east-delhi/amenities,hotel-page,true,true
/hotels/park-plaza-zirakpur/amenities,hotel-page,true,true
/hotels/prachi-sarovar-premiere-bhubaneswar/amenities,hotel-page,true,true
/hotels/presidium-sarovar-premiere-dalhousie/amenities,hotel-page,true,true
/hotels/pushkara-portico-hotel-in-dibrugarh/amenities,hotel-page,true,true
/hotels/radha-hometel-bangalore/amenities,hotel-page,true,true
/hotels/radha-regent-chennai/amenities,hotel-page,true,true
/hotels/radisson-blu--bengaluru-outer-ring-road/amenities,hotel-page,true,true
/hotels/radisson-hyderabad--hitec/amenities,hotel-page,true,true
/hotels/radisson-mumbai-goregaon/amenities,hotel-page,true,true
/hotels/rbd-sarovar-portico-outer-ring-road-bengaluru/amenities,hotel-page,true,true
/hotels/residency-sarovar-portico-mumbai/amenities,hotel-page,true,true
/hotels/rivera-sarovar-portico-ahmedabad/amenities,hotel-page,true,true
/hotels/riviera-sarovar-portico-pathankot/amenities,hotel-page,true,true
/hotels/rosefinch-sarovar-portico-bhimtal/amenities,hotel-page,true,true
/hotels/royal-hometel-suites-dahisar-mumbai/amenities,hotel-page,true,true
/hotels/royal-kingdom-sarovar-portico-pilibhit/amenities,hotel-page,true,true
/hotels/royal-sarovar-portico-siliguri/amenities,hotel-page,true,true
/hotels/royal-tulip-chitwan/amenities,hotel-page,true,true
/hotels/royal-tulip-kathmandu-shivapuri-national-park/amenities,hotel-page,true,true
/hotels/royal-tulip-kathmandu/amenities,hotel-page,true,true
/hotels/royale-sarovar-portico-agra/amenities,hotel-page,true,true
/hotels/rs-sarovar-portico-palampur/amenities,hotel-page,true,true
/hotels/sairafort-sarovar-portico-jaisalmer/amenities,hotel-page,true,true
/hotels/sarovar-ahmedabad/amenities,hotel-page,true,true
/hotels/sarovar-portico-ajmer/amenities,hotel-page,true,true
/hotels/sarovar-portico-badrinath-uttarakhand/amenities,hotel-page,true,true
/hotels/sarovar-portico-bhubaneswar/amenities,hotel-page,true,true
/hotels/sarovar-portico-birgunj/amenities,hotel-page,true,true
/hotels/sarovar-portico-dehradun/amenities,hotel-page,true,true
/hotels/sarovar-portico-hanumangarh/amenities,hotel-page,true,true
/hotels/sarovar-portico-jaipur/amenities,hotel-page,true,true
/hotels/sarovar-portico-jalandhar/amenities,hotel-page,true,true
/hotels/sarovar-portico-kolkata-rajarhat/amenities,hotel-page,true,true
/hotels/sarovar-portico-naraina-new-delhi/amenities,hotel-page,true,true
/hotels/sarovar-portico-saharanpur/amenities,hotel-page,true,true
/hotels/sarovar-portico-somnath/amenities,hotel-page,true,true
/hotels/sarovar-portico-sonipat/amenities,hotel-page,true,true
/hotels/sarovar-portico-srinagar/amenities,hotel-page,true,true
/hotels/sarovar-portico-sriperumbudur/amenities,hotel-page,true,true
/hotels/sarovar-portico-surajkund/amenities,hotel-page,true,true
/hotels/sarovar-premiere-alwar/amenities,hotel-page,true,true
/hotels/sarovar-premiere-amritsar/amenities,hotel-page,true,true
/hotels/sarovar-premiere-jaipur/amenities,hotel-page,true,true
/hotels/sarovar-premiere-srinagar/amenities,hotel-page,true,true
/hotels/sea-breeze-sarovar-portico-varca-goa/amenities,hotel-page,true,true
/hotels/serene-premiere-hargeisa/amenities,hotel-page,true,true
/hotels/shravanthi-sarovar-portico-bengaluru/amenities,hotel-page,true,true
/hotels/shyama-sarovar-portico-orai/amenities,hotel-page,true,true
/hotels/singhania-sarovar-portico-raipur/amenities,hotel-page,true,true
/hotels/skywings-sarovar-portico-mathura/amenities,hotel-page,true,true
/hotels/sobit-sarovar-portico-palolem-beach-hotel-goa/amenities,hotel-page,true,true
/hotels/taurus-hotel-mahipalpur-new-delhi/amenities,hotel-page,true,true
/hotels/the-gokulam-park-kochi/amenities,hotel-page,true,true
/hotels/the-heron-portico-nairobi/amenities,hotel-page,true,true
/hotels/the-muse-sarovar-portico-nehru-place-new-delhi/amenities,hotel-page,true,true
/hotels/the-promenade-pondicherry/amenities,hotel-page,true,true
/hotels/tulip-inn-bhopal/amenities,hotel-page,true,true
/hotels/tulip-inn-gurugram-near-medanta/amenities,hotel-page,true,true
/hotels/tulip-inn-koramangala/amenities,hotel-page,true,true
/hotels/tulip-inn-zirakpur/amenities,hotel-page,true,true
/hotels/v-sarovar-portico-mi-road-jaipur/amenities,hotel-page,true,true
/hotels/vaishnodevi-portico-katra/amenities,hotel-page,true,true
/hotels/vandhara-sarovar-premiere-patkote/amenities,hotel-page,true,true
/hotels/viraj-sarovar-portico-jammu/amenities,hotel-page,true,true
/hotels/aditya-hometel-hyderabad/legal,hotel-page,true,true
/hotels/aditya-park-hyderabad/legal,hotel-page,true,true
/hotels/ambar-sarovar-portico-gandhidham-hotel/legal,hotel-page,true,true
/hotels/ambrosia-sarovar-portico-haridwar/legal,hotel-page,true,true
/hotels/balaji-sarovar-premiere-solapur/legal,hotel-page,true,true
/hotels/bellevue-sarovar-premiere-junagadh/legal,hotel-page,true,true
/hotels/classic-sarovar-portico-thiruvananthapuram/legal,hotel-page,true,true
/hotels/davanam-sarovar-portico-suites-bangalore/legal,hotel-page,true,true
/hotels/deventure-sarovar-portico--kapashera-new-delhi/legal,hotel-page,true,true
/hotels/efcee-sarovar-portico-bhavnagar/legal,hotel-page,true,true
/hotels/estuary-sarovar-Premiere-poovar/legal,hotel-page,true,true
/hotels/golden-sarovar-portico-amritsar/legal,hotel-page,true,true
/hotels/golden-tulip-lucknow/legal,hotel-page,true,true
/hotels/golden-tulip-srinagar/legal,hotel-page,true,true
/hotels/hometel-chandigarh/legal,hotel-page,true,true
/hotels/hometel-roorkee/legal,hotel-page,true,true
/hotels/la-place-sarovar-portico-lucknow/legal,hotel-page,true,true
/hotels/le-dupleix-pondicherry/legal,hotel-page,true,true
/hotels/le-lac-sarovar-ranchi/legal,hotel-page,true,true
/hotels/legend-sarovar-portico/legal,hotel-page,true,true
/hotels/mahagun-sarovar-portico-suites-vaishali/legal,hotel-page,true,true
/hotels/majestic-court-sarovar-portico-navi-mumbai/legal,hotel-page,true,true
/hotels/marasa-sarovar-portico-rajkot/legal,hotel-page,true,true
/hotels/marasa-sarovar-premiere-bodhgaya/legal,hotel-page,true,true
/hotels/marasa-sarovar-premiere-tirupati-hotels/legal,hotel-page,true,true
/hotels/marigold-sarovar-portico-mashobra-shimla/legal,hotel-page,true,true
/hotels/marine-plaza-mumbai/legal,hotel-page,true,true
/hotels/nataraj-sarovar-portico-jhansi/legal,hotel-page,true,true
/hotels/neelkanth-sarovar-premiere-lusaka/legal,hotel-page,true,true
/hotels/nidhivan-sarovar-portico-vrindavan/legal,hotel-page,true,true
/hotels/nirvana-sarovar-portico-gorakhpur/legal,hotel-page,true,true
/hotels/nirwana-hometel-jaipur-sarovar/legal,hotel-page,true,true
/hotels/paradigm-sarovar-kakinada/legal,hotel-page,true,true
/hotels/park-inn-gurgaon/legal,hotel-page,true,true
/hotels/Park-Inn-Radisson-Goa-Candolim/legal,hotel-page,true,true
/hotels/park-plaza-faridabad/legal,hotel-page,true,true
/hotels/park-plaza-jodhpur/legal,hotel-page,true,true
/hotels/park-plaza-ludhiana/legal,hotel-page,true,true
/hotels/park-plaza-shahadra--east-delhi/legal,hotel-page,true,true
/hotels/park-plaza-zirakpur/legal,hotel-page,true,true
/hotels/radha-hometel-bangalore/legal,hotel-page,true,true
/hotels/radha-regent-chennai/legal,hotel-page,true,true
/hotels/radisson-blu--bengaluru-outer-ring-road/legal,hotel-page,true,true
/hotels/radisson-hyderabad--hitec/legal,hotel-page,true,true
/hotels/radisson-mumbai-goregaon/legal,hotel-page,true,true
/hotels/rbd-sarovar-portico-outer-ring-road-bengaluru/legal,hotel-page,true,true
/hotels/residency-sarovar-portico-mumbai/legal,hotel-page,true,true
/hotels/rivera-sarovar-portico-ahmedabad/legal,hotel-page,true,true
/hotels/royal-hometel-suites-dahisar-mumbai/legal,hotel-page,true,true
/hotels/royal-sarovar-portico-siliguri/legal,hotel-page,true,true
/hotels/royale-sarovar-portico-agra/legal,hotel-page,true,true
/hotels/rs-sarovar-portico-palampur/legal,hotel-page,true,true
/hotels/sairafort-sarovar-portico-jaisalmer/legal,hotel-page,true,true
/hotels/sarovar-ahmedabad/legal,hotel-page,true,true
/hotels/sarovar-portico-badrinath-uttarakhand/legal,hotel-page,true,true
/hotels/sarovar-portico-dehradun/legal,hotel-page,true,true
/hotels/sarovar-portico-jaipur/legal,hotel-page,true,true
/hotels/sarovar-portico-jalandhar/legal,hotel-page,true,true
/hotels/sarovar-portico-naraina-new-delhi/legal,hotel-page,true,true
/hotels/sarovar-portico-surajkund/legal,hotel-page,true,true
/hotels/sarovar-premiere-jaipur/legal,hotel-page,true,true
/hotels/shravanthi-sarovar-portico-bengaluru/legal,hotel-page,true,true
/hotels/singhania-sarovar-portico-raipur/legal,hotel-page,true,true
/hotels/sobit-sarovar-portico-palolem-beach-hotel-goa/legal,hotel-page,true,true
/hotels/taurus-hotel-mahipalpur-new-delhi/legal,hotel-page,true,true
/hotels/the-ashtan-sarovar-portico-new-delhi/legal,hotel-page,true,true
/hotels/the-gokulam-park-kochi/legal,hotel-page,true,true
/hotels/the-heron-portico-nairobi/legal,hotel-page,true,true
/hotels/the-muse-sarovar-portico-nehru-place-new-delhi/legal,hotel-page,true,true
/hotels/the-promenade-pondicherry/legal,hotel-page,true,true
/hotels/vaishnodevi-portico-katra/legal,hotel-page,true,true
/hotels/viraj-sarovar-portico-jammu/legal,hotel-page,true,true
/hotels/ambrosia-sarovar-portico-haridwar/wellness,hotel-page,true,true
/hotels/balaji-sarovar-premiere-solapur/wellness,hotel-page,true,true
/hotels/marasa-sarovar-premiere-bodhgaya/wellness,hotel-page,true,true
/hotels/marasa-sarovar-premiere-tirupati-hotels/wellness,hotel-page,true,true
/hotels/sarovar-portico-somnath/wellness,hotel-page,true,true
/hotels/sarovar-portico-sonipat/wellness,hotel-page,true,true
/hotels/balaji-sarovar-premiere-solapur/home-delivery,hotel-page,true,true
/hotels/davanam-sarovar-portico-suites-bangalore/home-delivery,hotel-page,true,true
/hotels/golden-sarovar-portico-amritsar/home-delivery,hotel-page,true,true
/hotels/le-lac-sarovar-ranchi/home-delivery,hotel-page,true,true
/hotels/nirvana-sarovar-portico-gorakhpur/home-delivery,hotel-page,true,true
/hotels/paradigm-sarovar-kakinada/home-delivery,hotel-page,true,true
/hotels/park-plaza-faridabad/home-delivery,hotel-page,true,true
/hotels/park-plaza-zirakpur/home-delivery,hotel-page,true,true
/hotels/golden-tulip-goa-mandrem/faqs,hotel-page,true,true
/hotels/golden-tulip-kukas-jaipur/faqs,hotel-page,true,true
/hotels/golden-tulip-sector-80-gurugram/faqs,hotel-page,true,true
/hotels/kpg-sarovar-portico-raj-nagar-extension-ghaziabad/faqs,hotel-page,true,true
/hotels/mountnoor-sarovar-premiere-pahalgam/faqs,hotel-page,true,true
/hotels/mukundra-sarovar-premiere-kota/faqs,hotel-page,true,true
/hotels/prachi-sarovar-premiere-bhubaneswar/faqs,hotel-page,true,true
/hotels/royal-tulip-kathmandu-shivapuri-national-park/faqs,hotel-page,true,true
/hotels/sarovar-portico-bhubaneswar/faqs,hotel-page,true,true
/hotels/tulip-inn-gurugram-near-medanta/faqs,hotel-page,true,true
/hotels/estuary-sarovar-Premiere-poovar/contact,hotel-page,true,true
/hotels/golden-tulip-essential-jaipur/contact,hotel-page,true,true
/hotels/golden-tulip/contact,hotel-page,true,true
/hotels/lagoon-sarovar-premiere-pondicherry/contact,hotel-page,true,true
/hotels/manjeera-international-convention-centre/contact,hotel-page,true,true
/hotels/rosefinch-sarovar-portico-bhimtal/contact,hotel-page,true,true
/hotels/sarovar-portico-bhubaneswar/contact,hotel-page,true,true
/hotels/lagoon-sarovar-premiere-pondicherry/pay-us,hotel-page,true,true
/hotels/sarovar-portico-sonipat/pay-us,hotel-page,true,true
/hotels/efcee-sarovar-portico-bhavnagar/awards,hotel-page,true,true
/hotels/aditya-park-hyderabad/meeting-events,hotel-page,true,true
/hotels/ambar-sarovar-portico-gandhidham-hotel/promotions,hotel-page,true,true
/hotels/ambrosia-sarovar-portico-haridwar/meetings-events,hotel-page,true,true
/hotels/bellevue-sarovar-premiere-junagadh/banquet-conference,hotel-page,true,true
/hotels/bellevue-sarovar-premiere-junagadh/emerald-conference-hall,hotel-page,true,true
/hotels/bellevue-sarovar-premiere-junagadh/grand-crystal---banquet-hall,hotel-page,true,true
/hotels/bellevue-sarovar-premiere-junagadh/opal-conference-hall,hotel-page,true,true
/hotels/citadel-sarovar-portico-bangalore/events,hotel-page,true,true
/hotels/deventure-sarovar-portico-patel-nagar/oasis-hall,hotel-page,true,true
/hotels/efcee-sarovar-portico-bhavnagar/meeting-events,hotel-page,true,true
/hotels/estuary-sarovar-Premiere-poovar/about-us,hotel-page,true,true
/hotels/estuary-sarovar-Premiere-poovar/ayurveda-facility,hotel-page,true,true
/hotels/estuary-sarovar-Premiere-poovar/marma-spine-care,hotel-page,true,true
/hotels/estuary-sarovar-Premiere-poovar/panchakarma-detox,hotel-page,true,true
/hotels/estuary-sarovar-Premiere-poovar/rasayanam-rejuvenation,hotel-page,true,true
/hotels/estuary-sarovar-Premiere-poovar/sanjeevani-destress,hotel-page,true,true
/hotels/estuary-sarovar-Premiere-poovar/soundarya-skin-hair-care,hotel-page,true,true
/hotels/estuary-sarovar-Premiere-poovar/sthoulya-slimming-programme,hotel-page,true,true
/hotels/estuary-sarovar-Premiere-poovar/ayurveda-summary-page,hotel-page,true,true
/hotels/estuary-sarovar-Premiere-poovar/ayurveda-packages,hotel-page,true,true
/hotels/estuary-sarovar-Premiere-poovar/ayurveda-treatment,hotel-page,true,true
/hotels/estuary-sarovar-Premiere-poovar/career,hotel-page,true,true
/hotels/estuary-sarovar-Premiere-poovar/celebrations,hotel-page,true,true
/hotels/estuary-sarovar-Premiere-poovar/honeymoon,hotel-page,true,true
/hotels/estuary-sarovar-Premiere-poovar/weddings,hotel-page,true,true
/hotels/estuary-sarovar-Premiere-poovar/explore,hotel-page,true,true
/hotels/golden-sarovar-portico-amritsar/promotions,hotel-page,true,true
/hotels/golden-tulip-bdi-club-and-suite-bhiwadi/summit,hotel-page,true,true
/hotels/golden-tulip-bhopal/tulipe---multi-cuisine-restaurant,hotel-page,true,true
/hotels/golden-tulip-candolim-goa/special-offers,hotel-page,true,true
/hotels/golden-tulip-essential-jaipur/banquet-hall-conferences,hotel-page,true,true
/hotels/golden-tulip-goa-mandrem/promotions,hotel-page,true,true
/hotels/golden-tulip-lucknow/promotions,hotel-page,true,true
/hotels/golden-tulip-srinagar/spa-and-hamam,hotel-page,true,true
/hotels/golden-tulip-srinagar/spa,hotel-page,true,true
/hotels/golden-tulip-srinagar/turkish-hamam,hotel-page,true,true
/hotels/golden-tulip-tirupati/flavours,hotel-page,true,true
/hotels/golden-tulip/meetings-events,hotel-page,true,true
/hotels/grand-continent-anjuna/special-offers,hotel-page,true,true
/hotels/grand-continent-brookefield-bengaluru/banquet-halls,hotel-page,true,true
/hotels/grand-continent-brookefield-bengaluru/blossom,hotel-page,true,true
/hotels/grand-continent-brookefield-bengaluru/the-alfresco-open-air,hotel-page,true,true
/hotels/grand-continent-mysore/blossom-banquet-hall,hotel-page,true,true
/hotels/highland-sarovar-portico-sindhudurg/book-your-stay-at-highland-sarovar-portico-sindhudurg,hotel-page,true,true
/hotels/highland-sarovar-portico-sindhudurg/explore-sindhudurg,hotel-page,true,true
/hotels/hometel-alambagh-lucknow/explore-lucknow,hotel-page,true,true
/hotels/hometel-chandigarh/promotions,hotel-page,true,true
/hotels/hometel-roorkee/meetings-events,hotel-page,true,true
/hotels/iris-sarovar-portico-gurugram/explore-gurugram,hotel-page,true,true
/hotels/ishaan-sarovar-portico-deoghar/explore-deoghar,hotel-page,true,true
/hotels/lagoon-sarovar-premiere-pondicherry/amenities,hotel-page,true,true
/hotels/lagoon-sarovar-premiere-pondicherry/destination-wedding,hotel-page,true,true
/hotels/le-dupleix-pondicherry/courtyard-restaurant-menu,hotel-page,true,true
/hotels/le-dupleix-pondicherry/explore-pondicherry,hotel-page,true,true
/hotels/le-lac-sarovar-ranchi/meetings-events,hotel-page,true,true
/hotels/legend-sarovar-portico/meetings-events,hotel-page,true,true
/hotels/mahagun-sarovar-portico-suites-vaishali/promotions,hotel-page,true,true
/hotels/manjeera-international-convention-centre/lawn,hotel-page,true,true
/hotels/manjeera-international-convention-centre/meetings-and-events,hotel-page,true,true
/hotels/manjeera-international-convention-centre/ball-room-i,hotel-page,true,true
/hotels/manjeera-international-convention-centre/ball-room-ii,hotel-page,true,true
/hotels/manjeera-international-convention-centre/ball-room-iii,hotel-page,true,true
/hotels/manjeera-international-convention-centre/godavari-i,hotel-page,true,true
/hotels/manjeera-international-convention-centre/godavari-ii,hotel-page,true,true
/hotels/manjeera-international-convention-centre/grand-ball-room,hotel-page,true,true
/hotels/manjeera-sarovar-premiere-rajahmundry/banquet-halls,hotel-page,true,true
/hotels/manjeera-sarovar-premiere-rajahmundry/jade-banquet-hall,hotel-page,true,true
/hotels/manjeera-sarovar-premiere-rajahmundry/oval-banquet-hall,hotel-page,true,true
/hotels/manjeera-sarovar-premiere-rajahmundry/ruby-banquet-hall,hotel-page,true,true
/hotels/manjeera-sarovar-premiere-rajahmundry/convention-centres,hotel-page,true,true
/hotels/manjeera-sarovar-premiere-rajahmundry/ball-room,hotel-page,true,true
/hotels/manjeera-sarovar-premiere-rajahmundry/godavari-1,hotel-page,true,true
/hotels/manjeera-sarovar-premiere-rajahmundry/godavari-2,hotel-page,true,true
/hotels/manjeera-sarovar-premiere-rajahmundry/lawns,hotel-page,true,true
/hotels/marasa-sarovar-portico-rajkot/meetings-events,hotel-page,true,true
/hotels/marasa-sarovar-premiere-bodhgaya/banquet-and-meeting-hall,hotel-page,true,true
/hotels/marasa-sarovar-premiere-bodhgaya/a-journey-of-spiritual-awakening,hotel-page,true,true
/hotels/marasa-sarovar-premiere-bodhgaya/deep-tissue-experience,hotel-page,true,true
/hotels/marasa-sarovar-premiere-bodhgaya/fusion-of-self-realization,hotel-page,true,true
/hotels/marasa-sarovar-premiere-bodhgaya/holistic-aromatic-journey,hotel-page,true,true
/hotels/marasa-sarovar-premiere-bodhgaya/indian-fusion-head-massage,hotel-page,true,true
/hotels/marasa-sarovar-premiere-bodhgaya/peace,hotel-page,true,true
/hotels/marasa-sarovar-premiere-bodhgaya/reflexology,hotel-page,true,true
/hotels/marasa-sarovar-premiere-bodhgaya/tibetan-massage,hotel-page,true,true
/hotels/marasa-sarovar-premiere-bodhgaya/bhumispasha-clay-envelopment,hotel-page,true,true
/hotels/marasa-sarovar-premiere-bodhgaya/the-cocoon,hotel-page,true,true
/hotels/marasa-sarovar-premiere-bodhgaya/peace-and-tranquility,hotel-page,true,true
/hotels/marasa-sarovar-premiere-bodhgaya/pollution-rescue,hotel-page,true,true
/hotels/marasa-sarovar-premiere-bodhgaya/seabuckthorn-balance,hotel-page,true,true
/hotels/marasa-sarovar-premiere-bodhgaya/spiritual-mist,hotel-page,true,true
/hotels/marasa-sarovar-premiere-bodhgaya/meditatio-japa-japa,hotel-page,true,true
/hotels/marasa-sarovar-premiere-bodhgaya/meditatio-ntar-mouna,hotel-page,true,true
/hotels/marasa-sarovar-premiere-bodhgaya/chakra-shuddhi,hotel-page,true,true
/hotels/marasa-sarovar-premiere-bodhgaya/chidakasha-dharana,hotel-page,true,true
/hotels/marasa-sarovar-premiere-bodhgaya/hridayakasha-dharana,hotel-page,true,true
/hotels/marasa-sarovar-premiere-bodhgaya/tibetan-chantsbuddhist-chants,hotel-page,true,true
/hotels/marasa-sarovar-premiere-bodhgaya/trataka-candle-meditation,hotel-page,true,true
/hotels/marasa-sarovar-premiere-bodhgaya/yoga-nidra,hotel-page,true,true
/hotels/marasa-sarovar-premiere-bodhgaya/jal-neti,hotel-page,true,true
/hotels/marasa-sarovar-premiere-bodhgaya/kunjal-kriya,hotel-page,true,true
/hotels/marasa-sarovar-premiere-bodhgaya/himalayan-salt-scrub,hotel-page,true,true
/hotels/marasa-sarovar-premiere-bodhgaya/tibetan-tsampa-body-scrub,hotel-page,true,true
/hotels/marasa-sarovar-premiere-bodhgaya/advanced-pranayama-with-bandhas,hotel-page,true,true
/hotels/marasa-sarovar-premiere-bodhgaya/gatyatmak-yoga,hotel-page,true,true
/hotels/marasa-sarovar-premiere-bodhgaya/hatha-yoga,hotel-page,true,true
/hotels/marasa-sarovar-premiere-bodhgaya/kriya-yoga,hotel-page,true,true
/hotels/marasa-sarovar-premiere-bodhgaya/panayama,hotel-page,true,true
/hotels/marasa-sarovar-premiere-tirupati-hotels/experience,hotel-page,true,true
/hotels/marasa-sarovar-premiere-tirupati-hotels/promotions,hotel-page,true,true
/hotels/marigold-sarovar-portico-mashobra-shimla/special-offers,hotel-page,true,true
/hotels/marigold-sarovar-portico-mashobra-shimla/weddings-at-sarovar-hotels-resorts,hotel-page,true,true
/hotels/mj-sarovar-portico-haridwar/explore-haridwar,hotel-page,true,true
/hotels/mountnoor-sarovar-premiere-pahalgam/explore-pahalgam,hotel-page,true,true
/hotels/mukundra-sarovar-premiere-kota/explore-kota,hotel-page,true,true
/hotels/nataraj-sarovar-portico-jhansi/meetings-events,hotel-page,true,true
/hotels/nidhivan-sarovar-portico-vrindavan/destination-wedding-in-vrindavan,hotel-page,true,true
/hotels/nidhivan-sarovar-portico-vrindavan/places-to-visit-in-vrindavan,hotel-page,true,true
/hotels/nirvana-sarovar-portico-gorakhpur/meetings-events,hotel-page,true,true
/hotels/nirvana-sarovar-portico-gorakhpur/promotions,hotel-page,true,true
/hotels/paradigm-sarovar-kakinada/meetings-events,hotel-page,true,true
/hotels/Park-Inn-Radisson-Goa-Candolim/meeting-events,hotel-page,true,true
/hotels/park-plaza-ludhiana/promotions,hotel-page,true,true
/hotels/park-plaza-zirakpur/meeting-events,hotel-page,true,true
/hotels/park-plaza-zirakpur/shaadi-saga,hotel-page,true,true
/hotels/presidium-sarovar-premiere-dalhousie/events,hotel-page,true,true
/hotels/presidium-sarovar-premiere-dalhousie/the-den,hotel-page,true,true
/hotels/presidium-sarovar-premiere-dalhousie/the-reserve,hotel-page,true,true
/hotels/presidium-sarovar-premiere-dalhousie/experience,hotel-page,true,true
/hotels/radha-hometel-bangalore/promotions,hotel-page,true,true
/hotels/radha-regent-chennai/meeting-events,hotel-page,true,true
/hotels/radisson-blu--bengaluru-outer-ring-road/meetings-events,hotel-page,true,true
/hotels/rivera-sarovar-portico-ahmedabad/meetings-events,hotel-page,true,true
/hotels/rosefinch-sarovar-portico-bhimtal/experiences,hotel-page,true,true
/hotels/rosefinch-sarovar-portico-bhimtal/conference-hall,hotel-page,true,true
/hotels/royal-tulip-kathmandu-shivapuri-national-park/explore-kathmandu,hotel-page,true,true
/hotels/royale-sarovar-portico-agra/events,hotel-page,true,true
/hotels/royale-sarovar-portico-agra/explore-agra,hotel-page,true,true
/hotels/rs-sarovar-portico-palampur/meetings-events,hotel-page,true,true
/hotels/sarovar-portico-gir/facilites,hotel-page,true,true
/hotels/sarovar-portico-hanumangarh/special-offers,hotel-page,true,true
/hotels/sarovar-portico-jaipur/meetings-conferences,hotel-page,true,true
/hotels/sarovar-portico-jaipur/promotions,hotel-page,true,true
/hotels/sarovar-portico-jalandhar/meetings-events,hotel-page,true,true
/hotels/sarovar-portico-kolkata-rajarhat/conclave,hotel-page,true,true
/hotels/sarovar-portico-morbi/facilities-at-sarovar-portico-morbi,hotel-page,true,true
/hotels/sarovar-portico-morbi/meetings-conference-rooms-in-morbi,hotel-page,true,true
/hotels/sarovar-portico-naraina-new-delhi/meetings-events,hotel-page,true,true
/hotels/sarovar-portico-somnath/banquet-hall-conferences,hotel-page,true,true
/hotels/sarovar-portico-srinagar/the-hub,hotel-page,true,true
/hotels/sarovar-portico-surajkund/weddings,hotel-page,true,true
/hotels/sarovar-premiere-alwar/destination-wedding-in-alwar,hotel-page,true,true
/hotels/sarovar-premiere-alwar/explore-alwar,hotel-page,true,true
/hotels/sarovar-premiere-alwar/terms-conditions,hotel-page,true,true
/hotels/sarovar-premiere-alwar/weddings-thank-you,hotel-page,true,true
/hotels/sarovar-premiere-amritsar/activities-experiences,hotel-page,true,true
/hotels/sarovar-premiere-amritsar/explore-amritsar,hotel-page,true,true
/hotels/sarovar-premiere-jaipur/meetings-events,hotel-page,true,true
/hotels/sarovar-premiere-jaipur/promotions,hotel-page,true,true
/hotels/sarovar-premiere-srinagar/explore-srinagar,hotel-page,true,true
/hotels/shravanthi-sarovar-portico-bengaluru/meetings-events,hotel-page,true,true
/hotels/skywings-sarovar-portico-mathura/explore-mathura,hotel-page,true,true
/hotels/skywings-sarovar-portico-mathura/special-offers,hotel-page,true,true
/hotels/sobit-sarovar-portico-palolem-beach-hotel-goa/promotions,hotel-page,true,true
/hotels/the-ashtan-sarovar-portico-new-delhi/virtual-tour,hotel-page,true,true
/hotels/the-ashtan-sarovar-portico-new-delhi/meetings-events,hotel-page,true,true
/hotels/the-ashtan-sarovar-portico-new-delhi/facilities-at-hotel-in-delhi-near-aiims,hotel-page,true,true
/hotels/the-gaurs-sarovar-premiere/facilities-at-the-gaurs-sarovar-premiere,hotel-page,true,true
/hotels/the-gaurs-sarovar-premiere/wedding-saga,hotel-page,true,true
/hotels/the-gokulam-park-kochi/star-classification,hotel-page,true,true
/hotels/the-heron-portico-nairobi/meetings-events,hotel-page,true,true
/hotels/the-promenade-pondicherry/bay-of-buddha-menu,hotel-page,true,true
/hotels/the-promenade-pondicherry/explore-pondicherry,hotel-page,true,true
/hotels/the-promenade-pondicherry/the-blueline-menu,hotel-page,true,true
/hotels/the-promenade-pondicherry/wildfish-bistro,hotel-page,true,true
/hotels/tulip-inn-bhopal/explore-bhopal,hotel-page,true,true
/hotels/tulip-inn-gurugram-near-medanta/special-offers,hotel-page,true,true
/hotels/tulip-inn-shravasti/faciltiies,hotel-page,true,true
/hotels/vandhara-sarovar-premiere-patkote/explore-jim-corbett,hotel-page,true,true
/hotels/venizia-sarovar-portico-in-new-delhi/kids-zone,hotel-page,true,true
/hotels/geeta-sarovar-portico-hotels-panipat/blogs,hotel-page,true,true
/hotels/geeta-sarovar-portico-hotels-panipat/destination-wedding-near-delhi-ncr,hotel-page,true,true
/hotels/geeta-sarovar-portico-hotels-panipat/wedding-venues-in-panipat,hotel-page,true,true
/hotels/marasa-sarovar-premiere-bodhgaya/blogs,hotel-page,true,true
/hotels/marasa-sarovar-premiere-bodhgaya/bodh-gaya-seeking-nirvana,hotel-page,true,true
/hotels/marasa-sarovar-premiere-bodhgaya/indias-best-50-new-hotels-digest---outlook-traveller,hotel-page,true,true
/hotels/marasa-sarovar-premiere-bodhgaya/luxury-and-spirituality-at-marasa-sarovar-premiere,hotel-page,true,true
/hotels/marasa-sarovar-premiere-bodhgaya/marasa-sarovar-bodh-gaya-a-sanctuary-of-spiritual-enlightenment,hotel-page,true,true
/hotels/marasa-sarovar-premiere-bodhgaya/more-hnis-family-offices-checking-into-hotels-business,hotel-page,true,true
/hotels/marasa-sarovar-premiere-bodhgaya/must-visit-tourist-places-in-bodh-gaya,hotel-page,true,true
/hotels/marasa-sarovar-premiere-bodhgaya/southeast-asia-building-coverage-for-marasa-sarovar-premiere,hotel-page,true,true
/hotels/marigold-sarovar-portico-mashobra-shimla/blogs,hotel-page,true,true
/hotels/marigold-sarovar-portico-mashobra-shimla/explore-the-hidden-beauty-of-shimla,hotel-page,true,true
/hotels/marigold-sarovar-portico-mashobra-shimla/shimla-in-the-summers,hotel-page,true,true
/hotels/marigold-sarovar-portico-mashobra-shimla/shimla-in-the-winters,hotel-page,true,true
/hotels/rosefinch-sarovar-portico-bhimtal/blogs,hotel-page,true,true
/hotels/rosefinch-sarovar-portico-bhimtal/attractions-in-bhimtal,hotel-page,true,true
/hotels/sarovar-premiere-delhi/rooms/standard-room-sarovar-premiere-delhi,room,true,false
/hotels/sarovar-premiere-delhi/rooms/deluxe-room-sarovar-premiere-delhi,room,true,false
/hotels/sarovar-premiere-delhi/rooms/executive-suite-sarovar-premiere-delhi,room,true,false
/hotels/sarovar-premiere-delhi/rooms/presidential-suite-sarovar-premiere-delhi,room,true,false
/hotels/sarovar-portico-jaipur/rooms/standard-room-sarovar-portico-jaipur,room,true,false
/hotels/sarovar-portico-jaipur/rooms/deluxe-room-sarovar-portico-jaipur,room,true,false
/hotels/sarovar-portico-jaipur/rooms/executive-suite-sarovar-portico-jaipur,room,true,false
/hotels/sarovar-premiere-goa-beach-resort/rooms/standard-room-sarovar-premiere-goa-beach-resort,room,true,false
/hotels/sarovar-premiere-goa-beach-resort/rooms/deluxe-room-sarovar-premiere-goa-beach-resort,room,true,false
/hotels/sarovar-premiere-goa-beach-resort/rooms/executive-suite-sarovar-premiere-goa-beach-resort,room,true,false
/hotels/sarovar-premiere-goa-beach-resort/rooms/presidential-suite-sarovar-premiere-goa-beach-resort,room,true,false
/hotels/sarovar-portico-mumbai/rooms/standard-room-sarovar-portico-mumbai,room,true,false
/hotels/sarovar-portico-mumbai/rooms/deluxe-room-sarovar-portico-mumbai,room,true,false
/hotels/sarovar-portico-mumbai/rooms/executive-suite-sarovar-portico-mumbai,room,true,false
/hotels/sarovar-regency-shimla/rooms/standard-room-sarovar-regency-shimla,room,true,false
/hotels/sarovar-regency-shimla/rooms/deluxe-room-sarovar-regency-shimla,room,true,false
/hotels/sarovar-regency-shimla/rooms/executive-suite-sarovar-regency-shimla,room,true,false
/hotels/sarovar-regency-rishikesh/rooms/standard-room-sarovar-regency-rishikesh,room,true,false
/hotels/sarovar-regency-rishikesh/rooms/deluxe-room-sarovar-regency-rishikesh,room,true,false
/hotels/sarovar-regency-rishikesh/rooms/executive-suite-sarovar-regency-rishikesh,room,true,false
/hotels/sarovar-portico-delhi-aerocity/rooms/standard-room-sarovar-portico-delhi-aerocity,room,true,false
/hotels/sarovar-portico-delhi-aerocity/rooms/deluxe-room-sarovar-portico-delhi-aerocity,room,true,false
/hotels/sarovar-portico-delhi-aerocity/rooms/executive-suite-sarovar-portico-delhi-aerocity,room,true,false
/hotels/sarovar-premiere-jaipur-heritage/rooms/standard-room-sarovar-premiere-jaipur-heritage,room,true,false
/hotels/sarovar-premiere-jaipur-heritage/rooms/deluxe-room-sarovar-premiere-jaipur-heritage,room,true,false
/hotels/sarovar-premiere-jaipur-heritage/rooms/executive-suite-sarovar-premiere-jaipur-heritage,room,true,false
/hotels/abn-sarovar-portico-jim-corbett/rooms/cottage-double-bed-room-with-two-balconies,room,true,true
/hotels/abn-sarovar-portico-jim-corbett/rooms/premium-cottage-double-bed-room-with-sit-out-area,room,true,true
/hotels/abn-sarovar-portico-jim-corbett/rooms/deluxe-double-bed-room-with-sit-out-area,room,true,true
/hotels/abn-sarovar-portico-jim-corbett/rooms/premium-double-bed-room-with-private-balcony,room,true,true
/hotels/abn-sarovar-portico-jim-corbett/rooms/superior-double-bed-room-with-balcony,room,true,true
/hotels/aditya-hometel-hyderabad/rooms/suites,room,true,true
/hotels/aditya-hometel-hyderabad/rooms/standard-room,room,true,true
/hotels/aditya-hometel-hyderabad/rooms/superior-rooms,room,true,true
/hotels/aditya-park-hyderabad/rooms/executive-rooms,room,true,true
/hotels/aditya-park-hyderabad/rooms/friends-family,room,true,true
/hotels/aditya-park-hyderabad/rooms/junior-suites,room,true,true
/hotels/aditya-park-hyderabad/rooms/superior-rooms,room,true,true
/hotels/ambar-sarovar-portico-gandhidham-hotel/rooms/suites,room,true,true
/hotels/ambar-sarovar-portico-gandhidham-hotel/rooms/superior-rooms,room,true,true
/hotels/ambrosia-sarovar-portico-haridwar/rooms/deluxe-room-king-bed,room,true,true
/hotels/ambrosia-sarovar-portico-haridwar/rooms/deluxe-room-twin-bed,room,true,true
/hotels/ambrosia-sarovar-portico-haridwar/rooms/junior-suite,room,true,true
/hotels/ambrosia-sarovar-portico-haridwar/rooms/premium-suite,room,true,true
/hotels/balaji-sarovar-premiere-solapur/rooms/deluxe-rooms-city-view,room,true,true
/hotels/balaji-sarovar-premiere-solapur/rooms/deluxe-rooms-pool-view,room,true,true
/hotels/balaji-sarovar-premiere-solapur/rooms/executive-suites,room,true,true
/hotels/balaji-sarovar-premiere-solapur/rooms/presidential-suites,room,true,true
/hotels/bamus-sarovar-portico-kampala/rooms/deluxe-double-bed-room,room,true,true
/hotels/bamus-sarovar-portico-kampala/rooms/executive-suite,room,true,true
/hotels/bamus-sarovar-portico-kampala/rooms/standard-double-bed-room,room,true,true
/hotels/bamus-sarovar-portico-kampala/rooms/standard-twin-bed-room,room,true,true
/hotels/bamus-sarovar-portico-kampala/rooms/superior-double-bed-room,room,true,true
/hotels/bamus-sarovar-portico-kampala/rooms/superior-twin-bed-room,room,true,true
/hotels/bellevue-sarovar-premiere-junagadh/rooms/deluxe-room,room,true,true
/hotels/bellevue-sarovar-premiere-junagadh/rooms/premiere-king-girnar-view-room,room,true,true
/hotels/bellevue-sarovar-premiere-junagadh/rooms/suite,room,true,true
/hotels/bellevue-sarovar-premiere-junagadh/rooms/superior-twin-city-view-room,room,true,true
/hotels/citadel-sarovar-portico-bangalore/rooms/deluxe-king-room,room,true,true
/hotels/citadel-sarovar-portico-bangalore/rooms/deluxe-twin-room,room,true,true
/hotels/citadel-sarovar-portico-bangalore/rooms/executive-double-room,room,true,true
/hotels/citadel-sarovar-portico-bangalore/rooms/executive-twin-room,room,true,true
/hotels/citadel-sarovar-portico-bangalore/rooms/suite,room,true,true
/hotels/classic-sarovar-portico-thiruvananthapuram/rooms/club-rooms,room,true,true
/hotels/classic-sarovar-portico-thiruvananthapuram/rooms/executive-rooms,room,true,true
/hotels/classic-sarovar-portico-thiruvananthapuram/rooms/suite,room,true,true
/hotels/davanam-sarovar-portico-suites-bangalore/rooms/deluxe-suites,room,true,true
/hotels/davanam-sarovar-portico-suites-bangalore/rooms/executive-suites,room,true,true
/hotels/davanam-sarovar-portico-suites-bangalore/rooms/premium-suite,room,true,true
/hotels/delite-sarovar-portico-faridabad/rooms/executive-rooms-double-twin-bed-room,room,true,true
/hotels/delite-sarovar-portico-faridabad/rooms/premium-rooms-double-bed-room,room,true,true
/hotels/delite-sarovar-portico-faridabad/rooms/suites-double-bed-room,room,true,true
/hotels/deventure-sarovar-portico--kapashera-new-delhi/rooms/deluxe-rooms,room,true,true
/hotels/deventure-sarovar-portico--kapashera-new-delhi/rooms/premium-room,room,true,true
/hotels/deventure-sarovar-portico--kapashera-new-delhi/rooms/superior-rooms,room,true,true
/hotels/deventure-sarovar-portico-patel-nagar/rooms/club-double-bed-room,room,true,true
/hotels/deventure-sarovar-portico-patel-nagar/rooms/executive-double-bed-room,room,true,true
/hotels/deventure-sarovar-portico-patel-nagar/rooms/executive-twin-bed-room,room,true,true
/hotels/efcee-sarovar-portico-bhavnagar/rooms/deluxe-room,room,true,true
/hotels/efcee-sarovar-portico-bhavnagar/rooms/executive-suites,room,true,true
/hotels/efcee-sarovar-portico-bhavnagar/rooms/leela-suite,room,true,true
/hotels/efcee-sarovar-portico-bhavnagar/rooms/premium-room,room,true,true
/hotels/estuary-sarovar-Premiere-poovar/rooms/deluxe-pool-villa-140-sq-m-1500-sq-ft,room,true,true
/hotels/estuary-sarovar-Premiere-poovar/rooms/estuary-view-32-sq-m-345-sq-ft,room,true,true
/hotels/estuary-sarovar-Premiere-poovar/rooms/garden-cottage-32-sq-m-340-sq-ft,room,true,true
/hotels/estuary-sarovar-Premiere-poovar/rooms/garden-view-27-sq-m-290-sq-ft,room,true,true
/hotels/estuary-sarovar-Premiere-poovar/rooms/leisure-villa-43-sq-m-460-sq-ft,room,true,true
/hotels/estuary-sarovar-Premiere-poovar/rooms/pool-villa-121-sq-m-1300-sq-ft,room,true,true
/hotels/geeta-sarovar-portico-hotels-panipat/rooms/deluxe-double-or-twin-rooms,room,true,true
/hotels/geeta-sarovar-portico-hotels-panipat/rooms/presidential-suite-room,room,true,true
/hotels/geeta-sarovar-portico-hotels-panipat/rooms/suite-room,room,true,true
/hotels/golden-sarovar-portico-amritsar/rooms/deluxe-suites,room,true,true
/hotels/golden-sarovar-portico-amritsar/rooms/executive-rooms,room,true,true
/hotels/golden-sarovar-portico-amritsar/rooms/premium-room,room,true,true
/hotels/golden-sarovar-portico-amritsar/rooms/presidential-suite,room,true,true
/hotels/golden-sarovar-portico-amritsar/rooms/superior-double-bed-room,room,true,true
/hotels/golden-sarovar-portico-amritsar/rooms/superior-twin-bed-room,room,true,true
/hotels/golden-tulip-agra/rooms/deluxe-double-bed-room,room,true,true
/hotels/golden-tulip-agra/rooms/deluxe-twin-bed-room,room,true,true
/hotels/golden-tulip-agra/rooms/executive-double-bed-room,room,true,true
/hotels/golden-tulip-agra/rooms/suite,room,true,true
/hotels/golden-tulip-bdi-club-and-suite-bhiwadi/rooms/club-king-room,room,true,true
/hotels/golden-tulip-bdi-club-and-suite-bhiwadi/rooms/junior-suite,room,true,true
/hotels/golden-tulip-bdi-club-and-suite-bhiwadi/rooms/superior-room,room,true,true
/hotels/golden-tulip-bhopal/rooms/deluxe-room,room,true,true
/hotels/golden-tulip-bhopal/rooms/suite,room,true,true
/hotels/golden-tulip-bhopal/rooms/superior-room,room,true,true
/hotels/golden-tulip-candolim-goa/rooms/deluxe-double-bedroom,room,true,true
/hotels/golden-tulip-candolim-goa/rooms/apartment-double-bedroom,room,true,true
/hotels/golden-tulip-candolim-goa/rooms/imperial-double-bedroom,room,true,true
/hotels/golden-tulip-candolim-goa/rooms/jr-suite-double-bedroom,room,true,true
/hotels/golden-tulip-candolim-goa/rooms/superior-double-bedroom,room,true,true
/hotels/golden-tulip-candolim-goa/rooms/superior-twin-bedroom,room,true,true
/hotels/golden-tulip-essential-jaipur/rooms/standard-king-rooms,room,true,true
/hotels/golden-tulip-essential-jaipur/rooms/suites,room,true,true
/hotels/golden-tulip-essential-jaipur/rooms/superior-rooms-double-bed,room,true,true
/hotels/golden-tulip-essential-jaipur/rooms/superior-rooms-twin-bed,room,true,true
/hotels/golden-tulip-goa-mandrem/rooms/1-bedroom-pool-villa,room,true,true
/hotels/golden-tulip-goa-mandrem/rooms/1-bedroom-villa,room,true,true
/hotels/golden-tulip-goa-mandrem/rooms/2-bedroom-pool-villa,room,true,true
/hotels/golden-tulip-goa-mandrem/rooms/2-bedroom-villa,room,true,true
/hotels/golden-tulip-goa-mandrem/rooms/deluxe-room-with-private-balcony,room,true,true
/hotels/golden-tulip-goa-mandrem/rooms/executive-room-with-private-balcony,room,true,true
/hotels/golden-tulip-goa-mandrem/rooms/premium-room-with-private-balcony,room,true,true
/hotels/golden-tulip-goa-mandrem/rooms/presidential-suite-with-infinity-pool,room,true,true
/hotels/golden-tulip-goa-vagator/rooms/deluxe-room,room,true,true
/hotels/golden-tulip-goa-vagator/rooms/superior-room,room,true,true
/hotels/golden-tulip-hari-nagar/rooms/executive-room,room,true,true
/hotels/golden-tulip-hari-nagar/rooms/standard-room,room,true,true
/hotels/golden-tulip-hari-nagar/rooms/superior-plus-room,room,true,true
/hotels/golden-tulip-hari-nagar/rooms/superior-room,room,true,true
/hotels/golden-tulip-hotel-in-jaipur/rooms/deluxe-rooms,room,true,true
/hotels/golden-tulip-hotel-in-jaipur/rooms/deluxe-suites,room,true,true
/hotels/golden-tulip-hotel-in-jaipur/rooms/junior-suites,room,true,true
/hotels/golden-tulip-hotel-in-jaipur/rooms/presidential-suite,room,true,true
/hotels/golden-tulip-hotel-in-jaipur/rooms/super-deluxe-rooms-double-bed,room,true,true
/hotels/golden-tulip-hotel-in-jaipur/rooms/super-deluxe-rooms-twin-beds,room,true,true
/hotels/golden-tulip-jalandhar/rooms/deluxe-king-rooms-double-bed,room,true,true
/hotels/golden-tulip-jalandhar/rooms/deluxe-king-rooms-twin-beds,room,true,true
/hotels/golden-tulip-kukas-jaipur/rooms/deluxe-room-city-facing,room,true,true
/hotels/golden-tulip-kukas-jaipur/rooms/deluxe-twin-room-city-facing,room,true,true
/hotels/golden-tulip-kukas-jaipur/rooms/suite,room,true,true
/hotels/golden-tulip-kukas-jaipur/rooms/superior-double-room,room,true,true
/hotels/golden-tulip-kukas-jaipur/rooms/superior-twin-room,room,true,true
/hotels/golden-tulip-lucknow/rooms/club-premium-room,room,true,true
/hotels/golden-tulip-lucknow/rooms/club-room-king-b-wing,room,true,true
/hotels/golden-tulip-lucknow/rooms/club-room-twin-b-wing,room,true,true
/hotels/golden-tulip-lucknow/rooms/executive-room,room,true,true
/hotels/golden-tulip-lucknow/rooms/junior-suite,room,true,true
/hotels/golden-tulip-lucknow/rooms/suite,room,true,true
/hotels/golden-tulip-sector-80-gurugram/rooms/deluxe-room-with-pool-view,room,true,true
/hotels/golden-tulip-sector-80-gurugram/rooms/executive-room-with-balcony,room,true,true
/hotels/golden-tulip-sector-80-gurugram/rooms/luxury-suite,room,true,true
/hotels/golden-tulip-sector-80-gurugram/rooms/premium-suite,room,true,true
/hotels/golden-tulip-sector-80-gurugram/rooms/standard-double-room,room,true,true
/hotels/golden-tulip-srinagar/rooms/deluxe-rooms,room,true,true
/hotels/golden-tulip-sector-80-gurugram/rooms/standard-twin-room,room,true,true
/hotels/golden-tulip-srinagar/rooms/executive-suites,room,true,true
/hotels/golden-tulip-tirupati/rooms/deluxe-rooms-king,room,true,true
/hotels/golden-tulip-srinagar/rooms/premium-rooms,room,true,true
/hotels/golden-tulip-tirupati/rooms/deluxe-rooms-twin,room,true,true
/hotels/golden-tulip-tirupati/rooms/suite,room,true,true
/hotels/golden-tulip-udaipur/rooms/luxury-suite,room,true,true
/hotels/golden-tulip-udaipur/rooms/premium-double-pool-view-room,room,true,true
/hotels/golden-tulip-udaipur/rooms/standard-double-room,room,true,true
/hotels/golden-tulip-udaipur/rooms/standard-twin-room,room,true,true
/hotels/golden-tulip-udaipur/rooms/superior-double-room,room,true,true
/hotels/golden-tulip-udaipur/rooms/superior-twin-room,room,true,true
/hotels/golden-tulip/rooms/deluxe-double-bed-rooms,room,true,true
/hotels/golden-tulip/rooms/premium-rooms-with-balcony,room,true,true
/hotels/golden-tulip/rooms/suites,room,true,true
/hotels/golden-tulip/rooms/superior-twin-or-double-bed-rooms,room,true,true
/hotels/grand-continent-anjuna/rooms/deluxe-double-room-pool-view-with-balcony-happy-hours-inclusion,room,true,true
/hotels/grand-continent-anjuna/rooms/family-suite-pool-view-with-balcony-interconnected-02-bed-rooms-happy-hours-inclusion,room,true,true
/hotels/grand-continent-anjuna/rooms/standard-double-room-with-happy-hours,room,true,true
/hotels/grand-continent-anjuna/rooms/superior-double-room-partial-pool-view-with-happy-hours,room,true,true
/hotels/grand-continent-brookefield-bengaluru/rooms/deluxe-room-with-balcony-double-bed,room,true,true
/hotels/grand-continent-brookefield-bengaluru/rooms/deluxe-room-with-balcony-twin-beds,room,true,true
/hotels/grand-continent-brookefield-bengaluru/rooms/executive-room-double-bed,room,true,true
/hotels/grand-continent-brookefield-bengaluru/rooms/premium-room-with-balcony-double-bed,room,true,true
/hotels/grand-continent-brookefield-bengaluru/rooms/premium-room-with-balcony-twin-bed,room,true,true
/hotels/grand-continent-hebbal-bangalore/rooms/deluxe-room-king-bed,room,true,true
/hotels/grand-continent-hebbal-bangalore/rooms/deluxe-room-twin-bed,room,true,true
/hotels/grand-continent-hebbal-bangalore/rooms/executive-room-king-bed,room,true,true
/hotels/grand-continent-hebbal-bangalore/rooms/executive-room-twin-bed,room,true,true
/hotels/grand-continent-hebbal-bangalore/rooms/premium-room-king-bed,room,true,true
/hotels/grand-continent-hosur/rooms/deluxe-room,room,true,true
/hotels/grand-continent-hosur/rooms/executive-room,room,true,true
/hotels/grand-continent-hosur/rooms/family-room,room,true,true
/hotels/grand-continent-hosur/rooms/royal-suite,room,true,true
/hotels/grand-continent-mahabalipuram/rooms/canal-view-room-double-bed,room,true,true
/hotels/grand-continent-mahabalipuram/rooms/canal-view-room-twin-beds,room,true,true
/hotels/grand-continent-mahabalipuram/rooms/deluxe-room-double-bed,room,true,true
/hotels/grand-continent-mahabalipuram/rooms/deluxe-room-twin-beds,room,true,true
/hotels/grand-continent-mahabalipuram/rooms/sea-suite,room,true,true
/hotels/grand-continent-mahabalipuram/rooms/sea-view-room,room,true,true
/hotels/grand-continent-malleshwaram-bangalore/rooms/deluxe-room,room,true,true
/hotels/grand-continent-malleshwaram-bangalore/rooms/executive-room,room,true,true
/hotels/grand-continent-malleshwaram-bangalore/rooms/royal-suite-with-king-size-bed,room,true,true
/hotels/grand-continent-malleshwaram-bangalore/rooms/royal-suite-with-twin-size-bed,room,true,true
/hotels/grand-continent-mysore/rooms/deluxe-room,room,true,true
/hotels/grand-continent-mysore/rooms/family-room,room,true,true
/hotels/grand-continent-secunderabad/rooms/deluxe-room-double,room,true,true
/hotels/grand-continent-secunderabad/rooms/deluxe-room-twin,room,true,true
/hotels/grand-continent-secunderabad/rooms/superior-room-double,room,true,true
/hotels/grand-portico-hotel-in-latur/rooms/deluxe-rooms-double-bed,room,true,true
/hotels/grand-portico-hotel-in-latur/rooms/deluxe-rooms-twin-beds,room,true,true
/hotels/grand-portico-hotel-in-latur/rooms/suites,room,true,true
/hotels/highland-sarovar-portico-sindhudurg/rooms/deluxe-room-with-balcony,room,true,true
/hotels/highland-sarovar-portico-sindhudurg/rooms/premium-room-with-balcony,room,true,true
/hotels/hometel-alambagh-lucknow/rooms/deluxe-double-room,room,true,true
/hotels/hometel-alambagh-lucknow/rooms/deluxe-twin-room,room,true,true
/hotels/hometel-alambagh-lucknow/rooms/executive-suite,room,true,true
/hotels/hometel-alambagh-lucknow/rooms/premium-double-room,room,true,true
/hotels/hometel-alambagh-lucknow/rooms/premium-twin-room,room,true,true
/hotels/hometel-chandigarh/rooms/deluxe-rooms,room,true,true
/hotels/hometel-chandigarh/rooms/superior-rooms,room,true,true
/hotels/hometel-chandigarh/rooms/superior-twin-rooms,room,true,true
/hotels/hometel-roorkee/rooms/suites,room,true,true
/hotels/hometel-roorkee/rooms/superior-double-rooms,room,true,true
/hotels/hometel-roorkee/rooms/superior-twin-rooms,room,true,true
/hotels/hrj-sarovar-portico-indore/rooms/deluxe-rooms-double-beds,room,true,true
/hotels/hrj-sarovar-portico-indore/rooms/executive-rooms,room,true,true
/hotels/hrj-sarovar-portico-indore/rooms/deluxe-rooms-twin-beds,room,true,true
/hotels/hrj-sarovar-portico-indore/rooms/suites,room,true,true
/hotels/hrj-sarovar-portico-indore/rooms/superior-rooms-double-beds,room,true,true
/hotels/iris-sarovar-portico-gurugram/rooms/deluxe-room-with-balcony-double-bed,room,true,true
/hotels/hrj-sarovar-portico-indore/rooms/superior-rooms-twin-beds,room,true,true
/hotels/iris-sarovar-portico-gurugram/rooms/deluxe-room-with-balcony-twin-bed,room,true,true
/hotels/iris-sarovar-portico-gurugram/rooms/junior-suite-pool-view-with-balcony,room,true,true
/hotels/iris-sarovar-portico-gurugram/rooms/junior-suite-with-balcony,room,true,true
/hotels/ishaan-sarovar-portico-deoghar/rooms/deluxe-double-room,room,true,true
/hotels/ishaan-sarovar-portico-deoghar/rooms/executive-suite,room,true,true
/hotels/ishaan-sarovar-portico-deoghar/rooms/premium-twin-room,room,true,true
/hotels/kpg-sarovar-portico-raj-nagar-extension-ghaziabad/rooms/deluxe-king-room,room,true,true
/hotels/kpg-sarovar-portico-raj-nagar-extension-ghaziabad/rooms/deluxe-twin-room,room,true,true
/hotels/kpg-sarovar-portico-raj-nagar-extension-ghaziabad/rooms/junior-suite,room,true,true
/hotels/kpg-sarovar-portico-raj-nagar-extension-ghaziabad/rooms/superior-room,room,true,true
/hotels/la-place-sarovar-portico-lucknow/rooms/day-use-room-1100-to-0400-pm,room,true,true
/hotels/la-place-sarovar-portico-lucknow/rooms/executive-suites,room,true,true
/hotels/la-place-sarovar-portico-lucknow/rooms/premium-room-with-queen-or-twin-bed,room,true,true
/hotels/la-place-sarovar-portico-lucknow/rooms/superior-rooms-with-queen-bed,room,true,true
/hotels/la-place-sarovar-portico-lucknow/rooms/superior-rooms-with-twin-bed,room,true,true
/hotels/lagoon-sarovar-premiere-pondicherry/rooms/deluxe-room,room,true,true
/hotels/lagoon-sarovar-premiere-pondicherry/rooms/lagoon-view-room,room,true,true
/hotels/lagoon-sarovar-premiere-pondicherry/rooms/lilly-pond-view-room,room,true,true
/hotels/lagoon-sarovar-premiere-pondicherry/rooms/pool-view-room,room,true,true
/hotels/le-dupleix-pondicherry/rooms/deluxe-rooms,room,true,true
/hotels/le-dupleix-pondicherry/rooms/luxury-suite-with-balcony,room,true,true
/hotels/le-dupleix-pondicherry/rooms/penthouse,room,true,true
/hotels/le-dupleix-pondicherry/rooms/superior-rooms,room,true,true
/hotels/le-lac-sarovar-ranchi/rooms/executive-suite-room,room,true,true
/hotels/le-lac-sarovar-ranchi/rooms/premium-rooms,room,true,true
/hotels/le-lac-sarovar-ranchi/rooms/presidential-suite,room,true,true
/hotels/le-lac-sarovar-ranchi/rooms/superior-rooms,room,true,true
/hotels/legend-sarovar-portico/rooms/deluxe-rooms,room,true,true
/hotels/legend-sarovar-portico/rooms/suites,room,true,true
/hotels/legend-sarovar-portico/rooms/superior-rooms,room,true,true
/hotels/legend-sarovar-portico/rooms/superior-select-room,room,true,true
/hotels/madhuban-sarovar-portico-mussorie/rooms/deluxe-rooms,room,true,true
/hotels/madhuban-sarovar-portico-mussorie/rooms/valley-view-rooms,room,true,true
/hotels/mahagun-sarovar-portico-suites-vaishali/rooms/premiere-suite-copy,room,true,true
/hotels/mahagun-sarovar-portico-suites-vaishali/rooms/premier-studio,room,true,true
/hotels/mahagun-sarovar-portico-suites-vaishali/rooms/premiere-suite,room,true,true
/hotels/mahagun-sarovar-portico-suites-vaishali/rooms/studio-rooms,room,true,true
/hotels/mahagun-sarovar-portico-suites-vaishali/rooms/suite,room,true,true
/hotels/majestic-court-sarovar-portico-navi-mumbai/rooms/deluxe-rooms-with-king-bed,room,true,true
/hotels/majestic-court-sarovar-portico-navi-mumbai/rooms/suite-rooms-with-king-bed,room,true,true
/hotels/majestic-court-sarovar-portico-navi-mumbai/rooms/superior-room-with-king-bed,room,true,true
/hotels/majestic-court-sarovar-portico-navi-mumbai/rooms/superior-room-with-twin-bed,room,true,true
/hotels/manjeera-sarovar-premiere-rajahmundry/rooms/executive-rooms-king-size-bed,room,true,true
/hotels/manjeera-sarovar-premiere-rajahmundry/rooms/executive-rooms-twin-bed,room,true,true
/hotels/manjeera-sarovar-premiere-rajahmundry/rooms/premiere-suites-rooms,room,true,true
/hotels/marasa-sarovar-portico-rajkot/rooms/executive-rooms,room,true,true
/hotels/marasa-sarovar-portico-rajkot/rooms/suites-1-king-bed,room,true,true
/hotels/marasa-sarovar-premiere-bodhgaya/rooms/deluxe-double-rooms,room,true,true
/hotels/marasa-sarovar-premiere-bodhgaya/rooms/deluxe-twin-bed-room,room,true,true
/hotels/marasa-sarovar-premiere-bodhgaya/rooms/premium-twin-room,room,true,true
/hotels/marasa-sarovar-premiere-bodhgaya/rooms/suite,room,true,true
/hotels/marasa-sarovar-premiere-tirupati-hotels/rooms/deluxe-room-king,room,true,true
/hotels/marasa-sarovar-premiere-tirupati-hotels/rooms/deluxe-room-twin-beds,room,true,true
/hotels/marasa-sarovar-premiere-tirupati-hotels/rooms/premium-room-king,room,true,true
/hotels/marasa-sarovar-premiere-tirupati-hotels/rooms/premium-room-twin-beds,room,true,true
/hotels/marasa-sarovar-premiere-tirupati-hotels/rooms/suites,room,true,true
/hotels/marigold-sarovar-portico-mashobra-shimla/rooms/family-suite,room,true,true
/hotels/marigold-sarovar-portico-mashobra-shimla/rooms/mountain-view-balcony-room,room,true,true
/hotels/marigold-sarovar-portico-mashobra-shimla/rooms/mountain-view-suite-with-private-sit-out,room,true,true
/hotels/marigold-sarovar-portico-mashobra-shimla/rooms/premium-room,room,true,true
/hotels/marigold-sarovar-portico-mashobra-shimla/rooms/swiss-duplex-cottage-with-private-garden,room,true,true
/hotels/marigold-sarovar-portico-mashobra-shimla/rooms/swiss-duplex-cottage-valley-view,room,true,true
/hotels/marigold-sarovar-portico-mashobra-shimla/rooms/villa-room,room,true,true
/hotels/marine-plaza-mumbai/rooms/deluxe-suite,room,true,true
/hotels/marine-plaza-mumbai/rooms/executive-suite,room,true,true
/hotels/marine-plaza-mumbai/rooms/sea-facing-room,room,true,true
/hotels/marine-plaza-mumbai/rooms/special-suite,room,true,true
/hotels/marine-plaza-mumbai/rooms/standard-room,room,true,true
/hotels/mj-sarovar-portico-haridwar/rooms/executive-double-bed-room,room,true,true
/hotels/mj-sarovar-portico-haridwar/rooms/standard-deluxe-double-bed-room,room,true,true
/hotels/mj-sarovar-portico-haridwar/rooms/suite,room,true,true
/hotels/mj-sarovar-portico-haridwar/rooms/superior-double-bed-room,room,true,true
/hotels/mj-sarovar-portico-haridwar/rooms/superior-twin-bed-room,room,true,true
/hotels/mountnoor-sarovar-premiere-pahalgam/rooms/deluxe-double-room-with-balcony,room,true,true
/hotels/mountnoor-sarovar-premiere-pahalgam/rooms/junior-suite,room,true,true
/hotels/mountnoor-sarovar-premiere-pahalgam/rooms/premium-double-room-with-mountain-view,room,true,true
/hotels/mountnoor-sarovar-premiere-pahalgam/rooms/superior-double-room-with-mountain-view,room,true,true
/hotels/mukundra-sarovar-premiere-kota/rooms/deluxe-double-room,room,true,true
/hotels/mukundra-sarovar-premiere-kota/rooms/executive-double-room,room,true,true
/hotels/mukundra-sarovar-premiere-kota/rooms/premium-double-room,room,true,true
/hotels/mukundra-sarovar-premiere-kota/rooms/presidential-suite,room,true,true
/hotels/mukundra-sarovar-premiere-kota/rooms/superior-double-room,room,true,true
/hotels/mukundra-sarovar-premiere-kota/rooms/superior-twin-room,room,true,true
/hotels/nataraj-sarovar-portico-jhansi/rooms/deluxe-room,room,true,true
/hotels/nataraj-sarovar-portico-jhansi/rooms/executive-suite,room,true,true
/hotels/nataraj-sarovar-portico-jhansi/rooms/junior-suite,room,true,true
/hotels/naturevilas-portico-manali/rooms/nature-himalayan-rooms,room,true,true
/hotels/nataraj-sarovar-portico-jhansi/rooms/superior-room,room,true,true
/hotels/naturevilas-portico-manali/rooms/nature-orchid-rooms,room,true,true
/hotels/naturevilas-portico-manali/rooms/suites,room,true,true
/hotels/neelkanth-sarovar-premiere-lusaka/rooms/deluxe-suite,room,true,true
/hotels/neelkanth-sarovar-premiere-lusaka/rooms/executive-twin-suite,room,true,true
/hotels/neelkanth-sarovar-premiere-lusaka/rooms/premium-suite,room,true,true
/hotels/nidhivan-sarovar-portico-vrindavan/rooms/deluxe-double-bed-room,room,true,true
/hotels/nidhivan-sarovar-portico-vrindavan/rooms/deluxe-twin-bed-room,room,true,true
/hotels/nidhivan-sarovar-portico-vrindavan/rooms/junior-suite,room,true,true
/hotels/nidhivan-sarovar-portico-vrindavan/rooms/premium-room,room,true,true
/hotels/nirvana-sarovar-portico-gorakhpur/rooms/deluxe-rooms,room,true,true
/hotels/nirvana-sarovar-portico-gorakhpur/rooms/suites,room,true,true
/hotels/nirvana-sarovar-portico-gorakhpur/rooms/superior-rooms,room,true,true
/hotels/nirwana-hometel-jaipur-sarovar/rooms/studio-room-city-view,room,true,true
/hotels/nirwana-hometel-jaipur-sarovar/rooms/studio-room-nahargarh-view,room,true,true
/hotels/nirwana-hometel-jaipur-sarovar/rooms/superior-king-bed-rooms,room,true,true
/hotels/nirwana-hometel-jaipur-sarovar/rooms/superior-twin-bed-room,room,true,true
/hotels/paradigm-sarovar-kakinada/rooms/club-rooms,room,true,true
/hotels/paradigm-sarovar-kakinada/rooms/superior-rooms,room,true,true
/hotels/park-inn-by-radisson-ayodhya/rooms/deluxe-double-deluxe-twin,room,true,true
/hotels/park-inn-by-radisson-ayodhya/rooms/suite,room,true,true
/hotels/park-inn-by-radisson-ayodhya/rooms/superior-double-superior-twin,room,true,true
/hotels/park-plaza-jalandhar/rooms/deluxe-room,room,true,true
/hotels/park-plaza-jalandhar/rooms/executive-room,room,true,true
/hotels/park-plaza-jalandhar/rooms/suite,room,true,true
/hotels/park-plaza-jalandhar/rooms/superior-room,room,true,true
/hotels/park-plaza-jodhpur/rooms/deluxe-room,room,true,true
/hotels/park-plaza-jodhpur/rooms/suites,room,true,true
/hotels/park-plaza-jodhpur/rooms/superior-room,room,true,true
/hotels/prachi-sarovar-premiere-bhubaneswar/rooms/khandagiri-temple-view-deluxe-double-bed-room,room,true,true
/hotels/prachi-sarovar-premiere-bhubaneswar/rooms/khandagiri-temple-view-deluxe-twin-bed-room,room,true,true
/hotels/prachi-sarovar-premiere-bhubaneswar/rooms/luxury-suite,room,true,true
/hotels/prachi-sarovar-premiere-bhubaneswar/rooms/pool-view-premium-double-bed-room,room,true,true
/hotels/prachi-sarovar-premiere-bhubaneswar/rooms/standard-twin-bed-room,room,true,true
/hotels/prachi-sarovar-premiere-bhubaneswar/rooms/standard-double-bed-room,room,true,true
/hotels/prachi-sarovar-premiere-bhubaneswar/rooms/superior-double-bed-room,room,true,true
/hotels/prachi-sarovar-premiere-bhubaneswar/rooms/superior-twin-bed-room,room,true,true
/hotels/presidium-sarovar-premiere-dalhousie/rooms/deluxe-suite-with-balcony,room,true,true
/hotels/presidium-sarovar-premiere-dalhousie/rooms/deluxe-room-with-balcony,room,true,true
/hotels/presidium-sarovar-premiere-dalhousie/rooms/family-room,room,true,true
/hotels/presidium-sarovar-premiere-dalhousie/rooms/luxury-suite-with-private-sit-out,room,true,true
/hotels/presidium-sarovar-premiere-dalhousie/rooms/premium-room-with-private-sit-out,room,true,true
/hotels/presidium-sarovar-premiere-dalhousie/rooms/panorama-valley-view-with-balcony,room,true,true
/hotels/presidium-sarovar-premiere-dalhousie/rooms/premium-valley-view-with-balcony,room,true,true
/hotels/presidium-sarovar-premiere-dalhousie/rooms/superior-room,room,true,true
/hotels/pushkara-portico-hotel-in-dibrugarh/rooms/deluxe-double-bed-rooms,room,true,true
/hotels/pushkara-portico-hotel-in-dibrugarh/rooms/deluxe-twin-bed-room,room,true,true
/hotels/pushkara-portico-hotel-in-dibrugarh/rooms/executive-rooms,room,true,true
/hotels/pushkara-portico-hotel-in-dibrugarh/rooms/penthouse,room,true,true
/hotels/pushkara-portico-hotel-in-dibrugarh/rooms/standard-double-or-twin-room,room,true,true
/hotels/pushkara-portico-hotel-in-dibrugarh/rooms/suites,room,true,true
/hotels/radha-hometel-bangalore/rooms/superior-queen-room,room,true,true
/hotels/radha-hometel-bangalore/rooms/superior-twin-bed-room,room,true,true
/hotels/radha-regent-chennai/rooms/suites,room,true,true
/hotels/radha-regent-chennai/rooms/executive-rooms,room,true,true
/hotels/radha-regent-chennai/rooms/superior-rooms,room,true,true
/hotels/rbd-sarovar-portico-outer-ring-road-bengaluru/rooms/club-rooms,room,true,true
/hotels/rbd-sarovar-portico-outer-ring-road-bengaluru/rooms/deluxe-rooms,room,true,true
/hotels/rbd-sarovar-portico-outer-ring-road-bengaluru/rooms/premium-room-with-balcony,room,true,true
/hotels/rbd-sarovar-portico-outer-ring-road-bengaluru/rooms/premium-rooms,room,true,true
/hotels/residency-sarovar-portico-mumbai/rooms/deluxe-rooms,room,true,true
/hotels/residency-sarovar-portico-mumbai/rooms/superior-rooms,room,true,true
/hotels/rivera-sarovar-portico-ahmedabad/rooms/deluxe-rooms,room,true,true
/hotels/rivera-sarovar-portico-ahmedabad/rooms/standard-rooms,room,true,true
/hotels/riviera-sarovar-portico-pathankot/rooms/executive-double-bed-room,room,true,true
/hotels/rivera-sarovar-portico-ahmedabad/rooms/superior-rooms,room,true,true
/hotels/riviera-sarovar-portico-pathankot/rooms/premium-double-bed-room,room,true,true
/hotels/riviera-sarovar-portico-pathankot/rooms/premium-twin-bed-room,room,true,true
/hotels/riviera-sarovar-portico-pathankot/rooms/suite-double-bed-room,room,true,true
/hotels/riviera-sarovar-portico-pathankot/rooms/superior-double-bed-room,room,true,true
/hotels/rosefinch-sarovar-portico-bhimtal/rooms/lake-view-deluxe-rooms-with-balcony-breakfast-dinner,room,true,true
/hotels/rosefinch-sarovar-portico-bhimtal/rooms/lake-view-deluxe-rooms-with-balcony-breakfast,room,true,true
/hotels/rosefinch-sarovar-portico-bhimtal/rooms/lake-view-deluxe-rooms-with-balcony,room,true,true
/hotels/rosefinch-sarovar-portico-bhimtal/rooms/lake-view-family-room-4-pax-room-only,room,true,true
/hotels/rosefinch-sarovar-portico-bhimtal/rooms/lake-view-family-room-4-pax-with-breakfast-and-dinner,room,true,true
/hotels/rosefinch-sarovar-portico-bhimtal/rooms/lake-view-family-room-4-pax-with-breakfast,room,true,true
/hotels/rosefinch-sarovar-portico-bhimtal/rooms/lake-view-luxury-rooms-with-balcony-breakfast-and-dinner,room,true,true
/hotels/rosefinch-sarovar-portico-bhimtal/rooms/lake-view-luxury-rooms-with-balcony-breakfast,room,true,true
/hotels/rosefinch-sarovar-portico-bhimtal/rooms/lake-view-luxury-rooms-with-balcony,room,true,true
/hotels/royal-hometel-suites-dahisar-mumbai/rooms/deluxe-double-rooms,room,true,true
/hotels/royal-hometel-suites-dahisar-mumbai/rooms/deluxe-twin-room,room,true,true
/hotels/royal-hometel-suites-dahisar-mumbai/rooms/suite-double-room,room,true,true
/hotels/royal-hometel-suites-dahisar-mumbai/rooms/suite-twin-room,room,true,true
/hotels/royal-hometel-suites-dahisar-mumbai/rooms/superior-room,room,true,true
/hotels/royal-kingdom-sarovar-portico-pilibhit/rooms/deluxe-double-room,room,true,true
/hotels/royal-kingdom-sarovar-portico-pilibhit/rooms/executive-double-room,room,true,true
/hotels/royal-kingdom-sarovar-portico-pilibhit/rooms/executive-twin-room,room,true,true
/hotels/royal-kingdom-sarovar-portico-pilibhit/rooms/standard-double-room,room,true,true
/hotels/royal-kingdom-sarovar-portico-pilibhit/rooms/superior-double-room,room,true,true
/hotels/royal-sarovar-portico-siliguri/rooms/deluxe-room,room,true,true
/hotels/royal-sarovar-portico-siliguri/rooms/suite,room,true,true
/hotels/royal-sarovar-portico-siliguri/rooms/superior-rooms,room,true,true
/hotels/royal-tulip-chitwan/rooms/deluxe-double-bed-room,room,true,true
/hotels/royal-tulip-chitwan/rooms/deluxe-twin-bed-room,room,true,true
/hotels/royal-tulip-chitwan/rooms/executive-suite,room,true,true
/hotels/royal-tulip-chitwan/rooms/machan-room,room,true,true
/hotels/royal-tulip-chitwan/rooms/pool-facing-king-room,room,true,true
/hotels/royal-tulip-chitwan/rooms/pool-facing-twin-room,room,true,true
/hotels/royal-tulip-chitwan/rooms/pool-villa-king,room,true,true
/hotels/royal-tulip-chitwan/rooms/premium-double-bed-room,room,true,true
/hotels/royal-tulip-chitwan/rooms/premium-twin-bed-room,room,true,true
/hotels/royal-tulip-chitwan/rooms/superior-deluxe-double-bed-room,room,true,true
/hotels/royal-tulip-chitwan/rooms/superior-deluxe-twin-bed-room,room,true,true
/hotels/royal-tulip-chitwan/rooms/water-villa,room,true,true
/hotels/royal-tulip-kathmandu-shivapuri-national-park/rooms/deluxe-double-room-with-mountain-view,room,true,true
/hotels/royal-tulip-kathmandu-shivapuri-national-park/rooms/executive-double-room-with-valley-view,room,true,true
/hotels/royal-tulip-kathmandu-shivapuri-national-park/rooms/premium-double-room-with-balcony,room,true,true
/hotels/royal-tulip-kathmandu-shivapuri-national-park/rooms/executive-twin-room-with-valley-view,room,true,true
/hotels/royal-tulip-kathmandu-shivapuri-national-park/rooms/presidential-villa,room,true,true
/hotels/royal-tulip-kathmandu-shivapuri-national-park/rooms/superior-double-room-with-valley-view,room,true,true
/hotels/royal-tulip-kathmandu-shivapuri-national-park/rooms/superior-twin-room-with-valley-view,room,true,true
/hotels/royal-tulip-kathmandu/rooms/deluxe-double-room,room,true,true
/hotels/royal-tulip-kathmandu/rooms/premium-room,room,true,true
/hotels/royal-tulip-kathmandu/rooms/deluxe-twin-room,room,true,true
/hotels/royal-tulip-kathmandu/rooms/presidential-suite,room,true,true
/hotels/royal-tulip-kathmandu/rooms/royal-club-room,room,true,true
/hotels/royale-sarovar-portico-agra/rooms/deluxe-double-room,room,true,true
/hotels/royale-sarovar-portico-agra/rooms/deluxe-twin-room,room,true,true
/hotels/royale-sarovar-portico-agra/rooms/executive-room,room,true,true
/hotels/royale-sarovar-portico-agra/rooms/suite,room,true,true
/hotels/rs-sarovar-portico-palampur/rooms/executive-suites,room,true,true
/hotels/rs-sarovar-portico-palampur/rooms/junior-suites,room,true,true
/hotels/rs-sarovar-portico-palampur/rooms/premium-rooms,room,true,true
/hotels/rs-sarovar-portico-palampur/rooms/presidential-suite,room,true,true
/hotels/rs-sarovar-portico-palampur/rooms/superior-rooms,room,true,true
/hotels/sairafort-sarovar-portico-jaisalmer/rooms/deluxe-rooms,room,true,true
/hotels/sairafort-sarovar-portico-jaisalmer/rooms/superior-rooms,room,true,true
/hotels/sarovar-ahmedabad/rooms/deluxe-double-bed-rooms,room,true,true
/hotels/sarovar-portico-ajmer/rooms/jr-suite,room,true,true
/hotels/sarovar-ahmedabad/rooms/deluxe-twin-bed-room,room,true,true
/hotels/sarovar-portico-ajmer/rooms/premium-room,room,true,true
/hotels/sarovar-portico-ajmer/rooms/suite,room,true,true
/hotels/sarovar-portico-ajmer/rooms/superior-twin-bed-room,room,true,true
/hotels/sarovar-portico-ajmer/rooms/superior-double-bed-room,room,true,true
/hotels/sarovar-portico-badrinath-uttarakhand/rooms/deluxe-rooms,room,true,true
/hotels/sarovar-portico-badrinath-uttarakhand/rooms/suite,room,true,true
/hotels/sarovar-portico-bhubaneswar/rooms/deluxe-king-room,room,true,true
/hotels/sarovar-portico-bhubaneswar/rooms/deluxe-twin-room,room,true,true
/hotels/sarovar-portico-bhubaneswar/rooms/executive-king-room,room,true,true
/hotels/sarovar-portico-bhubaneswar/rooms/executive-twin-room,room,true,true
/hotels/sarovar-portico-bhubaneswar/rooms/junior-suite,room,true,true
/hotels/sarovar-portico-bhubaneswar/rooms/suite,room,true,true
/hotels/sarovar-portico-birgunj/rooms/deluxe-double-bed-room,room,true,true
/hotels/sarovar-portico-birgunj/rooms/deluxe-twin-bed-room,room,true,true
/hotels/sarovar-portico-birgunj/rooms/premium-double-bed-room,room,true,true
/hotels/sarovar-portico-birgunj/rooms/suite-double-bed-room,room,true,true
/hotels/sarovar-portico-dehradun/rooms/suite-room,room,true,true
/hotels/sarovar-portico-dehradun/rooms/superior-double-bed-room,room,true,true
/hotels/sarovar-portico-dehradun/rooms/superior-twin-bed-room,room,true,true
/hotels/sarovar-portico-gir/rooms/deluxe-double-bed-room,room,true,true
/hotels/sarovar-portico-gir/rooms/deluxe-twin-bed-room,room,true,true
/hotels/sarovar-portico-gir/rooms/executive-room,room,true,true
/hotels/sarovar-portico-gir/rooms/studio,room,true,true
/hotels/sarovar-portico-gir/rooms/suite,room,true,true
/hotels/sarovar-portico-hanumangarh/rooms/deluxe-double-garden-view,room,true,true
/hotels/sarovar-portico-hanumangarh/rooms/deluxe-twin-garden-view,room,true,true
/hotels/sarovar-portico-hanumangarh/rooms/suite,room,true,true
/hotels/sarovar-portico-hanumangarh/rooms/superior-double-city-view,room,true,true
/hotels/sarovar-portico-hanumangarh/rooms/superior-twin-city-view,room,true,true
/hotels/sarovar-portico-jaipur/rooms/premium-rooms,room,true,true
/hotels/sarovar-portico-jaipur/rooms/suite,room,true,true
/hotels/sarovar-portico-jaipur/rooms/superior-rooms,room,true,true
/hotels/sarovar-portico-jalandhar/rooms/deluxe-double-bed-room,room,true,true
/hotels/sarovar-portico-jalandhar/rooms/deluxe-twin-bed-room,room,true,true
/hotels/sarovar-portico-jalandhar/rooms/executive-room,room,true,true
/hotels/sarovar-portico-jalandhar/rooms/suites,room,true,true
/hotels/sarovar-portico-kolkata-rajarhat/rooms/deluxe-double-room,room,true,true
/hotels/sarovar-portico-kolkata-rajarhat/rooms/deluxe-twin-room,room,true,true
/hotels/sarovar-portico-kolkata-rajarhat/rooms/executive-room,room,true,true
/hotels/sarovar-portico-kolkata-rajarhat/rooms/standard-double-bed-room,room,true,true
/hotels/sarovar-portico-kolkata-rajarhat/rooms/suite-double-bed-room,room,true,true
/hotels/sarovar-portico-morbi/rooms/deluxe-rooms,room,true,true
/hotels/sarovar-portico-morbi/rooms/executive-suites,room,true,true
/hotels/sarovar-portico-morbi/rooms/junior-suites,room,true,true
/hotels/sarovar-portico-morbi/rooms/premium-double-bed-rooms,room,true,true
/hotels/sarovar-portico-morbi/rooms/premium-twin-bed-rooms,room,true,true
/hotels/sarovar-portico-naraina-new-delhi/rooms/deluxe-rooms,room,true,true
/hotels/sarovar-portico-naraina-new-delhi/rooms/superior-double-bed-rooms,room,true,true
/hotels/sarovar-portico-naraina-new-delhi/rooms/superior-twin-bed-rooms,room,true,true
/hotels/sarovar-portico-saharanpur/rooms/deluxe-double-bed,room,true,true
/hotels/sarovar-portico-saharanpur/rooms/deluxe-twin-bed,room,true,true
/hotels/sarovar-portico-saharanpur/rooms/executive-suite,room,true,true
/hotels/sarovar-portico-saharanpur/rooms/suite,room,true,true
/hotels/sarovar-portico-somnath/rooms/executive-room,room,true,true
/hotels/sarovar-portico-somnath/rooms/family-suite,room,true,true
/hotels/sarovar-portico-somnath/rooms/premier-room,room,true,true
/hotels/sarovar-portico-somnath/rooms/presidential-suite,room,true,true
/hotels/sarovar-portico-somnath/rooms/sarovar-suite,room,true,true
/hotels/sarovar-portico-somnath/rooms/superior-room,room,true,true
/hotels/sarovar-portico-sonipat/rooms/deluxe-king-room,room,true,true
/hotels/sarovar-portico-sonipat/rooms/deluxe-suite,room,true,true
/hotels/sarovar-portico-sonipat/rooms/deluxe-twin-room,room,true,true
/hotels/sarovar-portico-srinagar/rooms/deluxe-room-double,room,true,true
/hotels/sarovar-portico-srinagar/rooms/family-interconnected-room,room,true,true
/hotels/sarovar-portico-srinagar/rooms/premium-king-room,room,true,true
/hotels/sarovar-portico-srinagar/rooms/premium-twin-room,room,true,true
/hotels/sarovar-portico-srinagar/rooms/suite,room,true,true
/hotels/sarovar-portico-srinagar/rooms/studio-room,room,true,true
/hotels/sarovar-portico-surajkund/rooms/deluxe-rooms,room,true,true
/hotels/sarovar-portico-surajkund/rooms/executive-rooms,room,true,true
/hotels/sarovar-portico-surajkund/rooms/superior-rooms,room,true,true
/hotels/sarovar-premiere-alwar/rooms/deluxe-double-city-view,room,true,true
/hotels/sarovar-premiere-alwar/rooms/deluxe-twin-city-view,room,true,true
/hotels/sarovar-premiere-alwar/rooms/premium-double-hill-view,room,true,true
/hotels/sarovar-premiere-alwar/rooms/premium-twin-hill-view,room,true,true
/hotels/sarovar-premiere-alwar/rooms/standard-double-hill-view,room,true,true
/hotels/sarovar-premiere-alwar/rooms/suite-hill-view,room,true,true
/hotels/sarovar-premiere-amritsar/rooms/deluxe-double-bed-room,room,true,true
/hotels/sarovar-premiere-amritsar/rooms/deluxe-twin-bed-room,room,true,true
/hotels/sarovar-premiere-amritsar/rooms/executive-double-bed-room,room,true,true
/hotels/sarovar-premiere-amritsar/rooms/executive-twin-bed-room,room,true,true
/hotels/sarovar-premiere-amritsar/rooms/junior-suite,room,true,true
/hotels/sarovar-premiere-amritsar/rooms/premium-double-bed-room,room,true,true
/hotels/sarovar-premiere-amritsar/rooms/premium-twin-bed-room,room,true,true
/hotels/sarovar-premiere-amritsar/rooms/royal-suite,room,true,true
/hotels/sarovar-premiere-jaipur/rooms/deluxe-room,room,true,true
/hotels/sarovar-premiere-jaipur/rooms/executive-suite,room,true,true
/hotels/sarovar-premiere-srinagar/rooms/deluxe-double-bed-room,room,true,true
/hotels/sarovar-premiere-jaipur/rooms/premium-room,room,true,true
/hotels/sarovar-premiere-srinagar/rooms/deluxe-twin-bed-room,room,true,true
/hotels/sarovar-premiere-srinagar/rooms/executive-suite,room,true,true
/hotels/sarovar-premiere-srinagar/rooms/junior-suite,room,true,true
/hotels/sarovar-premiere-srinagar/rooms/premium-suite-two-bedroom-suite,room,true,true
/hotels/sea-breeze-sarovar-portico-varca-goa/rooms/deluxe-room,room,true,true
/hotels/sea-breeze-sarovar-portico-varca-goa/rooms/premium-double-room-with-balcony,room,true,true
/hotels/sea-breeze-sarovar-portico-varca-goa/rooms/premium-twin-room-with-balcony,room,true,true
/hotels/sea-breeze-sarovar-portico-varca-goa/rooms/standard-double-room-with-balcony,room,true,true
/hotels/sea-breeze-sarovar-portico-varca-goa/rooms/standard-twin-room-with-balcony,room,true,true
/hotels/sea-breeze-sarovar-portico-varca-goa/rooms/superior-double-room-with-balcony,room,true,true
/hotels/sea-breeze-sarovar-portico-varca-goa/rooms/superior-twin-room-with-balcony,room,true,true
/hotels/serene-premiere-hargeisa/rooms/deluxe-room-double-bed,room,true,true
/hotels/serene-premiere-hargeisa/rooms/deluxe-room-twin-beds,room,true,true
/hotels/serene-premiere-hargeisa/rooms/executive-suite,room,true,true
/hotels/serene-premiere-hargeisa/rooms/junior-suite,room,true,true
/hotels/serene-premiere-hargeisa/rooms/presidential-suite,room,true,true
/hotels/shravanthi-sarovar-portico-bengaluru/rooms/club-double-bed-rooms,room,true,true
/hotels/shravanthi-sarovar-portico-bengaluru/rooms/club-twin-bed-rooms,room,true,true
/hotels/shravanthi-sarovar-portico-bengaluru/rooms/premier-suite,room,true,true
/hotels/shyama-sarovar-portico-orai/rooms/deluxe-double-or-twin-room,room,true,true
/hotels/shravanthi-sarovar-portico-bengaluru/rooms/superior-rooms,room,true,true
/hotels/shyama-sarovar-portico-orai/rooms/deluxe-twin-room,room,true,true
/hotels/shyama-sarovar-portico-orai/rooms/executive-cottage,room,true,true
/hotels/shyama-sarovar-portico-orai/rooms/honeymoon-cottage,room,true,true
/hotels/shyama-sarovar-portico-orai/rooms/executive-room,room,true,true
/hotels/shyama-sarovar-portico-orai/rooms/suite,room,true,true
/hotels/singhania-sarovar-portico-raipur/rooms/deluxe-double-bedroom,room,true,true
/hotels/singhania-sarovar-portico-raipur/rooms/deluxe-twin-bedroom,room,true,true
/hotels/singhania-sarovar-portico-raipur/rooms/junior-suite,room,true,true
/hotels/singhania-sarovar-portico-raipur/rooms/superior-double-bedroom,room,true,true
/hotels/singhania-sarovar-portico-raipur/rooms/superior-twin-2-single-bed,room,true,true
/hotels/skywings-sarovar-portico-mathura/rooms/deluxe-room-with-king-bed,room,true,true
/hotels/skywings-sarovar-portico-mathura/rooms/deluxe-room-with-twin-bed,room,true,true
/hotels/skywings-sarovar-portico-mathura/rooms/premium-room-with-balcony,room,true,true
/hotels/skywings-sarovar-portico-mathura/rooms/standard-room-with-king-bed,room,true,true
/hotels/skywings-sarovar-portico-mathura/rooms/standard-room-with-twin-bed,room,true,true
/hotels/skywings-sarovar-portico-mathura/rooms/suite,room,true,true
/hotels/sobit-sarovar-portico-palolem-beach-hotel-goa/rooms/deluxe-king-rooms-with-balcony,room,true,true
/hotels/sobit-sarovar-portico-palolem-beach-hotel-goa/rooms/deluxe-twin-rooms-with-balcony,room,true,true
/hotels/taurus-hotel-mahipalpur-new-delhi/rooms/executive-rooms,room,true,true
/hotels/sobit-sarovar-portico-palolem-beach-hotel-goa/rooms/pool-view-rooms,room,true,true
/hotels/taurus-hotel-mahipalpur-new-delhi/rooms/premium-room,room,true,true
/hotels/taurus-hotel-mahipalpur-new-delhi/rooms/standard-twin-bed-room,room,true,true
/hotels/taurus-hotel-mahipalpur-new-delhi/rooms/standard-double-bed-room,room,true,true
/hotels/taurus-hotel-mahipalpur-new-delhi/rooms/suites,room,true,true
/hotels/the-ashtan-sarovar-portico-new-delhi/rooms/premium-room,room,true,true
/hotels/the-ashtan-sarovar-portico-new-delhi/rooms/superior-room,room,true,true
/hotels/the-gaurs-sarovar-premiere/rooms/deluxe-double-bed-rooms,room,true,true
/hotels/the-gaurs-sarovar-premiere/rooms/deluxe-twin-bed-rooms-two-single-bed,room,true,true
/hotels/the-gaurs-sarovar-premiere/rooms/premium-twin-bed-rooms,room,true,true
/hotels/the-gaurs-sarovar-premiere/rooms/suite,room,true,true
/hotels/the-gokulam-park-kochi/rooms/deluxe-suites,room,true,true
/hotels/the-gokulam-park-kochi/rooms/executive-rooms,room,true,true
/hotels/the-gokulam-park-kochi/rooms/superior-rooms,room,true,true
/hotels/the-heron-portico-nairobi/rooms/junior-suites,room,true,true
/hotels/the-heron-portico-nairobi/rooms/standard-rooms,room,true,true
/hotels/the-heron-portico-nairobi/rooms/premier-suite,room,true,true
/hotels/the-heron-portico-nairobi/rooms/superior-rooms,room,true,true
/hotels/the-muse-sarovar-portico-nehru-place-new-delhi/rooms/executive-rooms-twin-king-bed,room,true,true
/hotels/the-promenade-pondicherry/rooms/deluxe-room-01-double-bed,room,true,true
/hotels/the-promenade-pondicherry/rooms/deluxe-room-02-single-beds,room,true,true
/hotels/the-promenade-pondicherry/rooms/premium-sea-view-room,room,true,true
/hotels/the-promenade-pondicherry/rooms/standard-room-sea-view,room,true,true
/hotels/the-promenade-pondicherry/rooms/suite-room,room,true,true
/hotels/the-promenade-pondicherry/rooms/superior-room-double-bed,room,true,true
/hotels/the-promenade-pondicherry/rooms/superior-room-with-two-single-beds,room,true,true
/hotels/tulip-inn-bhopal/rooms/deluxe-double-bed-room,room,true,true
/hotels/tulip-inn-bhopal/rooms/deluxe-twin-bed-room,room,true,true
/hotels/tulip-inn-gurugram-near-medanta/rooms/deluxe-double-room-with-balcony,room,true,true
/hotels/tulip-inn-gurugram-near-medanta/rooms/executive-double-room-with-balcony,room,true,true
/hotels/tulip-inn-gurugram-near-medanta/rooms/executive-twin-room-with-balcony,room,true,true
/hotels/tulip-inn-gurugram-near-medanta/rooms/superior-double-room,room,true,true
/hotels/tulip-inn-gurugram-near-medanta/rooms/superior-twin-room,room,true,true
/hotels/tulip-inn-koramangala/rooms/deluxe-rooms-double-beds,room,true,true
/hotels/tulip-inn-koramangala/rooms/deluxe-rooms-twin-beds,room,true,true
/hotels/tulip-inn-koramangala/rooms/royal-suites,room,true,true
/hotels/tulip-inn-shravasti/rooms/executive-room,room,true,true
/hotels/tulip-inn-shravasti/rooms/suite,room,true,true
/hotels/tulip-inn-zirakpur/rooms/deluxe-room-twin-beds,room,true,true
/hotels/tulip-inn-zirakpur/rooms/deluxe-room-king-size-bed,room,true,true
/hotels/tulip-inn-zirakpur/rooms/executive-room,room,true,true
/hotels/tulip-inn-zirakpur/rooms/luxury-suite,room,true,true
/hotels/v-sarovar-portico-mi-road-jaipur/rooms/deluxe-room-large,room,true,true
/hotels/v-sarovar-portico-mi-road-jaipur/rooms/deluxe-room-twin,room,true,true
/hotels/v-sarovar-portico-mi-road-jaipur/rooms/premium-room-large,room,true,true
/hotels/v-sarovar-portico-mi-road-jaipur/rooms/premium-room-twin,room,true,true
/hotels/vaishnodevi-portico-katra/rooms/deluxe-room,room,true,true
/hotels/vaishnodevi-portico-katra/rooms/premium-room,room,true,true
/hotels/vandhara-sarovar-premiere-patkote/rooms/deluxe-king-room-with-balcony,room,true,true
/hotels/vaishnodevi-portico-katra/rooms/superior-room,room,true,true
/hotels/vandhara-sarovar-premiere-patkote/rooms/deluxe-twin-room-with-balcony,room,true,true
/hotels/vandhara-sarovar-premiere-patkote/rooms/suite-with-garden-forest-view,room,true,true
/hotels/vandhara-sarovar-premiere-patkote/rooms/vandhara-presidential-suite,room,true,true
/hotels/vandhara-sarovar-premiere-patkote/rooms/villa-with-garden-forest-view,room,true,true
/hotels/vandhara-sarovar-premiere-patkote/rooms/villa-with-terrace-mountain-view,room,true,true
/hotels/venizia-sarovar-portico-in-new-delhi/rooms/deluxe-twin-room,room,true,true
/hotels/venizia-sarovar-portico-in-new-delhi/rooms/premium-rooms,room,true,true
/hotels/venizia-sarovar-portico-in-new-delhi/rooms/superior-room,room,true,true
/hotels/viraj-sarovar-portico-jammu/rooms/deluxe-rooms,room,true,true
/hotels/viraj-sarovar-portico-jammu/rooms/junior-suite-rooms,room,true,true
/hotels/viraj-sarovar-portico-jammu/rooms/superior-rooms,room,true,true
/hotels/sarovar-portico-sriperumbudur/rooms/executive-double,room,true,true
/hotels/sarovar-portico-sriperumbudur/rooms/deluxe-twin-pool-facing,room,true,true
/hotels/sarovar-portico-sriperumbudur/rooms/standard-twin-city-facing,room,true,true
/hotels/sarovar-portico-sriperumbudur/rooms/standard-double-city-facing,room,true,true
/hotels/sarovar-portico-sriperumbudur/rooms/suite,room,true,true
/hotels/sarovar-premiere-delhi/dining/the-multi-cuisine-restaurant-sarovar-premiere-delhi,dining,true,false
/hotels/sarovar-premiere-delhi/dining/sky-lounge-bar-sarovar-premiere-delhi,dining,true,false
/hotels/sarovar-portico-jaipur/dining/the-multi-cuisine-restaurant-sarovar-portico-jaipur,dining,true,false
/hotels/sarovar-portico-jaipur/dining/sky-lounge-bar-sarovar-portico-jaipur,dining,true,false
/hotels/sarovar-premiere-goa-beach-resort/dining/the-multi-cuisine-restaurant-sarovar-premiere-goa-beach-resort,dining,true,false
/hotels/sarovar-premiere-goa-beach-resort/dining/sky-lounge-bar-sarovar-premiere-goa-beach-resort,dining,true,false
/hotels/sarovar-portico-mumbai/dining/the-multi-cuisine-restaurant-sarovar-portico-mumbai,dining,true,false
/hotels/sarovar-portico-mumbai/dining/sky-lounge-bar-sarovar-portico-mumbai,dining,true,false
/hotels/sarovar-regency-shimla/dining/the-multi-cuisine-restaurant-sarovar-regency-shimla,dining,true,false
/hotels/sarovar-regency-shimla/dining/sky-lounge-bar-sarovar-regency-shimla,dining,true,false
/hotels/sarovar-regency-rishikesh/dining/the-multi-cuisine-restaurant-sarovar-regency-rishikesh,dining,true,false
/hotels/sarovar-regency-rishikesh/dining/sky-lounge-bar-sarovar-regency-rishikesh,dining,true,false
/hotels/sarovar-portico-delhi-aerocity/dining/the-multi-cuisine-restaurant-sarovar-portico-delhi-aerocity,dining,true,false
/hotels/sarovar-portico-delhi-aerocity/dining/sky-lounge-bar-sarovar-portico-delhi-aerocity,dining,true,false
/hotels/sarovar-premiere-jaipur-heritage/dining/the-multi-cuisine-restaurant-sarovar-premiere-jaipur-heritage,dining,true,false
/hotels/sarovar-premiere-jaipur-heritage/dining/sky-lounge-bar-sarovar-premiere-jaipur-heritage,dining,true,false
/hotels/abn-sarovar-portico-jim-corbett/dining/abn-sarovar-portico-jim-corbett-clove-the-bar,dining,true,true
/hotels/abn-sarovar-portico-jim-corbett/dining/abn-sarovar-portico-jim-corbett-flavours-all-day-dining,dining,true,true
/hotels/aditya-hometel-hyderabad/dining/aditya-hometel-hyderabad-flavours-all-day-dining-at-aditya-hometel-hyderabad,dining,true,true
/hotels/aditya-park-hyderabad/dining/aditya-park-hyderabad-harry-s-the-pub-at-aditya-park-hyderabad,dining,true,true
/hotels/aditya-park-hyderabad/dining/aditya-park-hyderabad-promenade-restaurant-at-aditya-park-hyderabad,dining,true,true
/hotels/ambrosia-sarovar-portico-haridwar/dining/ambrosia-sarovar-portico-haridwar-bubbles-at-ambrosia-sarovar-portico-haridwar,dining,true,true
/hotels/ambar-sarovar-portico-gandhidham-hotel/dining/ambar-sarovar-portico-gandhidham-hotel-saras-restaurant-at-hotel-ambar-sarovar-portico-gandhidham,dining,true,true
/hotels/ambrosia-sarovar-portico-haridwar/dining/ambrosia-sarovar-portico-haridwar-clove-restaurant-at-hotel-ambrosia-sarovar-portico-haridwar,dining,true,true
/hotels/balaji-sarovar-premiere-solapur/dining/balaji-sarovar-premiere-solapur-courtyard-restaurant-at-balaji-sarovar-premiere-solapur,dining,true,true
/hotels/balaji-sarovar-premiere-solapur/dining/balaji-sarovar-premiere-solapur-high-point-at-balaji-sarovar-premiere-solapur,dining,true,true
/hotels/balaji-sarovar-premiere-solapur/dining/balaji-sarovar-premiere-solapur-tea-lounge-at-balaji-sarovar-premiere-solapur,dining,true,true
/hotels/balaji-sarovar-premiere-solapur/dining/balaji-sarovar-premiere-solapur-the-oriental-blossom-at-balaji-sarovar-premiere-solapur,dining,true,true
/hotels/bamus-sarovar-portico-kampala/dining/bamus-sarovar-portico-kampala-bake-brew-sip-snack-and-smile,dining,true,true
/hotels/deventure-sarovar-portico-patel-nagar/dining/deventure-sarovar-portico-patel-nagar-indulge-at-temptation-all-day-dining-bliss,dining,true,true
/hotels/efcee-sarovar-portico-bhavnagar/dining/efcee-sarovar-portico-bhavnagar-spice-story-restaurant-at-efcee-sarovar-premiere-a-5-star-hotel-in-bhavnagar,dining,true,true
/hotels/efcee-sarovar-portico-bhavnagar/dining/efcee-sarovar-portico-bhavnagar-victoria-23-restaurant-at-efcee-sarovar-premiere-a-5-star-hotel-in-bhavnagar,dining,true,true
/hotels/estuary-sarovar-Premiere-poovar/dining/estuary-sarovar-premiere-poovar-dinner-by-the-sea-at-ripples-our-multi-cuisine-restaurant-in-poovar,dining,true,true
/hotels/geeta-sarovar-portico-hotels-panipat/dining/geeta-sarovar-portico-hotels-panipat-multi-cuisine-restaurants-in-panipat,dining,true,true
/hotels/geeta-sarovar-portico-hotels-panipat/dining/geeta-sarovar-portico-hotels-panipat-rooftop-restaurants-in-panipat,dining,true,true
/hotels/golden-sarovar-portico-amritsar/dining/golden-sarovar-portico-amritsar-chill-lounge-bar-at-golden-sarovar-portico-amritsar,dining,true,true
/hotels/golden-sarovar-portico-amritsar/dining/golden-sarovar-portico-amritsar-flavours-restaurant-at-golden-sarovar-portico-amritsar,dining,true,true
/hotels/golden-sarovar-portico-amritsar/dining/golden-sarovar-portico-amritsar-restaurants-in-amritsar-terrace-grill-golden-sarovar-portico,dining,true,true
/hotels/golden-tulip-agra/dining/golden-tulip-agra-panora-a-rooftop-lounge-bar-in-agra,dining,true,true
/hotels/golden-tulip-agra/dining/golden-tulip-agra-sumac-a-chic-multi-cuisine-restaurant-in-agra,dining,true,true
/hotels/golden-tulip-bdi-club-and-suite-bhiwadi/dining/golden-tulip-bdi-club-and-suite-bhiwadi-an-elevated-dining-experience-at-the-best-restaurant-in-bhiwadi,dining,true,true
/hotels/bellevue-sarovar-premiere-junagadh/dining/bellevue-sarovar-premiere-junagadh-flavours-9-our-cafe-in-junagadh-at-bellevue-sarovar-premiere,dining,true,true
/hotels/bamus-sarovar-portico-kampala/dining/bamus-sarovar-portico-kampala-flavours-all-day-dining-from-daybreak-to-dinner-hour,dining,true,true
/hotels/classic-sarovar-portico-thiruvananthapuram/dining/classic-sarovar-portico-thiruvananthapuram-classic-caf-at-classic-sarovar-portico-thiruvananthapuram,dining,true,true
/hotels/bellevue-sarovar-premiere-junagadh/dining/bellevue-sarovar-premiere-junagadh-girnar-sky-lounge-bar-be-que-roof-top-restaurant-at-bellevue-sarovar-premiere-junagadh,dining,true,true
/hotels/classic-sarovar-portico-thiruvananthapuram/dining/classic-sarovar-portico-thiruvananthapuram-options-restaurant-at-classic-sarovar-portico-thiruvananthapuram,dining,true,true
/hotels/classic-sarovar-portico-thiruvananthapuram/dining/classic-sarovar-portico-thiruvananthapuram-sizzle-n-grill-our-rooftop-restaurant-in-trivandrum,dining,true,true
/hotels/davanam-sarovar-portico-suites-bangalore/dining/davanam-sarovar-portico-suites-bangalore-tangerine-a-fine-multi-cuisine-restaurant-in-hosur,dining,true,true
/hotels/davanam-sarovar-portico-suites-bangalore/dining/davanam-sarovar-portico-suites-bangalore-gallop-a-chic-lounge-bar-in-hosur,dining,true,true
/hotels/deventure-sarovar-portico--kapashera-new-delhi/dining/deventure-sarovar-portico-kapashera-new-delhi-atrium-lounge-at-deventure-sarovar-portico-kapashera-new-delhi,dining,true,true
/hotels/delite-sarovar-portico-faridabad/dining/delite-sarovar-portico-faridabad-enjoy-flavourful-food-in-faridabad-at-flavours-all-day-dining,dining,true,true
/hotels/golden-tulip-candolim-goa/dining/golden-tulip-candolim-goa-aquatico-all-day-dining-a-poolside-restaurant-in-candolim,dining,true,true
/hotels/deventure-sarovar-portico--kapashera-new-delhi/dining/deventure-sarovar-portico-kapashera-new-delhi-patio-restaurant-at-deventure-sarovar-portico-kapashera-new-delhi,dining,true,true
/hotels/golden-tulip-goa-mandrem/dining/golden-tulip-goa-mandrem-coffe-co-where-coffee-meets-conversation,dining,true,true
/hotels/golden-tulip-essential-jaipur/dining/golden-tulip-essential-jaipur-14-tables-restaurant-at-golden-tulip-essential-jaipur,dining,true,true
/hotels/golden-tulip-goa-mandrem/dining/golden-tulip-goa-mandrem-tulipe-dining-that-flows-with-your-day,dining,true,true
/hotels/golden-tulip-goa-vagator/dining/golden-tulip-goa-vagator-tulipe-all-day-dining-a-celebration-of-goa-s-best-flavours,dining,true,true
/hotels/golden-tulip-goa-vagator/dining/golden-tulip-goa-vagator-chill-the-bar-goa-s-premier-unwind-spot,dining,true,true
/hotels/golden-tulip-hari-nagar/dining/golden-tulip-hari-nagar-savour-mouthwatering-delights-at-our-cafe-in-west-delhi,dining,true,true
/hotels/golden-tulip-hari-nagar/dining/golden-tulip-hari-nagar-grab-a-drink-at-our-bar-in-west-delhi,dining,true,true
/hotels/golden-tulip-hotel-in-jaipur/dining/golden-tulip-hotel-in-jaipur-marigold-restaurant-at-golden-tulip-jaipur-city-center,dining,true,true
/hotels/golden-tulip-jalandhar/dining/golden-tulip-jalandhar-grab-a-drink-at-the-best-bar-in-jalandhar,dining,true,true
/hotels/golden-tulip-jalandhar/dining/golden-tulip-jalandhar-unwind-at-the-best-lounge-in-jalandhar,dining,true,true
/hotels/golden-tulip-jalandhar/dining/golden-tulip-jalandhar-enjoy-delicious-treats-at-our-cafe-in-jalandhar,dining,true,true
/hotels/golden-tulip-kukas-jaipur/dining/golden-tulip-kukas-jaipur-tulipe-flavours-served-with-jaipur-s-warmth,dining,true,true
/hotels/golden-tulip-lucknow/dining/golden-tulip-lucknow-branche-bar-at-golden-tulip-lucknow,dining,true,true
/hotels/golden-tulip-lucknow/dining/golden-tulip-lucknow-just-baked-at-golden-tulip-lucknow,dining,true,true
/hotels/golden-tulip-lucknow/dining/golden-tulip-lucknow-branche-restaurant-at-golden-tulip-lucknow,dining,true,true
/hotels/golden-tulip-sector-80-gurugram/dining/golden-tulip-sector-80-gurugram-latelier-a-toast-to-slow-evenings,dining,true,true
/hotels/golden-tulip-sector-80-gurugram/dining/golden-tulip-sector-80-gurugram-tulipe-taste-india-s-best-on-a-modern-plate,dining,true,true
/hotels/golden-tulip-srinagar/dining/golden-tulip-srinagar-karak-tea-lounge-at-golden-tulip-srinagar,dining,true,true
/hotels/golden-tulip-srinagar/dining/golden-tulip-srinagar-sheesha-restaurant-at-golden-tulip-srinagar,dining,true,true
/hotels/golden-tulip-srinagar/dining/golden-tulip-srinagar-takht-e-sulaiman-restaurant-at-golden-tulip-srinagar,dining,true,true
/hotels/golden-tulip-udaipur/dining/golden-tulip-udaipur-flavours-all-day-dining-a-culinary-journey-awaits,dining,true,true
/hotels/golden-tulip-udaipur/dining/golden-tulip-udaipur-poolside-grill-udaipur-s-ultimate-flavour-escape,dining,true,true
/hotels/golden-tulip-udaipur/dining/golden-tulip-udaipur-library-lounge-cosy-coffee-shop-in-udaipur,dining,true,true
/hotels/golden-tulip/dining/golden-tulip-bar-at-golden-tulip-gurgaon,dining,true,true
/hotels/golden-tulip/dining/golden-tulip-the-coffee-shop-at-golden-tulip-gurgaon,dining,true,true
/hotels/grand-continent-anjuna/dining/grand-continent-anjuna-delight-your-palate-at-flavours-all-day-dining,dining,true,true
/hotels/grand-continent-brookefield-bengaluru/dining/grand-continent-brookefield-bengaluru-flavours-all-day-dining-offering-the-best-food-in-bengaluru,dining,true,true
/hotels/grand-continent-hosur/dining/grand-continent-hosur-cafe-parade-a-sumptuous-eatery,dining,true,true
/hotels/grand-continent-mahabalipuram/dining/grand-continent-mahabalipuram-flavours-all-day-dining-best-food-in-mahabalipuram,dining,true,true
/hotels/grand-continent-mahabalipuram/dining/grand-continent-mahabalipuram-smoke-barbeque-love-rooftop-restaurant-in-mahabalipuram,dining,true,true
/hotels/grand-continent-mahabalipuram/dining/grand-continent-mahabalipuram-moka-desserts-more-cafe-in-mahabalipuram,dining,true,true
/hotels/grand-continent-mahabalipuram/dining/grand-continent-mahabalipuram-unwind-kitchen-bar-in-mahabalipuram,dining,true,true
/hotels/grand-continent-malleshwaram-bangalore/dining/grand-continent-malleshwaram-bangalore-indulge-in-flavours-an-all-day-dining-restaurant-in-malleshwaram,dining,true,true
/hotels/grand-continent-mysore/dining/grand-continent-mysore-enjoy-exquisite-dining-in-mysore,dining,true,true
/hotels/grand-portico-hotel-in-latur/dining/grand-portico-hotel-in-latur-chill-bar-a-splendid-bar-in-latur,dining,true,true
/hotels/grand-portico-hotel-in-latur/dining/grand-portico-hotel-in-latur-flavours-a-delightful-multi-cuisine-restaurant-in-latur,dining,true,true
/hotels/highland-sarovar-portico-sindhudurg/dining/highland-sarovar-portico-sindhudurg-flavours-all-day-dining-the-heart-of-delicious-food-in-sindhudurg,dining,true,true
/hotels/hometel-chandigarh/dining/hometel-chandigarh-chill-lounge-bar-at-hometel-chandigarh,dining,true,true
/hotels/hometel-chandigarh/dining/hometel-chandigarh-flavours-all-day-dining-at-hometel-chandigarh,dining,true,true
/hotels/hometel-chandigarh/dining/hometel-chandigarh-terrace-grill-at-hometel-chandigarh,dining,true,true
/hotels/hometel-roorkee/dining/hometel-roorkee-chill-lounge-bar-at-hometel-roorkee,dining,true,true
/hotels/hometel-roorkee/dining/hometel-roorkee-flavours-restaurant-at-hometel-roorkee,dining,true,true
/hotels/hrj-sarovar-portico-indore/dining/hrj-sarovar-portico-indore-lip-smacking-delicacies-at-flavours-multi-cuisine-restaurant,dining,true,true
/hotels/hrj-sarovar-portico-indore/dining/hrj-sarovar-portico-indore-unwind-groove-to-up-beat-tunes-at-chill-bar-coming-soon,dining,true,true
/hotels/iris-sarovar-portico-gurugram/dining/iris-sarovar-portico-gurugram-experience-culinary-excellence-at-flavours-all-day-dining,dining,true,true
/hotels/iris-sarovar-portico-gurugram/dining/iris-sarovar-portico-gurugram-unwind-in-style-at-terrace-grill,dining,true,true
/hotels/ishaan-sarovar-portico-deoghar/dining/ishaan-sarovar-portico-deoghar-fursat-bar-in-deoghar,dining,true,true
/hotels/ishaan-sarovar-portico-deoghar/dining/ishaan-sarovar-portico-deoghar-punita-all-day-dining-in-deoghar,dining,true,true
/hotels/la-place-sarovar-portico-lucknow/dining/la-place-sarovar-portico-lucknow-pavillion-restaurant-at-la-place-sarovar-portico-lucknow,dining,true,true
/hotels/la-place-sarovar-portico-lucknow/dining/la-place-sarovar-portico-lucknow-terrace-grill-at-la-place-sarovar-portico-lucknow,dining,true,true
/hotels/lagoon-sarovar-premiere-pondicherry/dining/lagoon-sarovar-premiere-pondicherry-destress-with-some-tasty-quick-bites,dining,true,true
/hotels/lagoon-sarovar-premiere-pondicherry/dining/lagoon-sarovar-premiere-pondicherry-prepare-your-senses-for-a-unique-palate,dining,true,true
/hotels/lagoon-sarovar-premiere-pondicherry/dining/lagoon-sarovar-premiere-pondicherry-unwind-unplug-at-our-bar-in-pondicherry,dining,true,true
/hotels/le-dupleix-pondicherry/dining/le-dupleix-pondicherry-courtyard-restaurant-at-le-dupleix-pondicherry,dining,true,true
/hotels/le-dupleix-pondicherry/dining/le-dupleix-pondicherry-the-governor-s-lounge-bar-at-le-dupleix-pondicherry,dining,true,true
/hotels/le-lac-sarovar-ranchi/dining/le-lac-sarovar-ranchi-chill-lounge-bar-at-le-lac-sarovar-portico-ranchi,dining,true,true
/hotels/le-lac-sarovar-ranchi/dining/le-lac-sarovar-ranchi-flavours-restaurant-at-le-lac-sarovar-portico-ranchi,dining,true,true
/hotels/le-lac-sarovar-ranchi/dining/le-lac-sarovar-ranchi-pastry-shop-at-le-lac-sarovar-portico-ranchi,dining,true,true
/hotels/legend-sarovar-portico/dining/legend-sarovar-portico-blue-o-at-legend-sarovar-portico-baddi,dining,true,true
/hotels/legend-sarovar-portico/dining/legend-sarovar-portico-seasons-at-legend-sarovar-portico-baddi,dining,true,true
/hotels/madhuban-sarovar-portico-mussorie/dining/madhuban-sarovar-portico-mussorie-flavours-restaurant-at-hotel-madhuban-sarovar-portico-mussoorie,dining,true,true
/hotels/madhuban-sarovar-portico-mussorie/dining/madhuban-sarovar-portico-mussorie-sapphire-lounge-bar-at-hotel-madhuban-sarovar-portico-mussoorie,dining,true,true
/hotels/mahagun-sarovar-portico-suites-vaishali/dining/mahagun-sarovar-portico-suites-vaishali-tangerine-restaurant-at-mahagun-sarovar-portico-suites-vaishali,dining,true,true
/hotels/mahagun-sarovar-portico-suites-vaishali/dining/mahagun-sarovar-portico-suites-vaishali-terrace-grill-at-mahagun-sarovar-portico-suites-vaishali,dining,true,true
/hotels/majestic-court-sarovar-portico-navi-mumbai/dining/majestic-court-sarovar-portico-navi-mumbai-white-violet-at-majestic-court-sarovar-portico-the-best-restaurant-in-navi-mumbai,dining,true,true
/hotels/manjeera-sarovar-premiere-rajahmundry/dining/manjeera-sarovar-premiere-rajahmundry-chill-lounge-bar-at-manjeera-sarovar-premiere-rajahmundry,dining,true,true
/hotels/manjeera-sarovar-premiere-rajahmundry/dining/manjeera-sarovar-premiere-rajahmundry-flavours-restaurant-at-manjeera-sarovar-portico-rajahmundry,dining,true,true
/hotels/marasa-sarovar-portico-rajkot/dining/marasa-sarovar-portico-rajkot-garam-giggles-a-rooftop-cafe-in-rajkot-at-marasa-sarovar-portico,dining,true,true
/hotels/marasa-sarovar-portico-rajkot/dining/marasa-sarovar-portico-rajkot-mehek-pure-veg-restaurant-in-rajkot-at-marasa-sarovar-portico,dining,true,true
/hotels/marasa-sarovar-premiere-bodhgaya/dining/marasa-sarovar-premiere-bodhgaya-in-room-dining-at-marasa-sarovar-premiere-bodhgaya,dining,true,true
/hotels/marasa-sarovar-premiere-bodhgaya/dining/marasa-sarovar-premiere-bodhgaya-tea-bar-a-unique-dining-place-in-bodhgaya,dining,true,true
/hotels/marasa-sarovar-premiere-bodhgaya/dining/marasa-sarovar-premiere-bodhgaya-varada-caf-fine-dining-at-our-hotel-in-bodhgaya,dining,true,true
/hotels/marasa-sarovar-premiere-tirupati-hotels/dining/marasa-sarovar-premiere-tirupati-hotels-krishna-vegetarian-restaurant-at-marasa-sarovar-premiere-tirupati,dining,true,true
/hotels/marasa-sarovar-premiere-tirupati-hotels/dining/marasa-sarovar-premiere-tirupati-hotels-lotus-cafe-at-marasa-sarovar-premiere-tirupati,dining,true,true
/hotels/marasa-sarovar-premiere-tirupati-hotels/dining/marasa-sarovar-premiere-tirupati-hotels-somasura-the-bar-at-marasa-sarovar-premiere-tirupati,dining,true,true
/hotels/marigold-sarovar-portico-mashobra-shimla/dining/marigold-sarovar-portico-mashobra-shimla-craignano,dining,true,true
/hotels/marigold-sarovar-portico-mashobra-shimla/dining/marigold-sarovar-portico-mashobra-shimla-glen,dining,true,true
/hotels/marine-plaza-mumbai/dining/marine-plaza-mumbai-bayview-all-day-dining-at-hotel-marine-plaza-mumbai,dining,true,true
/hotels/marine-plaza-mumbai/dining/marine-plaza-mumbai-geoffrey-s-the-pub-at-hotel-marine-plaza-mumbai,dining,true,true
/hotels/marine-plaza-mumbai/dining/marine-plaza-mumbai-the-oriental-blossom-at-hotel-marine-plaza-mumbai,dining,true,true
/hotels/mj-sarovar-portico-haridwar/dining/mj-sarovar-portico-haridwar-flavours-all-day-dining-an-interactive-dining-experience,dining,true,true
/hotels/mountnoor-sarovar-premiere-pahalgam/dining/mountnoor-sarovar-premiere-pahalgam-noor-all-day-dining-crafted-with-soul-from-daylight-to-candlelight,dining,true,true
/hotels/mountnoor-sarovar-premiere-pahalgam/dining/mountnoor-sarovar-premiere-pahalgam-tamanna-kashmiri-speciality-lounge-wine-dine-with-views,dining,true,true
/hotels/mukundra-sarovar-premiere-kota/dining/mukundra-sarovar-premiere-kota-jharokha-enjoy-global-flavours-in-an-inviting-setting,dining,true,true
/hotels/mukundra-sarovar-premiere-kota/dining/mukundra-sarovar-premiere-kota-mehfil-e-khas-refined-evenings-with-fine-spirits,dining,true,true
/hotels/nataraj-sarovar-portico-jhansi/dining/nataraj-sarovar-portico-jhansi-flavours-our-24-hour-restaurant-in-jhansi,dining,true,true
/hotels/nataraj-sarovar-portico-jhansi/dining/nataraj-sarovar-portico-jhansi-lancer-our-bar-in-jhansi,dining,true,true
/hotels/naturevilas-portico-manali/dining/naturevilas-portico-manali-sumptuous-dining-at-one-of-the-best-coffee-shops-in-manali,dining,true,true
/hotels/neelkanth-sarovar-premiere-lusaka/dining/neelkanth-sarovar-premiere-lusaka-smoke-house-grill-restaurant-in-lusaka-at-neelkanth-sarovar-premiere,dining,true,true
/hotels/neelkanth-sarovar-premiere-lusaka/dining/neelkanth-sarovar-premiere-lusaka-swirl-bar-in-lusaka-at-neelkanth-sarovar-premiere,dining,true,true
/hotels/neelkanth-sarovar-premiere-lusaka/dining/neelkanth-sarovar-premiere-lusaka-sweet-talk-tea-shop-in-lusaka-at-neelkanth-sarovar-premiere,dining,true,true
/hotels/nidhivan-sarovar-portico-vrindavan/dining/nidhivan-sarovar-portico-vrindavan-tripti-at-nidhivan-sarovar-portico-vrindavan,dining,true,true
/hotels/nirvana-sarovar-portico-gorakhpur/dining/nirvana-sarovar-portico-gorakhpur-dine-551-restaurant-at-nirvana-sarovar-portico-gorakhpur,dining,true,true
/hotels/nirwana-hometel-jaipur-sarovar/dining/nirwana-hometel-jaipur-sarovar-chill-lounge-bar-at-nirwana-hometel-jaipur,dining,true,true
/hotels/nirwana-hometel-jaipur-sarovar/dining/nirwana-hometel-jaipur-sarovar-flavours-restaurant-at-nirwana-hometel-jaipur,dining,true,true
/hotels/nirwana-hometel-jaipur-sarovar/dining/nirwana-hometel-jaipur-sarovar-jaipur-adda-at-nirwana-hometel-jaipur,dining,true,true
/hotels/paradigm-sarovar-kakinada/dining/paradigm-sarovar-kakinada-city-view-paradigm-sarovar-portico-kakinada-hotels,dining,true,true
/hotels/paradigm-sarovar-kakinada/dining/paradigm-sarovar-kakinada-level-7-paradigm-sarovar-portico-business-hotels-in-kakinada,dining,true,true
/hotels/park-inn-gurgaon/dining/park-inn-gurgaon-cafe-55-at-park-inn-gurgaon-a-radisson-brand-managed-by-sarovar-hotels,dining,true,true
/hotels/park-inn-gurgaon/dining/park-inn-gurgaon-lounge-bar-at-park-inn-gurgaon-a-radisson-brand-managed-by-sarovar-hotels,dining,true,true
/hotels/Park-Inn-Radisson-Goa-Candolim/dining/park-inn-radisson-goa-candolim-chapora-at-park-inn-by-radisson-goa-candolim-by-the-radisson-hotel-group-managed-by-sarovar-hotels,dining,true,true
/hotels/Park-Inn-Radisson-Goa-Candolim/dining/park-inn-radisson-goa-candolim-colval-at-park-inn-by-radisson-goa-candolim-by-the-radisson-hotel-group-managed-by-sarovar-hotels,dining,true,true
/hotels/Park-Inn-Radisson-Goa-Candolim/dining/park-inn-radisson-goa-candolim-sal-at-park-inn-by-radisson-goa-candolim-by-the-radisson-hotel-group-managed-by-sarovar-hotels,dining,true,true
/hotels/park-plaza-faridabad/dining/park-plaza-faridabad-cakes-n-bakes-at-park-plaza-faridabad-by-the-radisson-hotel-group-managed-by-sarovar-hotels,dining,true,true
/hotels/park-plaza-faridabad/dining/park-plaza-faridabad-geoffrey-s-the-pub-at-park-plaza-faridabad-by-the-radisson-hotel-group-managed-by-sarovar-hotels,dining,true,true
/hotels/park-plaza-jalandhar/dining/park-plaza-jalandhar-flavours-all-day-dining,dining,true,true
/hotels/park-plaza-faridabad/dining/park-plaza-faridabad-veranda-at-park-plaza-faridabad-by-the-radisson-hotel-group-managed-by-sarovar-hotels,dining,true,true
/hotels/park-plaza-jalandhar/dining/park-plaza-jalandhar-geoffrey-s-bar-in-jalandhar,dining,true,true
/hotels/park-plaza-jalandhar/dining/park-plaza-jalandhar-the-oriental-blossom-restaurant-in-jalandhar,dining,true,true
/hotels/park-plaza-jodhpur/dining/park-plaza-jodhpur-geoffrey-s-the-pub-at-park-plaza-jodhpur-by-the-radisson-hotel-group-managed-by-sarovar-hotels,dining,true,true
/hotels/park-plaza-jodhpur/dining/park-plaza-jodhpur-oasis-restaurant-at-park-plaza-jodhpur-by-the-radisson-hotel-group-managed-by-sarovar-hotels,dining,true,true
/hotels/park-plaza-ludhiana/dining/park-plaza-ludhiana-orient-blade-restaurant-at-park-plaza-ludhiana-by-the-radisson-hotel-group-managed-by-sarovar-hotels,dining,true,true
/hotels/park-plaza-ludhiana/dining/park-plaza-ludhiana-panorama-restaurant-at-park-plaza-ludhiana-by-the-radisson-hotel-group-managed-by-sarovar-hotels,dining,true,true
/hotels/park-plaza-ludhiana/dining/park-plaza-ludhiana-passion-lounge-at-park-plaza-ludhiana-by-the-radisson-hotel-group-managed-by-sarovar-hotels,dining,true,true
/hotels/park-plaza-shahadra--east-delhi/dining/park-plaza-shahadra-east-delhi-chingari-restaurant-at-park-plaza-shahadra-east-delhi-radisson-hotel-group-managed-by-sarovar-hotels,dining,true,true
/hotels/park-plaza-shahadra--east-delhi/dining/park-plaza-shahadra-east-delhi-promenade-at-park-plaza-shahadra-east-delhi-radisson-hotel-group-managed-by-sarovar-hotels,dining,true,true
/hotels/park-plaza-shahadra--east-delhi/dining/park-plaza-shahadra-east-delhi-rouge-lounge-bar-at-park-plaza-shahadra-east-delhi-radisson-hotel-group-managed-by-sarovar-hotels,dining,true,true
/hotels/park-plaza-zirakpur/dining/park-plaza-zirakpur-essence-restaurant-at-park-plaza-zirakpur-by-the-radisson-hotel-group-managed-by-sarovar-hotels,dining,true,true
/hotels/park-plaza-zirakpur/dining/park-plaza-zirakpur-free-spirit-lounge-bar-at-park-plaza-zirakpur-by-the-radisson-hotel-group-managed-by-sarovar-hotels,dining,true,true
/hotels/prachi-sarovar-premiere-bhubaneswar/dining/prachi-sarovar-premiere-bhubaneswar-flavours-all-day-dining-from-daybreak-to-dinner-hour,dining,true,true
/hotels/prachi-sarovar-premiere-bhubaneswar/dining/prachi-sarovar-premiere-bhubaneswar-mahua-lounge-bar-for-perfect-sips-conversations,dining,true,true
/hotels/presidium-sarovar-premiere-dalhousie/dining/presidium-sarovar-premiere-dalhousie-sip-and-soak-in-the-view-at-the-hooch,dining,true,true
/hotels/presidium-sarovar-premiere-dalhousie/dining/presidium-sarovar-premiere-dalhousie-a-gastronomic-adventure-at-thyme,dining,true,true
/hotels/pushkara-portico-hotel-in-dibrugarh/dining/pushkara-portico-hotel-in-dibrugarh-qube-restaurant-at-pushkara-sarovar-portico-dibrugarh,dining,true,true
/hotels/pushkara-portico-hotel-in-dibrugarh/dining/pushkara-portico-hotel-in-dibrugarh-tap21-bar-at-pushkara-sarovar-portico-dibrugarh,dining,true,true
/hotels/radha-hometel-bangalore/dining/radha-hometel-bangalore-chill-bar-at-radha-hometel-bangalore,dining,true,true
/hotels/radha-hometel-bangalore/dining/radha-hometel-bangalore-flavours-multi-cuisine-restaurant-at-radha-hometel-bangalore,dining,true,true
/hotels/radha-regent-chennai/dining/radha-regent-chennai-radha-regent-chennai-business-hotels-in-chennai-aura-lounge-bar,dining,true,true
/hotels/radha-regent-chennai/dining/radha-regent-chennai-geoffrey-s-the-pub-at-radha-regent-chennai,dining,true,true
/hotels/radha-regent-chennai/dining/radha-regent-chennai-radha-regent-chennai-best-hotels-in-chennai-the-lobby-cafe,dining,true,true
/hotels/radha-regent-chennai/dining/radha-regent-chennai-radha-regent-chennai-restaurants-in-chennai-the-oriental-blossom,dining,true,true
/hotels/radisson-blu--bengaluru-outer-ring-road/dining/radisson-blu-bengaluru-outer-ring-road-europa-360-at-radisson-blu-bengaluru-outer-ring-road-by-the-radisson-hotel-group-managed-by-sarovar-hotels,dining,true,true
/hotels/radisson-blu--bengaluru-outer-ring-road/dining/radisson-blu-bengaluru-outer-ring-road-malties-the-lobby-bar-at-radisson-blu-bengaluru-outer-ring-road-by-the-radisson-hotel-group-managed-by-sarovar-hotels,dining,true,true
/hotels/radisson-blu--bengaluru-outer-ring-road/dining/radisson-blu-bengaluru-outer-ring-road-marquis-at-radisson-blu-bengaluru-outer-ring-road-by-the-radisson-hotel-group-managed-by-sarovar-hotels,dining,true,true
/hotels/radisson-blu--bengaluru-outer-ring-road/dining/radisson-blu-bengaluru-outer-ring-road-melange-at-radisson-blu-bengaluru-outer-ring-road-by-the-radisson-hotel-group-managed-by-sarovar-hotels,dining,true,true
/hotels/radisson-blu--bengaluru-outer-ring-road/dining/radisson-blu-bengaluru-outer-ring-road-saffron-at-radisson-blu-bengaluru-outer-ring-road-by-the-radisson-hotel-group-managed-by-sarovar-hotels,dining,true,true
/hotels/radisson-blu--bengaluru-outer-ring-road/dining/radisson-blu-bengaluru-outer-ring-road-shao-at-radisson-blu-bengaluru-outer-ring-road-by-the-radisson-hotel-group-managed-by-sarovar-hotels,dining,true,true
/hotels/radisson-hyderabad--hitec/dining/radisson-hyderabad-hitec-cascade-all-day-dining-restaurant-at-radisson-hyderabad-hitec-by-the-radisson-hotel-group-managed-by-sarovar-hotels,dining,true,true
/hotels/radisson-hyderabad--hitec/dining/radisson-hyderabad-hitec-chama-gaucha-at-radisson-hyderabad-hitec-by-the-radisson-hotel-group-managed-by-sarovar-hotels,dining,true,true
/hotels/radisson-hyderabad--hitec/dining/radisson-hyderabad-hitec-wai-kiki-polynesian-resto-bar-at-radisson-hyderabad-hitec-by-the-radisson-hotel-group-managed-by-sarovar-hotels,dining,true,true
/hotels/radisson-hyderabad--hitec/dining/radisson-hyderabad-hitec-zyng-lounge-bar-at-radisson-hyderabad-hitec-by-the-radisson-hotel-group-managed-by-sarovar-hotels,dining,true,true
/hotels/radisson-mumbai-goregaon/dining/radisson-mumbai-goregaon-firin-restaurant-at-radisson-mumbai-goregaon,dining,true,true
/hotels/radisson-mumbai-goregaon/dining/radisson-mumbai-goregaon-goma-restaurant-at-radisson-mumbai-goregaon,dining,true,true
/hotels/radisson-mumbai-goregaon/dining/radisson-mumbai-goregaon-meetha-sweet-parlour-at-radisson-mumbai-goregaon,dining,true,true
/hotels/radisson-mumbai-goregaon/dining/radisson-mumbai-goregaon-musaafer-restaurant-at-radisson-mumbai-goregaon,dining,true,true
/hotels/radisson-mumbai-goregaon/dining/radisson-mumbai-goregaon-tipple-restaurant-at-radisson-mumbai-goregaon,dining,true,true
/hotels/rbd-sarovar-portico-outer-ring-road-bengaluru/dining/rbd-sarovar-portico-outer-ring-road-bengaluru-brunchilly-at-rbd-sarovar-portico-outer-ring-road-bengaluru,dining,true,true
/hotels/residency-sarovar-portico-mumbai/dining/residency-sarovar-portico-mumbai-tea-lounge-residency-sarovar-portico-hotels-in-goregaon,dining,true,true
/hotels/rivera-sarovar-portico-ahmedabad/dining/rivera-sarovar-portico-ahmedabad-liquor-shop-at-sarovar-portico-ahmedabad,dining,true,true
/hotels/riviera-sarovar-portico-pathankot/dining/riviera-sarovar-portico-pathankot-altura-sky-high-flavours-served-with-a-view,dining,true,true
/hotels/rivera-sarovar-portico-ahmedabad/dining/rivera-sarovar-portico-ahmedabad-riverview-restaurant-at-rivera-sarovar-portico-ahmedabad,dining,true,true
/hotels/riviera-sarovar-portico-pathankot/dining/riviera-sarovar-portico-pathankot-flavours-all-day-dining-from-sunrise-to-supper,dining,true,true
/hotels/riviera-sarovar-portico-pathankot/dining/riviera-sarovar-portico-pathankot-raise-a-glass-at-zar-where-evenings-come-alive,dining,true,true
/hotels/rosefinch-sarovar-portico-bhimtal/dining/rosefinch-sarovar-portico-bhimtal-wild-oak-at-rosefinch-sarovar-portico-bhimtal,dining,true,true
/hotels/rosefinch-sarovar-portico-bhimtal/dining/rosefinch-sarovar-portico-bhimtal-lake-cafe-at-rosefinch-sarovar-portico-bhimtal,dining,true,true
/hotels/royal-hometel-suites-dahisar-mumbai/dining/royal-hometel-suites-dahisar-mumbai-cafe365-at-royal-hometel-suite-dahisar-mumbai,dining,true,true
/hotels/royal-hometel-suites-dahisar-mumbai/dining/royal-hometel-suites-dahisar-mumbai-chill-lounge-bar-at-royal-hometel-suite-dahisar-mumbai,dining,true,true
/hotels/royal-hometel-suites-dahisar-mumbai/dining/royal-hometel-suites-dahisar-mumbai-flavours-restaurant-at-royal-hometel-suite-dahisar-mumbai,dining,true,true
/hotels/royal-kingdom-sarovar-portico-pilibhit/dining/royal-kingdom-sarovar-portico-pilibhit-alfresco,dining,true,true
/hotels/royal-kingdom-sarovar-portico-pilibhit/dining/royal-kingdom-sarovar-portico-pilibhit-bar,dining,true,true
/hotels/royal-kingdom-sarovar-portico-pilibhit/dining/royal-kingdom-sarovar-portico-pilibhit-coffee-house,dining,true,true
/hotels/royal-kingdom-sarovar-portico-pilibhit/dining/royal-kingdom-sarovar-portico-pilibhit-the-hunter-all-day-dining,dining,true,true
/hotels/royal-sarovar-portico-siliguri/dining/royal-sarovar-portico-siliguri-chhai-bar-at-royal-sarovar-portico-siliguri,dining,true,true
/hotels/royal-sarovar-portico-siliguri/dining/royal-sarovar-portico-siliguri-orchids-at-royal-sarovar-portico-siliguri,dining,true,true
/hotels/royal-tulip-chitwan/dining/royal-tulip-chitwan-forest-flame-authentic-north-asian-and-nepali-grilled-delights,dining,true,true
/hotels/royal-tulip-chitwan/dining/royal-tulip-chitwan-majhi-ghar-all-day-dining-global-flavours-local-delights,dining,true,true
/hotels/royal-tulip-chitwan/dining/royal-tulip-chitwan-tanavi-bar-a-perfect-blend-of-drinks-and-serenity,dining,true,true
/hotels/royal-tulip-kathmandu-shivapuri-national-park/dining/royal-tulip-kathmandu-shivapuri-national-park-aairak-bar-your-relaxed-evening-destination,dining,true,true
/hotels/royal-tulip-kathmandu-shivapuri-national-park/dining/royal-tulip-kathmandu-shivapuri-national-park-guras-all-day-dining-with-pool-views,dining,true,true
/hotels/royal-tulip-kathmandu/dining/royal-tulip-kathmandu-alpine-lounge-bar-sophisticated-sips-in-a-serene-setting,dining,true,true
/hotels/royal-tulip-kathmandu/dining/royal-tulip-kathmandu-lalitpur-cafe-global-flavours-and-local-warmth-served-all-day,dining,true,true
/hotels/royale-sarovar-portico-agra/dining/royale-sarovar-portico-agra-bamboo-our-bar-in-agra,dining,true,true
/hotels/royale-sarovar-portico-agra/dining/royale-sarovar-portico-agra-hibiscus-serving-delicious-food-in-agra,dining,true,true
/hotels/rs-sarovar-portico-palampur/dining/rs-sarovar-portico-palampur-360-degree-bar-restaurant-rs-sarovar-portico-hotel-in-palampur,dining,true,true
/hotels/rs-sarovar-portico-palampur/dining/rs-sarovar-portico-palampur-dining-rs-sarovar-portico-dharamshala-hotel,dining,true,true
/hotels/rs-sarovar-portico-palampur/dining/rs-sarovar-portico-palampur-the-terrace-rs-sarovar-portico-best-hotels-in-palampur,dining,true,true
/hotels/sairafort-sarovar-portico-jaisalmer/dining/sairafort-sarovar-portico-jaisalmer-restaurant-at-sairafort-sarovar-portico-jaisalmer,dining,true,true
/hotels/sarovar-ahmedabad/dining/sarovar-ahmedabad-celebrations-our-pure-vegetarian-restaurant-in-ahmedabad,dining,true,true
/hotels/sarovar-portico-ajmer/dining/sarovar-portico-ajmer-flavours-all-day-dining-offering-the-best-food-in-ajmer,dining,true,true
/hotels/sarovar-portico-badrinath-uttarakhand/dining/sarovar-portico-badrinath-uttarakhand-cafe-in-the-park-at-sarovar-portico-badrinath,dining,true,true
/hotels/sarovar-portico-badrinath-uttarakhand/dining/sarovar-portico-badrinath-uttarakhand-sarovar-all-day-dining-at-sarovar-portico-badrinath,dining,true,true
/hotels/sarovar-portico-bhubaneswar/dining/sarovar-portico-bhubaneswar-bar-lift-your-spirits-in-style,dining,true,true
/hotels/sarovar-portico-bhubaneswar/dining/sarovar-portico-bhubaneswar-caffe-your-cosy-coffee-stop,dining,true,true
/hotels/sarovar-portico-bhubaneswar/dining/sarovar-portico-bhubaneswar-spice-brings-every-flavour-to-life,dining,true,true
/hotels/sarovar-portico-birgunj/dining/sarovar-portico-birgunj-flavours-all-day-dining,dining,true,true
/hotels/sarovar-portico-birgunj/dining/sarovar-portico-birgunj-nest-at-the-top,dining,true,true
/hotels/sarovar-portico-dehradun/dining/sarovar-portico-dehradun-dining-at-sarovar-portico-dehradun,dining,true,true
/hotels/sarovar-portico-gir/dining/sarovar-portico-gir-flavours-pure-vegetarian-kathiyawadi-cuisine,dining,true,true
/hotels/sarovar-portico-hanumangarh/dining/sarovar-portico-hanumangarh-bern-raise-a-toast-in-style-at-our-bar,dining,true,true
/hotels/sarovar-portico-hanumangarh/dining/sarovar-portico-hanumangarh-bern-all-day-dining-global-flavours-with-local-warmth,dining,true,true
/hotels/sarovar-portico-jaipur/dining/sarovar-portico-jaipur-sunset-bar-sarovar-portico-best-hotels-in-jaipur-top-jaipur-hotels,dining,true,true
/hotels/sarovar-portico-jaipur/dining/sarovar-portico-jaipur-the-pavillion-at-sarovar-portico-jaipur,dining,true,true
/hotels/sarovar-portico-jalandhar/dining/sarovar-portico-jalandhar-cafe-181-sarovar-portico-jalandhar-restaurant-in-jalandhar,dining,true,true
/hotels/sarovar-portico-jalandhar/dining/sarovar-portico-jalandhar-the-lounge-sarovar-portico-jalandhar-hotels-in-jalandhar,dining,true,true
/hotels/sarovar-portico-kolkata-rajarhat/dining/sarovar-portico-kolkata-rajarhat-golpo-all-day-dining,dining,true,true
/hotels/sarovar-portico-morbi/dining/sarovar-portico-morbi-flavours-a-magical-multi-cuisine-restaurant-in-morbi,dining,true,true
/hotels/sarovar-portico-naraina-new-delhi/dining/sarovar-portico-naraina-new-delhi-cafe-9-sarovar-portico-naraina-restaurants-in-naraina,dining,true,true
/hotels/sarovar-portico-somnath/dining/sarovar-portico-somnath-dining-sarovar-portico-somnath-restaurants-in-somnath,dining,true,true
/hotels/sarovar-portico-somnath/dining/sarovar-portico-somnath-the-lounge-sarovar-portico-somnath-restaurants-in-somnath,dining,true,true
/hotels/sarovar-portico-sonipat/dining/sarovar-portico-sonipat-unwind-at-chill-bar-the-best-bar-in-sonipat,dining,true,true
/hotels/sarovar-portico-sonipat/dining/sarovar-portico-sonipat-fine-dining-at-flavours-our-restaurant-in-sonipat,dining,true,true
/hotels/sarovar-portico-srinagar/dining/sarovar-portico-srinagar-delectable-dining-at-our-multi-cuisine-restaurant-in-srinagar,dining,true,true
/hotels/sarovar-portico-srinagar/dining/sarovar-portico-srinagar-tea-time-at-sarovar-portico-srinagar,dining,true,true
/hotels/sarovar-portico-srinagar/dining/sarovar-portico-srinagar-relish-the-flavours-at-our-rooftop-restaurant-in-srinagar,dining,true,true
/hotels/sarovar-portico-sriperumbudur/dining/sarovar-portico-sriperumbudur-chola-lounge-bar-where-cocktails-meet-culture,dining,true,true
/hotels/sarovar-portico-sriperumbudur/dining/sarovar-portico-sriperumbudur-spr-kitchen-multi-cuisine-dining-at-its-finest,dining,true,true
/hotels/sarovar-portico-surajkund/dining/sarovar-portico-surajkund-on-the-rocks-a-bar-in-surajkund-at-sarovar-portico,dining,true,true
/hotels/sarovar-portico-surajkund/dining/sarovar-portico-surajkund-panoramic-restaurant-at-the-sarovar-portico-surajkund,dining,true,true
/hotels/sarovar-premiere-alwar/dining/sarovar-premiere-alwar-chill-bar-and-lounge-restobar-in-alwar,dining,true,true
/hotels/sarovar-premiere-alwar/dining/sarovar-premiere-alwar-rajputana-all-day-dining-in-alwar,dining,true,true
/hotels/sarovar-premiere-amritsar/dining/sarovar-premiere-amritsar-365-all-day-dining-offering-delicious-food-in-amritsar,dining,true,true
/hotels/sarovar-premiere-jaipur/dining/sarovar-premiere-jaipur-in-room-dining-at-sarovar-premiere-jaipur,dining,true,true
/hotels/sarovar-premiere-jaipur/dining/sarovar-premiere-jaipur-lattice-bar-at-sarovar-premiere-jaipur,dining,true,true
/hotels/sarovar-premiere-jaipur/dining/sarovar-premiere-jaipur-terrazzo-multi-cuisine-restaurant-at-sarovar-premiere-jaipur,dining,true,true
/hotels/sarovar-premiere-srinagar/dining/sarovar-premiere-srinagar-sulaiman-the-best-rooftop-restaurant-in-srinagar,dining,true,true
/hotels/sea-breeze-sarovar-portico-varca-goa/dining/sea-breeze-sarovar-portico-varca-goa-chill-the-bar,dining,true,true
/hotels/sea-breeze-sarovar-portico-varca-goa/dining/sea-breeze-sarovar-portico-varca-goa-flavours-all-day-dining,dining,true,true
/hotels/serene-premiere-hargeisa/dining/serene-premiere-hargeisa-bake-brew-the-go-to-cafe-in-hargeisa,dining,true,true
/hotels/serene-premiere-hargeisa/dining/serene-premiere-hargeisa-savour-flavours-under-the-open-sky-at-mottola,dining,true,true
/hotels/serene-premiere-hargeisa/dining/serene-premiere-hargeisa-pdr-intimate-meals-lasting-memories,dining,true,true
/hotels/serene-premiere-hargeisa/dining/serene-premiere-hargeisa-spa-bev-where-every-sip-is-a-step-toward-wellness,dining,true,true
/hotels/serene-premiere-hargeisa/dining/serene-premiere-hargeisa-vip-lounge-fine-dining-for-the-whole-family,dining,true,true
/hotels/serene-premiere-hargeisa/dining/serene-premiere-hargeisa-zataar-where-global-dishes-meet-local-delicacies,dining,true,true
/hotels/shravanthi-sarovar-portico-bengaluru/dining/shravanthi-sarovar-portico-bengaluru-flavours-the-coffee-shop-at-shravanthi-sarovar-portico-bengaluru,dining,true,true
/hotels/shravanthi-sarovar-portico-bengaluru/dining/shravanthi-sarovar-portico-bengaluru-turquoise-the-bar-for-every-occasion,dining,true,true
/hotels/shyama-sarovar-portico-orai/dining/shyama-sarovar-portico-orai-flavoursome-delicacies-at-our-restaurant-in-orai,dining,true,true
/hotels/singhania-sarovar-portico-raipur/dining/singhania-sarovar-portico-raipur-flavours-all-day-dining-at-singhania-sarovar-portico-raipur,dining,true,true
/hotels/singhania-sarovar-portico-raipur/dining/singhania-sarovar-portico-raipur-geoffrey-s-the-pub-at-singhania-sarovar-portico-raipur,dining,true,true
/hotels/singhania-sarovar-portico-raipur/dining/singhania-sarovar-portico-raipur-in-room-dining-at-singhania-sarovar-portico-raipur,dining,true,true
/hotels/skywings-sarovar-portico-mathura/dining/skywings-sarovar-portico-mathura-chill-bar-raise-a-glass-to-good-times,dining,true,true
/hotels/skywings-sarovar-portico-mathura/dining/skywings-sarovar-portico-mathura-experience-dining-in-mathura-at-flavours,dining,true,true
/hotels/sobit-sarovar-portico-palolem-beach-hotel-goa/dining/sobit-sarovar-portico-palolem-beach-hotel-goa-sumptuous-dining-at-sobit-sarovar-portico-goa,dining,true,true
/hotels/taurus-hotel-mahipalpur-new-delhi/dining/taurus-hotel-mahipalpur-new-delhi-alfa-63-at-taurus-sarovar-portico-new-delhi,dining,true,true
/hotels/taurus-hotel-mahipalpur-new-delhi/dining/taurus-hotel-mahipalpur-new-delhi-delhi-barbeque-at-taurus-sarovar-portico-new-delhi-near-igi-airport,dining,true,true
/hotels/the-ashtan-sarovar-portico-new-delhi/dining/the-ashtan-sarovar-portico-new-delhi-twenty-ten-fine-dining-restaurant-in-delhi-at-the-ashton-sarovar-portico,dining,true,true
/hotels/the-gaurs-sarovar-premiere/dining/the-gaurs-sarovar-premiere-flavours-one-of-the-best-coffee-shops-in-greater-noida,dining,true,true
/hotels/the-gaurs-sarovar-premiere/dining/the-gaurs-sarovar-premiere-liiquidz-a-casual-bar-in-greater-noida,dining,true,true
/hotels/the-gokulam-park-kochi/dining/the-gokulam-park-kochi-champs-bar-at-the-gokulam-park-kochi,dining,true,true
/hotels/the-gokulam-park-kochi/dining/the-gokulam-park-kochi-la-boulangerie-at-the-gokulam-park-kochi,dining,true,true
/hotels/the-gokulam-park-kochi/dining/the-gokulam-park-kochi-periyar-restaurant-at-the-gokulam-park-kaloor-kochi,dining,true,true
/hotels/the-heron-portico-nairobi/dining/the-heron-portico-nairobi-bashasha-at-the-heron-by-sarovar-portico-india-nairobi,dining,true,true
/hotels/the-heron-portico-nairobi/dining/the-heron-portico-nairobi-casbah-steak-house-bar-at-the-heron-by-sarovar-portico-india-nairobi,dining,true,true
/hotels/the-heron-portico-nairobi/dining/the-heron-portico-nairobi-sirocco-aqua-bar-at-the-heron-by-sarovar-portico-india-nairobi,dining,true,true
/hotels/the-muse-sarovar-portico-nehru-place-new-delhi/dining/the-muse-sarovar-portico-nehru-place-new-delhi-restaurant-at-the-muse-sarovar-portico-nehru-place-new-delhi,dining,true,true
/hotels/the-promenade-pondicherry/dining/the-promenade-pondicherry-bay-of-buddha-rooftop-restaurant-in-pondicherry,dining,true,true
/hotels/the-promenade-pondicherry/dining/the-promenade-pondicherry-risque-at-the-promenade-pondicherry,dining,true,true
/hotels/the-promenade-pondicherry/dining/the-promenade-pondicherry-blueline-restaurant-at-the-promenade-pondicherry,dining,true,true
/hotels/the-promenade-pondicherry/dining/the-promenade-pondicherry-the-storyteller-s-bar-a-uniquely-conceptualized-bar-in-pondicherry,dining,true,true
/hotels/tulip-inn-bhopal/dining/tulip-inn-bhopal-sip-and-unwind-at-l-atelier,dining,true,true
/hotels/the-promenade-pondicherry/dining/the-promenade-pondicherry-wildfish-bistro-at-the-promenade-pondicherry,dining,true,true
/hotels/tulip-inn-bhopal/dining/tulip-inn-bhopal-dining-delights-await-at-our-restaurant-in-bhopal,dining,true,true
/hotels/tulip-inn-koramangala/dining/tulip-inn-koramangala-scrumptious-delicacies-at-altar-restaurant,dining,true,true
/hotels/tulip-inn-koramangala/dining/tulip-inn-koramangala-a-diverse-range-of-concoctions-at-sage-bar,dining,true,true
/hotels/tulip-inn-zirakpur/dining/tulip-inn-zirakpur-whistler-cafe-bar-the-best-restaurant-in-zirakpur,dining,true,true
/hotels/v-sarovar-portico-mi-road-jaipur/dining/v-sarovar-portico-mi-road-jaipur-flavours-at-v-sarovar-portico-mi-road-jaipur,dining,true,true
/hotels/v-sarovar-portico-mi-road-jaipur/dining/v-sarovar-portico-mi-road-jaipur-jharokha-at-v-sarovar-portico-mi-road-jaipur,dining,true,true
/hotels/vandhara-sarovar-premiere-patkote/dining/vandhara-sarovar-premiere-patkote-brahmkamal-relish-the-nuances-of-the-kumaoni-flavours,dining,true,true
/hotels/venizia-sarovar-portico-in-new-delhi/dining/venizia-sarovar-portico-in-new-delhi-dining-at-flavours-our-in-house-restaurant-in-new-delhi,dining,true,true
/hotels/viraj-sarovar-portico-jammu/dining/viraj-sarovar-portico-jammu-flavours-coffee-shop-at-viraj-sarovar-portico-jammu,dining,true,true
/hotels/viraj-sarovar-portico-jammu/dining/viraj-sarovar-portico-jammu-terrace-grill-at-the-viraj-sarovar-portico-jammu,dining,true,true
/hotels/viraj-sarovar-portico-jammu/dining/viraj-sarovar-portico-jammu-zing-bar-at-the-viraj-sarovar-portico-jammu,dining,true,true
/hotels/sarovar-premiere-delhi/banquets/grand-ballroom-sarovar-premiere-delhi,banquet,true,false
/hotels/sarovar-premiere-delhi/banquets/conference-hall-sarovar-premiere-delhi,banquet,true,false
/hotels/sarovar-portico-jaipur/banquets/grand-ballroom-sarovar-portico-jaipur,banquet,true,false
/hotels/sarovar-portico-jaipur/banquets/conference-hall-sarovar-portico-jaipur,banquet,true,false
/hotels/sarovar-premiere-goa-beach-resort/banquets/grand-ballroom-sarovar-premiere-goa-beach-resort,banquet,true,false
/hotels/sarovar-premiere-goa-beach-resort/banquets/conference-hall-sarovar-premiere-goa-beach-resort,banquet,true,false
/hotels/sarovar-portico-mumbai/banquets/grand-ballroom-sarovar-portico-mumbai,banquet,true,false
/hotels/sarovar-portico-mumbai/banquets/conference-hall-sarovar-portico-mumbai,banquet,true,false
/hotels/sarovar-regency-shimla/banquets/grand-ballroom-sarovar-regency-shimla,banquet,true,false
/hotels/sarovar-regency-shimla/banquets/conference-hall-sarovar-regency-shimla,banquet,true,false
/hotels/sarovar-regency-rishikesh/banquets/grand-ballroom-sarovar-regency-rishikesh,banquet,true,false
/hotels/sarovar-regency-rishikesh/banquets/conference-hall-sarovar-regency-rishikesh,banquet,true,false
/hotels/sarovar-portico-delhi-aerocity/banquets/grand-ballroom-sarovar-portico-delhi-aerocity,banquet,true,false
/hotels/sarovar-portico-delhi-aerocity/banquets/conference-hall-sarovar-portico-delhi-aerocity,banquet,true,false
/hotels/sarovar-premiere-jaipur-heritage/banquets/grand-ballroom-sarovar-premiere-jaipur-heritage,banquet,true,false
/hotels/sarovar-premiere-jaipur-heritage/banquets/conference-hall-sarovar-premiere-jaipur-heritage,banquet,true,false
/hotels/abn-sarovar-portico-jim-corbett/banquets/abn-sarovar-portico-jim-corbett-clove,banquet,true,true
/hotels/abn-sarovar-portico-jim-corbett/banquets/abn-sarovar-portico-jim-corbett-lawn,banquet,true,true
/hotels/abn-sarovar-portico-jim-corbett/banquets/abn-sarovar-portico-jim-corbett-saffron,banquet,true,true
/hotels/ambar-sarovar-portico-gandhidham-hotel/banquets/ambar-sarovar-portico-gandhidham-hotel-meetings-events-at-ambar-sarovar-portico-gandhidham,banquet,true,true
/hotels/aditya-hometel-hyderabad/banquets/aditya-hometel-hyderabad-meetings-events-at-aditya-hometel-hyderabad,banquet,true,true
/hotels/balaji-sarovar-premiere-solapur/banquets/balaji-sarovar-premiere-solapur-meetings-events-at-balaji-sarovar-premiere-solapur,banquet,true,true
/hotels/bamus-sarovar-portico-kampala/banquets/bamus-sarovar-portico-kampala-amber-a-space-for-focus-and-finesse,banquet,true,true
/hotels/bamus-sarovar-portico-kampala/banquets/bamus-sarovar-portico-kampala-emerald-focused-flawless-events-in-flexible-spaces,banquet,true,true
/hotels/bamus-sarovar-portico-kampala/banquets/bamus-sarovar-portico-kampala-opal-make-your-events-sparkle,banquet,true,true
/hotels/bamus-sarovar-portico-kampala/banquets/bamus-sarovar-portico-kampala-ruby-a-sophisticated-space-for-gatherings-business,banquet,true,true
/hotels/bamus-sarovar-portico-kampala/banquets/bamus-sarovar-portico-kampala-sapphire-versatility-meets-sophistication,banquet,true,true
/hotels/bamus-sarovar-portico-kampala/banquets/bamus-sarovar-portico-kampala-shine-bright-at-solitaire,banquet,true,true
/hotels/bamus-sarovar-portico-kampala/banquets/bamus-sarovar-portico-kampala-topaz-sophisticated-space-for-seamless-gatherings,banquet,true,true
/hotels/classic-sarovar-portico-thiruvananthapuram/banquets/classic-sarovar-portico-thiruvananthapuram-meetings-events-at-classic-sarovar-portico-thiruvananthapuram,banquet,true,true
/hotels/davanam-sarovar-portico-suites-bangalore/banquets/davanam-sarovar-portico-suites-bangalore-meetings-events-at-davanam-sarovar-portico-suites-bangalore,banquet,true,true
/hotels/delite-sarovar-portico-faridabad/banquets/delite-sarovar-portico-faridabad-classic-hall-at-delite-sarovar-portico-faridabad,banquet,true,true
/hotels/delite-sarovar-portico-faridabad/banquets/delite-sarovar-portico-faridabad-imperial-hall-i-at-delite-sarovar-portico-faridabad,banquet,true,true
/hotels/delite-sarovar-portico-faridabad/banquets/delite-sarovar-portico-faridabad-imperial-hall-ii-at-delite-sarovar-portico-faridabad,banquet,true,true
/hotels/delite-sarovar-portico-faridabad/banquets/delite-sarovar-portico-faridabad-royal-hall-at-delite-sarovar-portico-faridabad,banquet,true,true
/hotels/deventure-sarovar-portico--kapashera-new-delhi/banquets/deventure-sarovar-portico-kapashera-new-delhi-meetings-events-at-deventure-sarovar-portico-kapashera-new-delhi,banquet,true,true
/hotels/estuary-sarovar-Premiere-poovar/banquets/estuary-sarovar-premiere-poovar-banquet-halls-at-estuary-sarovar-premiere-poovar-island,banquet,true,true
/hotels/estuary-sarovar-Premiere-poovar/banquets/estuary-sarovar-premiere-poovar-board-rooms-at-estuary-sarovar-premiere-poovar-island,banquet,true,true
/hotels/geeta-sarovar-portico-hotels-panipat/banquets/geeta-sarovar-portico-hotels-panipat-crystal-a-banquet-hall-at-geeta-sarovar-portico-panipat,banquet,true,true
/hotels/geeta-sarovar-portico-hotels-panipat/banquets/geeta-sarovar-portico-hotels-panipat-imperial-a-banquet-hall-at-geeta-sarovar-portico-panipat,banquet,true,true
/hotels/geeta-sarovar-portico-hotels-panipat/banquets/geeta-sarovar-portico-hotels-panipat-regal-a-banquet-hall-at-geeta-sarovar-portico-panipat,banquet,true,true
/hotels/golden-sarovar-portico-amritsar/banquets/golden-sarovar-portico-amritsar-meetings-events-at-golden-sarovar-portico-amritsar,banquet,true,true
/hotels/golden-tulip-agra/banquets/golden-tulip-agra-royale-ballroom-an-elegant-and-versatile-ballroom-in-agra,banquet,true,true
/hotels/golden-tulip-agra/banquets/golden-tulip-agra-elevate-your-meetings-and-intimate-gatherings-at-royale-house,banquet,true,true
/hotels/golden-tulip-agra/banquets/golden-tulip-agra-royale-park-the-perfect-open-air-lawn-for-your-elegant-events-in-agra,banquet,true,true
/hotels/golden-tulip-bhopal/banquets/golden-tulip-bhopal-summit-cherish-your-celebrations,banquet,true,true
/hotels/golden-tulip-candolim-goa/banquets/golden-tulip-candolim-goa-senate-i-crafted-for-celebrations-of-every-scale,banquet,true,true
/hotels/golden-tulip-candolim-goa/banquets/golden-tulip-candolim-goa-senate-ii-smartly-sized-fully-equipped,banquet,true,true
/hotels/golden-tulip-goa-mandrem/banquets/golden-tulip-goa-mandrem-the-grandeur-where-celebrations-shine-brighter,banquet,true,true
/hotels/golden-tulip-hari-nagar/banquets/golden-tulip-hari-nagar-board-room-i,banquet,true,true
/hotels/golden-tulip-hari-nagar/banquets/golden-tulip-hari-nagar-board-room-ii,banquet,true,true
/hotels/golden-tulip-hari-nagar/banquets/golden-tulip-hari-nagar-imperial-i,banquet,true,true
/hotels/golden-tulip-hari-nagar/banquets/golden-tulip-hari-nagar-imperial-iii,banquet,true,true
/hotels/golden-tulip-hari-nagar/banquets/golden-tulip-hari-nagar-imperial-ii,banquet,true,true
/hotels/golden-tulip-hari-nagar/banquets/golden-tulip-hari-nagar-imperial-iv,banquet,true,true
/hotels/golden-tulip-hari-nagar/banquets/golden-tulip-hari-nagar-imperial-v,banquet,true,true
/hotels/golden-tulip-hotel-in-jaipur/banquets/golden-tulip-hotel-in-jaipur-meeting-room-at-golden-tulip-jaipur-city-center,banquet,true,true
/hotels/golden-tulip-hotel-in-jaipur/banquets/golden-tulip-hotel-in-jaipur-durbar-hall-at-golden-tulip-jaipur-city-center,banquet,true,true
/hotels/golden-tulip-hotel-in-jaipur/banquets/golden-tulip-hotel-in-jaipur-maharaja-hall-at-golden-tulip-jaipur-city-center,banquet,true,true
/hotels/golden-tulip-hotel-in-jaipur/banquets/golden-tulip-hotel-in-jaipur-maharani-hall-at-golden-tulip-jaipur-city-center,banquet,true,true
/hotels/golden-tulip-hotel-in-jaipur/banquets/golden-tulip-hotel-in-jaipur-mehfil-hall-at-golden-tulip-jaipur-city-center,banquet,true,true
/hotels/golden-tulip-hotel-in-jaipur/banquets/golden-tulip-hotel-in-jaipur-rajputana-hall-at-golden-tulip-jaipur-city-center,banquet,true,true
/hotels/golden-tulip-hotel-in-jaipur/banquets/golden-tulip-hotel-in-jaipur-training-room-at-golden-tulip-jaipur-city-center,banquet,true,true
/hotels/golden-tulip-jalandhar/banquets/golden-tulip-jalandhar-create-indelible-memories-in-our-party-halls,banquet,true,true
/hotels/golden-tulip-jalandhar/banquets/golden-tulip-jalandhar-celebrate-your-achievements-in-style,banquet,true,true
/hotels/golden-tulip-jalandhar/banquets/golden-tulip-jalandhar-memorable-celebrations-befitting-memorable-milestones,banquet,true,true
/hotels/golden-tulip-jalandhar/banquets/golden-tulip-jalandhar-seminars-and-conferences-in-jalandhar,banquet,true,true
/hotels/golden-tulip-jalandhar/banquets/golden-tulip-jalandhar-unforgettable-weddings-in-jalandhar,banquet,true,true
/hotels/golden-tulip-kukas-jaipur/banquets/golden-tulip-kukas-jaipur-boardroom-professional-space-for-executive-discussions,banquet,true,true
/hotels/golden-tulip-kukas-jaipur/banquets/golden-tulip-kukas-jaipur-grand-ballroom-a-flexible-venue-for-every-occasion,banquet,true,true
/hotels/golden-tulip-kukas-jaipur/banquets/golden-tulip-kukas-jaipur-lawn-celebrate-under-open-skies,banquet,true,true
/hotels/golden-tulip-kukas-jaipur/banquets/golden-tulip-kukas-jaipur-royal-ballroom-where-large-celebrations-come-together,banquet,true,true
/hotels/golden-tulip-lucknow/banquets/golden-tulip-lucknow-meetings-events-at-golden-tulip-lucknow,banquet,true,true
/hotels/golden-tulip-srinagar/banquets/golden-tulip-srinagar-meetings-events-at-golden-tulip-srinagar,banquet,true,true
/hotels/golden-tulip-tirupati/banquets/golden-tulip-tirupati-grand-ball-room-cherish-celebrations,banquet,true,true
/hotels/golden-tulip-udaipur/banquets/golden-tulip-udaipur-ballroom-the-perfect-event-venue-in-udaipur,banquet,true,true
/hotels/golden-tulip-udaipur/banquets/golden-tulip-udaipur-gardens-an-expansive-outdoor-event-venue-in-udaipur,banquet,true,true
/hotels/golden-tulip-udaipur/banquets/golden-tulip-udaipur-silver-room-a-versatile-party-hall-in-udaipur,banquet,true,true
/hotels/grand-continent-anjuna/banquets/grand-continent-anjuna-meetings-events-at-grand-continent-anjuna-a-sarovar-portico-affiliate-hotel,banquet,true,true
/hotels/grand-continent-hosur/banquets/grand-continent-hosur-memorable-events-at-grand-continental-hosur,banquet,true,true
/hotels/grand-continent-mahabalipuram/banquets/grand-continent-mahabalipuram-boardroom-in-mahabalipuram,banquet,true,true
/hotels/grand-continent-mahabalipuram/banquets/grand-continent-mahabalipuram-mandapa-the-ballroom-banquet-hall-in-mahabalipuram,banquet,true,true
/hotels/grand-continent-mahabalipuram/banquets/grand-continent-mahabalipuram-rathas-the-open-lawn-outdoor-event-venue-in-mahabalipuram,banquet,true,true
/hotels/grand-continent-malleshwaram-bangalore/banquets/grand-continent-malleshwaram-bangalore-a-grand-banquet-hall-in-malleshwaram,banquet,true,true
/hotels/grand-portico-hotel-in-latur/banquets/grand-portico-hotel-in-latur-meetings-events-at-grand-sarovar-portico-latur,banquet,true,true
/hotels/hometel-chandigarh/banquets/hometel-chandigarh-meetings-events-at-hometel-chandigarh,banquet,true,true
/hotels/hometel-chandigarh/banquets/hometel-chandigarh-wedding-packages-at-hometel-chandigarh,banquet,true,true
/hotels/hrj-sarovar-portico-indore/banquets/hrj-sarovar-portico-indore-host-majestic-events-in-indore-at-sarovar-portico,banquet,true,true
/hotels/iris-sarovar-portico-gurugram/banquets/iris-sarovar-portico-gurugram-elevate-your-celebrations-at-senate,banquet,true,true
/hotels/ishaan-sarovar-portico-deoghar/banquets/ishaan-sarovar-portico-deoghar-aamantran-banquet-hall-in-deoghar,banquet,true,true
/hotels/ishaan-sarovar-portico-deoghar/banquets/ishaan-sarovar-portico-deoghar-aarambh-party-hall-in-deoghar,banquet,true,true
/hotels/ishaan-sarovar-portico-deoghar/banquets/ishaan-sarovar-portico-deoghar-abhinandan-marriage-hall-in-deoghar,banquet,true,true
/hotels/kpg-sarovar-portico-raj-nagar-extension-ghaziabad/banquets/kpg-sarovar-portico-raj-nagar-extension-ghaziabad-emerald-a-creative-conference-room-for-inspired-gatherings,banquet,true,true
/hotels/kpg-sarovar-portico-raj-nagar-extension-ghaziabad/banquets/kpg-sarovar-portico-raj-nagar-extension-ghaziabad-sapphire-ballroom-designed-for-conferences-and-celebrations-alike,banquet,true,true
/hotels/kpg-sarovar-portico-raj-nagar-extension-ghaziabad/banquets/kpg-sarovar-portico-raj-nagar-extension-ghaziabad-solitaire-host-elegant-events-in-a-scenic-setting,banquet,true,true
/hotels/la-place-sarovar-portico-lucknow/banquets/la-place-sarovar-portico-lucknow-meetings-events-at-la-place-sarovar-portico-lucknow,banquet,true,true
/hotels/madhuban-sarovar-portico-mussorie/banquets/madhuban-sarovar-portico-mussorie-meetings-events-at-hotel-madhubhan-sarovar-portico-mussoorie,banquet,true,true
/hotels/mahagun-sarovar-portico-suites-vaishali/banquets/mahagun-sarovar-portico-suites-vaishali-meetings-events-at-mahagun-sarovar-portico-suites-vaishali,banquet,true,true
/hotels/majestic-court-sarovar-portico-navi-mumbai/banquets/majestic-court-sarovar-portico-navi-mumbai-banquet-and-conference-hall-in-navi-mumbai,banquet,true,true
/hotels/marasa-sarovar-premiere-tirupati-hotels/banquets/marasa-sarovar-premiere-tirupati-hotels-meetings-events-at-marasa-sarovar-premiere-a-5-star-hotel-in-tirupati,banquet,true,true
/hotels/marigold-sarovar-portico-mashobra-shimla/banquets/marigold-sarovar-portico-mashobra-shimla-meetings-and-banquet-halls-in-mashobra-at-marigold-sarovar-portico,banquet,true,true
/hotels/marine-plaza-mumbai/banquets/marine-plaza-mumbai-meetings-events-at-hotel-marine-plaza-mumbai,banquet,true,true
/hotels/mj-sarovar-portico-haridwar/banquets/mj-sarovar-portico-haridwar-sampark-your-go-to-venue-for-cosy-celebrations,banquet,true,true
/hotels/mj-sarovar-portico-haridwar/banquets/mj-sarovar-portico-haridwar-sangeet-the-ideal-destination-for-grand-events-in-haridwar,banquet,true,true
/hotels/mj-sarovar-portico-haridwar/banquets/mj-sarovar-portico-haridwar-sanjog-elevate-your-events-in-haridwar-to-new-heights,banquet,true,true
/hotels/mj-sarovar-portico-haridwar/banquets/mj-sarovar-portico-haridwar-sargam-where-grand-indoors-meet-open-skies,banquet,true,true
/hotels/mukundra-sarovar-premiere-kota/banquets/mukundra-sarovar-premiere-kota-aangan-courtyard-mandap-for-your-forever-promises,banquet,true,true
/hotels/mukundra-sarovar-premiere-kota/banquets/mukundra-sarovar-premiere-kota-darbar-refined-boardroom-for-impactful-meetings,banquet,true,true
/hotels/mukundra-sarovar-premiere-kota/banquets/mukundra-sarovar-premiere-kota-gajanand-vanah-special-lawn-for-joyful-social-gatherings,banquet,true,true
/hotels/mukundra-sarovar-premiere-kota/banquets/mukundra-sarovar-premiere-kota-neelkanth-vatika-grand-open-air-lawn-for-spectacular-celebrations,banquet,true,true
/hotels/mukundra-sarovar-premiere-kota/banquets/mukundra-sarovar-premiere-kota-rajwada-versatile-banquet-space-for-every-occasion,banquet,true,true
/hotels/mukundra-sarovar-premiere-kota/banquets/mukundra-sarovar-premiere-kota-utsav-contemporary-indoor-venue-for-seamless-conferences,banquet,true,true
/hotels/mukundra-sarovar-premiere-kota/banquets/mukundra-sarovar-premiere-kota-virasat-banquet-hall-inspired-by-heritage-for-intimate-celebrations,banquet,true,true
/hotels/naturevilas-portico-manali/banquets/naturevilas-portico-manali-plan-sophisticated-meetings-events-in-manali,banquet,true,true
/hotels/neelkanth-sarovar-premiere-lusaka/banquets/neelkanth-sarovar-premiere-lusaka-banquets-conferences-at-neelkanth-sarovar-premiere-lusaka,banquet,true,true
/hotels/nidhivan-sarovar-portico-vrindavan/banquets/nidhivan-sarovar-portico-vrindavan-meetings-events-at-nidhivan-sarovar-portico-vrindavan,banquet,true,true
/hotels/nirwana-hometel-jaipur-sarovar/banquets/nirwana-hometel-jaipur-sarovar-meetings-events-at-nirwana-hometel-best-banqquet-halls-in-jaipur,banquet,true,true
/hotels/park-inn-gurgaon/banquets/park-inn-gurgaon-meetings-events-at-park-inn-gurgaon-banquet-halls-in-gurgaon,banquet,true,true
/hotels/park-plaza-faridabad/banquets/park-plaza-faridabad-meetings-events-at-park-plaza-faridabad-by-the-radisson-hotel-group-managed-by-sarovar-hotels,banquet,true,true
/hotels/park-plaza-jalandhar/banquets/park-plaza-jalandhar-imperial-i-party-hall-in-jalandhar,banquet,true,true
/hotels/park-plaza-jalandhar/banquets/park-plaza-jalandhar-imperial-ii-event-venue-in-jalandhar,banquet,true,true
/hotels/park-plaza-jalandhar/banquets/park-plaza-jalandhar-imperial-banquet-hall-in-jalandhar,banquet,true,true
/hotels/park-plaza-jalandhar/banquets/park-plaza-jalandhar-senate-meeting-room-in-jalandhar,banquet,true,true
/hotels/park-plaza-jodhpur/banquets/park-plaza-jodhpur-meetings-events-at-park-plaza-jodhpur-by-the-radisson-hotel-group-managed-by-sarovar-hotels,banquet,true,true
/hotels/park-plaza-ludhiana/banquets/park-plaza-ludhiana-meetings-events-at-park-plaza-ludhiana-by-the-radisson-hotel-group-managed-by-sarovar-hotels,banquet,true,true
/hotels/park-plaza-shahadra--east-delhi/banquets/park-plaza-shahadra-east-delhi-meetings-events-at-park-plaza-shahadra-east-delhi-radisson-hotel-group-managed-by-sarovar-hotels,banquet,true,true
/hotels/prachi-sarovar-premiere-bhubaneswar/banquets/prachi-sarovar-premiere-bhubaneswar-crystal-ballroom-i-sparkling-spaces-for-spectacular-gatherings,banquet,true,true
/hotels/prachi-sarovar-premiere-bhubaneswar/banquets/prachi-sarovar-premiere-bhubaneswar-crystal-ballroom-where-grand-events-unfold,banquet,true,true
/hotels/prachi-sarovar-premiere-bhubaneswar/banquets/prachi-sarovar-premiere-bhubaneswar-crystal-ballroom-ii-polished-spaces-for-picture-perfect-gatherings,banquet,true,true
/hotels/prachi-sarovar-premiere-bhubaneswar/banquets/prachi-sarovar-premiere-bhubaneswar-crystal-lawn-i-charm-meets-the-open-air-lawn,banquet,true,true
/hotels/prachi-sarovar-premiere-bhubaneswar/banquets/prachi-sarovar-premiere-bhubaneswar-crystal-lawn-ii-your-perfectly-celebratory-outdoor-lawn,banquet,true,true
/hotels/prachi-sarovar-premiere-bhubaneswar/banquets/prachi-sarovar-premiere-bhubaneswar-crystal-lawn-event-lawn-where-the-sky-joins-in,banquet,true,true
/hotels/prachi-sarovar-premiere-bhubaneswar/banquets/prachi-sarovar-premiere-bhubaneswar-crystal-room-where-decisions-are-made,banquet,true,true
/hotels/pushkara-portico-hotel-in-dibrugarh/banquets/pushkara-portico-hotel-in-dibrugarh-banquets-conferences-at-pushkara-sarovar-portico,banquet,true,true
/hotels/radha-hometel-bangalore/banquets/radha-hometel-bangalore-meetings-events-at-radha-hometel-bangalore,banquet,true,true
/hotels/radisson-hyderabad--hitec/banquets/radisson-hyderabad-hitec-meetings-events-at-radisson-hyderabad-hitec-by-the-radisson-hotel-group-managed-by-sarovar-hotels,banquet,true,true
/hotels/radisson-mumbai-goregaon/banquets/radisson-mumbai-goregaon-meetings-events-at-radisson-mumbai-goregaon-by-the-radisson-hotel-group-managed-by-sarovar-hotels,banquet,true,true
/hotels/rbd-sarovar-portico-outer-ring-road-bengaluru/banquets/rbd-sarovar-portico-outer-ring-road-bengaluru-crystal-palace-at-rbd-sarovar-portico-outer-ring-road-bengaluru,banquet,true,true
/hotels/riviera-sarovar-portico-pathankot/banquets/riviera-sarovar-portico-pathankot-sapphire-i-versatile-mid-sized-venue-for-gatherings,banquet,true,true
/hotels/riviera-sarovar-portico-pathankot/banquets/riviera-sarovar-portico-pathankot-sapphire-ii-elegant-space-for-social-corporate-events,banquet,true,true
/hotels/riviera-sarovar-portico-pathankot/banquets/riviera-sarovar-portico-pathankot-sapphire-where-grand-celebrations-take-centre-stage,banquet,true,true
/hotels/royal-hometel-suites-dahisar-mumbai/banquets/royal-hometel-suites-dahisar-mumbai-meetings-events-at-royal-hometel-suites,banquet,true,true
/hotels/royal-kingdom-sarovar-portico-pilibhit/banquets/royal-kingdom-sarovar-portico-pilibhit-kitty-hall,banquet,true,true
/hotels/royal-kingdom-sarovar-portico-pilibhit/banquets/royal-kingdom-sarovar-portico-pilibhit-victoria-hall,banquet,true,true
/hotels/royal-sarovar-portico-siliguri/banquets/royal-sarovar-portico-siliguri-meetings-events-at-royal-sarovar-portico-siliguri,banquet,true,true
/hotels/royal-tulip-chitwan/banquets/royal-tulip-chitwan-dhyan-sadan-state-of-the-art-boardroom-for-productive-meetings,banquet,true,true
/hotels/royal-tulip-chitwan/banquets/royal-tulip-chitwan-gyan-sadan-your-ideal-venue-for-meetings-and-events,banquet,true,true
/hotels/royal-tulip-kathmandu-shivapuri-national-park/banquets/royal-tulip-kathmandu-shivapuri-national-park-daphne-garden-i-open-air-elegance-amid-lush-greenery,banquet,true,true
/hotels/royal-tulip-chitwan/banquets/royal-tulip-chitwan-veda-sadan-versatile-banquet-hall-for-weddings-corporate-events-and-mice-gatherings,banquet,true,true
/hotels/royal-tulip-kathmandu-shivapuri-national-park/banquets/royal-tulip-kathmandu-shivapuri-national-park-daphne-garden-ii-our-elegant-outdoor-event-venue-in-kathmandu,banquet,true,true
/hotels/royal-tulip-kathmandu-shivapuri-national-park/banquets/royal-tulip-kathmandu-shivapuri-national-park-royal-arena-amphitheatre-tiered-seating-amid-scenic-views,banquet,true,true
/hotels/royal-tulip-kathmandu-shivapuri-national-park/banquets/royal-tulip-kathmandu-shivapuri-national-park-shivpuri-hall-host-events-with-luxurious-indoors-open-air-charm,banquet,true,true
/hotels/royal-tulip-kathmandu/banquets/royal-tulip-kathmandu-dhaulagiri-for-focused-conversations-that-matter,banquet,true,true
/hotels/royal-tulip-kathmandu/banquets/royal-tulip-kathmandu-gaurishankar-elevate-every-event-with-a-view,banquet,true,true
/hotels/royal-tulip-kathmandu/banquets/royal-tulip-kathmandu-kanchenjunga-versatile-venue-for-inspired-exchange,banquet,true,true
/hotels/royal-tulip-kathmandu/banquets/royal-tulip-kathmandu-langtang-where-collaboration-comes-naturally,banquet,true,true
/hotels/royal-tulip-kathmandu/banquets/royal-tulip-kathmandu-lhotse-where-grand-gatherings-take-shape,banquet,true,true
/hotels/royal-tulip-kathmandu/banquets/royal-tulip-kathmandu-makalu-a-smart-space-for-small-group-synergy,banquet,true,true
/hotels/royal-tulip-kathmandu/banquets/royal-tulip-kathmandu-manaslu-practicality-meets-professionalism,banquet,true,true
/hotels/royal-tulip-kathmandu/banquets/royal-tulip-kathmandu-nilgiri-a-quiet-space-for-clear-thinking,banquet,true,true
/hotels/royal-tulip-kathmandu/banquets/royal-tulip-kathmandu-nuptse-a-social-space-that-blends-seamlessly,banquet,true,true
/hotels/royal-tulip-kathmandu/banquets/royal-tulip-kathmandu-sagarmatha-the-crown-jewel-of-kathmandu-events,banquet,true,true
/hotels/sairafort-sarovar-portico-jaisalmer/banquets/sairafort-sarovar-portico-jaisalmer-meetings-events-at-sairafort-sarovar-portico-jaisalmer,banquet,true,true
/hotels/sairafort-sarovar-portico-jaisalmer/banquets/sairafort-sarovar-portico-jaisalmer-lawns-at-sairafort-sarovar-portico-jaisalmer,banquet,true,true
/hotels/sarovar-ahmedabad/banquets/sarovar-ahmedabad-chancellor-court-a-contemporary-banquet-hall-in-ahmedabad,banquet,true,true
/hotels/sarovar-portico-ajmer/banquets/sarovar-portico-ajmer-ruby-where-every-meeting-leaves-a-mark,banquet,true,true
/hotels/sarovar-portico-ajmer/banquets/sarovar-portico-ajmer-sapphire-i-party-with-a-view-in-the-heart-of-ajmer,banquet,true,true
/hotels/sarovar-portico-ajmer/banquets/sarovar-portico-ajmer-sapphire-ii-where-city-views-meet-perfect-celebrations,banquet,true,true
/hotels/sarovar-portico-bhubaneswar/banquets/sarovar-portico-bhubaneswar-drive-productivity-at-the-forum,banquet,true,true
/hotels/sarovar-portico-bhubaneswar/banquets/sarovar-portico-bhubaneswar-celebrate-big-at-the-pavilion-garden-venue,banquet,true,true
/hotels/sarovar-portico-bhubaneswar/banquets/sarovar-portico-bhubaneswar-the-regal-designed-to-fit-every-occasion,banquet,true,true
/hotels/sarovar-portico-bhubaneswar/banquets/sarovar-portico-bhubaneswar-the-regency-your-venue-your-way,banquet,true,true
/hotels/sarovar-portico-bhubaneswar/banquets/sarovar-portico-bhubaneswar-water-lilli-celebrate-by-the-pool,banquet,true,true
/hotels/sarovar-portico-birgunj/banquets/sarovar-portico-birgunj-annapurna-i,banquet,true,true
/hotels/sarovar-portico-birgunj/banquets/sarovar-portico-birgunj-annapurna-ii,banquet,true,true
/hotels/sarovar-portico-birgunj/banquets/sarovar-portico-birgunj-aura,banquet,true,true
/hotels/sarovar-portico-birgunj/banquets/sarovar-portico-birgunj-everest,banquet,true,true
/hotels/sarovar-portico-birgunj/banquets/sarovar-portico-birgunj-the-aura-terrace,banquet,true,true
/hotels/sarovar-portico-dehradun/banquets/sarovar-portico-dehradun-meetings-events-at-sarovar-portico-dehradun,banquet,true,true
/hotels/sarovar-portico-hanumangarh/banquets/sarovar-portico-hanumangarh-lawn-a-grand-setting-for-celebrations-under-the-sky,banquet,true,true
/hotels/sarovar-portico-hanumangarh/banquets/sarovar-portico-hanumangarh-sapphire-where-celebrations-take-centre-stage,banquet,true,true
/hotels/sarovar-portico-sonipat/banquets/sarovar-portico-sonipat-garnet,banquet,true,true
/hotels/sarovar-portico-sonipat/banquets/sarovar-portico-sonipat-grand-crystal,banquet,true,true
/hotels/sarovar-portico-sonipat/banquets/sarovar-portico-sonipat-opal,banquet,true,true
/hotels/sarovar-portico-sriperumbudur/banquets/sarovar-portico-sriperumbudur-boardroom-private-space-for-executive-meetings-team-discussions,banquet,true,true
/hotels/sarovar-portico-sriperumbudur/banquets/sarovar-portico-sriperumbudur-crescent-private-meeting-room-for-focused-business-sessions,banquet,true,true
/hotels/sarovar-portico-sriperumbudur/banquets/sarovar-portico-sriperumbudur-summit-grand-venue-for-celebrations-conferences,banquet,true,true
/hotels/sarovar-portico-sriperumbudur/banquets/sarovar-portico-sriperumbudur-senate-versatile-venue-for-mid-sized-corporate-social-events,banquet,true,true
/hotels/sarovar-portico-surajkund/banquets/sarovar-portico-surajkund-banquets-conferences-at-sarovar-portico-surajkund,banquet,true,true
/hotels/sarovar-premiere-alwar/banquets/sarovar-premiere-alwar-maharaja-a-premium-event-venue-in-alwar,banquet,true,true
/hotels/sarovar-premiere-alwar/banquets/sarovar-premiere-alwar-maharani-1-an-elegant-banquet-hall-in-alwar,banquet,true,true
/hotels/sarovar-premiere-alwar/banquets/sarovar-premiere-alwar-maharani-2-a-refined-event-space-in-alwar,banquet,true,true
/hotels/sarovar-premiere-amritsar/banquets/sarovar-premiere-amritsar-banquet-lawns-redefining-wedding-lawns-in-amritsar,banquet,true,true
/hotels/sarovar-premiere-amritsar/banquets/sarovar-premiere-amritsar-pearl-for-your-gleaming-celebrations-in-amritsar,banquet,true,true
/hotels/sarovar-premiere-amritsar/banquets/sarovar-premiere-amritsar-royal-ballroom-for-seamless-social-and-corporate-gatherings,banquet,true,true
/hotels/sarovar-premiere-srinagar/banquets/sarovar-premiere-srinagar-habba-khatoon-banquet-hall-in-srinagar,banquet,true,true
/hotels/sea-breeze-sarovar-portico-varca-goa/banquets/sea-breeze-sarovar-portico-varca-goa-tempest-at-sea-breeze-sarovar-portico-varca-goa,banquet,true,true
/hotels/sea-breeze-sarovar-portico-varca-goa/banquets/sea-breeze-sarovar-portico-varca-goa-aqua-at-sea-breeze-sarovar-portico-varca-goa,banquet,true,true
/hotels/sea-breeze-sarovar-portico-varca-goa/banquets/sea-breeze-sarovar-portico-varca-goa-tide-at-sea-breeze-sarovar-portico-varca-goa,banquet,true,true
/hotels/serene-premiere-hargeisa/banquets/serene-premiere-hargeisa-bander-wanaag-a-hall-as-big-as-your-event,banquet,true,true
/hotels/serene-premiere-hargeisa/banquets/serene-premiere-hargeisa-business-centre-built-for-business-travellers-on-the-go,banquet,true,true
/hotels/serene-premiere-hargeisa/banquets/serene-premiere-hargeisa-meeting-room-1-where-business-meets-success,banquet,true,true
/hotels/serene-premiere-hargeisa/banquets/serene-premiere-hargeisa-meeting-room-2-designed-for-success-comfort,banquet,true,true
/hotels/serene-premiere-hargeisa/banquets/serene-premiere-hargeisa-meeting-room-3-high-end-boardroom-for-key-discussions,banquet,true,true
/hotels/serene-premiere-hargeisa/banquets/serene-premiere-hargeisa-ramad-cosy-equipped-and-ready-for-you,banquet,true,true
/hotels/serene-premiere-hargeisa/banquets/serene-premiere-hargeisa-rental-offices-private-cabins-a-high-tech-boardroom,banquet,true,true
/hotels/shyama-sarovar-portico-orai/banquets/shyama-sarovar-portico-orai-daffodil,banquet,true,true
/hotels/shyama-sarovar-portico-orai/banquets/shyama-sarovar-portico-orai-euphorbia,banquet,true,true
/hotels/shyama-sarovar-portico-orai/banquets/shyama-sarovar-portico-orai-hibiscus,banquet,true,true
/hotels/shyama-sarovar-portico-orai/banquets/shyama-sarovar-portico-orai-lotus-garden,banquet,true,true
/hotels/shyama-sarovar-portico-orai/banquets/shyama-sarovar-portico-orai-lotus,banquet,true,true
/hotels/shyama-sarovar-portico-orai/banquets/shyama-sarovar-portico-orai-poolside,banquet,true,true
/hotels/singhania-sarovar-portico-raipur/banquets/singhania-sarovar-portico-raipur-chambers-meeting-halls-at-singhania-sarovar-portico-raipur,banquet,true,true
/hotels/skywings-sarovar-portico-mathura/banquets/skywings-sarovar-portico-mathura-aanandam-i-your-ideal-banquet-space-in-mathura,banquet,true,true
/hotels/skywings-sarovar-portico-mathura/banquets/skywings-sarovar-portico-mathura-aanandam-ii-an-elegant-space-for-intimate-gatherings,banquet,true,true
/hotels/skywings-sarovar-portico-mathura/banquets/skywings-sarovar-portico-mathura-anandam-the-perfect-banquet-hall-in-mathura,banquet,true,true
/hotels/skywings-sarovar-portico-mathura/banquets/skywings-sarovar-portico-mathura-sanskriti-plan-your-next-meeting-at-our-boardroom-in-mathura,banquet,true,true
/hotels/sobit-sarovar-portico-palolem-beach-hotel-goa/banquets/sobit-sarovar-portico-palolem-beach-hotel-goa-meetings-events-at-sobit-sarovar-portico-goa,banquet,true,true
/hotels/taurus-hotel-mahipalpur-new-delhi/banquets/taurus-hotel-mahipalpur-new-delhi-meetings-events-at-taurus-sarovar-portico-new-delhi-near-igi-airport,banquet,true,true
/hotels/the-gaurs-sarovar-premiere/banquets/the-gaurs-sarovar-premiere-the-best-banquet-halls-in-greater-noida,banquet,true,true
/hotels/the-gokulam-park-kochi/banquets/the-gokulam-park-kochi-meetings-events-at-the-gokulam-park-kochi,banquet,true,true
/hotels/the-muse-sarovar-portico-nehru-place-new-delhi/banquets/the-muse-sarovar-portico-nehru-place-new-delhi-meetings-events-at-the-muse-sarovar-portico-nehru-place-new-delhi,banquet,true,true
/hotels/tulip-inn-bhopal/banquets/tulip-inn-bhopal-host-your-events-in-style-at-emerald,banquet,true,true
/hotels/tulip-inn-bhopal/banquets/tulip-inn-bhopal-palm-court-your-perfect-event-space,banquet,true,true
/hotels/tulip-inn-bhopal/banquets/tulip-inn-bhopal-royal-court-where-events-shine,banquet,true,true
/hotels/tulip-inn-bhopal/banquets/tulip-inn-bhopal-unleash-the-potential-of-every-event-at-sapphire,banquet,true,true
/hotels/tulip-inn-gurugram-near-medanta/banquets/tulip-inn-gurugram-near-medanta-emerald-a-our-sophisticated-space-for-gatherings-business,banquet,true,true
/hotels/tulip-inn-gurugram-near-medanta/banquets/tulip-inn-gurugram-near-medanta-emerald-b-where-every-event-comes-together,banquet,true,true
/hotels/tulip-inn-gurugram-near-medanta/banquets/tulip-inn-gurugram-near-medanta-terrace-intimate-events-under-the-open-sky,banquet,true,true
/hotels/tulip-inn-koramangala/banquets/tulip-inn-koramangala-celebrate-your-occassions-in-grandeur-at-tulip-inn,banquet,true,true
/hotels/tulip-inn-shravasti/banquets/tulip-inn-shravasti-boardroom,banquet,true,true
/hotels/tulip-inn-shravasti/banquets/tulip-inn-shravasti-hall-1-banquet-hall-in-shravasti,banquet,true,true
/hotels/tulip-inn-shravasti/banquets/tulip-inn-shravasti-lawn-area,banquet,true,true
/hotels/tulip-inn-zirakpur/banquets/tulip-inn-zirakpur-mystic-a-banquet-hall-that-adapts-to-your-needs,banquet,true,true
/hotels/tulip-inn-zirakpur/banquets/tulip-inn-zirakpur-zurich-a-chic-conference-hall-in-zirakpur,banquet,true,true
/hotels/v-sarovar-portico-mi-road-jaipur/banquets/v-sarovar-portico-mi-road-jaipur-boardroom-i-at-v-sarovar-portico-mi-road-jaipur,banquet,true,true
/hotels/v-sarovar-portico-mi-road-jaipur/banquets/v-sarovar-portico-mi-road-jaipur-regal-i-at-v-sarovar-portico-mi-road-jaipur,banquet,true,true
/hotels/v-sarovar-portico-mi-road-jaipur/banquets/v-sarovar-portico-mi-road-jaipur-boardroom-ii-at-v-sarovar-portico-mi-road-jaipur,banquet,true,true
/hotels/v-sarovar-portico-mi-road-jaipur/banquets/v-sarovar-portico-mi-road-jaipur-regal-ii-at-v-sarovar-portico-mi-road-jaipur,banquet,true,true
/hotels/vaishnodevi-portico-katra/banquets/vaishnodevi-portico-katra-meetings-events-at-the-vaishnodevi-sarovar-portico-katra,banquet,true,true
/hotels/vandhara-sarovar-premiere-patkote/banquets/vandhara-sarovar-premiere-patkote-nakshatra-hall-i-a-stellar-stage-for-your-celebrations,banquet,true,true
/hotels/vandhara-sarovar-premiere-patkote/banquets/vandhara-sarovar-premiere-patkote-nakshatra-hall-ii-elevate-your-meetings-intimate-gatherings,banquet,true,true
/hotels/vandhara-sarovar-premiere-patkote/banquets/vandhara-sarovar-premiere-patkote-nakshatra-lawn-celebrate-like-a-star,banquet,true,true
/hotels/venizia-sarovar-portico-in-new-delhi/banquets/venizia-sarovar-portico-in-new-delhi-meetings-events-at-venizia-sarovar-portico-new-delhi,banquet,true,true
/hotels/viraj-sarovar-portico-jammu/banquets/viraj-sarovar-portico-jammu-board-room-at-viraj-sarovar-portico-jammu,banquet,true,true
/hotels/viraj-sarovar-portico-jammu/banquets/viraj-sarovar-portico-jammu-coral-banquet-hall-at-viraj-sarovar-portico-jammu,banquet,true,true
/hotels/viraj-sarovar-portico-jammu/banquets/viraj-sarovar-portico-jammu-emerald-2-hall-at-viraj-sarovar-portico-jammu,banquet,true,true
/hotels/viraj-sarovar-portico-jammu/banquets/viraj-sarovar-portico-jammu-emerald-hall-at-viraj-sarovar-portico-jammu,banquet,true,true
/hotels/viraj-sarovar-portico-jammu/banquets/viraj-sarovar-portico-jammu-sapphire-hall-at-viraj-sarovar-portico-jammu,banquet,true,true
/hotels/viraj-sarovar-portico-jammu/banquets/viraj-sarovar-portico-jammu-the-grand-lawns-at-viraj-sarovar-portico-jammu,banquet,true,true
/hotels/golden-tulip-hotel-in-jaipur/banquets/golden-tulip-hotel-in-jaipur-meeting-room,banquet,true,true
/hotels/aditya-hometel-hyderabad/nearby/aditya-hometel-hyderabad-tourist-places-in-hyderabad-explore-the-entrancing-city,attraction,true,true
/hotels/ambar-sarovar-portico-gandhidham-hotel/nearby/ambar-sarovar-portico-gandhidham-hotel-explore-gandhidham-top-tourist-places-in-gandhidham,attraction,true,true
/hotels/aditya-park-hyderabad/nearby/aditya-park-hyderabad-explore-hyderabad,attraction,true,true
/hotels/ambrosia-sarovar-portico-haridwar/nearby/ambrosia-sarovar-portico-haridwar-explore-haridwar,attraction,true,true
/hotels/balaji-sarovar-premiere-solapur/nearby/balaji-sarovar-premiere-solapur-explore-solapur,attraction,true,true
/hotels/bellevue-sarovar-premiere-junagadh/nearby/bellevue-sarovar-premiere-junagadh-visit-tourist-places-as-you-stay-in-our-junagadh-hotel,attraction,true,true
/hotels/classic-sarovar-portico-thiruvananthapuram/nearby/classic-sarovar-portico-thiruvananthapuram-things-to-do-in-thiruvananthapuram,attraction,true,true
/hotels/davanam-sarovar-portico-suites-bangalore/nearby/davanam-sarovar-portico-suites-bangalore-explore-bangalore-well-known-tourist-places-in-bangalore,attraction,true,true
/hotels/deventure-sarovar-portico--kapashera-new-delhi/nearby/deventure-sarovar-portico-kapashera-new-delhi-things-to-do-in-delhi,attraction,true,true
/hotels/efcee-sarovar-portico-bhavnagar/nearby/efcee-sarovar-portico-bhavnagar-explore-bhavnagar,attraction,true,true
/hotels/golden-sarovar-portico-amritsar/nearby/golden-sarovar-portico-amritsar-explore-amritsar,attraction,true,true
/hotels/golden-tulip-essential-jaipur/nearby/golden-tulip-essential-jaipur-explore-jaipur,attraction,true,true
/hotels/golden-tulip-lucknow/nearby/golden-tulip-lucknow-explore-lucknow-cuisines,attraction,true,true
/hotels/golden-tulip-srinagar/nearby/golden-tulip-srinagar-things-to-do-in-srinagar,attraction,true,true
/hotels/grand-continent-malleshwaram-bangalore/nearby/grand-continent-malleshwaram-bangalore-explore-bangalore,attraction,true,true
/hotels/hometel-chandigarh/nearby/hometel-chandigarh-explore-the-best-of-chandigarh,attraction,true,true
/hotels/hometel-roorkee/nearby/hometel-roorkee-explore-roorkee,attraction,true,true
/hotels/la-place-sarovar-portico-lucknow/nearby/la-place-sarovar-portico-lucknow-explore-lucknow,attraction,true,true
/hotels/le-dupleix-pondicherry/nearby/le-dupleix-pondicherry-activities,attraction,true,true
/hotels/le-dupleix-pondicherry/nearby/le-dupleix-pondicherry-heritage,attraction,true,true
/hotels/le-dupleix-pondicherry/nearby/le-dupleix-pondicherry-shopping,attraction,true,true
/hotels/le-lac-sarovar-ranchi/nearby/le-lac-sarovar-ranchi-explore-ranchi,attraction,true,true
/hotels/legend-sarovar-portico/nearby/legend-sarovar-portico-explore-baddi,attraction,true,true
/hotels/mahagun-sarovar-portico-suites-vaishali/nearby/mahagun-sarovar-portico-suites-vaishali-explore-vaishali,attraction,true,true
/hotels/majestic-court-sarovar-portico-navi-mumbai/nearby/majestic-court-sarovar-portico-navi-mumbai-things-to-do-in-mumbai,attraction,true,true
/hotels/marasa-sarovar-portico-rajkot/nearby/marasa-sarovar-portico-rajkot-explore-rajkot,attraction,true,true
/hotels/marasa-sarovar-premiere-bodhgaya/nearby/marasa-sarovar-premiere-bodhgaya-explore-bodhgaya,attraction,true,true
/hotels/marasa-sarovar-premiere-tirupati-hotels/nearby/marasa-sarovar-premiere-tirupati-hotels-4-must-visit-temples-in-tirupati,attraction,true,true
/hotels/marigold-sarovar-portico-mashobra-shimla/nearby/marigold-sarovar-portico-mashobra-shimla-explore-shimla,attraction,true,true
/hotels/marine-plaza-mumbai/nearby/marine-plaza-mumbai-explore-mumbai,attraction,true,true
/hotels/neelkanth-sarovar-premiere-lusaka/nearby/neelkanth-sarovar-premiere-lusaka-explore-lusaka,attraction,true,true
/hotels/nidhivan-sarovar-portico-vrindavan/nearby/nidhivan-sarovar-portico-vrindavan-explore-vrindavan,attraction,true,true
/hotels/nirvana-sarovar-portico-gorakhpur/nearby/nirvana-sarovar-portico-gorakhpur-a-tryst-with-food,attraction,true,true
/hotels/nirvana-sarovar-portico-gorakhpur/nearby/nirvana-sarovar-portico-gorakhpur-explore-gorakhpur,attraction,true,true
/hotels/nirwana-hometel-jaipur-sarovar/nearby/nirwana-hometel-jaipur-sarovar-things-to-do-in-jaipur,attraction,true,true
/hotels/paradigm-sarovar-kakinada/nearby/paradigm-sarovar-kakinada-explore-kakinada,attraction,true,true
/hotels/park-inn-gurgaon/nearby/park-inn-gurgaon-explore-gurgaon,attraction,true,true
/hotels/Park-Inn-Radisson-Goa-Candolim/nearby/park-inn-radisson-goa-candolim-explore-goa,attraction,true,true
/hotels/park-plaza-faridabad/nearby/park-plaza-faridabad-surajkund-mela,attraction,true,true
/hotels/park-plaza-jodhpur/nearby/park-plaza-jodhpur-top-places-to-visit-in-jodhpur,attraction,true,true
/hotels/park-plaza-ludhiana/nearby/park-plaza-ludhiana-things-to-do-in-ludhiana,attraction,true,true
/hotels/park-plaza-shahadra--east-delhi/nearby/park-plaza-shahadra-east-delhi-places-to-visit-in-delhi,attraction,true,true
/hotels/park-plaza-zirakpur/nearby/park-plaza-zirakpur-explore-zirakpur,attraction,true,true
/hotels/radha-hometel-bangalore/nearby/radha-hometel-bangalore-major-tech-hubs-in-bangalore,attraction,true,true
/hotels/radha-regent-chennai/nearby/radha-regent-chennai-explore-chennai-best-tourist-places-in-chennai,attraction,true,true
/hotels/radisson-blu--bengaluru-outer-ring-road/nearby/radisson-blu-bengaluru-outer-ring-road-explore-bangalore,attraction,true,true
/hotels/radisson-hyderabad--hitec/nearby/radisson-hyderabad-hitec-major-tech-hubs-in-hyderabad,attraction,true,true
/hotels/radisson-mumbai-goregaon/nearby/radisson-mumbai-goregaon-4-things-to-do-in-mumbai,attraction,true,true
/hotels/rbd-sarovar-portico-outer-ring-road-bengaluru/nearby/rbd-sarovar-portico-outer-ring-road-bengaluru-explore-bengaluru,attraction,true,true
/hotels/residency-sarovar-portico-mumbai/nearby/residency-sarovar-portico-mumbai-explore-mumbai,attraction,true,true
/hotels/rivera-sarovar-portico-ahmedabad/nearby/rivera-sarovar-portico-ahmedabad-explore-ahmedabad,attraction,true,true
/hotels/royal-sarovar-portico-siliguri/nearby/royal-sarovar-portico-siliguri-explore-siliguri,attraction,true,true
/hotels/royal-hometel-suites-dahisar-mumbai/nearby/royal-hometel-suites-dahisar-mumbai-explore-dahisar-mumbai,attraction,true,true
/hotels/rs-sarovar-portico-palampur/nearby/rs-sarovar-portico-palampur-explore-palampur,attraction,true,true
/hotels/sairafort-sarovar-portico-jaisalmer/nearby/sairafort-sarovar-portico-jaisalmer-explore-jaisalmer,attraction,true,true
/hotels/sarovar-ahmedabad/nearby/sarovar-ahmedabad-explore-ahmedabad,attraction,true,true
/hotels/sarovar-portico-badrinath-uttarakhand/nearby/sarovar-portico-badrinath-uttarakhand-explore-badrinath,attraction,true,true
/hotels/sarovar-portico-dehradun/nearby/sarovar-portico-dehradun-explore-dehradun,attraction,true,true
/hotels/sarovar-portico-jaipur/nearby/sarovar-portico-jaipur-explore-jaipur,attraction,true,true
/hotels/sarovar-portico-jalandhar/nearby/sarovar-portico-jalandhar-explore-jalandhar,attraction,true,true
/hotels/sarovar-portico-morbi/nearby/sarovar-portico-morbi-places-to-visit-in-morbi,attraction,true,true
/hotels/sarovar-portico-naraina-new-delhi/nearby/sarovar-portico-naraina-new-delhi-4-must-visit-historical-monuments,attraction,true,true
/hotels/sarovar-portico-somnath/nearby/sarovar-portico-somnath-explore-somnath,attraction,true,true
/hotels/sarovar-portico-surajkund/nearby/sarovar-portico-surajkund-must-visit-places-in-surajkund,attraction,true,true
/hotels/sarovar-premiere-jaipur/nearby/sarovar-premiere-jaipur-explore-jaipur,attraction,true,true
/hotels/shravanthi-sarovar-portico-bengaluru/nearby/shravanthi-sarovar-portico-bengaluru-explore-bengaluru,attraction,true,true
/hotels/singhania-sarovar-portico-raipur/nearby/singhania-sarovar-portico-raipur-explore-raipur,attraction,true,true
/hotels/taurus-hotel-mahipalpur-new-delhi/nearby/taurus-hotel-mahipalpur-new-delhi-must-visit-places-in-delhi,attraction,true,true
/hotels/the-ashtan-sarovar-portico-new-delhi/nearby/the-ashtan-sarovar-portico-new-delhi-top-tourist-attractions-in-new-delhi,attraction,true,true
/hotels/the-gaurs-sarovar-premiere/nearby/the-gaurs-sarovar-premiere-places-to-visit-in-greater-noida,attraction,true,true
/hotels/the-gokulam-park-kochi/nearby/the-gokulam-park-kochi-explore-kochi,attraction,true,true
/hotels/the-heron-portico-nairobi/nearby/the-heron-portico-nairobi-explore-nairobi,attraction,true,true
/hotels/the-muse-sarovar-portico-nehru-place-new-delhi/nearby/the-muse-sarovar-portico-nehru-place-new-delhi-things-to-in-new-delhi,attraction,true,true
/hotels/the-promenade-pondicherry/nearby/the-promenade-pondicherry-activities,attraction,true,true
/hotels/the-promenade-pondicherry/nearby/the-promenade-pondicherry-heritage,attraction,true,true
/hotels/the-promenade-pondicherry/nearby/the-promenade-pondicherry-shopping,attraction,true,true
/hotels/viraj-sarovar-portico-jammu/nearby/viraj-sarovar-portico-jammu-explore-jammu,attraction,true,true
/destinations/delhi,destination,true,false
/destinations/jaipur,destination,true,true
/destinations/goa,destination,true,true
/destinations/mumbai,destination,true,true
/destinations/shimla,destination,true,false
/destinations/rishikesh,destination,true,false
/destinations/jim-corbett,destination,true,true
/destinations/ahmedabad,destination,true,true
/destinations/agra,destination,true,true
/destinations/dibrugarh,destination,true,true
/destinations/faridabad,destination,true,true
/destinations/ghaziabad-vaishali,destination,true,true
/destinations/gandhidham,destination,true,true
/destinations/gorakhpur,destination,true,true
/destinations/hanumangarh,destination,true,true
/destinations/gurugram,destination,true,true
/destinations/hargeisa,destination,true,true
/destinations/haridwar,destination,true,true
/destinations/hyderabad,destination,true,true
/destinations/indore,destination,true,true
/destinations/jalandhar,destination,true,true
/destinations/jaisalmer,destination,true,true
/destinations/jammu,destination,true,true
/destinations/jhansi,destination,true,true
/destinations/jodhpur,destination,true,true
/destinations/junagadh,destination,true,true
/destinations/kathmandu,destination,true,true
/destinations/kampala,destination,true,true
/destinations/katra,destination,true,true
/destinations/kochi,destination,true,true
/destinations/kolkata,destination,true,true
/destinations/kota,destination,true,true
/destinations/lucknow,destination,true,true
/destinations/latur,destination,true,true
/destinations/ludhiana,destination,true,true
/destinations/manali,destination,true,true
/destinations/lusaka-zambia,destination,true,true
/destinations/mathura-vrindavan,destination,true,true
/destinations/mashobra-shimla,destination,true,true
/destinations/morbi,destination,true,true
/destinations/mussoorie,destination,true,true
/destinations/mysore,destination,true,true
/destinations/nairobi-kenya,destination,true,true
/destinations/new-delhi,destination,true,true
/destinations/noida,destination,true,true
/destinations/orai,destination,true,true
/destinations/pahalgam,destination,true,true
/destinations/panipat,destination,true,true
/destinations/palampur,destination,true,true
/destinations/patkote,destination,true,true
/destinations/pathankot,destination,true,true
/destinations/pondicherry,destination,true,true
/destinations/pilibhit,destination,true,true
/destinations/raipur,destination,true,true
/destinations/poovar-island-kerala,destination,true,true
/destinations/ranchi,destination,true,true
/destinations/rajkot,destination,true,true
/destinations/roorkee,destination,true,true
/destinations/saharanpur,destination,true,true
/destinations/secunderabad,destination,true,true
/destinations/shrawasti,destination,true,true
/destinations/siliguri,destination,true,true
/destinations/sindhudurg,destination,true,true
/destinations/solapur,destination,true,true
/destinations/somnath,destination,true,true
/destinations/sonipat,destination,true,true
/destinations/srinagar,destination,true,true
/destinations/sriperumbudur,destination,true,true
/destinations/thiruvananthapuram,destination,true,true
/destinations/udaipur,destination,true,true
/destinations/mahabalipuram,destination,true,true
/destinations/alwar,destination,true,true
/destinations/ajmer,destination,true,true
/destinations/amritsar,destination,true,true
/destinations/ayodhya,destination,true,true
/destinations/baddi,destination,true,true
/destinations/badrinath,destination,true,true
/destinations/bangalore-bengaluru,destination,true,true
/destinations/bhavnagar,destination,true,true
/destinations/bhiwadi,destination,true,true
/destinations/bhimtal,destination,true,true
/destinations/bhubaneswar,destination,true,true
/destinations/bhopal,destination,true,true
/destinations/birgunj-nepal,destination,true,true
/destinations/bodhgaya,destination,true,true
/destinations/chennai,destination,true,true
/destinations/chandigarh,destination,true,true
/destinations/chitwan-nepal,destination,true,true
/destinations/dalhousie,destination,true,true
/destinations/deoghar,destination,true,true
/destinations/dehradun,destination,true,true
/destinations/hosur,destination,true,true
/destinations/kakinada,destination,true,true
/destinations/navi-mumbai,destination,true,true
/destinations/sasan-gir,destination,true,true
/destinations/tirupati,destination,true,true
/offers/early-bird-getaway,offer,true,false
/offers/honeymoon-bliss-package,offer,true,false
/offers/weekend-staycation-special,offer,true,false
/offers/mice-season-special,offer,true,false
/offers/aditya-hometel-hyderabad-book-direct-special-offer,offer,true,true
/offers/aditya-park-hyderabad-book-direct-offer,offer,true,true
/offers/ambar-sarovar-portico-gandhidham-hotel-book-direct-special-offer,offer,true,true
/offers/ambar-sarovar-portico-gandhidham-hotel-chef-made-my-breakfast-my-way,offer,true,true
/offers/ambar-sarovar-portico-gandhidham-hotel-flexi-check-in-and-check-out,offer,true,true
/offers/ambar-sarovar-portico-gandhidham-hotel-take-away-breakfast-with-early-checkout,offer,true,true
/offers/ambar-sarovar-portico-gandhidham-hotel-high-speed-browsing-at-no-charge,offer,true,true
/offers/ambrosia-sarovar-portico-haridwar-book-direct-special-offer,offer,true,true
/offers/balaji-sarovar-premiere-solapur-free-wi-fi,offer,true,true
/offers/bellevue-sarovar-premiere-junagadh-promotions,offer,true,true
/offers/classic-sarovar-portico-thiruvananthapuram-free-wi-fi,offer,true,true
/offers/davanam-sarovar-portico-suites-bangalore-book-direct-special-offer,offer,true,true
/offers/deventure-sarovar-portico-kapashera-new-delhi-free-wi-fi,offer,true,true
/offers/efcee-sarovar-portico-bhavnagar-book-direct-special-offer,offer,true,true
/offers/golden-sarovar-portico-amritsar-book-direct-special-offer,offer,true,true
/offers/golden-sarovar-portico-amritsar-chef-made-my-breakfast-my-way,offer,true,true
/offers/golden-sarovar-portico-amritsar-flexi-check-in-check-out,offer,true,true
/offers/golden-sarovar-portico-amritsar-high-speed-browsing-at-no-charge,offer,true,true
/offers/golden-sarovar-portico-amritsar-take-away-breakfast-with-early-check-out,offer,true,true
/offers/golden-tulip-candolim-goa-10-members-only-discount,offer,true,true
/offers/golden-tulip-candolim-goa-flat-30-discount,offer,true,true
/offers/golden-tulip-goa-mandrem-corporate-group-package-with-all-inclusive-35-rooms-70-guest,offer,true,true
/offers/golden-tulip-goa-mandrem-destination-wedding-exclusive-buyout-package-for-108-guest-with-all-inclusive,offer,true,true
/offers/golden-tulip-goa-mandrem-monsoon-bonanza,offer,true,true
/offers/golden-tulip-lucknow-ayodhya-tour-package,offer,true,true
/offers/golden-tulip-lucknow-book-direct-offer,offer,true,true
/offers/golden-tulip-lucknow-chef-made-my-breakfast-my-way,offer,true,true
/offers/golden-tulip-lucknow-flexi-check-in-check-out,offer,true,true
/offers/golden-tulip-lucknow-free-wi-fi,offer,true,true
/offers/golden-tulip-lucknow-high-speed-browsing-at-no-charge,offer,true,true
/offers/golden-tulip-lucknow-take-away-breakfast-with-early-check-out,offer,true,true
/offers/grand-continent-anjuna-flat-30-discount,offer,true,true
/offers/hometel-chandigarh-book-direct-special-offer,offer,true,true
/offers/hometel-chandigarh-diamond-packages-rs2199-taxes,offer,true,true
/offers/hometel-chandigarh-platinum-packages-2499-taxes,offer,true,true
/offers/hometel-chandigarh-silver-packages-rs1799-taxes,offer,true,true
/offers/hometel-roorkee-free-wi-fi,offer,true,true
/offers/la-place-sarovar-portico-lucknow-free-wi-fi-at-la-place-sarovar-portico-lucknow,offer,true,true
/offers/le-dupleix-pondicherry-lobster-nights-at-le-dupleix,offer,true,true
/offers/le-lac-sarovar-ranchi-free-wi-fi,offer,true,true
/offers/legend-sarovar-portico-book-direct-special-offer,offer,true,true
/offers/mahagun-sarovar-portico-suites-vaishali-book-direct-special-offer,offer,true,true
/offers/mahagun-sarovar-portico-suites-vaishali-free-wi-fi-at-mahagun-sarovar-portico-suites-vaishali,offer,true,true
/offers/majestic-court-sarovar-portico-navi-mumbai-free-wi-fi,offer,true,true
/offers/marasa-sarovar-portico-rajkot-free-wi-fi,offer,true,true
/offers/marasa-sarovar-premiere-tirupati-hotels-complimentary-wi-fi,offer,true,true
/offers/marigold-sarovar-portico-mashobra-shimla-book-direct-special-offer,offer,true,true
/offers/marigold-sarovar-portico-mashobra-shimla-weekend-weekdays-offer,offer,true,true
/offers/marine-plaza-mumbai-complimentary-wi-fi,offer,true,true
/offers/nataraj-sarovar-portico-jhansi-complimentary-wi-fi,offer,true,true
/offers/nirvana-sarovar-portico-gorakhpur-book-direct-special-offer,offer,true,true
/offers/paradigm-sarovar-kakinada-free-wi-fi,offer,true,true
/offers/park-inn-gurgaon-free-wi-fi,offer,true,true
/offers/park-inn-radisson-goa-candolim-free-wi-fi,offer,true,true
/offers/park-plaza-faridabad-free-wi-fi,offer,true,true
/offers/park-plaza-jodhpur-free-wi-fi,offer,true,true
/offers/park-plaza-ludhiana-orient-blade-chinese-and-asian-cuisine,offer,true,true
/offers/park-plaza-ludhiana-panorama,offer,true,true
/offers/park-plaza-ludhiana-passion-lounge-bar,offer,true,true
/offers/park-plaza-shahadra-east-delhi-free-wi-fi,offer,true,true
/offers/park-plaza-zirakpur-free-wi-fi,offer,true,true
/offers/radha-hometel-bangalore-book-direct-special-offer,offer,true,true
/offers/radha-hometel-bangalore-complimentary-breakfast-offer,offer,true,true
/offers/radha-regent-chennai-book-direct-offer,offer,true,true
/offers/radisson-hyderabad-hitec-free-wi-fi,offer,true,true
/offers/radisson-mumbai-goregaon-free-wi-fi,offer,true,true
/offers/rbd-sarovar-portico-outer-ring-road-bengaluru-book-direct-special-offer,offer,true,true
/offers/residency-sarovar-portico-mumbai-free-wifi,offer,true,true
/offers/rivera-sarovar-portico-ahmedabad-book-direct-special-offer,offer,true,true
/offers/royal-sarovar-portico-siliguri-free-wi-fi,offer,true,true
/offers/sarovar-portico-badrinath-uttarakhand-book-direct-special-offer,offer,true,true
/offers/sarovar-portico-dehradun-high-speed-browsing-at-no-charge,offer,true,true
/offers/sarovar-portico-hanumangarh-direct-booking-offer,offer,true,true
/offers/sarovar-portico-jaipur-free-wifi,offer,true,true
/offers/sarovar-portico-jalandhar-free-wi-fi,offer,true,true
/offers/sarovar-portico-naraina-new-delhi-free-wi-fi,offer,true,true
/offers/sarovar-portico-somnath-book-direct,offer,true,true
/offers/sarovar-portico-surajkund-book-direct-special-offer,offer,true,true
/offers/sarovar-premiere-jaipur-day-conference-package,offer,true,true
/offers/sarovar-premiere-jaipur-free-wi-fi,offer,true,true
/offers/singhania-sarovar-portico-raipur-free-wi-fi,offer,true,true
/offers/skywings-sarovar-portico-mathura-winter-package,offer,true,true
/offers/sobit-sarovar-portico-palolem-beach-hotel-goa-book-direct-exclusive-website-offer,offer,true,true
/offers/sobit-sarovar-portico-palolem-beach-hotel-goa-travel-local-stay-local-live-the-new-normal,offer,true,true
/offers/taurus-hotel-mahipalpur-new-delhi-free-wi-fi,offer,true,true
/offers/the-ashtan-sarovar-portico-new-delhi-free-wifi,offer,true,true
/offers/the-gaurs-sarovar-premiere-book-direct-offer,offer,true,true
/offers/the-gokulam-park-kochi-free-wi-fi,offer,true,true
/offers/the-muse-sarovar-portico-nehru-place-new-delhi-free-wi-fi,offer,true,true
/offers/tulip-inn-gurugram-near-medanta-medanta-care-stay-package,offer,true,true
/blogs.html,page,true,true
/our-destinations.html,page,true,true
/about-us.html,page,true,true
/about-us/discover.html,page,true,true
/about-us/our-brands.html,page,true,true
/about-us/our-team.html,page,true,true
/careers.html,page,true,true
/careers/careers.html,page,true,true
/contact-us/contact-sarovar-hotels.html,page,true,true
/events/meetings-and-events.html,page,true,true
/hotel-directory/hotel-directory.html,page,true,true
/amex-offer-terms-and-conditions.html,page,true,true
/disclaimer.html,page,true,true
/elder-stay-package.html,page,true,true
/golden-tulip.html,page,true,true
/foodgully.html,page,true,true
/manage-booking.html,page,true,true
/happiness-sarovar.html,page,true,true
/mountain-destinations.html,page,true,true
/offers.html,page,true,true
/opening-soon.html,page,true,true
/secretarial.html,page,true,true
/sitemap.html,page,true,true
/weddings.html,page,true,true
/awards/awards.html,page,true,true
/beyond-consultancy/beyond-consultancy.html,page,true,true
/experiences/business-hotels.html,page,true,true
/experiences/leisure-hotels.html,page,true,true
/experiences/pilgrimage-hotels.html,page,true,true
/flash-sale/flash-sale.html,page,true,true
/happiness-sarovar/get-the-best-weekend-weekdays-offer-at-our-mashobra-hotel.html,page,true,true
/happiness-sarovar/rs-sarovar-portico---summer-holiday-offers.html,page,true,true
/home-delivery/home-delivery.html,page,true,true
/lywwh/city-package.html,page,true,true
/lywwh/estuary-sarovar-premiere-poovar.html,page,true,true
/newsroom/newsroom.html,page,true,true
/newsletter/newsletter.html,page,true,true
/offers/mice-offers.html,page,true,true
/offers/sarovar-hotels-x-fly91.html,page,true,true
/offers/why-book-direct.html,page,true,true
/partner-with-us/corporate-travel-agents.html,page,true,true
/partner-with-us/hotel-partner.html,page,true,true
/privacy-policy/privacy-policy.html,page,true,true
/partner-with-us/vendors-and-suppliers.html,page,true,true
/spin-and-win/spin-and-win.html,page,true,true
/summer-offer/special-summer-offer.html,page,true,true
/terms-and-conditions/terms-and-conditions.html,page,true,true
/weddings/terms-conditions-of-wedding-packages.html,page,true,true
/blog/blogs-an-escape-to-poovar-island,article,true,true
/blog/blogs-beautiful-locations-to-get-married-in-this-summer,article,true,true
/blog/blogs-best-beaches-to-visit-in-goa,article,true,true
/blog/blogs-best-destinations-for-drivable-holidays-over-long-weekends,article,true,true
/blog/blogs-best-places-to-visit-in-agra,article,true,true
/blog/blogs-best-summer-destinations-in-india,article,true,true
/blog/blogs-easter-recipe,article,true,true
/blog/blogs-enjoy-divine-experience-in-mathura,article,true,true
/blog/blogs-experience-chandigarh-culture-food-architecture,article,true,true
/blog/blogs-experience-mashobra-with-marigold-sarovar-portico,article,true,true
/blog/blogs-experience-the-best-attractions-of-kerala,article,true,true
/blog/blogs-experience-the-glorious-past-of-agra-with-sarovar-hotels,article,true,true
/blog/blogs-experiential-things-to-do-in-bhimtal,article,true,true
/blog/blogs-explore-the-beauty-of-jaisalmer,article,true,true
/blog/blogs-explore-the-best-of-palampur,article,true,true
/blog/blogs-explore-the-city-of-jhansi,article,true,true
/blog/blogs-explore-the-rich-heritage-of-pondicherry-with-sarovar-hotels,article,true,true
/blog/blogs-explore-the-royal-capital-of-rajasthan,article,true,true
/blog/blogs-following-the-food-trail-in-gujarat,article,true,true
/blog/blogs-food-trail-through-north-east-india,article,true,true
/blog/blogs-hidden-gems-of-andhra-pradesh-that-you-must-visit,article,true,true
/blog/blogs-hidden-gems-sasan-gir-junagadh-jaisalmer-and-south-goa,article,true,true
/blog/blogs-india-during-monsoons,article,true,true
/blog/blogs-mashobra-a-safe-place-to-travel-to,article,true,true
/blog/blogs-most-popular-places-to-visit-in-jaipur,article,true,true
/blog/blogs-nutritious-homemade-meals-with-sarovars-ghar-ka-khana,article,true,true
/blog/blogs-places-to-visit-in-maharashtra-this-monsoon,article,true,true
/blog/blogs-rajasthan-a-unique-summer-destination-in-india,article,true,true
/blog/blogs-rediscover-india-bodhgaya,article,true,true
/blog/blogs-rediscover-india-delhi-ncr,article,true,true
/blog/blogs-rediscover-india-dibrugarh,article,true,true
/blog/blogs-rediscover-india-jaisalmer,article,true,true
/blog/blogs-rediscover-india-mussoorie,article,true,true
/blog/blogs-rediscover-india-palampur,article,true,true
/blog/blogs-rejoice-amid-the-ethereal-vistas-of-shimla,article,true,true
/blog/blogs-revel-in-the-mesmerizing-beauty-of-gangtok,article,true,true
/blog/blogs-romantic-things-to-do-during-valentines-day,article,true,true
/blog/blogs-take-your-life-on-a-holiday-drive-down-kerala-getaway-awaits,article,true,true
/blog/blogs-the-alluring-poovar-island,article,true,true
/blog/blogs-the-mountains-beckon-this-january,article,true,true
/blog/blogs-things-to-do-in-vaishali-corporate-business-hubs,article,true,true
/blog/blogs-top-5-places-to-explore-in-mashobra,article,true,true
/blog/blogs-top-5-places-to-visit-in-kerala-with-sarovar-hotels,article,true,true
/blog/blogs-tourists-guide-and-top-attractions-in-new-delhi,article,true,true
/blog/blogs-travel-restrictions-across-india,article,true,true
/blog/blogs-workation-destinations-in-india,article,true,true
/,static-route,true,n/a
/hotels,static-route,true,n/a
/destinations,static-route,true,n/a
/offers,static-route,true,n/a
/blog,static-route,true,n/a
/weddings-events,static-route,true,n/a
