path,final_status,redirect_chain,hops,response_ms,canonical,title,has_meta_desc,has_jsonld,issues
/hotels/sarovar-premiere-delhi/rooms,200,200,0,47,,Rooms & Suites | Sarovar Premiere Delhi | Sarovar Hotels,false,false,missing_meta_description|missing_canonical
/hotels/sarovar-premiere-delhi/gallery,200,200,0,77,,Gallery | Sarovar Premiere Delhi | Sarovar Hotels,true,false,missing_canonical
/hotels/sarovar-premiere-delhi/nearby,200,200,0,87,,Nearby Attractions | Sarovar Premiere Delhi | Sarovar Hotels,true,false,missing_canonical
/hotels/sarovar-portico-jaipur,200,200,0,100,,"Sarovar Portico, Jaipur | Sarovar Hotels",true,false,missing_canonical
/hotels/sarovar-premiere-delhi/dining,200,200,0,125,,Dining | Sarovar Premiere Delhi | Sarovar Hotels,false,false,missing_meta_description|missing_canonical
/hotels/sarovar-portico-jaipur/banquets,200,200,0,137,,"Banquets & Conferences | Sarovar Portico, Jaipur | Sarovar Hotels",false,false,missing_meta_description|missing_canonical
/hotels/sarovar-premiere-delhi/banquets,200,200,0,141,,Banquets & Conferences | Sarovar Premiere Delhi | Sarovar Hotels,false,false,missing_meta_description|missing_canonical
/hotels/sarovar-portico-jaipur/dining,200,200,0,145,,"Dining | Sarovar Portico, Jaipur | Sarovar Hotels",false,false,missing_meta_description|missing_canonical
/hotels/sarovar-portico-jaipur/rooms,200,200,0,149,,"Rooms & Suites | Sarovar Portico, Jaipur | Sarovar Hotels",false,false,missing_meta_description|missing_canonical
/hotels/sarovar-premiere-delhi,200,200,0,156,,Sarovar Premiere Delhi | Sarovar Hotels,true,false,missing_canonical
/hotels/sarovar-portico-jaipur/gallery,200,200,0,176,,"Gallery | Sarovar Portico, Jaipur | Sarovar Hotels",true,false,missing_canonical
/hotels/sarovar-portico-jaipur/nearby,200,200,0,185,,"Nearby Attractions | Sarovar Portico, Jaipur | Sarovar Hotels",true,false,missing_canonical
/hotels/sarovar-premiere-goa-beach-resort,200,200,0,180,,Sarovar Premiere Goa Beach Resort | Sarovar Hotels,true,false,missing_canonical
/hotels/sarovar-premiere-goa-beach-resort/rooms,200,200,0,185,,Rooms & Suites | Sarovar Premiere Goa Beach Resort | Sarovar Hotels,false,false,missing_meta_description|missing_canonical
/hotels/sarovar-premiere-goa-beach-resort/dining,200,200,0,193,,Dining | Sarovar Premiere Goa Beach Resort | Sarovar Hotels,false,false,missing_meta_description|missing_canonical
/hotels/sarovar-premiere-goa-beach-resort/nearby,200,200,0,187,,Nearby Attractions | Sarovar Premiere Goa Beach Resort | Sarovar Hotels,true,false,missing_canonical
/hotels/sarovar-premiere-goa-beach-resort/gallery,200,200,0,194,,Gallery | Sarovar Premiere Goa Beach Resort | Sarovar Hotels,true,false,missing_canonical
/hotels/sarovar-premiere-goa-beach-resort/banquets,200,200,0,203,,Banquets & Conferences | Sarovar Premiere Goa Beach Resort | Sarovar Hotels,false,false,missing_meta_description|missing_canonical
/hotels/sarovar-portico-mumbai,200,200,0,198,,Sarovar Portico Mumbai | Sarovar Hotels,true,false,missing_canonical
/hotels/sarovar-portico-mumbai/rooms,200,200,0,204,,Rooms & Suites | Sarovar Portico Mumbai | Sarovar Hotels,false,false,missing_meta_description|missing_canonical
/hotels/sarovar-portico-mumbai/dining,200,200,0,182,,Dining | Sarovar Portico Mumbai | Sarovar Hotels,false,false,missing_meta_description|missing_canonical
/hotels/sarovar-portico-mumbai/banquets,200,200,0,166,,Banquets & Conferences | Sarovar Portico Mumbai | Sarovar Hotels,false,false,missing_meta_description|missing_canonical
/hotels/sarovar-portico-mumbai/gallery,200,200,0,168,,Gallery | Sarovar Portico Mumbai | Sarovar Hotels,true,false,missing_canonical
/hotels/sarovar-regency-shimla/dining,200,200,0,128,,Dining | Sarovar Regency Shimla | Sarovar Hotels,false,false,missing_meta_description|missing_canonical
/hotels/sarovar-regency-shimla,200,200,0,151,,Sarovar Regency Shimla | Sarovar Hotels,true,false,missing_canonical
/hotels/sarovar-portico-mumbai/nearby,200,200,0,174,,Nearby Attractions | Sarovar Portico Mumbai | Sarovar Hotels,true,false,missing_canonical
/hotels/sarovar-regency-shimla/rooms,200,200,0,151,,Rooms & Suites | Sarovar Regency Shimla | Sarovar Hotels,false,false,missing_meta_description|missing_canonical
/hotels/sarovar-regency-shimla/banquets,200,200,0,147,,Banquets & Conferences | Sarovar Regency Shimla | Sarovar Hotels,false,false,missing_meta_description|missing_canonical
/hotels/sarovar-regency-shimla/gallery,200,200,0,164,,Gallery | Sarovar Regency Shimla | Sarovar Hotels,true,false,missing_canonical
/hotels/sarovar-regency-shimla/nearby,200,200,0,160,,Nearby Attractions | Sarovar Regency Shimla | Sarovar Hotels,true,false,missing_canonical
/hotels/sarovar-regency-rishikesh,200,200,0,163,,Sarovar Regency Rishikesh | Sarovar Hotels,true,false,missing_canonical
/hotels/sarovar-regency-rishikesh/rooms,200,200,0,165,,Rooms & Suites | Sarovar Regency Rishikesh | Sarovar Hotels,false,false,missing_meta_description|missing_canonical
/hotels/sarovar-regency-rishikesh/dining,200,200,0,159,,Dining | Sarovar Regency Rishikesh | Sarovar Hotels,false,false,missing_meta_description|missing_canonical
/hotels/sarovar-regency-rishikesh/banquets,200,200,0,141,,Banquets & Conferences | Sarovar Regency Rishikesh | Sarovar Hotels,false,false,missing_meta_description|missing_canonical
/hotels/sarovar-regency-rishikesh/nearby,200,200,0,133,,Nearby Attractions | Sarovar Regency Rishikesh | Sarovar Hotels,true,false,missing_canonical
/hotels/sarovar-regency-rishikesh/gallery,200,200,0,138,,Gallery | Sarovar Regency Rishikesh | Sarovar Hotels,true,false,missing_canonical
/hotels/sarovar-portico-delhi-aerocity,200,200,0,138,,Sarovar Portico Delhi Aerocity | Sarovar Hotels,true,false,missing_canonical
/hotels/sarovar-portico-delhi-aerocity/rooms,200,200,0,139,,Rooms & Suites | Sarovar Portico Delhi Aerocity | Sarovar Hotels,false,false,missing_meta_description|missing_canonical
/hotels/sarovar-portico-delhi-aerocity/dining,200,200,0,117,,Dining | Sarovar Portico Delhi Aerocity | Sarovar Hotels,false,false,missing_meta_description|missing_canonical
/hotels/sarovar-portico-delhi-aerocity/banquets,200,200,0,114,,Banquets & Conferences | Sarovar Portico Delhi Aerocity | Sarovar Hotels,false,false,missing_meta_description|missing_canonical
/hotels/sarovar-portico-delhi-aerocity/nearby,200,200,0,121,,Nearby Attractions | Sarovar Portico Delhi Aerocity | Sarovar Hotels,true,false,missing_canonical
/hotels/sarovar-portico-delhi-aerocity/gallery,200,200,0,134,,Gallery | Sarovar Portico Delhi Aerocity | Sarovar Hotels,true,false,missing_canonical
/hotels/sarovar-premiere-jaipur-heritage,200,200,0,129,,Sarovar Premiere Jaipur Heritage | Sarovar Hotels,true,false,missing_canonical
/hotels/sarovar-premiere-jaipur-heritage/rooms,200,200,0,133,,Rooms & Suites | Sarovar Premiere Jaipur Heritage | Sarovar Hotels,false,false,missing_meta_description|missing_canonical
/hotels/sarovar-premiere-jaipur-heritage/banquets,200,200,0,131,,Banquets & Conferences | Sarovar Premiere Jaipur Heritage | Sarovar Hotels,false,false,missing_meta_description|missing_canonical
/hotels/sarovar-premiere-jaipur-heritage/dining,200,200,0,138,,Dining | Sarovar Premiere Jaipur Heritage | Sarovar Hotels,false,false,missing_meta_description|missing_canonical
/hotels/sarovar-premiere-jaipur-heritage/gallery,200,200,0,130,,Gallery | Sarovar Premiere Jaipur Heritage | Sarovar Hotels,true,false,missing_canonical
/hotels/sarovar-premiere-jaipur-heritage/nearby,200,200,0,143,,Nearby Attractions | Sarovar Premiere Jaipur Heritage | Sarovar Hotels,true,false,missing_canonical
/hotels/abn-sarovar-portico-jim-corbett,200,200,0,150,,"ABN Sarovar Portico, Jim Corbett | Sarovar Hotels",true,false,missing_canonical
/hotels/abn-sarovar-portico-jim-corbett/rooms,200,200,0,152,,"Rooms & Suites | ABN Sarovar Portico, Jim Corbett | Sarovar Hotels",false,false,missing_meta_description|missing_canonical
/hotels/abn-sarovar-portico-jim-corbett/dining,200,200,0,178,,"Dining | ABN Sarovar Portico, Jim Corbett | Sarovar Hotels",false,false,missing_meta_description|missing_canonical
/hotels/abn-sarovar-portico-jim-corbett/banquets,200,200,0,183,,"Banquets & Conferences | ABN Sarovar Portico, Jim Corbett | Sarovar Hotels",false,false,missing_meta_description|missing_canonical
/hotels/abn-sarovar-portico-jim-corbett/nearby,200,200,0,176,,"Nearby Attractions | ABN Sarovar Portico, Jim Corbett | Sarovar Hotels",true,false,missing_canonical
/hotels/abn-sarovar-portico-jim-corbett/gallery,200,200,0,183,,"Gallery | ABN Sarovar Portico, Jim Corbett | Sarovar Hotels",true,false,missing_canonical
/hotels/nidhivan-sarovar-portico-vrindavan/rooms,200,200,0,180,,"Rooms & Suites | Nidhivan Sarovar Portico, Vrindavan | Sarovar Hotels",false,false,missing_meta_description|missing_canonical
/hotels/nidhivan-sarovar-portico-vrindavan,200,200,0,189,,"Nidhivan Sarovar Portico, Vrindavan | Sarovar Hotels",true,false,missing_canonical
/hotels/nidhivan-sarovar-portico-vrindavan/dining,200,200,0,187,,"Dining | Nidhivan Sarovar Portico, Vrindavan | Sarovar Hotels",false,false,missing_meta_description|missing_canonical
/hotels/nidhivan-sarovar-portico-vrindavan/banquets,200,200,0,185,,"Banquets & Conferences | Nidhivan Sarovar Portico, Vrindavan | Sarovar Hotels",false,false,missing_meta_description|missing_canonical
/hotels/nidhivan-sarovar-portico-vrindavan/gallery,200,200,0,174,,"Gallery | Nidhivan Sarovar Portico, Vrindavan | Sarovar Hotels",true,false,missing_canonical
/hotels/nidhivan-sarovar-portico-vrindavan/nearby,200,200,0,176,,"Nearby Attractions | Nidhivan Sarovar Portico, Vrindavan | Sarovar Hotels",true,false,missing_canonical
/hotels/marigold-sarovar-portico-mashobra-shimla,200,200,0,138,,"Marigold Sarovar Portico, Mashobra-Shimla | Sarovar Hotels",true,false,missing_canonical
/hotels/marigold-sarovar-portico-mashobra-shimla/rooms,200,200,0,135,,"Rooms & Suites | Marigold Sarovar Portico, Mashobra-Shimla | Sarovar Hotels",false,false,missing_meta_description|missing_canonical
/hotels/marigold-sarovar-portico-mashobra-shimla/banquets,200,200,0,126,,"Banquets & Conferences | Marigold Sarovar Portico, Mashobra-Shimla | Sarovar Hotels",false,false,missing_meta_description|missing_canonical
/hotels/marigold-sarovar-portico-mashobra-shimla/dining,200,200,0,138,,"Dining | Marigold Sarovar Portico, Mashobra-Shimla | Sarovar Hotels",false,false,missing_meta_description|missing_canonical
/hotels/marigold-sarovar-portico-mashobra-shimla/gallery,200,200,0,127,,"Gallery | Marigold Sarovar Portico, Mashobra-Shimla | Sarovar Hotels",true,false,missing_canonical
/hotels/marigold-sarovar-portico-mashobra-shimla/nearby,200,200,0,131,,"Nearby Attractions | Marigold Sarovar Portico, Mashobra-Shimla | Sarovar Hotels",true,false,missing_canonical
/hotels/vandhara-sarovar-premiere-patkote,200,200,0,131,,"Vandhara Sarovar Premiere, Jim Corbett - Patkote | Sarovar Hotels",true,false,missing_canonical
/hotels/vandhara-sarovar-premiere-patkote/rooms,200,200,0,136,,"Rooms & Suites | Vandhara Sarovar Premiere, Jim Corbett - Patkote | Sarovar Hotels",false,false,missing_meta_description|missing_canonical
/hotels/vandhara-sarovar-premiere-patkote/dining,200,200,0,135,,"Dining | Vandhara Sarovar Premiere, Jim Corbett - Patkote | Sarovar Hotels",false,false,missing_meta_description|missing_canonical
/hotels/vandhara-sarovar-premiere-patkote/banquets,200,200,0,134,,"Banquets & Conferences | Vandhara Sarovar Premiere, Jim Corbett - Patkote | Sarovar Hotels",false,false,missing_meta_description|missing_canonical
/hotels/vandhara-sarovar-premiere-patkote/gallery,200,200,0,134,,"Gallery | Vandhara Sarovar Premiere, Jim Corbett - Patkote | Sarovar Hotels",true,false,missing_canonical
/hotels/vandhara-sarovar-premiere-patkote/nearby,200,200,0,135,,"Nearby Attractions | Vandhara Sarovar Premiere, Jim Corbett - Patkote | Sarovar Hotels",true,false,missing_canonical
/hotels/aditya-hometel-hyderabad/rooms,200,200,0,132,,"Rooms & Suites | Aditya Hometel, Hyderabad | Sarovar Hotels",false,false,missing_meta_description|missing_canonical
/hotels/aditya-hometel-hyderabad/dining,200,200,0,131,,"Dining | Aditya Hometel, Hyderabad | Sarovar Hotels",false,false,missing_meta_description|missing_canonical
/hotels/aditya-hometel-hyderabad,200,200,0,147,,"Aditya Hometel, Hyderabad | Sarovar Hotels",true,false,missing_canonical
/hotels/aditya-hometel-hyderabad/banquets,200,200,0,141,,"Banquets & Conferences | Aditya Hometel, Hyderabad | Sarovar Hotels",false,false,missing_meta_description|missing_canonical
/hotels/aditya-hometel-hyderabad/gallery,200,200,0,137,,"Gallery | Aditya Hometel, Hyderabad | Sarovar Hotels",true,false,missing_canonical
/hotels/aditya-hometel-hyderabad/nearby,200,200,0,136,,"Nearby Attractions | Aditya Hometel, Hyderabad | Sarovar Hotels",true,false,missing_canonical
/hotels/aditya-park-hyderabad/rooms,200,200,0,136,,"Rooms & Suites |  Aditya Park, Hyderabad | Sarovar Hotels",false,false,missing_meta_description|missing_canonical
/hotels/aditya-park-hyderabad,200,200,0,143,,"Aditya Park, Hyderabad | Sarovar Hotels",true,false,missing_canonical
/hotels/aditya-park-hyderabad/banquets,200,200,0,121,,"Banquets & Conferences |  Aditya Park, Hyderabad | Sarovar Hotels",false,false,missing_meta_description|missing_canonical
/hotels/aditya-park-hyderabad/dining,200,200,0,131,,"Dining |  Aditya Park, Hyderabad | Sarovar Hotels",false,false,missing_meta_description|missing_canonical
/hotels/aditya-park-hyderabad/nearby,200,200,0,125,,"Nearby Attractions |  Aditya Park, Hyderabad | Sarovar Hotels",true,false,missing_canonical
/hotels/aditya-park-hyderabad/gallery,200,200,0,141,,"Gallery |  Aditya Park, Hyderabad | Sarovar Hotels",true,false,missing_canonical
/hotels/ambrosia-sarovar-portico-haridwar/rooms,200,200,0,125,,"Rooms & Suites | Ambrosia Sarovar Portico, Haridwar | Sarovar Hotels",false,false,missing_meta_description|missing_canonical
/hotels/ambrosia-sarovar-portico-haridwar,200,200,0,138,,"Ambrosia Sarovar Portico, Haridwar | Sarovar Hotels",true,false,missing_canonical
/hotels/ambrosia-sarovar-portico-haridwar/dining,200,200,0,129,,"Dining | Ambrosia Sarovar Portico, Haridwar | Sarovar Hotels",false,false,missing_meta_description|missing_canonical
/hotels/ambrosia-sarovar-portico-haridwar/banquets,200,200,0,125,,"Banquets & Conferences | Ambrosia Sarovar Portico, Haridwar | Sarovar Hotels",false,false,missing_meta_description|missing_canonical
/hotels/ambrosia-sarovar-portico-haridwar/gallery,200,200,0,130,,"Gallery | Ambrosia Sarovar Portico, Haridwar | Sarovar Hotels",true,false,missing_canonical
/hotels/ambrosia-sarovar-portico-haridwar/nearby,200,200,0,132,,"Nearby Attractions | Ambrosia Sarovar Portico, Haridwar | Sarovar Hotels",true,false,missing_canonical
/hotels/ambar-sarovar-portico-gandhidham-hotel,200,200,0,129,,"Ambar Sarovar Portico, Gandhidham | Sarovar Hotels",true,false,missing_canonical
/hotels/ambar-sarovar-portico-gandhidham-hotel/rooms,200,200,0,145,,"Rooms & Suites | Ambar Sarovar Portico, Gandhidham | Sarovar Hotels",false,false,missing_meta_description|missing_canonical
/hotels/ambar-sarovar-portico-gandhidham-hotel/dining,200,200,0,145,,"Dining | Ambar Sarovar Portico, Gandhidham | Sarovar Hotels",false,false,missing_meta_description|missing_canonical
/hotels/ambar-sarovar-portico-gandhidham-hotel/banquets,200,200,0,132,,"Banquets & Conferences | Ambar Sarovar Portico, Gandhidham | Sarovar Hotels",false,false,missing_meta_description|missing_canonical
/hotels/ambar-sarovar-portico-gandhidham-hotel/nearby,200,200,0,125,,"Nearby Attractions | Ambar Sarovar Portico, Gandhidham | Sarovar Hotels",true,false,missing_canonical
/hotels/ambar-sarovar-portico-gandhidham-hotel/gallery,200,200,0,133,,"Gallery | Ambar Sarovar Portico, Gandhidham | Sarovar Hotels",true,false,missing_canonical
/hotels/balaji-sarovar-premiere-solapur,200,200,0,131,,"Balaji Sarovar Premiere, Solapur | Sarovar Hotels",true,false,missing_canonical
/hotels/balaji-sarovar-premiere-solapur/rooms,200,200,0,130,,"Rooms & Suites |  Balaji Sarovar Premiere, Solapur | Sarovar Hotels",false,false,missing_meta_description|missing_canonical
/hotels/balaji-sarovar-premiere-solapur/dining,200,200,0,130,,"Dining |  Balaji Sarovar Premiere, Solapur | Sarovar Hotels",false,false,missing_meta_description|missing_canonical
/hotels/balaji-sarovar-premiere-solapur/banquets,200,200,0,133,,"Banquets & Conferences |  Balaji Sarovar Premiere, Solapur | Sarovar Hotels",false,false,missing_meta_description|missing_canonical
/hotels/balaji-sarovar-premiere-solapur/nearby,200,200,0,112,,"Nearby Attractions |  Balaji Sarovar Premiere, Solapur | Sarovar Hotels",true,false,missing_canonical
/hotels/balaji-sarovar-premiere-solapur/gallery,200,200,0,134,,"Gallery |  Balaji Sarovar Premiere, Solapur | Sarovar Hotels",true,false,missing_canonical
/hotels/bamus-sarovar-portico-kampala/rooms,200,200,0,114,,"Rooms & Suites | Bamus Sarovar Portico, Kampala | Sarovar Hotels",false,false,missing_meta_description|missing_canonical
/hotels/bamus-sarovar-portico-kampala/dining,200,200,0,115,,"Dining | Bamus Sarovar Portico, Kampala | Sarovar Hotels",false,false,missing_meta_description|missing_canonical
/hotels/bamus-sarovar-portico-kampala/banquets,200,200,0,122,,"Banquets & Conferences | Bamus Sarovar Portico, Kampala | Sarovar Hotels",false,false,missing_meta_description|missing_canonical
/hotels/bamus-sarovar-portico-kampala,200,200,0,139,,"Bamus Sarovar Portico, Kampala | Sarovar Hotels",true,false,missing_canonical
/hotels/bamus-sarovar-portico-kampala/gallery,200,200,0,128,,"Gallery | Bamus Sarovar Portico, Kampala | Sarovar Hotels",true,false,missing_canonical
/hotels/bamus-sarovar-portico-kampala/nearby,200,200,0,126,,"Nearby Attractions | Bamus Sarovar Portico, Kampala | Sarovar Hotels",true,false,missing_canonical
/hotels/bellevue-sarovar-premiere-junagadh,200,200,0,129,,"Bellevue Sarovar Premiere, Junagadh | Sarovar Hotels",true,false,missing_canonical
/hotels/bellevue-sarovar-premiere-junagadh/rooms,200,200,0,139,,"Rooms & Suites | Bellevue Sarovar Premiere, Junagadh | Sarovar Hotels",false,false,missing_meta_description|missing_canonical
/hotels/bellevue-sarovar-premiere-junagadh/banquets,200,200,0,126,,"Banquets & Conferences | Bellevue Sarovar Premiere, Junagadh | Sarovar Hotels",false,false,missing_meta_description|missing_canonical
/hotels/bellevue-sarovar-premiere-junagadh/dining,200,200,0,134,,"Dining | Bellevue Sarovar Premiere, Junagadh | Sarovar Hotels",false,false,missing_meta_description|missing_canonical
/hotels/bellevue-sarovar-premiere-junagadh/nearby,200,200,0,129,,"Nearby Attractions | Bellevue Sarovar Premiere, Junagadh | Sarovar Hotels",true,false,missing_canonical
/hotels/bellevue-sarovar-premiere-junagadh/gallery,200,200,0,135,,"Gallery | Bellevue Sarovar Premiere, Junagadh | Sarovar Hotels",true,false,missing_canonical
/hotels/citadel-sarovar-portico-bangalore/rooms,200,200,0,128,,"Rooms & Suites | Citadel Sarovar Portico , Bangalore | Sarovar Hotels",false,false,missing_meta_description|missing_canonical
/hotels/citadel-sarovar-portico-bangalore,200,200,0,141,,"Citadel Sarovar Portico , Bangalore | Sarovar Hotels",true,false,missing_canonical
/hotels/citadel-sarovar-portico-bangalore/dining,200,200,0,136,,"Dining | Citadel Sarovar Portico , Bangalore | Sarovar Hotels",false,false,missing_meta_description|missing_canonical
/hotels/citadel-sarovar-portico-bangalore/banquets,200,200,0,134,,"Banquets & Conferences | Citadel Sarovar Portico , Bangalore | Sarovar Hotels",false,false,missing_meta_description|missing_canonical
/hotels/citadel-sarovar-portico-bangalore/gallery,200,200,0,127,,"Gallery | Citadel Sarovar Portico , Bangalore | Sarovar Hotels",true,false,missing_canonical
/hotels/citadel-sarovar-portico-bangalore/nearby,200,200,0,134,,"Nearby Attractions | Citadel Sarovar Portico , Bangalore | Sarovar Hotels",true,false,missing_canonical
/hotels/davanam-sarovar-portico-suites-bangalore/rooms,200,200,0,126,,"Rooms & Suites | Davanam Sarovar Portico Suites, Bangalore | Sarovar Hotels",false,false,missing_meta_description|missing_canonical
/hotels/davanam-sarovar-portico-suites-bangalore,200,200,0,141,,"Davanam Sarovar Portico Suites, Bangalore | Sarovar Hotels",true,false,missing_canonical
/hotels/davanam-sarovar-portico-suites-bangalore/dining,200,200,0,133,,"Dining | Davanam Sarovar Portico Suites, Bangalore | Sarovar Hotels",false,false,missing_meta_description|missing_canonical
/hotels/davanam-sarovar-portico-suites-bangalore/banquets,200,200,0,132,,"Banquets & Conferences | Davanam Sarovar Portico Suites, Bangalore | Sarovar Hotels",false,false,missing_meta_description|missing_canonical
/hotels/davanam-sarovar-portico-suites-bangalore/nearby,200,200,0,124,,"Nearby Attractions | Davanam Sarovar Portico Suites, Bangalore | Sarovar Hotels",true,false,missing_canonical
/hotels/classic-sarovar-portico-thiruvananthapuram,200,200,0,124,,"Classic Sarovar Portico, Thiruvananthapuram | Sarovar Hotels",true,false,missing_canonical
/hotels/davanam-sarovar-portico-suites-bangalore/gallery,200,200,0,141,,"Gallery | Davanam Sarovar Portico Suites, Bangalore | Sarovar Hotels",true,false,missing_canonical
/hotels/classic-sarovar-portico-thiruvananthapuram/rooms,200,200,0,145,,"Rooms & Suites | Classic Sarovar Portico, Thiruvananthapuram | Sarovar Hotels",false,false,missing_meta_description|missing_canonical
/hotels/classic-sarovar-portico-thiruvananthapuram/dining,200,200,0,136,,"Dining | Classic Sarovar Portico, Thiruvananthapuram | Sarovar Hotels",false,false,missing_meta_description|missing_canonical
/hotels/classic-sarovar-portico-thiruvananthapuram/banquets,200,200,0,145,,"Banquets & Conferences | Classic Sarovar Portico, Thiruvananthapuram | Sarovar Hotels",false,false,missing_meta_description|missing_canonical
/hotels/classic-sarovar-portico-thiruvananthapuram/gallery,200,200,0,138,,"Gallery | Classic Sarovar Portico, Thiruvananthapuram | Sarovar Hotels",true,false,missing_canonical
/hotels/classic-sarovar-portico-thiruvananthapuram/nearby,200,200,0,130,,"Nearby Attractions | Classic Sarovar Portico, Thiruvananthapuram | Sarovar Hotels",true,false,missing_canonical
/hotels/delite-sarovar-portico-faridabad/rooms,200,200,0,128,,"Rooms & Suites | Delite Sarovar Portico, Faridabad | Sarovar Hotels",false,false,missing_meta_description|missing_canonical
/hotels/delite-sarovar-portico-faridabad/dining,200,200,0,123,,"Dining | Delite Sarovar Portico, Faridabad | Sarovar Hotels",false,false,missing_meta_description|missing_canonical
/hotels/delite-sarovar-portico-faridabad,200,200,0,147,,"Delite Sarovar Portico, Faridabad | Sarovar Hotels",true,false,missing_canonical
/hotels/delite-sarovar-portico-faridabad/banquets,200,200,0,127,,"Banquets & Conferences | Delite Sarovar Portico, Faridabad | Sarovar Hotels",false,false,missing_meta_description|missing_canonical
/hotels/delite-sarovar-portico-faridabad/nearby,200,200,0,121,,"Nearby Attractions | Delite Sarovar Portico, Faridabad | Sarovar Hotels",true,false,missing_canonical
/hotels/delite-sarovar-portico-faridabad/gallery,200,200,0,144,,"Gallery | Delite Sarovar Portico, Faridabad | Sarovar Hotels",true,false,missing_canonical
/hotels/deventure-sarovar-portico-patel-nagar,200,200,0,123,,"Deventure Sarovar Portico, Patel Nagar | Sarovar Hotels",true,false,missing_canonical
/hotels/deventure-sarovar-portico-patel-nagar/rooms,200,200,0,122,,"Rooms & Suites | Deventure Sarovar Portico, Patel Nagar | Sarovar Hotels",false,false,missing_meta_description|missing_canonical
/hotels/deventure-sarovar-portico-patel-nagar/dining,200,200,0,123,,"Dining | Deventure Sarovar Portico, Patel Nagar | Sarovar Hotels",false,false,missing_meta_description|missing_canonical
/hotels/deventure-sarovar-portico-patel-nagar/banquets,200,200,0,130,,"Banquets & Conferences | Deventure Sarovar Portico, Patel Nagar | Sarovar Hotels",false,false,missing_meta_description|missing_canonical
/hotels/deventure-sarovar-portico-patel-nagar/gallery,200,200,0,127,,"Gallery | Deventure Sarovar Portico, Patel Nagar | Sarovar Hotels",true,false,missing_canonical
/hotels/deventure-sarovar-portico-patel-nagar/nearby,200,200,0,127,,"Nearby Attractions | Deventure Sarovar Portico, Patel Nagar | Sarovar Hotels",true,false,missing_canonical
/hotels/deventure-sarovar-portico--kapashera-new-delhi/rooms,200,200,0,124,,"Rooms & Suites | Deventure Sarovar Portico- Kapashera, New Delhi | Sarovar Hotels",false,false,missing_meta_description|missing_canonical
/hotels/deventure-sarovar-portico--kapashera-new-delhi,200,200,0,134,,"Deventure Sarovar Portico- Kapashera, New Delhi | Sarovar Hotels",true,false,missing_canonical
/hotels/deventure-sarovar-portico--kapashera-new-delhi/dining,200,200,0,126,,"Dining | Deventure Sarovar Portico- Kapashera, New Delhi | Sarovar Hotels",false,false,missing_meta_description|missing_canonical
/hotels/deventure-sarovar-portico--kapashera-new-delhi/banquets,200,200,0,124,,"Banquets & Conferences | Deventure Sarovar Portico- Kapashera, New Delhi | Sarovar Hotels",false,false,missing_meta_description|missing_canonical
/hotels/deventure-sarovar-portico--kapashera-new-delhi/gallery,200,200,0,140,,"Gallery | Deventure Sarovar Portico- Kapashera, New Delhi | Sarovar Hotels",true,false,missing_canonical
/hotels/deventure-sarovar-portico--kapashera-new-delhi/nearby,200,200,0,137,,"Nearby Attractions | Deventure Sarovar Portico- Kapashera, New Delhi | Sarovar Hotels",true,false,missing_canonical
/hotels/efcee-sarovar-portico-bhavnagar/dining,200,200,0,123,,"Dining | Efcee Sarovar Premiere, Bhavnagar - A 5-star Hotel | Sarovar Hotels",false,false,missing_meta_description|missing_canonical
/hotels/efcee-sarovar-portico-bhavnagar,200,200,0,142,,"Efcee Sarovar Premiere, Bhavnagar - A 5-star Hotel | Sarovar Hotels",true,false,missing_canonical
/hotels/efcee-sarovar-portico-bhavnagar/rooms,200,200,0,141,,"Rooms & Suites | Efcee Sarovar Premiere, Bhavnagar - A 5-star Hotel | Sarovar Hotels",false,false,missing_meta_description|missing_canonical
/hotels/efcee-sarovar-portico-bhavnagar/banquets,200,200,0,135,,"Banquets & Conferences | Efcee Sarovar Premiere, Bhavnagar - A 5-star Hotel | Sarovar Hotels",false,false,missing_meta_description|missing_canonical
/hotels/efcee-sarovar-portico-bhavnagar/nearby,200,200,0,137,,"Nearby Attractions | Efcee Sarovar Premiere, Bhavnagar - A 5-star Hotel | Sarovar Hotels",true,false,missing_canonical
/hotels/efcee-sarovar-portico-bhavnagar/gallery,200,200,0,150,,"Gallery | Efcee Sarovar Premiere, Bhavnagar - A 5-star Hotel | Sarovar Hotels",true,false,missing_canonical
/hotels/estuary-sarovar-Premiere-poovar/rooms,200,200,0,148,,"Rooms & Suites | Estuary Sarovar Premiere, Poovar Island | Sarovar Hotels",false,false,missing_meta_description|missing_canonical
/hotels/estuary-sarovar-Premiere-poovar,200,200,0,157,,"Estuary Sarovar Premiere, Poovar Island | Sarovar Hotels",true,false,missing_canonical
/hotels/estuary-sarovar-Premiere-poovar/dining,200,200,0,153,,"Dining | Estuary Sarovar Premiere, Poovar Island | Sarovar Hotels",false,false,missing_meta_description|missing_canonical
/hotels/estuary-sarovar-Premiere-poovar/banquets,200,200,0,141,,"Banquets & Conferences | Estuary Sarovar Premiere, Poovar Island | Sarovar Hotels",false,false,missing_meta_description|missing_canonical
/hotels/estuary-sarovar-Premiere-poovar/nearby,200,200,0,143,,"Nearby Attractions | Estuary Sarovar Premiere, Poovar Island | Sarovar Hotels",true,false,missing_canonical
/hotels/geeta-sarovar-portico-hotels-panipat,200,200,0,174,,"Geeta Sarovar Portico, Panipat | Sarovar Hotels",true,false,missing_canonical
/hotels/estuary-sarovar-Premiere-poovar/gallery,200,200,0,198,,"Gallery | Estuary Sarovar Premiere, Poovar Island | Sarovar Hotels",true,false,missing_canonical
/hotels/geeta-sarovar-portico-hotels-panipat/rooms,200,200,0,189,,"Rooms & Suites | Geeta Sarovar Portico, Panipat | Sarovar Hotels",false,false,missing_meta_description|missing_canonical
/hotels/geeta-sarovar-portico-hotels-panipat/dining,200,200,0,175,,"Dining | Geeta Sarovar Portico, Panipat | Sarovar Hotels",false,false,missing_meta_description|missing_canonical
/hotels/geeta-sarovar-portico-hotels-panipat/banquets,200,200,0,170,,"Banquets & Conferences | Geeta Sarovar Portico, Panipat | Sarovar Hotels",false,false,missing_meta_description|missing_canonical
/hotels/geeta-sarovar-portico-hotels-panipat/nearby,200,200,0,147,,"Nearby Attractions | Geeta Sarovar Portico, Panipat | Sarovar Hotels",true,false,missing_canonical
/hotels/geeta-sarovar-portico-hotels-panipat/gallery,200,200,0,159,,"Gallery | Geeta Sarovar Portico, Panipat | Sarovar Hotels",true,false,missing_canonical
/hotels/golden-sarovar-portico-amritsar,200,200,0,148,,"Golden Sarovar Portico, Amritsar  | Sarovar Hotels",true,false,missing_canonical
/hotels/golden-sarovar-portico-amritsar/rooms,200,200,0,163,,"Rooms & Suites | Golden Sarovar Portico, Amritsar  | Sarovar Hotels",false,false,missing_meta_description|missing_canonical
/hotels/golden-sarovar-portico-amritsar/dining,200,200,0,128,,"Dining | Golden Sarovar Portico, Amritsar  | Sarovar Hotels",false,false,missing_meta_description|missing_canonical
/hotels/golden-sarovar-portico-amritsar/banquets,200,200,0,101,,"Banquets & Conferences | Golden Sarovar Portico, Amritsar  | Sarovar Hotels",false,false,missing_meta_description|missing_canonical
/hotels/golden-sarovar-portico-amritsar/gallery,200,200,0,101,,"Gallery | Golden Sarovar Portico, Amritsar  | Sarovar Hotels",true,false,missing_canonical
/hotels/golden-sarovar-portico-amritsar/nearby,200,200,0,109,,"Nearby Attractions | Golden Sarovar Portico, Amritsar  | Sarovar Hotels",true,false,missing_canonical
/hotels/golden-tulip-agra/rooms,200,200,0,104,,"Rooms & Suites |  Golden Tulip, Agra | Sarovar Hotels",false,false,missing_meta_description|missing_canonical
/hotels/golden-tulip-agra/dining,200,200,0,104,,"Dining |  Golden Tulip, Agra | Sarovar Hotels",false,false,missing_meta_description|missing_canonical
/hotels/golden-tulip-agra,200,200,0,117,,"Golden Tulip, Agra | Sarovar Hotels",true,false,missing_canonical
/hotels/golden-tulip-agra/banquets,200,200,0,112,,"Banquets & Conferences |  Golden Tulip, Agra | Sarovar Hotels",false,false,missing_meta_description|missing_canonical
/hotels/golden-tulip-agra/gallery,200,200,0,126,,"Gallery |  Golden Tulip, Agra | Sarovar Hotels",true,false,missing_canonical
/hotels/golden-tulip-agra/nearby,200,200,0,117,,"Nearby Attractions |  Golden Tulip, Agra | Sarovar Hotels",true,false,missing_canonical
/hotels/golden-tulip-bdi-club-and-suite-bhiwadi,200,200,0,117,,"Golden Tulip BDI Club and Suite, Bhiwadi | Sarovar Hotels",true,false,missing_canonical
/hotels/golden-tulip-bdi-club-and-suite-bhiwadi/rooms,200,200,0,114,,"Rooms & Suites | Golden Tulip BDI Club and Suite, Bhiwadi | Sarovar Hotels",false,false,missing_meta_description|missing_canonical
/hotels/golden-tulip-bdi-club-and-suite-bhiwadi/dining,200,200,0,117,,"Dining | Golden Tulip BDI Club and Suite, Bhiwadi | Sarovar Hotels",false,false,missing_meta_description|missing_canonical
/hotels/golden-tulip-bdi-club-and-suite-bhiwadi/banquets,200,200,0,109,,"Banquets & Conferences | Golden Tulip BDI Club and Suite, Bhiwadi | Sarovar Hotels",false,false,missing_meta_description|missing_canonical
/hotels/golden-tulip-bdi-club-and-suite-bhiwadi/gallery,200,200,0,108,,"Gallery | Golden Tulip BDI Club and Suite, Bhiwadi | Sarovar Hotels",true,false,missing_canonical
/hotels/golden-tulip-bdi-club-and-suite-bhiwadi/nearby,200,200,0,109,,"Nearby Attractions | Golden Tulip BDI Club and Suite, Bhiwadi | Sarovar Hotels",true,false,missing_canonical
/hotels/golden-tulip-bhopal,200,200,0,111,,"Golden Tulip, Bhopal | Sarovar Hotels",true,false,missing_canonical
/hotels/golden-tulip-bhopal/rooms,200,200,0,114,,"Rooms & Suites | Golden Tulip, Bhopal | Sarovar Hotels",false,false,missing_meta_description|missing_canonical
/hotels/golden-tulip-bhopal/dining,200,200,0,103,,"Dining | Golden Tulip, Bhopal | Sarovar Hotels",false,false,missing_meta_description|missing_canonical
/hotels/golden-tulip-bhopal/banquets,200,200,0,109,,"Banquets & Conferences | Golden Tulip, Bhopal | Sarovar Hotels",false,false,missing_meta_description|missing_canonical
/hotels/golden-tulip-bhopal/gallery,200,200,0,110,,"Gallery | Golden Tulip, Bhopal | Sarovar Hotels",true,false,missing_canonical
/hotels/golden-tulip-bhopal/nearby,200,200,0,107,,"Nearby Attractions | Golden Tulip, Bhopal | Sarovar Hotels",true,false,missing_canonical
/hotels/golden-tulip-candolim-goa/rooms,200,200,0,105,,"Rooms & Suites | Golden Tulip, Candolim, Goa | Sarovar Hotels",false,false,missing_meta_description|missing_canonical
/hotels/golden-tulip-candolim-goa,200,200,0,125,,"Golden Tulip, Candolim, Goa | Sarovar Hotels",true,false,missing_canonical
/hotels/golden-tulip-candolim-goa/dining,200,200,0,121,,"Dining | Golden Tulip, Candolim, Goa | Sarovar Hotels",false,false,missing_meta_description|missing_canonical
/hotels/golden-tulip-candolim-goa/banquets,200,200,0,120,,"Banquets & Conferences | Golden Tulip, Candolim, Goa | Sarovar Hotels",false,false,missing_meta_description|missing_canonical
/hotels/golden-tulip-candolim-goa/gallery,200,200,0,116,,"Gallery | Golden Tulip, Candolim, Goa | Sarovar Hotels",true,false,missing_canonical
/hotels/golden-tulip-candolim-goa/nearby,200,200,0,115,,"Nearby Attractions | Golden Tulip, Candolim, Goa | Sarovar Hotels",true,false,missing_canonical
/hotels/golden-tulip-essential-jaipur,200,200,0,127,,"Golden Tulip Essential, Jaipur | Sarovar Hotels",true,false,missing_canonical
/hotels/golden-tulip-essential-jaipur/rooms,200,200,0,128,,"Rooms & Suites | Golden Tulip Essential, Jaipur | Sarovar Hotels",false,false,missing_meta_description|missing_canonical
/hotels/golden-tulip-essential-jaipur/dining,200,200,0,129,,"Dining | Golden Tulip Essential, Jaipur | Sarovar Hotels",false,false,missing_meta_description|missing_canonical
/hotels/golden-tulip-essential-jaipur/banquets,200,200,0,143,,"Banquets & Conferences | Golden Tulip Essential, Jaipur | Sarovar Hotels",false,false,missing_meta_description|missing_canonical
/hotels/golden-tulip-essential-jaipur/gallery,200,200,0,140,,"Gallery | Golden Tulip Essential, Jaipur | Sarovar Hotels",true,false,missing_canonical
/hotels/golden-tulip-goa-mandrem/rooms,200,200,0,137,,"Rooms & Suites | Golden Tulip Goa, Mandrem Beach | Sarovar Hotels",false,false,missing_meta_description|missing_canonical
/hotels/golden-tulip-essential-jaipur/nearby,200,200,0,148,,"Nearby Attractions | Golden Tulip Essential, Jaipur | Sarovar Hotels",true,false,missing_canonical
/hotels/golden-tulip-goa-mandrem,200,200,0,150,,"Golden Tulip Goa, Mandrem Beach | Sarovar Hotels",true,false,missing_canonical
/hotels/golden-tulip-goa-mandrem/dining,200,200,0,144,,"Dining | Golden Tulip Goa, Mandrem Beach | Sarovar Hotels",false,false,missing_meta_description|missing_canonical
/hotels/golden-tulip-goa-mandrem/banquets,200,200,0,139,,"Banquets & Conferences | Golden Tulip Goa, Mandrem Beach | Sarovar Hotels",false,false,missing_meta_description|missing_canonical
/hotels/golden-tulip-goa-mandrem/gallery,200,200,0,132,,"Gallery | Golden Tulip Goa, Mandrem Beach | Sarovar Hotels",true,false,missing_canonical
/hotels/golden-tulip-goa-mandrem/nearby,200,200,0,148,,"Nearby Attractions | Golden Tulip Goa, Mandrem Beach | Sarovar Hotels",true,false,missing_canonical
/hotels/golden-tulip-goa-vagator,200,200,0,134,,"Golden Tulip, Goa Vagator | Sarovar Hotels",true,false,missing_canonical
/hotels/golden-tulip-goa-vagator/rooms,200,200,0,137,,"Rooms & Suites | Golden Tulip, Goa Vagator | Sarovar Hotels",false,false,missing_meta_description|missing_canonical
/hotels/golden-tulip-goa-vagator/dining,200,200,0,138,,"Dining | Golden Tulip, Goa Vagator | Sarovar Hotels",false,false,missing_meta_description|missing_canonical
/hotels/golden-tulip-goa-vagator/banquets,200,200,0,125,,"Banquets & Conferences | Golden Tulip, Goa Vagator | Sarovar Hotels",false,false,missing_meta_description|missing_canonical
/hotels/golden-tulip-goa-vagator/gallery,200,200,0,127,,"Gallery | Golden Tulip, Goa Vagator | Sarovar Hotels",true,false,missing_canonical
/hotels/golden-tulip-goa-vagator/nearby,200,200,0,135,,"Nearby Attractions | Golden Tulip, Goa Vagator | Sarovar Hotels",true,false,missing_canonical
/hotels/golden-tulip-hari-nagar/rooms,200,200,0,137,,"Rooms & Suites | Golden Tulip New Delhi, Hari Nagar | Sarovar Hotels",false,false,missing_meta_description|missing_canonical
/hotels/golden-tulip-hari-nagar,200,200,0,146,,"Golden Tulip New Delhi, Hari Nagar | Sarovar Hotels",true,false,missing_canonical
/hotels/golden-tulip-hari-nagar/dining,200,200,0,136,,"Dining | Golden Tulip New Delhi, Hari Nagar | Sarovar Hotels",false,false,missing_meta_description|missing_canonical
/hotels/golden-tulip-hari-nagar/banquets,200,200,0,123,,"Banquets & Conferences | Golden Tulip New Delhi, Hari Nagar | Sarovar Hotels",false,false,missing_meta_description|missing_canonical
/hotels/golden-tulip-hari-nagar/gallery,200,200,0,131,,"Gallery | Golden Tulip New Delhi, Hari Nagar | Sarovar Hotels",true,false,missing_canonical
/hotels/golden-tulip-hari-nagar/nearby,200,200,0,131,,"Nearby Attractions | Golden Tulip New Delhi, Hari Nagar | Sarovar Hotels",true,false,missing_canonical
/hotels/golden-tulip-hotel-in-jaipur,200,200,0,116,,Golden Tulip Jaipur City Center | Sarovar Hotels,true,false,missing_canonical
/hotels/golden-tulip-hotel-in-jaipur/rooms,200,200,0,119,,Rooms & Suites | Golden Tulip Jaipur City Center | Sarovar Hotels,false,false,missing_meta_description|missing_canonical
/hotels/golden-tulip-hotel-in-jaipur/dining,200,200,0,118,,Dining | Golden Tulip Jaipur City Center | Sarovar Hotels,false,false,missing_meta_description|missing_canonical
/hotels/golden-tulip-hotel-in-jaipur/banquets,200,200,0,121,,Banquets & Conferences | Golden Tulip Jaipur City Center | Sarovar Hotels,false,false,missing_meta_description|missing_canonical
/hotels/golden-tulip-hotel-in-jaipur/gallery,200,200,0,122,,Gallery | Golden Tulip Jaipur City Center | Sarovar Hotels,true,false,missing_canonical
/hotels/golden-tulip-hotel-in-jaipur/nearby,200,200,0,157,,Nearby Attractions | Golden Tulip Jaipur City Center | Sarovar Hotels,true,false,missing_canonical
/hotels/golden-tulip-jalandhar,200,200,0,164,,"Golden Tulip, Jalandhar  | Sarovar Hotels",true,false,missing_canonical
/hotels/golden-tulip-jalandhar/rooms,200,200,0,160,,"Rooms & Suites | Golden Tulip, Jalandhar  | Sarovar Hotels",false,false,missing_meta_description|missing_canonical
/hotels/golden-tulip-jalandhar/dining,200,200,0,163,,"Dining | Golden Tulip, Jalandhar  | Sarovar Hotels",false,false,missing_meta_description|missing_canonical
/hotels/golden-tulip-jalandhar/banquets,200,200,0,161,,"Banquets & Conferences | Golden Tulip, Jalandhar  | Sarovar Hotels",false,false,missing_meta_description|missing_canonical
/hotels/golden-tulip-jalandhar/gallery,200,200,0,156,,"Gallery | Golden Tulip, Jalandhar  | Sarovar Hotels",true,false,missing_canonical
/hotels/golden-tulip-kukas-jaipur,200,200,0,156,,"Golden Tulip Jaipur, Kukas | Sarovar Hotels",true,false,missing_canonical
/hotels/golden-tulip-jalandhar/nearby,200,200,0,164,,"Nearby Attractions | Golden Tulip, Jalandhar  | Sarovar Hotels",true,false,missing_canonical
/hotels/golden-tulip-kukas-jaipur/rooms,200,200,0,151,,"Rooms & Suites | Golden Tulip Jaipur, Kukas | Sarovar Hotels",false,false,missing_meta_description|missing_canonical
/hotels/golden-tulip-kukas-jaipur/dining,200,200,0,144,,"Dining | Golden Tulip Jaipur, Kukas | Sarovar Hotels",false,false,missing_meta_description|missing_canonical
/hotels/golden-tulip-kukas-jaipur/banquets,200,200,0,126,,"Banquets & Conferences | Golden Tulip Jaipur, Kukas | Sarovar Hotels",false,false,missing_meta_description|missing_canonical
/hotels/golden-tulip-kukas-jaipur/gallery,200,200,0,125,,"Gallery | Golden Tulip Jaipur, Kukas | Sarovar Hotels",true,false,missing_canonical
/hotels/golden-tulip-kukas-jaipur/nearby,200,200,0,157,,"Nearby Attractions | Golden Tulip Jaipur, Kukas | Sarovar Hotels",true,false,missing_canonical
/hotels/golden-tulip-lucknow,200,200,0,149,,"Golden Tulip, Lucknow | Sarovar Hotels",true,false,missing_canonical
/hotels/golden-tulip-lucknow/rooms,200,200,0,145,,"Rooms & Suites | Golden Tulip, Lucknow | Sarovar Hotels",false,false,missing_meta_description|missing_canonical
/hotels/golden-tulip-lucknow/dining,200,200,0,145,,"Dining | Golden Tulip, Lucknow | Sarovar Hotels",false,false,missing_meta_description|missing_canonical
/hotels/golden-tulip-lucknow/banquets,200,200,0,143,,"Banquets & Conferences | Golden Tulip, Lucknow | Sarovar Hotels",false,false,missing_meta_description|missing_canonical
/hotels/golden-tulip-lucknow/gallery,200,200,0,146,,"Gallery | Golden Tulip, Lucknow | Sarovar Hotels",true,false,missing_canonical
/hotels/golden-tulip-lucknow/nearby,200,200,0,143,,"Nearby Attractions | Golden Tulip, Lucknow | Sarovar Hotels",true,false,missing_canonical
/hotels/golden-tulip-sector-80-gurugram,200,200,0,152,,"Golden Tulip - Sector 80, Gurugram | Sarovar Hotels",true,false,missing_canonical
/hotels/golden-tulip-sector-80-gurugram/rooms,200,200,0,149,,"Rooms & Suites | Golden Tulip - Sector 80, Gurugram | Sarovar Hotels",false,false,missing_meta_description|missing_canonical
/hotels/golden-tulip-sector-80-gurugram/dining,200,200,0,151,,"Dining | Golden Tulip - Sector 80, Gurugram | Sarovar Hotels",false,false,missing_meta_description|missing_canonical
/hotels/golden-tulip-sector-80-gurugram/banquets,200,200,0,127,,"Banquets & Conferences | Golden Tulip - Sector 80, Gurugram | Sarovar Hotels",false,false,missing_meta_description|missing_canonical
/hotels/golden-tulip-sector-80-gurugram/gallery,200,200,0,134,,"Gallery | Golden Tulip - Sector 80, Gurugram | Sarovar Hotels",true,false,missing_canonical
/hotels/golden-tulip-sector-80-gurugram/nearby,200,200,0,136,,"Nearby Attractions | Golden Tulip - Sector 80, Gurugram | Sarovar Hotels",true,false,missing_canonical
/hotels/golden-tulip-srinagar,200,200,0,135,,"Golden Tulip, Srinagar (formerly RK Sarovar Portico, Srinagar) | Sarovar Hotels",true,false,missing_canonical
/hotels/golden-tulip-srinagar/rooms,200,200,0,134,,"Rooms & Suites | Golden Tulip, Srinagar (formerly RK Sarovar Portico, Srinagar) | Sarovar Hotels",false,false,missing_meta_description|missing_canonical
/hotels/golden-tulip-srinagar/dining,200,200,0,138,,"Dining | Golden Tulip, Srinagar (formerly RK Sarovar Portico, Srinagar) | Sarovar Hotels",false,false,missing_meta_description|missing_canonical
/hotels/golden-tulip-srinagar/banquets,200,200,0,142,,"Banquets & Conferences | Golden Tulip, Srinagar (formerly RK Sarovar Portico, Srinagar) | Sarovar Hotels",false,false,missing_meta_description|missing_canonical
/hotels/golden-tulip-srinagar/gallery,200,200,0,141,,"Gallery | Golden Tulip, Srinagar (formerly RK Sarovar Portico, Srinagar) | Sarovar Hotels",true,false,missing_canonical
/hotels/golden-tulip-srinagar/nearby,200,200,0,139,,"Nearby Attractions | Golden Tulip, Srinagar (formerly RK Sarovar Portico, Srinagar) | Sarovar Hotels",true,false,missing_canonical
/hotels/royal-hometel-suites-dahisar-mumbai,200,200,0,150,,"Royal Hometel Suites, Dahisar, Mumbai | Sarovar Hotels",true,false,missing_canonical
/hotels/royal-hometel-suites-dahisar-mumbai/rooms,200,200,0,164,,"Rooms & Suites | Royal Hometel Suites, Dahisar, Mumbai | Sarovar Hotels",false,false,missing_meta_description|missing_canonical
/hotels/royal-hometel-suites-dahisar-mumbai/banquets,200,200,0,158,,"Banquets & Conferences | Royal Hometel Suites, Dahisar, Mumbai | Sarovar Hotels",false,false,missing_meta_description|missing_canonical
/hotels/royal-hometel-suites-dahisar-mumbai/dining,200,200,0,165,,"Dining | Royal Hometel Suites, Dahisar, Mumbai | Sarovar Hotels",false,false,missing_meta_description|missing_canonical
/hotels/royal-hometel-suites-dahisar-mumbai/gallery,200,200,0,159,,"Gallery | Royal Hometel Suites, Dahisar, Mumbai | Sarovar Hotels",true,false,missing_canonical
/hotels/royal-hometel-suites-dahisar-mumbai/nearby,200,200,0,157,,"Nearby Attractions | Royal Hometel Suites, Dahisar, Mumbai | Sarovar Hotels",true,false,missing_canonical
/hotels/royal-sarovar-portico-siliguri,200,200,0,158,,"Royal Sarovar Portico, Siliguri | Sarovar Hotels",true,false,missing_canonical
/hotels/royal-sarovar-portico-siliguri/rooms,200,200,0,168,,"Rooms & Suites | Royal Sarovar Portico, Siliguri | Sarovar Hotels",false,false,missing_meta_description|missing_canonical
/hotels/royal-sarovar-portico-siliguri/dining,200,200,0,154,,"Dining | Royal Sarovar Portico, Siliguri | Sarovar Hotels",false,false,missing_meta_description|missing_canonical
/hotels/royal-sarovar-portico-siliguri/banquets,200,200,0,160,,"Banquets & Conferences | Royal Sarovar Portico, Siliguri | Sarovar Hotels",false,false,missing_meta_description|missing_canonical
/hotels/royal-sarovar-portico-siliguri/gallery,200,200,0,134,,"Gallery | Royal Sarovar Portico, Siliguri | Sarovar Hotels",true,false,missing_canonical
/hotels/royal-sarovar-portico-siliguri/nearby,200,200,0,120,,"Nearby Attractions | Royal Sarovar Portico, Siliguri | Sarovar Hotels",true,false,missing_canonical
/hotels/royal-tulip-chitwan/rooms,200,200,0,119,,"Rooms & Suites | Royal Tulip, Chitwan | Sarovar Hotels",false,false,missing_meta_description|missing_canonical
/hotels/royal-tulip-chitwan/dining,200,200,0,121,,"Dining | Royal Tulip, Chitwan | Sarovar Hotels",false,false,missing_meta_description|missing_canonical
/hotels/royal-tulip-chitwan/banquets,200,200,0,121,,"Banquets & Conferences | Royal Tulip, Chitwan | Sarovar Hotels",false,false,missing_meta_description|missing_canonical
/hotels/royal-tulip-chitwan,200,200,0,133,,"Royal Tulip, Chitwan | Sarovar Hotels",true,false,missing_canonical
/hotels/royal-tulip-chitwan/gallery,200,200,0,122,,"Gallery | Royal Tulip, Chitwan | Sarovar Hotels",true,false,missing_canonical
/hotels/royal-tulip-chitwan/nearby,200,200,0,109,,"Nearby Attractions | Royal Tulip, Chitwan | Sarovar Hotels",true,false,missing_canonical
/hotels/royal-tulip-kathmandu-shivapuri-national-park,200,200,0,121,,Royal Tulip Shivapuri National Park - Kathmandu | Sarovar Hotels,true,false,missing_canonical
/hotels/royal-tulip-kathmandu-shivapuri-national-park/rooms,200,200,0,113,,Rooms & Suites | Royal Tulip Shivapuri National Park - Kathmandu | Sarovar Hotels,false,false,missing_meta_description|missing_canonical
/hotels/royal-tulip-kathmandu-shivapuri-national-park/dining,200,200,0,112,,Dining | Royal Tulip Shivapuri National Park - Kathmandu | Sarovar Hotels,false,false,missing_meta_description|missing_canonical
/hotels/royal-tulip-kathmandu-shivapuri-national-park/banquets,200,200,0,115,,Banquets & Conferences | Royal Tulip Shivapuri National Park - Kathmandu | Sarovar Hotels,false,false,missing_meta_description|missing_canonical
/hotels/royal-tulip-kathmandu-shivapuri-national-park/gallery,200,200,0,98,,Gallery | Royal Tulip Shivapuri National Park - Kathmandu | Sarovar Hotels,true,false,missing_canonical
/hotels/royal-tulip-kathmandu-shivapuri-national-park/nearby,200,200,0,112,,Nearby Attractions | Royal Tulip Shivapuri National Park - Kathmandu | Sarovar Hotels,true,false,missing_canonical
/hotels/royal-tulip-kathmandu,200,200,0,113,,Royal Tulip Kathmandu  | Sarovar Hotels,true,false,missing_canonical
/hotels/royal-tulip-kathmandu/rooms,200,200,0,124,,Rooms & Suites | Royal Tulip Kathmandu  | Sarovar Hotels,false,false,missing_meta_description|missing_canonical
/hotels/royal-tulip-kathmandu/dining,200,200,0,118,,Dining | Royal Tulip Kathmandu  | Sarovar Hotels,false,false,missing_meta_description|missing_canonical
/hotels/royal-tulip-kathmandu/banquets,200,200,0,117,,Banquets & Conferences | Royal Tulip Kathmandu  | Sarovar Hotels,false,false,missing_meta_description|missing_canonical
/hotels/royal-tulip-kathmandu/gallery,200,200,0,118,,Gallery | Royal Tulip Kathmandu  | Sarovar Hotels,true,false,missing_canonical
/hotels/royal-tulip-kathmandu/nearby,200,200,0,132,,Nearby Attractions | Royal Tulip Kathmandu  | Sarovar Hotels,true,false,missing_canonical
/hotels/royale-sarovar-portico-agra,200,200,0,121,,"Royale Sarovar Portico, Agra | Sarovar Hotels",true,false,missing_canonical
/hotels/royale-sarovar-portico-agra/rooms,200,200,0,120,,"Rooms & Suites | Royale Sarovar Portico, Agra | Sarovar Hotels",false,false,missing_meta_description|missing_canonical
/hotels/royale-sarovar-portico-agra/dining,200,200,0,127,,"Dining | Royale Sarovar Portico, Agra | Sarovar Hotels",false,false,missing_meta_description|missing_canonical
/hotels/royale-sarovar-portico-agra/banquets,200,200,0,118,,"Banquets & Conferences | Royale Sarovar Portico, Agra | Sarovar Hotels",false,false,missing_meta_description|missing_canonical
/hotels/royale-sarovar-portico-agra/gallery,200,200,0,124,,"Gallery | Royale Sarovar Portico, Agra | Sarovar Hotels",true,false,missing_canonical
/hotels/royale-sarovar-portico-agra/nearby,200,200,0,112,,"Nearby Attractions | Royale Sarovar Portico, Agra | Sarovar Hotels",true,false,missing_canonical
/hotels/rs-sarovar-portico-palampur,200,200,0,122,,"RS Sarovar Portico, Palampur | Sarovar Hotels",true,false,missing_canonical
/hotels/rs-sarovar-portico-palampur/rooms,200,200,0,131,,"Rooms & Suites | RS Sarovar Portico, Palampur | Sarovar Hotels",false,false,missing_meta_description|missing_canonical
/hotels/rs-sarovar-portico-palampur/dining,200,200,0,135,,"Dining | RS Sarovar Portico, Palampur | Sarovar Hotels",false,false,missing_meta_description|missing_canonical
/hotels/rs-sarovar-portico-palampur/banquets,200,200,0,147,,"Banquets & Conferences | RS Sarovar Portico, Palampur | Sarovar Hotels",false,false,missing_meta_description|missing_canonical
/hotels/rs-sarovar-portico-palampur/gallery,200,200,0,163,,"Gallery | RS Sarovar Portico, Palampur | Sarovar Hotels",true,false,missing_canonical
/hotels/rs-sarovar-portico-palampur/nearby,200,200,0,183,,"Nearby Attractions | RS Sarovar Portico, Palampur | Sarovar Hotels",true,false,missing_canonical
/hotels/sairafort-sarovar-portico-jaisalmer,200,200,0,185,,"Sairafort Sarovar Portico, Jaisalmer | Sarovar Hotels",true,false,missing_canonical
/hotels/sairafort-sarovar-portico-jaisalmer/rooms,200,200,0,196,,"Rooms & Suites | Sairafort Sarovar Portico, Jaisalmer | Sarovar Hotels",false,false,missing_meta_description|missing_canonical
/hotels/sairafort-sarovar-portico-jaisalmer/banquets,200,200,0,192,,"Banquets & Conferences | Sairafort Sarovar Portico, Jaisalmer | Sarovar Hotels",false,false,missing_meta_description|missing_canonical
/hotels/sairafort-sarovar-portico-jaisalmer/dining,200,200,0,199,,"Dining | Sairafort Sarovar Portico, Jaisalmer | Sarovar Hotels",false,false,missing_meta_description|missing_canonical
/hotels/sairafort-sarovar-portico-jaisalmer/gallery,200,200,0,210,,"Gallery | Sairafort Sarovar Portico, Jaisalmer | Sarovar Hotels",true,false,missing_canonical
/hotels/sairafort-sarovar-portico-jaisalmer/nearby,200,200,0,225,,"Nearby Attractions | Sairafort Sarovar Portico, Jaisalmer | Sarovar Hotels",true,false,missing_canonical
/hotels/sarovar-ahmedabad,200,200,0,221,,"Sarovar Portico, Kalupur-Ahmedabad | Sarovar Hotels",true,false,missing_canonical
/hotels/sarovar-ahmedabad/rooms,200,200,0,212,,"Rooms & Suites | Sarovar Portico, Kalupur-Ahmedabad | Sarovar Hotels",false,false,missing_meta_description|missing_canonical
/hotels/sarovar-ahmedabad/dining,200,200,0,205,,"Dining | Sarovar Portico, Kalupur-Ahmedabad | Sarovar Hotels",false,false,missing_meta_description|missing_canonical
/hotels/sarovar-ahmedabad/banquets,200,200,0,205,,"Banquets & Conferences | Sarovar Portico, Kalupur-Ahmedabad | Sarovar Hotels",false,false,missing_meta_description|missing_canonical
/hotels/sarovar-ahmedabad/gallery,200,200,0,193,,"Gallery | Sarovar Portico, Kalupur-Ahmedabad | Sarovar Hotels",true,false,missing_canonical
/hotels/sarovar-ahmedabad/nearby,200,200,0,199,,"Nearby Attractions | Sarovar Portico, Kalupur-Ahmedabad | Sarovar Hotels",true,false,missing_canonical
/hotels/sarovar-portico-ajmer,200,200,0,191,,"Sarovar Portico, Ajmer | Sarovar Hotels",true,false,missing_canonical
/hotels/sarovar-portico-ajmer/rooms,200,200,0,214,,"Rooms & Suites | Sarovar Portico, Ajmer | Sarovar Hotels",false,false,missing_meta_description|missing_canonical
/hotels/sarovar-portico-ajmer/dining,200,200,0,206,,"Dining | Sarovar Portico, Ajmer | Sarovar Hotels",false,false,missing_meta_description|missing_canonical
/hotels/sarovar-portico-ajmer/banquets,200,200,0,204,,"Banquets & Conferences | Sarovar Portico, Ajmer | Sarovar Hotels",false,false,missing_meta_description|missing_canonical
/hotels/sarovar-portico-ajmer/gallery,200,200,0,203,,"Gallery | Sarovar Portico, Ajmer | Sarovar Hotels",true,false,missing_canonical
/hotels/sarovar-portico-ajmer/nearby,200,200,0,198,,"Nearby Attractions | Sarovar Portico, Ajmer | Sarovar Hotels",true,false,missing_canonical
/hotels/sarovar-portico-badrinath-uttarakhand,200,200,0,188,,"Sarovar Portico, Badrinath | Sarovar Hotels",true,false,missing_canonical
/hotels/sarovar-portico-badrinath-uttarakhand/rooms,200,200,0,175,,"Rooms & Suites | Sarovar Portico, Badrinath | Sarovar Hotels",false,false,missing_meta_description|missing_canonical
/hotels/sarovar-portico-badrinath-uttarakhand/dining,200,200,0,175,,"Dining | Sarovar Portico, Badrinath | Sarovar Hotels",false,false,missing_meta_description|missing_canonical
/hotels/sarovar-portico-badrinath-uttarakhand/banquets,200,200,0,170,,"Banquets & Conferences | Sarovar Portico, Badrinath | Sarovar Hotels",false,false,missing_meta_description|missing_canonical
/hotels/sarovar-portico-badrinath-uttarakhand/gallery,200,200,0,167,,"Gallery | Sarovar Portico, Badrinath | Sarovar Hotels",true,false,missing_canonical
/hotels/sarovar-portico-badrinath-uttarakhand/nearby,200,200,0,156,,"Nearby Attractions | Sarovar Portico, Badrinath | Sarovar Hotels",true,false,missing_canonical
/hotels/sarovar-portico-bhubaneswar,200,200,0,168,,"Sarovar Portico, Bhubaneswar (Opening Soon) | Sarovar Hotels",true,false,missing_canonical
/hotels/sarovar-portico-bhubaneswar/rooms,200,200,0,164,,"Rooms & Suites | Sarovar Portico, Bhubaneswar (Opening Soon) | Sarovar Hotels",false,false,missing_meta_description|missing_canonical
/hotels/sarovar-portico-bhubaneswar/dining,200,200,0,166,,"Dining | Sarovar Portico, Bhubaneswar (Opening Soon) | Sarovar Hotels",false,false,missing_meta_description|missing_canonical
/hotels/sarovar-portico-bhubaneswar/banquets,200,200,0,169,,"Banquets & Conferences | Sarovar Portico, Bhubaneswar (Opening Soon) | Sarovar Hotels",false,false,missing_meta_description|missing_canonical
/hotels/sarovar-portico-bhubaneswar/gallery,200,200,0,170,,"Gallery | Sarovar Portico, Bhubaneswar (Opening Soon) | Sarovar Hotels",true,false,missing_canonical
/hotels/sarovar-portico-bhubaneswar/nearby,200,200,0,168,,"Nearby Attractions | Sarovar Portico, Bhubaneswar (Opening Soon) | Sarovar Hotels",true,false,missing_canonical
/hotels/sarovar-portico-birgunj,200,200,0,170,,"Sarovar Portico, Birgunj | Sarovar Hotels",true,false,missing_canonical
/hotels/sarovar-portico-birgunj/dining,200,200,0,163,,"Dining | Sarovar Portico, Birgunj | Sarovar Hotels",false,false,missing_meta_description|missing_canonical
/hotels/sarovar-portico-birgunj/rooms,200,200,0,171,,"Rooms & Suites | Sarovar Portico, Birgunj | Sarovar Hotels",false,false,missing_meta_description|missing_canonical
/hotels/sarovar-portico-birgunj/banquets,200,200,0,158,,"Banquets & Conferences | Sarovar Portico, Birgunj | Sarovar Hotels",false,false,missing_meta_description|missing_canonical
/hotels/sarovar-portico-birgunj/gallery,200,200,0,149,,"Gallery | Sarovar Portico, Birgunj | Sarovar Hotels",true,false,missing_canonical
/hotels/sarovar-portico-birgunj/nearby,200,200,0,149,,"Nearby Attractions | Sarovar Portico, Birgunj | Sarovar Hotels",true,false,missing_canonical
/hotels/sarovar-portico-dehradun,200,200,0,142,,"Sarovar Portico, Dehradun | Sarovar Hotels",true,false,missing_canonical
/hotels/sarovar-portico-dehradun/rooms,200,200,0,142,,"Rooms & Suites | Sarovar Portico, Dehradun | Sarovar Hotels",false,false,missing_meta_description|missing_canonical
/hotels/sarovar-portico-dehradun/dining,200,200,0,142,,"Dining | Sarovar Portico, Dehradun | Sarovar Hotels",false,false,missing_meta_description|missing_canonical
/hotels/sarovar-portico-dehradun/banquets,200,200,0,135,,"Banquets & Conferences | Sarovar Portico, Dehradun | Sarovar Hotels",false,false,missing_meta_description|missing_canonical
/hotels/sarovar-portico-dehradun/gallery,200,200,0,134,,"Gallery | Sarovar Portico, Dehradun | Sarovar Hotels",true,false,missing_canonical
/hotels/sarovar-portico-dehradun/nearby,200,200,0,131,,"Nearby Attractions | Sarovar Portico, Dehradun | Sarovar Hotels",true,false,missing_canonical
/hotels/sarovar-portico-gir,200,200,0,131,,Sarovar Portico Gir | Sarovar Hotels,true,false,missing_canonical
/hotels/sarovar-portico-gir/rooms,200,200,0,147,,Rooms & Suites | Sarovar Portico Gir | Sarovar Hotels,false,false,missing_meta_description|missing_canonical
/hotels/sarovar-portico-gir/dining,200,200,0,156,,Dining | Sarovar Portico Gir | Sarovar Hotels,false,false,missing_meta_description|missing_canonical
/hotels/sarovar-portico-gir/banquets,200,200,0,154,,Banquets & Conferences | Sarovar Portico Gir | Sarovar Hotels,false,false,missing_meta_description|missing_canonical
/hotels/sarovar-portico-gir/gallery,200,200,0,149,,Gallery | Sarovar Portico Gir | Sarovar Hotels,true,false,missing_canonical
/hotels/sarovar-portico-gir/nearby,200,200,0,175,,Nearby Attractions | Sarovar Portico Gir | Sarovar Hotels,true,false,missing_canonical
/hotels/sarovar-portico-hanumangarh,200,200,0,175,,"Sarovar Portico, Hanumangarh | Sarovar Hotels",true,false,missing_canonical
/hotels/sarovar-portico-hanumangarh/rooms,200,200,0,181,,"Rooms & Suites | Sarovar Portico, Hanumangarh | Sarovar Hotels",false,false,missing_meta_description|missing_canonical
/hotels/sarovar-portico-hanumangarh/dining,200,200,0,181,,"Dining | Sarovar Portico, Hanumangarh | Sarovar Hotels",false,false,missing_meta_description|missing_canonical
/hotels/sarovar-portico-hanumangarh/banquets,200,200,0,171,,"Banquets & Conferences | Sarovar Portico, Hanumangarh | Sarovar Hotels",false,false,missing_meta_description|missing_canonical
/hotels/sarovar-portico-hanumangarh/gallery,200,200,0,174,,"Gallery | Sarovar Portico, Hanumangarh | Sarovar Hotels",true,false,missing_canonical
/hotels/sarovar-portico-hanumangarh/nearby,200,200,0,182,,"Nearby Attractions | Sarovar Portico, Hanumangarh | Sarovar Hotels",true,false,missing_canonical
/hotels/sarovar-portico-jalandhar,200,200,0,174,,"Sarovar Portico, Jalandhar  | Sarovar Hotels",true,false,missing_canonical
/hotels/sarovar-portico-jalandhar/rooms,200,200,0,179,,"Rooms & Suites | Sarovar Portico, Jalandhar  | Sarovar Hotels",false,false,missing_meta_description|missing_canonical
/hotels/sarovar-portico-jalandhar/dining,200,200,0,172,,"Dining | Sarovar Portico, Jalandhar  | Sarovar Hotels",false,false,missing_meta_description|missing_canonical
/hotels/sarovar-portico-jalandhar/banquets,200,200,0,154,,"Banquets & Conferences | Sarovar Portico, Jalandhar  | Sarovar Hotels",false,false,missing_meta_description|missing_canonical
/hotels/sarovar-portico-jalandhar/gallery,200,200,0,157,,"Gallery | Sarovar Portico, Jalandhar  | Sarovar Hotels",true,false,missing_canonical
/hotels/sarovar-portico-jalandhar/nearby,200,200,0,153,,"Nearby Attractions | Sarovar Portico, Jalandhar  | Sarovar Hotels",true,false,missing_canonical
/hotels/sarovar-portico-kolkata-rajarhat,200,200,0,158,,"Sarovar Portico, Kolkata Rajarhat | Sarovar Hotels",true,false,missing_canonical
/hotels/sarovar-portico-kolkata-rajarhat/rooms,200,200,0,163,,"Rooms & Suites | Sarovar Portico, Kolkata Rajarhat | Sarovar Hotels",false,false,missing_meta_description|missing_canonical
/hotels/sarovar-portico-kolkata-rajarhat/dining,200,200,0,166,,"Dining | Sarovar Portico, Kolkata Rajarhat | Sarovar Hotels",false,false,missing_meta_description|missing_canonical
/hotels/sarovar-portico-kolkata-rajarhat/banquets,200,200,0,167,,"Banquets & Conferences | Sarovar Portico, Kolkata Rajarhat | Sarovar Hotels",false,false,missing_meta_description|missing_canonical
/hotels/sarovar-portico-kolkata-rajarhat/gallery,200,200,0,174,,"Gallery | Sarovar Portico, Kolkata Rajarhat | Sarovar Hotels",true,false,missing_canonical
/hotels/sarovar-portico-kolkata-rajarhat/nearby,200,200,0,162,,"Nearby Attractions | Sarovar Portico, Kolkata Rajarhat | Sarovar Hotels",true,false,missing_canonical
/hotels/sarovar-portico-morbi,200,200,0,167,,"Sarovar Portico, Morbi | Sarovar Hotels",true,false,missing_canonical
/hotels/sarovar-portico-morbi/rooms,200,200,0,159,,"Rooms & Suites | Sarovar Portico, Morbi | Sarovar Hotels",false,false,missing_meta_description|missing_canonical
/hotels/sarovar-portico-morbi/dining,200,200,0,159,,"Dining | Sarovar Portico, Morbi | Sarovar Hotels",false,false,missing_meta_description|missing_canonical
/hotels/sarovar-portico-morbi/gallery,200,200,0,147,,"Gallery | Sarovar Portico, Morbi | Sarovar Hotels",true,false,missing_canonical
/hotels/sarovar-portico-morbi/banquets,200,200,0,166,,"Banquets & Conferences | Sarovar Portico, Morbi | Sarovar Hotels",false,false,missing_meta_description|missing_canonical
/hotels/sarovar-portico-morbi/nearby,200,200,0,158,,"Nearby Attractions | Sarovar Portico, Morbi | Sarovar Hotels",true,false,missing_canonical
/hotels/sarovar-portico-naraina-new-delhi,200,200,0,163,,"Sarovar Portico Naraina, New Delhi | Sarovar Hotels",true,false,missing_canonical
/hotels/sarovar-portico-naraina-new-delhi/rooms,200,200,0,172,,"Rooms & Suites | Sarovar Portico Naraina, New Delhi | Sarovar Hotels",false,false,missing_meta_description|missing_canonical
/hotels/sarovar-portico-naraina-new-delhi/dining,200,200,0,147,,"Dining | Sarovar Portico Naraina, New Delhi | Sarovar Hotels",false,false,missing_meta_description|missing_canonical
/hotels/sarovar-portico-naraina-new-delhi/banquets,200,200,0,152,,"Banquets & Conferences | Sarovar Portico Naraina, New Delhi | Sarovar Hotels",false,false,missing_meta_description|missing_canonical
/hotels/sarovar-portico-naraina-new-delhi/gallery,200,200,0,149,,"Gallery | Sarovar Portico Naraina, New Delhi | Sarovar Hotels",true,false,missing_canonical
/hotels/sarovar-portico-naraina-new-delhi/nearby,200,200,0,145,,"Nearby Attractions | Sarovar Portico Naraina, New Delhi | Sarovar Hotels",true,false,missing_canonical
/hotels/sarovar-portico-saharanpur/rooms,200,200,0,134,,"Rooms & Suites | Sarovar Portico, Saharanpur | Sarovar Hotels",false,false,missing_meta_description|missing_canonical
/hotels/sarovar-portico-saharanpur,200,200,0,144,,"Sarovar Portico, Saharanpur | Sarovar Hotels",true,false,missing_canonical
/hotels/sarovar-portico-saharanpur/dining,200,200,0,140,,"Dining | Sarovar Portico, Saharanpur | Sarovar Hotels",false,false,missing_meta_description|missing_canonical
/hotels/sarovar-portico-saharanpur/banquets,200,200,0,135,,"Banquets & Conferences | Sarovar Portico, Saharanpur | Sarovar Hotels",false,false,missing_meta_description|missing_canonical
/hotels/sarovar-portico-saharanpur/gallery,200,200,0,145,,"Gallery | Sarovar Portico, Saharanpur | Sarovar Hotels",true,false,missing_canonical
/hotels/sarovar-portico-saharanpur/nearby,200,200,0,130,,"Nearby Attractions | Sarovar Portico, Saharanpur | Sarovar Hotels",true,false,missing_canonical
/hotels/sarovar-portico-somnath,200,200,0,132,,"Sarovar Portico, Somnath | Sarovar Hotels",true,false,missing_canonical
/hotels/sarovar-portico-somnath/rooms,200,200,0,134,,"Rooms & Suites | Sarovar Portico, Somnath | Sarovar Hotels",false,false,missing_meta_description|missing_canonical
/hotels/sarovar-portico-somnath/dining,200,200,0,140,,"Dining | Sarovar Portico, Somnath | Sarovar Hotels",false,false,missing_meta_description|missing_canonical
/hotels/sarovar-portico-somnath/banquets,200,200,0,144,,"Banquets & Conferences | Sarovar Portico, Somnath | Sarovar Hotels",false,false,missing_meta_description|missing_canonical
/hotels/sarovar-portico-somnath/gallery,200,200,0,146,,"Gallery | Sarovar Portico, Somnath | Sarovar Hotels",true,false,missing_canonical
/hotels/sarovar-portico-somnath/nearby,200,200,0,144,,"Nearby Attractions | Sarovar Portico, Somnath | Sarovar Hotels",true,false,missing_canonical
/hotels/sarovar-portico-sonipat,200,200,0,141,,"Sarovar Portico, Sonipat | Sarovar Hotels",true,false,missing_canonical
/hotels/sarovar-portico-sonipat/rooms,200,200,0,142,,"Rooms & Suites | Sarovar Portico, Sonipat | Sarovar Hotels",false,false,missing_meta_description|missing_canonical
/hotels/sarovar-portico-sonipat/dining,200,200,0,142,,"Dining | Sarovar Portico, Sonipat | Sarovar Hotels",false,false,missing_meta_description|missing_canonical
/hotels/sarovar-portico-sonipat/banquets,200,200,0,136,,"Banquets & Conferences | Sarovar Portico, Sonipat | Sarovar Hotels",false,false,missing_meta_description|missing_canonical
/hotels/sarovar-portico-sonipat/gallery,200,200,0,139,,"Gallery | Sarovar Portico, Sonipat | Sarovar Hotels",true,false,missing_canonical
/hotels/sarovar-portico-sonipat/nearby,200,200,0,140,,"Nearby Attractions | Sarovar Portico, Sonipat | Sarovar Hotels",true,false,missing_canonical
/hotels/sarovar-portico-srinagar,200,200,0,147,,"Sarovar Portico, Srinagar | Sarovar Hotels",true,false,missing_canonical
/hotels/sarovar-portico-srinagar/rooms,200,200,0,139,,"Rooms & Suites | Sarovar Portico, Srinagar | Sarovar Hotels",false,false,missing_meta_description|missing_canonical
/hotels/sarovar-portico-srinagar/dining,200,200,0,135,,"Dining | Sarovar Portico, Srinagar | Sarovar Hotels",false,false,missing_meta_description|missing_canonical
/hotels/sarovar-portico-srinagar/banquets,200,200,0,139,,"Banquets & Conferences | Sarovar Portico, Srinagar | Sarovar Hotels",false,false,missing_meta_description|missing_canonical
/hotels/sarovar-portico-srinagar/gallery,200,200,0,137,,"Gallery | Sarovar Portico, Srinagar | Sarovar Hotels",true,false,missing_canonical
/hotels/sarovar-portico-srinagar/nearby,200,200,0,148,,"Nearby Attractions | Sarovar Portico, Srinagar | Sarovar Hotels",true,false,missing_canonical
/hotels/sarovar-portico-surajkund,200,200,0,135,,"Sarovar Portico, Surajkund | Sarovar Hotels",true,false,missing_canonical
/hotels/sarovar-portico-surajkund/rooms,200,200,0,139,,"Rooms & Suites | Sarovar Portico, Surajkund | Sarovar Hotels",false,false,missing_meta_description|missing_canonical
/hotels/sarovar-portico-surajkund/dining,200,200,0,143,,"Dining | Sarovar Portico, Surajkund | Sarovar Hotels",false,false,missing_meta_description|missing_canonical
/hotels/sarovar-portico-surajkund/banquets,200,200,0,133,,"Banquets & Conferences | Sarovar Portico, Surajkund | Sarovar Hotels",false,false,missing_meta_description|missing_canonical
/hotels/sarovar-portico-surajkund/gallery,200,200,0,134,,"Gallery | Sarovar Portico, Surajkund | Sarovar Hotels",true,false,missing_canonical
/hotels/sarovar-portico-surajkund/nearby,200,200,0,137,,"Nearby Attractions | Sarovar Portico, Surajkund | Sarovar Hotels",true,false,missing_canonical
/hotels/sarovar-premiere-amritsar,200,200,0,129,,Sarovar Premiere Amritsar | Sarovar Hotels,true,false,missing_canonical
/hotels/sarovar-premiere-amritsar/rooms,200,200,0,128,,Rooms & Suites | Sarovar Premiere Amritsar | Sarovar Hotels,false,false,missing_meta_description|missing_canonical
/hotels/sarovar-premiere-amritsar/dining,200,200,0,142,,Dining | Sarovar Premiere Amritsar | Sarovar Hotels,false,false,missing_meta_description|missing_canonical
/hotels/sarovar-premiere-amritsar/banquets,200,200,0,134,,Banquets & Conferences | Sarovar Premiere Amritsar | Sarovar Hotels,false,false,missing_meta_description|missing_canonical
/hotels/sarovar-premiere-amritsar/gallery,200,200,0,132,,Gallery | Sarovar Premiere Amritsar | Sarovar Hotels,true,false,missing_canonical
/hotels/sarovar-premiere-amritsar/nearby,200,200,0,140,,Nearby Attractions | Sarovar Premiere Amritsar | Sarovar Hotels,true,false,missing_canonical
/hotels/sarovar-premiere-alwar,200,200,0,139,,Sarovar Premiere Alwar | Sarovar Hotels,true,false,missing_canonical
/hotels/sarovar-premiere-alwar/rooms,200,200,0,151,,Rooms & Suites | Sarovar Premiere Alwar | Sarovar Hotels,false,false,missing_meta_description|missing_canonical
/hotels/sarovar-premiere-alwar/dining,200,200,0,151,,Dining | Sarovar Premiere Alwar | Sarovar Hotels,false,false,missing_meta_description|missing_canonical
/hotels/sarovar-premiere-alwar/gallery,200,200,0,144,,Gallery | Sarovar Premiere Alwar | Sarovar Hotels,true,false,missing_canonical
/hotels/sarovar-premiere-alwar/banquets,200,200,0,169,,Banquets & Conferences | Sarovar Premiere Alwar | Sarovar Hotels,false,false,missing_meta_description|missing_canonical
/hotels/sarovar-premiere-alwar/nearby,200,200,0,166,,Nearby Attractions | Sarovar Premiere Alwar | Sarovar Hotels,true,false,missing_canonical
/hotels/sarovar-premiere-jaipur,200,200,0,165,,"Sarovar Premiere, Jaipur | Sarovar Hotels",true,false,missing_canonical
/hotels/sarovar-premiere-jaipur/rooms,200,200,0,170,,"Rooms & Suites | Sarovar Premiere, Jaipur | Sarovar Hotels",false,false,missing_meta_description|missing_canonical
/hotels/sarovar-premiere-jaipur/dining,200,200,0,183,,"Dining | Sarovar Premiere, Jaipur | Sarovar Hotels",false,false,missing_meta_description|missing_canonical
/hotels/sarovar-premiere-jaipur/banquets,200,200,0,181,,"Banquets & Conferences | Sarovar Premiere, Jaipur | Sarovar Hotels",false,false,missing_meta_description|missing_canonical
/hotels/sarovar-premiere-jaipur/gallery,200,200,0,178,,"Gallery | Sarovar Premiere, Jaipur | Sarovar Hotels",true,false,missing_canonical
/hotels/sarovar-premiere-jaipur/nearby,200,200,0,179,,"Nearby Attractions | Sarovar Premiere, Jaipur | Sarovar Hotels",true,false,missing_canonical
/hotels/sarovar-premiere-srinagar,200,200,0,179,,"Sarovar Premiere, Srinagar | Sarovar Hotels",true,false,missing_canonical
/hotels/sarovar-premiere-srinagar/rooms,200,200,0,170,,"Rooms & Suites | Sarovar Premiere, Srinagar | Sarovar Hotels",false,false,missing_meta_description|missing_canonical
/hotels/sarovar-premiere-srinagar/dining,200,200,0,162,,"Dining | Sarovar Premiere, Srinagar | Sarovar Hotels",false,false,missing_meta_description|missing_canonical
/hotels/sarovar-premiere-srinagar/banquets,200,200,0,159,,"Banquets & Conferences | Sarovar Premiere, Srinagar | Sarovar Hotels",false,false,missing_meta_description|missing_canonical
/hotels/sarovar-premiere-srinagar/gallery,200,200,0,162,,"Gallery | Sarovar Premiere, Srinagar | Sarovar Hotels",true,false,missing_canonical
/hotels/sarovar-premiere-srinagar/nearby,200,200,0,159,,"Nearby Attractions | Sarovar Premiere, Srinagar | Sarovar Hotels",true,false,missing_canonical
/hotels/sea-breeze-sarovar-portico-varca-goa,200,200,0,158,,"Sea Breeze Sarovar Portico Varca, Goa | Sarovar Hotels",true,false,missing_canonical
/hotels/sea-breeze-sarovar-portico-varca-goa/rooms,200,200,0,151,,"Rooms & Suites | Sea Breeze Sarovar Portico Varca, Goa | Sarovar Hotels",false,false,missing_meta_description|missing_canonical
/hotels/sea-breeze-sarovar-portico-varca-goa/dining,200,200,0,183,,"Dining | Sea Breeze Sarovar Portico Varca, Goa | Sarovar Hotels",false,false,missing_meta_description|missing_canonical
/hotels/sea-breeze-sarovar-portico-varca-goa/banquets,200,200,0,189,,"Banquets & Conferences | Sea Breeze Sarovar Portico Varca, Goa | Sarovar Hotels",false,false,missing_meta_description|missing_canonical
/hotels/sea-breeze-sarovar-portico-varca-goa/nearby,200,200,0,167,,"Nearby Attractions | Sea Breeze Sarovar Portico Varca, Goa | Sarovar Hotels",true,false,missing_canonical
/hotels/sea-breeze-sarovar-portico-varca-goa/gallery,200,200,0,178,,"Gallery | Sea Breeze Sarovar Portico Varca, Goa | Sarovar Hotels",true,false,missing_canonical
/hotels/serene-premiere-hargeisa,200,200,0,168,,Serene Sarovar Premiere Hargeisa | Sarovar Hotels,true,false,missing_canonical
/hotels/serene-premiere-hargeisa/rooms,200,200,0,180,,Rooms & Suites | Serene Sarovar Premiere Hargeisa | Sarovar Hotels,false,false,missing_meta_description|missing_canonical
/hotels/serene-premiere-hargeisa/dining,200,200,0,169,,Dining | Serene Sarovar Premiere Hargeisa | Sarovar Hotels,false,false,missing_meta_description|missing_canonical
/hotels/serene-premiere-hargeisa/banquets,200,200,0,172,,Banquets & Conferences | Serene Sarovar Premiere Hargeisa | Sarovar Hotels,false,false,missing_meta_description|missing_canonical
/hotels/serene-premiere-hargeisa/gallery,200,200,0,159,,Gallery | Serene Sarovar Premiere Hargeisa | Sarovar Hotels,true,false,missing_canonical
/hotels/serene-premiere-hargeisa/nearby,200,200,0,158,,Nearby Attractions | Serene Sarovar Premiere Hargeisa | Sarovar Hotels,true,false,missing_canonical
/hotels/shravanthi-sarovar-portico-bengaluru,200,200,0,131,,"Shravanthi Sarovar Portico, Bengaluru | Sarovar Hotels",true,false,missing_canonical
/hotels/shravanthi-sarovar-portico-bengaluru/rooms,200,200,0,125,,"Rooms & Suites | Shravanthi Sarovar Portico, Bengaluru | Sarovar Hotels",false,false,missing_meta_description|missing_canonical
/hotels/shravanthi-sarovar-portico-bengaluru/dining,200,200,0,137,,"Dining | Shravanthi Sarovar Portico, Bengaluru | Sarovar Hotels",false,false,missing_meta_description|missing_canonical
/hotels/shravanthi-sarovar-portico-bengaluru/banquets,200,200,0,137,,"Banquets & Conferences | Shravanthi Sarovar Portico, Bengaluru | Sarovar Hotels",false,false,missing_meta_description|missing_canonical
/hotels/shravanthi-sarovar-portico-bengaluru/gallery,200,200,0,140,,"Gallery | Shravanthi Sarovar Portico, Bengaluru | Sarovar Hotels",true,false,missing_canonical
/hotels/shravanthi-sarovar-portico-bengaluru/nearby,200,200,0,139,,"Nearby Attractions | Shravanthi Sarovar Portico, Bengaluru | Sarovar Hotels",true,false,missing_canonical
/hotels/shyama-sarovar-portico-orai,200,200,0,153,,"Shyama Sarovar Portico, Orai | Sarovar Hotels",true,false,missing_canonical
/hotels/shyama-sarovar-portico-orai/rooms,200,200,0,148,,"Rooms & Suites | Shyama Sarovar Portico, Orai | Sarovar Hotels",false,false,missing_meta_description|missing_canonical
/hotels/shyama-sarovar-portico-orai/dining,200,200,0,154,,"Dining | Shyama Sarovar Portico, Orai | Sarovar Hotels",false,false,missing_meta_description|missing_canonical
/hotels/shyama-sarovar-portico-orai/banquets,200,200,0,173,,"Banquets & Conferences | Shyama Sarovar Portico, Orai | Sarovar Hotels",false,false,missing_meta_description|missing_canonical
/hotels/shyama-sarovar-portico-orai/gallery,200,200,0,169,,"Gallery | Shyama Sarovar Portico, Orai | Sarovar Hotels",true,false,missing_canonical
/hotels/shyama-sarovar-portico-orai/nearby,200,200,0,165,,"Nearby Attractions | Shyama Sarovar Portico, Orai | Sarovar Hotels",true,false,missing_canonical
/hotels/singhania-sarovar-portico-raipur,200,200,0,158,,"Singhania Sarovar Portico, Raipur | Sarovar Hotels",true,false,missing_canonical
/hotels/singhania-sarovar-portico-raipur/rooms,200,200,0,163,,"Rooms & Suites | Singhania Sarovar Portico, Raipur | Sarovar Hotels",false,false,missing_meta_description|missing_canonical
/hotels/singhania-sarovar-portico-raipur/dining,200,200,0,164,,"Dining | Singhania Sarovar Portico, Raipur | Sarovar Hotels",false,false,missing_meta_description|missing_canonical
/hotels/singhania-sarovar-portico-raipur/banquets,200,200,0,155,,"Banquets & Conferences | Singhania Sarovar Portico, Raipur | Sarovar Hotels",false,false,missing_meta_description|missing_canonical
/hotels/singhania-sarovar-portico-raipur/gallery,200,200,0,151,,"Gallery | Singhania Sarovar Portico, Raipur | Sarovar Hotels",true,false,missing_canonical
/hotels/singhania-sarovar-portico-raipur/nearby,200,200,0,149,,"Nearby Attractions | Singhania Sarovar Portico, Raipur | Sarovar Hotels",true,false,missing_canonical
/hotels/skywings-sarovar-portico-mathura,200,200,0,142,,"Skywings Sarovar Portico, Mathura | Sarovar Hotels",true,false,missing_canonical
/hotels/skywings-sarovar-portico-mathura/rooms,200,200,0,139,,"Rooms & Suites | Skywings Sarovar Portico, Mathura | Sarovar Hotels",false,false,missing_meta_description|missing_canonical
/hotels/skywings-sarovar-portico-mathura/dining,200,200,0,136,,"Dining | Skywings Sarovar Portico, Mathura | Sarovar Hotels",false,false,missing_meta_description|missing_canonical
/hotels/skywings-sarovar-portico-mathura/banquets,200,200,0,140,,"Banquets & Conferences | Skywings Sarovar Portico, Mathura | Sarovar Hotels",false,false,missing_meta_description|missing_canonical
/hotels/skywings-sarovar-portico-mathura/gallery,200,200,0,129,,"Gallery | Skywings Sarovar Portico, Mathura | Sarovar Hotels",true,false,missing_canonical
/hotels/skywings-sarovar-portico-mathura/nearby,200,200,0,136,,"Nearby Attractions | Skywings Sarovar Portico, Mathura | Sarovar Hotels",true,false,missing_canonical
/hotels/sobit-sarovar-portico-palolem-beach-hotel-goa,200,200,0,146,,"Sobit Sarovar Portico, Goa | Sarovar Hotels",true,false,missing_canonical
/hotels/sobit-sarovar-portico-palolem-beach-hotel-goa/rooms,200,200,0,147,,"Rooms & Suites | Sobit Sarovar Portico, Goa | Sarovar Hotels",false,false,missing_meta_description|missing_canonical
/hotels/sobit-sarovar-portico-palolem-beach-hotel-goa/dining,200,200,0,150,,"Dining | Sobit Sarovar Portico, Goa | Sarovar Hotels",false,false,missing_meta_description|missing_canonical
/hotels/sobit-sarovar-portico-palolem-beach-hotel-goa/banquets,200,200,0,145,,"Banquets & Conferences | Sobit Sarovar Portico, Goa | Sarovar Hotels",false,false,missing_meta_description|missing_canonical
/hotels/sobit-sarovar-portico-palolem-beach-hotel-goa/gallery,200,200,0,153,,"Gallery | Sobit Sarovar Portico, Goa | Sarovar Hotels",true,false,missing_canonical
/hotels/sobit-sarovar-portico-palolem-beach-hotel-goa/nearby,200,200,0,149,,"Nearby Attractions | Sobit Sarovar Portico, Goa | Sarovar Hotels",true,false,missing_canonical
/hotels/taurus-hotel-mahipalpur-new-delhi,200,200,0,144,,"Taurus Sarovar Portico, New Delhi | Sarovar Hotels",true,false,missing_canonical
/hotels/taurus-hotel-mahipalpur-new-delhi/rooms,200,200,0,140,,"Rooms & Suites | Taurus Sarovar Portico, New Delhi | Sarovar Hotels",false,false,missing_meta_description|missing_canonical
/hotels/taurus-hotel-mahipalpur-new-delhi/dining,200,200,0,141,,"Dining | Taurus Sarovar Portico, New Delhi | Sarovar Hotels",false,false,missing_meta_description|missing_canonical
/hotels/taurus-hotel-mahipalpur-new-delhi/banquets,200,200,0,144,,"Banquets & Conferences | Taurus Sarovar Portico, New Delhi | Sarovar Hotels",false,false,missing_meta_description|missing_canonical
/hotels/taurus-hotel-mahipalpur-new-delhi/gallery,200,200,0,142,,"Gallery | Taurus Sarovar Portico, New Delhi | Sarovar Hotels",true,false,missing_canonical
/hotels/taurus-hotel-mahipalpur-new-delhi/nearby,200,200,0,142,,"Nearby Attractions | Taurus Sarovar Portico, New Delhi | Sarovar Hotels",true,false,missing_canonical
/hotels/the-ashtan-sarovar-portico-new-delhi,200,200,0,134,,"The Ashtan Sarovar Portico, New Delhi  | Sarovar Hotels",true,false,missing_canonical
/hotels/the-ashtan-sarovar-portico-new-delhi/rooms,200,200,0,133,,"Rooms & Suites |  The Ashtan Sarovar Portico, New Delhi  | Sarovar Hotels",false,false,missing_meta_description|missing_canonical
/hotels/the-ashtan-sarovar-portico-new-delhi/dining,200,200,0,138,,"Dining |  The Ashtan Sarovar Portico, New Delhi  | Sarovar Hotels",false,false,missing_meta_description|missing_canonical
/hotels/the-ashtan-sarovar-portico-new-delhi/banquets,200,200,0,145,,"Banquets & Conferences |  The Ashtan Sarovar Portico, New Delhi  | Sarovar Hotels",false,false,missing_meta_description|missing_canonical
/hotels/the-ashtan-sarovar-portico-new-delhi/gallery,200,200,0,141,,"Gallery |  The Ashtan Sarovar Portico, New Delhi  | Sarovar Hotels",true,false,missing_canonical
/hotels/the-ashtan-sarovar-portico-new-delhi/nearby,200,200,0,139,,"Nearby Attractions |  The Ashtan Sarovar Portico, New Delhi  | Sarovar Hotels",true,false,missing_canonical
/hotels/the-gaurs-sarovar-premiere,200,200,0,147,,The Gaurs Sarovar Premiere | Sarovar Hotels,true,false,missing_canonical
/hotels/the-gaurs-sarovar-premiere/rooms,200,200,0,143,,Rooms & Suites | The Gaurs Sarovar Premiere | Sarovar Hotels,false,false,missing_meta_description|missing_canonical
/hotels/the-gaurs-sarovar-premiere/dining,200,200,0,137,,Dining | The Gaurs Sarovar Premiere | Sarovar Hotels,false,false,missing_meta_description|missing_canonical
/hotels/the-gaurs-sarovar-premiere/banquets,200,200,0,139,,Banquets & Conferences | The Gaurs Sarovar Premiere | Sarovar Hotels,false,false,missing_meta_description|missing_canonical
/hotels/the-gaurs-sarovar-premiere/gallery,200,200,0,133,,Gallery | The Gaurs Sarovar Premiere | Sarovar Hotels,true,false,missing_canonical
/hotels/the-gaurs-sarovar-premiere/nearby,200,200,0,142,,Nearby Attractions | The Gaurs Sarovar Premiere | Sarovar Hotels,true,false,missing_canonical
/hotels/the-heron-portico-nairobi,200,200,0,141,,"The Heron By Sarovar Portico India, Nairobi | Sarovar Hotels",true,false,missing_canonical
/hotels/the-heron-portico-nairobi/rooms,200,200,0,139,,"Rooms & Suites | The Heron By Sarovar Portico India, Nairobi | Sarovar Hotels",false,false,missing_meta_description|missing_canonical
/hotels/the-heron-portico-nairobi/dining,200,200,0,144,,"Dining | The Heron By Sarovar Portico India, Nairobi | Sarovar Hotels",false,false,missing_meta_description|missing_canonical
/hotels/the-heron-portico-nairobi/banquets,200,200,0,150,,"Banquets & Conferences | The Heron By Sarovar Portico India, Nairobi | Sarovar Hotels",false,false,missing_meta_description|missing_canonical
/hotels/the-heron-portico-nairobi/gallery,200,200,0,145,,"Gallery | The Heron By Sarovar Portico India, Nairobi | Sarovar Hotels",true,false,missing_canonical
/hotels/the-heron-portico-nairobi/nearby,200,200,0,145,,"Nearby Attractions | The Heron By Sarovar Portico India, Nairobi | Sarovar Hotels",true,false,missing_canonical
/hotels/the-gokulam-park-kochi,200,200,0,145,,"The Gokulam Park, Kochi | Sarovar Hotels",true,false,missing_canonical
/hotels/the-gokulam-park-kochi/rooms,200,200,0,157,,"Rooms & Suites | The Gokulam Park, Kochi | Sarovar Hotels",false,false,missing_meta_description|missing_canonical
/hotels/the-gokulam-park-kochi/dining,200,200,0,155,,"Dining | The Gokulam Park, Kochi | Sarovar Hotels",false,false,missing_meta_description|missing_canonical
/hotels/the-gokulam-park-kochi/banquets,200,200,0,154,,"Banquets & Conferences | The Gokulam Park, Kochi | Sarovar Hotels",false,false,missing_meta_description|missing_canonical
/hotels/the-gokulam-park-kochi/gallery,200,200,0,138,,"Gallery | The Gokulam Park, Kochi | Sarovar Hotels",true,false,missing_canonical
/hotels/the-gokulam-park-kochi/nearby,200,200,0,143,,"Nearby Attractions | The Gokulam Park, Kochi | Sarovar Hotels",true,false,missing_canonical
/hotels/the-muse-sarovar-portico-nehru-place-new-delhi,200,200,0,125,,"The Muse Sarovar Portico, Nehru Place, New Delhi | Sarovar Hotels",true,false,missing_canonical
/hotels/the-muse-sarovar-portico-nehru-place-new-delhi/rooms,200,200,0,126,,"Rooms & Suites | The Muse Sarovar Portico, Nehru Place, New Delhi | Sarovar Hotels",false,false,missing_meta_description|missing_canonical
/hotels/the-muse-sarovar-portico-nehru-place-new-delhi/dining,200,200,0,135,,"Dining | The Muse Sarovar Portico, Nehru Place, New Delhi | Sarovar Hotels",false,false,missing_meta_description|missing_canonical
/hotels/the-muse-sarovar-portico-nehru-place-new-delhi/banquets,200,200,0,134,,"Banquets & Conferences | The Muse Sarovar Portico, Nehru Place, New Delhi | Sarovar Hotels",false,false,missing_meta_description|missing_canonical
/hotels/the-muse-sarovar-portico-nehru-place-new-delhi/gallery,200,200,0,140,,"Gallery | The Muse Sarovar Portico, Nehru Place, New Delhi | Sarovar Hotels",true,false,missing_canonical
/hotels/the-muse-sarovar-portico-nehru-place-new-delhi/nearby,200,200,0,130,,"Nearby Attractions | The Muse Sarovar Portico, Nehru Place, New Delhi | Sarovar Hotels",true,false,missing_canonical
/hotels/the-promenade-pondicherry,200,200,0,134,,"The Promenade, Pondicherry  | Sarovar Hotels",true,false,missing_canonical
/hotels/the-promenade-pondicherry/rooms,200,200,0,134,,"Rooms & Suites | The Promenade, Pondicherry  | Sarovar Hotels",false,false,missing_meta_description|missing_canonical
/hotels/the-promenade-pondicherry/dining,200,200,0,136,,"Dining | The Promenade, Pondicherry  | Sarovar Hotels",false,false,missing_meta_description|missing_canonical
/hotels/the-promenade-pondicherry/banquets,200,200,0,140,,"Banquets & Conferences | The Promenade, Pondicherry  | Sarovar Hotels",false,false,missing_meta_description|missing_canonical
/hotels/the-promenade-pondicherry/gallery,200,200,0,145,,"Gallery | The Promenade, Pondicherry  | Sarovar Hotels",true,false,missing_canonical
/hotels/the-promenade-pondicherry/nearby,200,200,0,140,,"Nearby Attractions | The Promenade, Pondicherry  | Sarovar Hotels",true,false,missing_canonical
/hotels/tulip-inn-bhopal,200,200,0,143,,"Tulip Inn, Bhopal | Sarovar Hotels",true,false,missing_canonical
/hotels/tulip-inn-bhopal/rooms,200,200,0,138,,"Rooms & Suites | Tulip Inn, Bhopal | Sarovar Hotels",false,false,missing_meta_description|missing_canonical
/hotels/tulip-inn-bhopal/dining,200,200,0,127,,"Dining | Tulip Inn, Bhopal | Sarovar Hotels",false,false,missing_meta_description|missing_canonical
/hotels/tulip-inn-bhopal/banquets,200,200,0,141,,"Banquets & Conferences | Tulip Inn, Bhopal | Sarovar Hotels",false,false,missing_meta_description|missing_canonical
/hotels/tulip-inn-bhopal/gallery,200,200,0,135,,"Gallery | Tulip Inn, Bhopal | Sarovar Hotels",true,false,missing_canonical
/hotels/tulip-inn-bhopal/nearby,200,200,0,144,,"Nearby Attractions | Tulip Inn, Bhopal | Sarovar Hotels",true,false,missing_canonical
/hotels/tulip-inn-gurugram-near-medanta,200,200,0,142,,Tulip Inn Gurugram (5 Minutes from Medanta - The Medicity) | Sarovar Hotels,true,false,missing_canonical
/hotels/tulip-inn-gurugram-near-medanta/rooms,200,200,0,132,,Rooms & Suites | Tulip Inn Gurugram (5 Minutes from Medanta - The Medicity) | Sarovar Hotels,false,false,missing_meta_description|missing_canonical
/hotels/tulip-inn-gurugram-near-medanta/dining,200,200,0,129,,Dining | Tulip Inn Gurugram (5 Minutes from Medanta - The Medicity) | Sarovar Hotels,false,false,missing_meta_description|missing_canonical
/hotels/tulip-inn-gurugram-near-medanta/banquets,200,200,0,145,,Banquets & Conferences | Tulip Inn Gurugram (5 Minutes from Medanta - The Medicity) | Sarovar Hotels,false,false,missing_meta_description|missing_canonical
/hotels/tulip-inn-gurugram-near-medanta/gallery,200,200,0,136,,Gallery | Tulip Inn Gurugram (5 Minutes from Medanta - The Medicity) | Sarovar Hotels,true,false,missing_canonical
/hotels/tulip-inn-gurugram-near-medanta/nearby,200,200,0,143,,Nearby Attractions | Tulip Inn Gurugram (5 Minutes from Medanta - The Medicity) | Sarovar Hotels,true,false,missing_canonical
/hotels/tulip-inn-koramangala,200,200,0,151,,"Tulip Inn, Koramangala | Sarovar Hotels",true,false,missing_canonical
/hotels/tulip-inn-koramangala/rooms,200,200,0,150,,"Rooms & Suites | Tulip Inn, Koramangala | Sarovar Hotels",false,false,missing_meta_description|missing_canonical
/hotels/tulip-inn-koramangala/dining,200,200,0,150,,"Dining | Tulip Inn, Koramangala | Sarovar Hotels",false,false,missing_meta_description|missing_canonical
/hotels/tulip-inn-koramangala/banquets,200,200,0,133,,"Banquets & Conferences | Tulip Inn, Koramangala | Sarovar Hotels",false,false,missing_meta_description|missing_canonical
/hotels/tulip-inn-koramangala/gallery,200,200,0,131,,"Gallery | Tulip Inn, Koramangala | Sarovar Hotels",true,false,missing_canonical
/hotels/tulip-inn-koramangala/nearby,200,200,0,138,,"Nearby Attractions | Tulip Inn, Koramangala | Sarovar Hotels",true,false,missing_canonical
/hotels/tulip-inn-shravasti,200,200,0,155,,"Tulip Inn, Shravasti | Sarovar Hotels",true,false,missing_canonical
/hotels/tulip-inn-shravasti/rooms,200,200,0,143,,"Rooms & Suites | Tulip Inn, Shravasti | Sarovar Hotels",false,false,missing_meta_description|missing_canonical
/hotels/tulip-inn-shravasti/dining,200,200,0,137,,"Dining | Tulip Inn, Shravasti | Sarovar Hotels",false,false,missing_meta_description|missing_canonical
/hotels/tulip-inn-shravasti/banquets,200,200,0,149,,"Banquets & Conferences | Tulip Inn, Shravasti | Sarovar Hotels",false,false,missing_meta_description|missing_canonical
/hotels/tulip-inn-shravasti/nearby,200,200,0,137,,"Nearby Attractions | Tulip Inn, Shravasti | Sarovar Hotels",true,false,missing_canonical
/hotels/tulip-inn-shravasti/gallery,200,200,0,159,,"Gallery | Tulip Inn, Shravasti | Sarovar Hotels",true,false,missing_canonical
/hotels/tulip-inn-zirakpur/dining,200,200,0,137,,Dining | Tulip Inn Chandigarh-Zirakpur | Sarovar Hotels,false,false,missing_meta_description|missing_canonical
/hotels/tulip-inn-zirakpur/rooms,200,200,0,144,,Rooms & Suites | Tulip Inn Chandigarh-Zirakpur | Sarovar Hotels,false,false,missing_meta_description|missing_canonical
/hotels/tulip-inn-zirakpur,200,200,0,161,,Tulip Inn Chandigarh-Zirakpur | Sarovar Hotels,true,false,missing_canonical
/hotels/tulip-inn-zirakpur/banquets,200,200,0,137,,Banquets & Conferences | Tulip Inn Chandigarh-Zirakpur | Sarovar Hotels,false,false,missing_meta_description|missing_canonical
/hotels/tulip-inn-zirakpur/nearby,200,200,0,121,,Nearby Attractions | Tulip Inn Chandigarh-Zirakpur | Sarovar Hotels,true,false,missing_canonical
/hotels/tulip-inn-zirakpur/gallery,200,200,0,128,,Gallery | Tulip Inn Chandigarh-Zirakpur | Sarovar Hotels,true,false,missing_canonical
/hotels/v-sarovar-portico-mi-road-jaipur,200,200,0,135,,"V  Sarovar Portico, MI Road, Jaipur | Sarovar Hotels",true,false,missing_canonical
/hotels/v-sarovar-portico-mi-road-jaipur/rooms,200,200,0,123,,"Rooms & Suites | V  Sarovar Portico, MI Road, Jaipur | Sarovar Hotels",false,false,missing_meta_description|missing_canonical
/hotels/v-sarovar-portico-mi-road-jaipur/dining,200,200,0,127,,"Dining | V  Sarovar Portico, MI Road, Jaipur | Sarovar Hotels",false,false,missing_meta_description|missing_canonical
/hotels/v-sarovar-portico-mi-road-jaipur/banquets,200,200,0,125,,"Banquets & Conferences | V  Sarovar Portico, MI Road, Jaipur | Sarovar Hotels",false,false,missing_meta_description|missing_canonical
/hotels/v-sarovar-portico-mi-road-jaipur/gallery,200,200,0,126,,"Gallery | V  Sarovar Portico, MI Road, Jaipur | Sarovar Hotels",true,false,missing_canonical
/hotels/v-sarovar-portico-mi-road-jaipur/nearby,200,200,0,133,,"Nearby Attractions | V  Sarovar Portico, MI Road, Jaipur | Sarovar Hotels",true,false,missing_canonical
/hotels/vaishnodevi-portico-katra,200,200,0,130,,"The Vaishnodevi Sarovar Portico, Katra | Sarovar Hotels",true,false,missing_canonical
/hotels/vaishnodevi-portico-katra/rooms,200,200,0,148,,"Rooms & Suites | The Vaishnodevi Sarovar Portico, Katra | Sarovar Hotels",false,false,missing_meta_description|missing_canonical
/hotels/vaishnodevi-portico-katra/dining,200,200,0,154,,"Dining | The Vaishnodevi Sarovar Portico, Katra | Sarovar Hotels",false,false,missing_meta_description|missing_canonical
/hotels/vaishnodevi-portico-katra/banquets,200,200,0,151,,"Banquets & Conferences | The Vaishnodevi Sarovar Portico, Katra | Sarovar Hotels",false,false,missing_meta_description|missing_canonical
/hotels/vaishnodevi-portico-katra/gallery,200,200,0,143,,"Gallery | The Vaishnodevi Sarovar Portico, Katra | Sarovar Hotels",true,false,missing_canonical
/hotels/vaishnodevi-portico-katra/nearby,200,200,0,145,,"Nearby Attractions | The Vaishnodevi Sarovar Portico, Katra | Sarovar Hotels",true,false,missing_canonical
/hotels/venizia-sarovar-portico-in-new-delhi,200,200,0,141,,Venizia Sarovar Portico | Sarovar Hotels,true,false,missing_canonical
/hotels/venizia-sarovar-portico-in-new-delhi/dining,200,200,0,135,,Dining | Venizia Sarovar Portico | Sarovar Hotels,false,false,missing_meta_description|missing_canonical
/hotels/venizia-sarovar-portico-in-new-delhi/rooms,200,200,0,143,,Rooms & Suites | Venizia Sarovar Portico | Sarovar Hotels,false,false,missing_meta_description|missing_canonical
/hotels/venizia-sarovar-portico-in-new-delhi/banquets,200,200,0,135,,Banquets & Conferences | Venizia Sarovar Portico | Sarovar Hotels,false,false,missing_meta_description|missing_canonical
/hotels/venizia-sarovar-portico-in-new-delhi/gallery,200,200,0,139,,Gallery | Venizia Sarovar Portico | Sarovar Hotels,true,false,missing_canonical
/hotels/venizia-sarovar-portico-in-new-delhi/nearby,200,200,0,149,,Nearby Attractions | Venizia Sarovar Portico | Sarovar Hotels,true,false,missing_canonical
/hotels/viraj-sarovar-portico-jammu/rooms,200,200,0,150,,"Rooms & Suites | Viraj Sarovar Portico, Jammu | Sarovar Hotels",false,false,missing_meta_description|missing_canonical
/hotels/viraj-sarovar-portico-jammu,200,200,0,159,,"Viraj Sarovar Portico, Jammu | Sarovar Hotels",true,false,missing_canonical
/hotels/viraj-sarovar-portico-jammu/dining,200,200,0,165,,"Dining | Viraj Sarovar Portico, Jammu | Sarovar Hotels",false,false,missing_meta_description|missing_canonical
/hotels/viraj-sarovar-portico-jammu/banquets,200,200,0,196,,"Banquets & Conferences | Viraj Sarovar Portico, Jammu | Sarovar Hotels",false,false,missing_meta_description|missing_canonical
/hotels/viraj-sarovar-portico-jammu/gallery,200,200,0,191,,"Gallery | Viraj Sarovar Portico, Jammu | Sarovar Hotels",true,false,missing_canonical
/hotels/viraj-sarovar-portico-jammu/nearby,200,200,0,196,,"Nearby Attractions | Viraj Sarovar Portico, Jammu | Sarovar Hotels",true,false,missing_canonical
/hotels/golden-tulip-udaipur,200,200,0,201,,"Golden Tulip, Udaipur | Sarovar Hotels",true,false,missing_canonical
/hotels/golden-tulip-udaipur/rooms,200,200,0,211,,"Rooms & Suites | Golden Tulip, Udaipur | Sarovar Hotels",false,false,missing_meta_description|missing_canonical
/hotels/golden-tulip-udaipur/dining,200,200,0,214,,"Dining | Golden Tulip, Udaipur | Sarovar Hotels",false,false,missing_meta_description|missing_canonical
/hotels/golden-tulip-udaipur/banquets,200,200,0,185,,"Banquets & Conferences | Golden Tulip, Udaipur | Sarovar Hotels",false,false,missing_meta_description|missing_canonical
/hotels/golden-tulip-udaipur/nearby,200,200,0,165,,"Nearby Attractions | Golden Tulip, Udaipur | Sarovar Hotels",true,false,missing_canonical
/hotels/golden-tulip-udaipur/gallery,200,200,0,180,,"Gallery | Golden Tulip, Udaipur | Sarovar Hotels",true,false,missing_canonical
/hotels/golden-tulip-tirupati,200,200,0,166,,"Golden Tulip, Tirupati  | Sarovar Hotels",true,false,missing_canonical
/hotels/golden-tulip-tirupati/rooms,200,200,0,138,,"Rooms & Suites | Golden Tulip, Tirupati  | Sarovar Hotels",false,false,missing_meta_description|missing_canonical
/hotels/golden-tulip-tirupati/dining,200,200,0,125,,"Dining | Golden Tulip, Tirupati  | Sarovar Hotels",false,false,missing_meta_description|missing_canonical
/hotels/golden-tulip-tirupati/banquets,200,200,0,131,,"Banquets & Conferences | Golden Tulip, Tirupati  | Sarovar Hotels",false,false,missing_meta_description|missing_canonical
/hotels/golden-tulip-tirupati/gallery,200,200,0,125,,"Gallery | Golden Tulip, Tirupati  | Sarovar Hotels",true,false,missing_canonical
/hotels/golden-tulip-tirupati/nearby,200,200,0,120,,"Nearby Attractions | Golden Tulip, Tirupati  | Sarovar Hotels",true,false,missing_canonical
/hotels/golden-tulip,200,200,0,117,,"Golden Tulip, Gurgaon | Sarovar Hotels",true,false,missing_canonical
/hotels/golden-tulip/rooms,200,200,0,121,,"Rooms & Suites | Golden Tulip, Gurgaon | Sarovar Hotels",false,false,missing_meta_description|missing_canonical
/hotels/golden-tulip/dining,200,200,0,123,,"Dining | Golden Tulip, Gurgaon | Sarovar Hotels",false,false,missing_meta_description|missing_canonical
/hotels/golden-tulip/banquets,200,200,0,117,,"Banquets & Conferences | Golden Tulip, Gurgaon | Sarovar Hotels",false,false,missing_meta_description|missing_canonical
/hotels/golden-tulip/gallery,200,200,0,132,,"Gallery | Golden Tulip, Gurgaon | Sarovar Hotels",true,false,missing_canonical
/hotels/golden-tulip/nearby,200,200,0,133,,"Nearby Attractions | Golden Tulip, Gurgaon | Sarovar Hotels",true,false,missing_canonical
/hotels/grand-continent-anjuna,200,200,0,137,,"Grand Continent, Anjuna - A Sarovar Portico Affiliate Hotel | Sarovar Hotels",true,false,missing_canonical
/hotels/grand-continent-anjuna/rooms,200,200,0,132,,"Rooms & Suites | Grand Continent, Anjuna - A Sarovar Portico Affiliate Hotel | Sarovar Hotels",false,false,missing_meta_description|missing_canonical
/hotels/grand-continent-anjuna/dining,200,200,0,140,,"Dining | Grand Continent, Anjuna - A Sarovar Portico Affiliate Hotel | Sarovar Hotels",false,false,missing_meta_description|missing_canonical
/hotels/grand-continent-anjuna/banquets,200,200,0,141,,"Banquets & Conferences | Grand Continent, Anjuna - A Sarovar Portico Affiliate Hotel | Sarovar Hotels",false,false,missing_meta_description|missing_canonical
/hotels/grand-continent-anjuna/gallery,200,200,0,147,,"Gallery | Grand Continent, Anjuna - A Sarovar Portico Affiliate Hotel | Sarovar Hotels",true,false,missing_canonical
/hotels/grand-continent-anjuna/nearby,200,200,0,145,,"Nearby Attractions | Grand Continent, Anjuna - A Sarovar Portico Affiliate Hotel | Sarovar Hotels",true,false,missing_canonical
/hotels/grand-continent-brookefield-bengaluru,200,200,0,155,,"Grand Continent, Brookefield - A Sarovar Portico Affiliate Hotel | Sarovar Hotels",true,false,missing_canonical
/hotels/grand-continent-brookefield-bengaluru/rooms,200,200,0,160,,"Rooms & Suites | Grand Continent, Brookefield - A Sarovar Portico Affiliate Hotel | Sarovar Hotels",false,false,missing_meta_description|missing_canonical
/hotels/grand-continent-brookefield-bengaluru/dining,200,200,0,154,,"Dining | Grand Continent, Brookefield - A Sarovar Portico Affiliate Hotel | Sarovar Hotels",false,false,missing_meta_description|missing_canonical
/hotels/grand-continent-brookefield-bengaluru/banquets,200,200,0,168,,"Banquets & Conferences | Grand Continent, Brookefield - A Sarovar Portico Affiliate Hotel | Sarovar Hotels",false,false,missing_meta_description|missing_canonical
/hotels/grand-continent-brookefield-bengaluru/gallery,200,200,0,171,,"Gallery | Grand Continent, Brookefield - A Sarovar Portico Affiliate Hotel | Sarovar Hotels",true,false,missing_canonical
/hotels/grand-continent-brookefield-bengaluru/nearby,200,200,0,170,,"Nearby Attractions | Grand Continent, Brookefield - A Sarovar Portico Affiliate Hotel | Sarovar Hotels",true,false,missing_canonical
/hotels/grand-continent-hebbal-bangalore,200,200,0,169,,"Grand Continent, Hebbal - Bangalore | Sarovar Hotels",true,false,missing_canonical
/hotels/grand-continent-hebbal-bangalore/rooms,200,200,0,179,,"Rooms & Suites | Grand Continent, Hebbal - Bangalore | Sarovar Hotels",false,false,missing_meta_description|missing_canonical
/hotels/grand-continent-hebbal-bangalore/dining,200,200,0,167,,"Dining | Grand Continent, Hebbal - Bangalore | Sarovar Hotels",false,false,missing_meta_description|missing_canonical
/hotels/grand-continent-hebbal-bangalore/banquets,200,200,0,169,,"Banquets & Conferences | Grand Continent, Hebbal - Bangalore | Sarovar Hotels",false,false,missing_meta_description|missing_canonical
/hotels/grand-continent-hebbal-bangalore/gallery,200,200,0,153,,"Gallery | Grand Continent, Hebbal - Bangalore | Sarovar Hotels",true,false,missing_canonical
/hotels/grand-continent-hebbal-bangalore/nearby,200,200,0,157,,"Nearby Attractions | Grand Continent, Hebbal - Bangalore | Sarovar Hotels",true,false,missing_canonical
/hotels/grand-continent-hosur,200,200,0,155,,"Grand Continent, Hosur A Sarovar Portico hotel | Sarovar Hotels",true,false,missing_canonical
/hotels/grand-continent-hosur/rooms,200,200,0,147,,"Rooms & Suites | Grand Continent, Hosur A Sarovar Portico hotel | Sarovar Hotels",false,false,missing_meta_description|missing_canonical
/hotels/grand-continent-hosur/dining,200,200,0,149,,"Dining | Grand Continent, Hosur A Sarovar Portico hotel | Sarovar Hotels",false,false,missing_meta_description|missing_canonical
/hotels/grand-continent-hosur/banquets,200,200,0,158,,"Banquets & Conferences | Grand Continent, Hosur A Sarovar Portico hotel | Sarovar Hotels",false,false,missing_meta_description|missing_canonical
/hotels/grand-continent-hosur/gallery,200,200,0,172,,"Gallery | Grand Continent, Hosur A Sarovar Portico hotel | Sarovar Hotels",true,false,missing_canonical
/hotels/grand-continent-hosur/nearby,200,200,0,169,,"Nearby Attractions | Grand Continent, Hosur A Sarovar Portico hotel | Sarovar Hotels",true,false,missing_canonical
/hotels/grand-continent-malleshwaram-bangalore,200,200,0,171,,"Grand Continent, Malleshwaram - A Sarovar Portico Affiliate Hotel | Sarovar Hotels",true,false,missing_canonical
/hotels/grand-continent-malleshwaram-bangalore/rooms,200,200,0,164,,"Rooms & Suites | Grand Continent, Malleshwaram - A Sarovar Portico Affiliate Hotel | Sarovar Hotels",false,false,missing_meta_description|missing_canonical
/hotels/grand-continent-malleshwaram-bangalore/dining,200,200,0,164,,"Dining | Grand Continent, Malleshwaram - A Sarovar Portico Affiliate Hotel | Sarovar Hotels",false,false,missing_meta_description|missing_canonical
/hotels/grand-continent-malleshwaram-bangalore/banquets,200,200,0,156,,"Banquets & Conferences | Grand Continent, Malleshwaram - A Sarovar Portico Affiliate Hotel | Sarovar Hotels",false,false,missing_meta_description|missing_canonical
/hotels/grand-continent-malleshwaram-bangalore/gallery,200,200,0,155,,"Gallery | Grand Continent, Malleshwaram - A Sarovar Portico Affiliate Hotel | Sarovar Hotels",true,false,missing_canonical
/hotels/grand-continent-malleshwaram-bangalore/nearby,200,200,0,144,,"Nearby Attractions | Grand Continent, Malleshwaram - A Sarovar Portico Affiliate Hotel | Sarovar Hotels",true,false,missing_canonical
/hotels/grand-continent-mahabalipuram/rooms,200,200,0,128,,"Rooms & Suites | Grand Continent, Mahabalipuram - A Sarovar Premiere Affiliate Hotel | Sarovar Hotels",false,false,missing_meta_description|missing_canonical
/hotels/grand-continent-mahabalipuram,200,200,0,148,,"Grand Continent, Mahabalipuram - A Sarovar Premiere Affiliate Hotel | Sarovar Hotels",true,false,missing_canonical
/hotels/grand-continent-mahabalipuram/dining,200,200,0,119,,"Dining | Grand Continent, Mahabalipuram - A Sarovar Premiere Affiliate Hotel | Sarovar Hotels",false,false,missing_meta_description|missing_canonical
/hotels/grand-continent-mahabalipuram/banquets,200,200,0,120,,"Banquets & Conferences | Grand Continent, Mahabalipuram - A Sarovar Premiere Affiliate Hotel | Sarovar Hotels",false,false,missing_meta_description|missing_canonical
/hotels/grand-continent-mahabalipuram/nearby,200,200,0,112,,"Nearby Attractions | Grand Continent, Mahabalipuram - A Sarovar Premiere Affiliate Hotel | Sarovar Hotels",true,false,missing_canonical
/hotels/grand-continent-mahabalipuram/gallery,200,200,0,133,,"Gallery | Grand Continent, Mahabalipuram - A Sarovar Premiere Affiliate Hotel | Sarovar Hotels",true,false,missing_canonical
/hotels/grand-continent-mysore/rooms,200,200,0,119,,"Rooms & Suites | Grand Continent, Mysore - A Sarovar Portico Affiliate Hotel | Sarovar Hotels",false,false,missing_meta_description|missing_canonical
/hotels/grand-continent-mysore,200,200,0,126,,"Grand Continent, Mysore - A Sarovar Portico Affiliate Hotel | Sarovar Hotels",true,false,missing_canonical
/hotels/grand-continent-mysore/dining,200,200,0,114,,"Dining | Grand Continent, Mysore - A Sarovar Portico Affiliate Hotel | Sarovar Hotels",false,false,missing_meta_description|missing_canonical
/hotels/grand-continent-mysore/banquets,200,200,0,116,,"Banquets & Conferences | Grand Continent, Mysore - A Sarovar Portico Affiliate Hotel | Sarovar Hotels",false,false,missing_meta_description|missing_canonical
/hotels/grand-continent-mysore/nearby,200,200,0,113,,"Nearby Attractions | Grand Continent, Mysore - A Sarovar Portico Affiliate Hotel | Sarovar Hotels",true,false,missing_canonical
/hotels/grand-continent-mysore/gallery,200,200,0,126,,"Gallery | Grand Continent, Mysore - A Sarovar Portico Affiliate Hotel | Sarovar Hotels",true,false,missing_canonical
/hotels/grand-continent-secunderabad,200,200,0,116,,"Grand Continent, Secunderabad - A Sarovar Portico Affiliate Hotel | Sarovar Hotels",true,false,missing_canonical
/hotels/grand-continent-secunderabad/rooms,200,200,0,124,,"Rooms & Suites | Grand Continent, Secunderabad - A Sarovar Portico Affiliate Hotel | Sarovar Hotels",false,false,missing_meta_description|missing_canonical
/hotels/grand-continent-secunderabad/dining,200,200,0,117,,"Dining | Grand Continent, Secunderabad - A Sarovar Portico Affiliate Hotel | Sarovar Hotels",false,false,missing_meta_description|missing_canonical
/hotels/grand-continent-secunderabad/banquets,200,200,0,116,,"Banquets & Conferences | Grand Continent, Secunderabad - A Sarovar Portico Affiliate Hotel | Sarovar Hotels",false,false,missing_meta_description|missing_canonical
/hotels/grand-continent-secunderabad/nearby,200,200,0,110,,"Nearby Attractions | Grand Continent, Secunderabad - A Sarovar Portico Affiliate Hotel | Sarovar Hotels",true,false,missing_canonical
/hotels/grand-continent-secunderabad/gallery,200,200,0,119,,"Gallery | Grand Continent, Secunderabad - A Sarovar Portico Affiliate Hotel | Sarovar Hotels",true,false,missing_canonical
/hotels/grand-portico-hotel-in-latur,200,200,0,124,,"Grand Sarovar Portico, Latur | Sarovar Hotels",true,false,missing_canonical
/hotels/grand-portico-hotel-in-latur/rooms,200,200,0,142,,"Rooms & Suites | Grand Sarovar Portico, Latur | Sarovar Hotels",false,false,missing_meta_description|missing_canonical
/hotels/grand-portico-hotel-in-latur/dining,200,200,0,129,,"Dining | Grand Sarovar Portico, Latur | Sarovar Hotels",false,false,missing_meta_description|missing_canonical
/hotels/grand-portico-hotel-in-latur/banquets,200,200,0,128,,"Banquets & Conferences | Grand Sarovar Portico, Latur | Sarovar Hotels",false,false,missing_meta_description|missing_canonical
/hotels/grand-portico-hotel-in-latur/gallery,200,200,0,143,,"Gallery | Grand Sarovar Portico, Latur | Sarovar Hotels",true,false,missing_canonical
/hotels/grand-portico-hotel-in-latur/nearby,200,200,0,130,,"Nearby Attractions | Grand Sarovar Portico, Latur | Sarovar Hotels",true,false,missing_canonical
/hotels/highland-sarovar-portico-sindhudurg,200,200,0,131,,"Highland Sarovar Portico, Sindhudurg | Sarovar Hotels",true,false,missing_canonical
/hotels/highland-sarovar-portico-sindhudurg/rooms,200,200,0,128,,"Rooms & Suites | Highland Sarovar Portico, Sindhudurg | Sarovar Hotels",false,false,missing_meta_description|missing_canonical
/hotels/highland-sarovar-portico-sindhudurg/dining,200,200,0,128,,"Dining | Highland Sarovar Portico, Sindhudurg | Sarovar Hotels",false,false,missing_meta_description|missing_canonical
/hotels/highland-sarovar-portico-sindhudurg/banquets,200,200,0,131,,"Banquets & Conferences | Highland Sarovar Portico, Sindhudurg | Sarovar Hotels",false,false,missing_meta_description|missing_canonical
/hotels/highland-sarovar-portico-sindhudurg/gallery,200,200,0,119,,"Gallery | Highland Sarovar Portico, Sindhudurg | Sarovar Hotels",true,false,missing_canonical
/hotels/highland-sarovar-portico-sindhudurg/nearby,200,200,0,115,,"Nearby Attractions | Highland Sarovar Portico, Sindhudurg | Sarovar Hotels",true,false,missing_canonical
/hotels/hometel-alambagh-lucknow,200,200,0,107,,"Hometel Alambagh, Lucknow  | Sarovar Hotels",true,false,missing_canonical
/hotels/hometel-alambagh-lucknow/rooms,200,200,0,108,,"Rooms & Suites | Hometel Alambagh, Lucknow  | Sarovar Hotels",false,false,missing_meta_description|missing_canonical
/hotels/hometel-alambagh-lucknow/dining,200,200,0,92,,"Dining | Hometel Alambagh, Lucknow  | Sarovar Hotels",false,false,missing_meta_description|missing_canonical
/hotels/hometel-alambagh-lucknow/banquets,200,200,0,88,,"Banquets & Conferences | Hometel Alambagh, Lucknow  | Sarovar Hotels",false,false,missing_meta_description|missing_canonical
/hotels/hometel-alambagh-lucknow/gallery,200,200,0,95,,"Gallery | Hometel Alambagh, Lucknow  | Sarovar Hotels",true,false,missing_canonical
/hotels/hometel-alambagh-lucknow/nearby,200,200,0,87,,"Nearby Attractions | Hometel Alambagh, Lucknow  | Sarovar Hotels",true,false,missing_canonical
/hotels/hometel-roorkee,200,200,0,87,,Hometel Roorkee | Sarovar Hotels,true,false,missing_canonical
/hotels/hometel-roorkee/rooms,200,200,0,90,,Rooms & Suites | Hometel Roorkee | Sarovar Hotels,false,false,missing_meta_description|missing_canonical
/hotels/hometel-roorkee/dining,200,200,0,98,,Dining | Hometel Roorkee | Sarovar Hotels,false,false,missing_meta_description|missing_canonical
/hotels/hometel-roorkee/banquets,200,200,0,92,,Banquets & Conferences | Hometel Roorkee | Sarovar Hotels,false,false,missing_meta_description|missing_canonical
/hotels/hometel-roorkee/gallery,200,200,0,113,,Gallery | Hometel Roorkee | Sarovar Hotels,true,false,missing_canonical
/hotels/hometel-roorkee/nearby,200,200,0,116,,Nearby Attractions | Hometel Roorkee | Sarovar Hotels,true,false,missing_canonical
/hotels/hometel-chandigarh,200,200,0,110,,"Hometel, Chandigarh | Sarovar Hotels",true,false,missing_canonical
/hotels/hometel-chandigarh/rooms,200,200,0,120,,"Rooms & Suites | Hometel, Chandigarh | Sarovar Hotels",false,false,missing_meta_description|missing_canonical
/hotels/hometel-chandigarh/dining,200,200,0,120,,"Dining | Hometel, Chandigarh | Sarovar Hotels",false,false,missing_meta_description|missing_canonical
/hotels/hometel-chandigarh/banquets,200,200,0,127,,"Banquets & Conferences | Hometel, Chandigarh | Sarovar Hotels",false,false,missing_meta_description|missing_canonical
/hotels/hometel-chandigarh/gallery,200,200,0,128,,"Gallery | Hometel, Chandigarh | Sarovar Hotels",true,false,missing_canonical
/hotels/hometel-chandigarh/nearby,200,200,0,145,,"Nearby Attractions | Hometel, Chandigarh | Sarovar Hotels",true,false,missing_canonical
/hotels/hrj-sarovar-portico-indore,200,200,0,140,,"HRJ Sarovar Portico, Indore (A Unit of HRJ International Hotels LLP) | Sarovar Hotels",true,false,missing_canonical
/hotels/hrj-sarovar-portico-indore/rooms,200,200,0,147,,"Rooms & Suites | HRJ Sarovar Portico, Indore (A Unit of HRJ International Hotels LLP) | Sarovar Hotels",false,false,missing_meta_description|missing_canonical
/hotels/hrj-sarovar-portico-indore/dining,200,200,0,129,,"Dining | HRJ Sarovar Portico, Indore (A Unit of HRJ International Hotels LLP) | Sarovar Hotels",false,false,missing_meta_description|missing_canonical
/hotels/hrj-sarovar-portico-indore/banquets,200,200,0,136,,"Banquets & Conferences | HRJ Sarovar Portico, Indore (A Unit of HRJ International Hotels LLP) | Sarovar Hotels",false,false,missing_meta_description|missing_canonical
/hotels/hrj-sarovar-portico-indore/gallery,200,200,0,134,,"Gallery | HRJ Sarovar Portico, Indore (A Unit of HRJ International Hotels LLP) | Sarovar Hotels",true,false,missing_canonical
/hotels/hrj-sarovar-portico-indore/nearby,200,200,0,130,,"Nearby Attractions | HRJ Sarovar Portico, Indore (A Unit of HRJ International Hotels LLP) | Sarovar Hotels",true,false,missing_canonical
/hotels/iris-sarovar-portico-gurugram,200,200,0,126,,"Iris Sarovar Portico, Gurugram | Sarovar Hotels",true,false,missing_canonical
/hotels/iris-sarovar-portico-gurugram/rooms,200,200,0,119,,"Rooms & Suites | Iris Sarovar Portico, Gurugram | Sarovar Hotels",false,false,missing_meta_description|missing_canonical
/hotels/iris-sarovar-portico-gurugram/dining,200,200,0,123,,"Dining | Iris Sarovar Portico, Gurugram | Sarovar Hotels",false,false,missing_meta_description|missing_canonical
/hotels/iris-sarovar-portico-gurugram/banquets,200,200,0,118,,"Banquets & Conferences | Iris Sarovar Portico, Gurugram | Sarovar Hotels",false,false,missing_meta_description|missing_canonical
/hotels/iris-sarovar-portico-gurugram/gallery,200,200,0,126,,"Gallery | Iris Sarovar Portico, Gurugram | Sarovar Hotels",true,false,missing_canonical
/hotels/iris-sarovar-portico-gurugram/nearby,200,200,0,133,,"Nearby Attractions | Iris Sarovar Portico, Gurugram | Sarovar Hotels",true,false,missing_canonical
/hotels/ishaan-sarovar-portico-deoghar,200,200,0,124,,"Ishaan Sarovar Portico, Deoghar | Sarovar Hotels",true,false,missing_canonical
/hotels/ishaan-sarovar-portico-deoghar/rooms,200,200,0,130,,"Rooms & Suites | Ishaan Sarovar Portico, Deoghar | Sarovar Hotels",false,false,missing_meta_description|missing_canonical
/hotels/ishaan-sarovar-portico-deoghar/dining,200,200,0,135,,"Dining | Ishaan Sarovar Portico, Deoghar | Sarovar Hotels",false,false,missing_meta_description|missing_canonical
/hotels/ishaan-sarovar-portico-deoghar/banquets,200,200,0,132,,"Banquets & Conferences | Ishaan Sarovar Portico, Deoghar | Sarovar Hotels",false,false,missing_meta_description|missing_canonical
/hotels/ishaan-sarovar-portico-deoghar/nearby,200,200,0,144,,"Nearby Attractions | Ishaan Sarovar Portico, Deoghar | Sarovar Hotels",true,false,missing_canonical
/hotels/ishaan-sarovar-portico-deoghar/gallery,200,200,0,151,,"Gallery | Ishaan Sarovar Portico, Deoghar | Sarovar Hotels",true,false,missing_canonical
/hotels/kpg-sarovar-portico-raj-nagar-extension-ghaziabad,200,200,0,144,,"KPG Sarovar Portico, Raj Nagar Extension, Ghaziabad | Sarovar Hotels",true,false,missing_canonical
/hotels/kpg-sarovar-portico-raj-nagar-extension-ghaziabad/rooms,200,200,0,132,,"Rooms & Suites | KPG Sarovar Portico, Raj Nagar Extension, Ghaziabad | Sarovar Hotels",false,false,missing_meta_description|missing_canonical
/hotels/kpg-sarovar-portico-raj-nagar-extension-ghaziabad/dining,200,200,0,143,,"Dining | KPG Sarovar Portico, Raj Nagar Extension, Ghaziabad | Sarovar Hotels",false,false,missing_meta_description|missing_canonical
/hotels/kpg-sarovar-portico-raj-nagar-extension-ghaziabad/banquets,200,200,0,132,,"Banquets & Conferences | KPG Sarovar Portico, Raj Nagar Extension, Ghaziabad | Sarovar Hotels",false,false,missing_meta_description|missing_canonical
/hotels/kpg-sarovar-portico-raj-nagar-extension-ghaziabad/gallery,200,200,0,132,,"Gallery | KPG Sarovar Portico, Raj Nagar Extension, Ghaziabad | Sarovar Hotels",true,false,missing_canonical
/hotels/kpg-sarovar-portico-raj-nagar-extension-ghaziabad/nearby,200,200,0,144,,"Nearby Attractions | KPG Sarovar Portico, Raj Nagar Extension, Ghaziabad | Sarovar Hotels",true,false,missing_canonical
/hotels/lagoon-sarovar-premiere-pondicherry,200,200,0,140,,"Lagoon Sarovar Premiere Resort, Pondicherry | Sarovar Hotels",true,false,missing_canonical
/hotels/lagoon-sarovar-premiere-pondicherry/rooms,200,200,0,138,,"Rooms & Suites | Lagoon Sarovar Premiere Resort, Pondicherry | Sarovar Hotels",false,false,missing_meta_description|missing_canonical
/hotels/lagoon-sarovar-premiere-pondicherry/dining,200,200,0,125,,"Dining | Lagoon Sarovar Premiere Resort, Pondicherry | Sarovar Hotels",false,false,missing_meta_description|missing_canonical
/hotels/lagoon-sarovar-premiere-pondicherry/banquets,200,200,0,136,,"Banquets & Conferences | Lagoon Sarovar Premiere Resort, Pondicherry | Sarovar Hotels",false,false,missing_meta_description|missing_canonical
/hotels/lagoon-sarovar-premiere-pondicherry/gallery,200,200,0,132,,"Gallery | Lagoon Sarovar Premiere Resort, Pondicherry | Sarovar Hotels",true,false,missing_canonical
/hotels/lagoon-sarovar-premiere-pondicherry/nearby,200,200,0,130,,"Nearby Attractions | Lagoon Sarovar Premiere Resort, Pondicherry | Sarovar Hotels",true,false,missing_canonical
/hotels/la-place-sarovar-portico-lucknow,200,200,0,124,,"La Place Sarovar Portico, Lucknow | Sarovar Hotels",true,false,missing_canonical
/hotels/la-place-sarovar-portico-lucknow/rooms,200,200,0,126,,"Rooms & Suites | La Place Sarovar Portico, Lucknow | Sarovar Hotels",false,false,missing_meta_description|missing_canonical
/hotels/la-place-sarovar-portico-lucknow/dining,200,200,0,133,,"Dining | La Place Sarovar Portico, Lucknow | Sarovar Hotels",false,false,missing_meta_description|missing_canonical
/hotels/la-place-sarovar-portico-lucknow/banquets,200,200,0,116,,"Banquets & Conferences | La Place Sarovar Portico, Lucknow | Sarovar Hotels",false,false,missing_meta_description|missing_canonical
/hotels/la-place-sarovar-portico-lucknow/gallery,200,200,0,119,,"Gallery | La Place Sarovar Portico, Lucknow | Sarovar Hotels",true,false,missing_canonical
/hotels/la-place-sarovar-portico-lucknow/nearby,200,200,0,118,,"Nearby Attractions | La Place Sarovar Portico, Lucknow | Sarovar Hotels",true,false,missing_canonical
/hotels/le-dupleix-pondicherry,200,200,0,122,,"Le Dupleix, Pondicherry | Sarovar Hotels",true,false,missing_canonical
/hotels/le-dupleix-pondicherry/dining,200,200,0,108,,"Dining | Le Dupleix, Pondicherry | Sarovar Hotels",false,false,missing_meta_description|missing_canonical
/hotels/le-dupleix-pondicherry/rooms,200,200,0,115,,"Rooms & Suites | Le Dupleix, Pondicherry | Sarovar Hotels",false,false,missing_meta_description|missing_canonical
/hotels/le-dupleix-pondicherry/banquets,200,200,0,136,,"Banquets & Conferences | Le Dupleix, Pondicherry | Sarovar Hotels",false,false,missing_meta_description|missing_canonical
/hotels/le-dupleix-pondicherry/gallery,200,200,0,135,,"Gallery | Le Dupleix, Pondicherry | Sarovar Hotels",true,false,missing_canonical
/hotels/le-dupleix-pondicherry/nearby,200,200,0,134,,"Nearby Attractions | Le Dupleix, Pondicherry | Sarovar Hotels",true,false,missing_canonical
/hotels/le-lac-sarovar-ranchi,200,200,0,130,,"Le Lac Sarovar Portico, Ranchi | Sarovar Hotels",true,false,missing_canonical
/hotels/le-lac-sarovar-ranchi/rooms,200,200,0,137,,"Rooms & Suites | Le Lac Sarovar Portico, Ranchi | Sarovar Hotels",false,false,missing_meta_description|missing_canonical
/hotels/le-lac-sarovar-ranchi/dining,200,200,0,136,,"Dining | Le Lac Sarovar Portico, Ranchi | Sarovar Hotels",false,false,missing_meta_description|missing_canonical
/hotels/le-lac-sarovar-ranchi/banquets,200,200,0,153,,"Banquets & Conferences | Le Lac Sarovar Portico, Ranchi | Sarovar Hotels",false,false,missing_meta_description|missing_canonical
/hotels/le-lac-sarovar-ranchi/nearby,200,200,0,133,,"Nearby Attractions | Le Lac Sarovar Portico, Ranchi | Sarovar Hotels",true,false,missing_canonical
/hotels/le-lac-sarovar-ranchi/gallery,200,200,0,138,,"Gallery | Le Lac Sarovar Portico, Ranchi | Sarovar Hotels",true,false,missing_canonical
/hotels/madhuban-sarovar-portico-mussorie,200,200,0,143,,"Madhuban Sarovar Portico, Mussoorie | Sarovar Hotels",true,false,missing_canonical
/hotels/madhuban-sarovar-portico-mussorie/rooms,200,200,0,151,,"Rooms & Suites | Madhuban Sarovar Portico, Mussoorie | Sarovar Hotels",false,false,missing_meta_description|missing_canonical
/hotels/madhuban-sarovar-portico-mussorie/dining,200,200,0,129,,"Dining | Madhuban Sarovar Portico, Mussoorie | Sarovar Hotels",false,false,missing_meta_description|missing_canonical
/hotels/madhuban-sarovar-portico-mussorie/banquets,200,200,0,130,,"Banquets & Conferences | Madhuban Sarovar Portico, Mussoorie | Sarovar Hotels",false,false,missing_meta_description|missing_canonical
/hotels/madhuban-sarovar-portico-mussorie/gallery,200,200,0,166,,"Gallery | Madhuban Sarovar Portico, Mussoorie | Sarovar Hotels",true,false,missing_canonical
/hotels/madhuban-sarovar-portico-mussorie/nearby,200,200,0,156,,"Nearby Attractions | Madhuban Sarovar Portico, Mussoorie | Sarovar Hotels",true,false,missing_canonical
/hotels/legend-sarovar-portico,200,200,0,164,,"Legend Sarovar Portico, Baddi | Sarovar Hotels",true,false,missing_canonical
/hotels/legend-sarovar-portico/rooms,200,200,0,157,,"Rooms & Suites | Legend Sarovar Portico, Baddi | Sarovar Hotels",false,false,missing_meta_description|missing_canonical
/hotels/legend-sarovar-portico/banquets,200,200,0,162,,"Banquets & Conferences | Legend Sarovar Portico, Baddi | Sarovar Hotels",false,false,missing_meta_description|missing_canonical
/hotels/legend-sarovar-portico/dining,200,200,0,168,,"Dining | Legend Sarovar Portico, Baddi | Sarovar Hotels",false,false,missing_meta_description|missing_canonical
/hotels/legend-sarovar-portico/gallery,200,200,0,156,,"Gallery | Legend Sarovar Portico, Baddi | Sarovar Hotels",true,false,missing_canonical
/hotels/legend-sarovar-portico/nearby,200,200,0,143,,"Nearby Attractions | Legend Sarovar Portico, Baddi | Sarovar Hotels",true,false,missing_canonical
/hotels/mahagun-sarovar-portico-suites-vaishali,200,200,0,138,,"Mahagun Sarovar Portico Suites, Vaishali | Sarovar Hotels",true,false,missing_canonical
/hotels/mahagun-sarovar-portico-suites-vaishali/rooms,200,200,0,138,,"Rooms & Suites | Mahagun Sarovar Portico Suites, Vaishali | Sarovar Hotels",false,false,missing_meta_description|missing_canonical
/hotels/mahagun-sarovar-portico-suites-vaishali/dining,200,200,0,95,,"Dining | Mahagun Sarovar Portico Suites, Vaishali | Sarovar Hotels",false,false,missing_meta_description|missing_canonical
/hotels/mahagun-sarovar-portico-suites-vaishali/banquets,200,200,0,107,,"Banquets & Conferences | Mahagun Sarovar Portico Suites, Vaishali | Sarovar Hotels",false,false,missing_meta_description|missing_canonical
/hotels/mahagun-sarovar-portico-suites-vaishali/gallery,200,200,0,100,,"Gallery | Mahagun Sarovar Portico Suites, Vaishali | Sarovar Hotels",true,false,missing_canonical
/hotels/mahagun-sarovar-portico-suites-vaishali/nearby,200,200,0,101,,"Nearby Attractions | Mahagun Sarovar Portico Suites, Vaishali | Sarovar Hotels",true,false,missing_canonical
/hotels/majestic-court-sarovar-portico-navi-mumbai/rooms,200,200,0,91,,"Rooms & Suites | Majestic Court Sarovar Portico, Navi Mumbai | Sarovar Hotels",false,false,missing_meta_description|missing_canonical
/hotels/majestic-court-sarovar-portico-navi-mumbai,200,200,0,98,,"Majestic Court Sarovar Portico, Navi Mumbai | Sarovar Hotels",true,false,missing_canonical
/hotels/majestic-court-sarovar-portico-navi-mumbai/dining,200,200,0,127,,"Dining | Majestic Court Sarovar Portico, Navi Mumbai | Sarovar Hotels",false,false,missing_meta_description|missing_canonical
/hotels/majestic-court-sarovar-portico-navi-mumbai/banquets,200,200,0,123,,"Banquets & Conferences | Majestic Court Sarovar Portico, Navi Mumbai | Sarovar Hotels",false,false,missing_meta_description|missing_canonical
/hotels/majestic-court-sarovar-portico-navi-mumbai/gallery,200,200,0,134,,"Gallery | Majestic Court Sarovar Portico, Navi Mumbai | Sarovar Hotels",true,false,missing_canonical
/hotels/majestic-court-sarovar-portico-navi-mumbai/nearby,200,200,0,146,,"Nearby Attractions | Majestic Court Sarovar Portico, Navi Mumbai | Sarovar Hotels",true,false,missing_canonical
/hotels/manjeera-international-convention-centre,200,200,0,139,,"Manjeera International Convention Centre, Rajahmundry | Sarovar Hotels",true,false,missing_canonical
/hotels/manjeera-international-convention-centre/rooms,200,200,0,131,,"Rooms & Suites | Manjeera International Convention Centre, Rajahmundry | Sarovar Hotels",false,false,missing_meta_description|missing_canonical
/hotels/manjeera-international-convention-centre/dining,200,200,0,147,,"Dining | Manjeera International Convention Centre, Rajahmundry | Sarovar Hotels",false,false,missing_meta_description|missing_canonical
/hotels/manjeera-international-convention-centre/banquets,200,200,0,148,,"Banquets & Conferences | Manjeera International Convention Centre, Rajahmundry | Sarovar Hotels",false,false,missing_meta_description|missing_canonical
/hotels/manjeera-international-convention-centre/gallery,200,200,0,145,,"Gallery | Manjeera International Convention Centre, Rajahmundry | Sarovar Hotels",true,false,missing_canonical
/hotels/manjeera-international-convention-centre/nearby,200,200,0,145,,"Nearby Attractions | Manjeera International Convention Centre, Rajahmundry | Sarovar Hotels",true,false,missing_canonical
/hotels/manjeera-sarovar-premiere-rajahmundry,200,200,0,139,,"Manjeera Sarovar Premiere, Rajahmundry | Sarovar Hotels",true,false,missing_canonical
/hotels/manjeera-sarovar-premiere-rajahmundry/rooms,200,200,0,132,,"Rooms & Suites | Manjeera Sarovar Premiere, Rajahmundry | Sarovar Hotels",false,false,missing_meta_description|missing_canonical
/hotels/manjeera-sarovar-premiere-rajahmundry/dining,200,200,0,126,,"Dining | Manjeera Sarovar Premiere, Rajahmundry | Sarovar Hotels",false,false,missing_meta_description|missing_canonical
/hotels/manjeera-sarovar-premiere-rajahmundry/gallery,200,200,0,124,,"Gallery | Manjeera Sarovar Premiere, Rajahmundry | Sarovar Hotels",true,false,missing_canonical
/hotels/manjeera-sarovar-premiere-rajahmundry/banquets,200,200,0,132,,"Banquets & Conferences | Manjeera Sarovar Premiere, Rajahmundry | Sarovar Hotels",false,false,missing_meta_description|missing_canonical
/hotels/manjeera-sarovar-premiere-rajahmundry/nearby,200,200,0,126,,"Nearby Attractions | Manjeera Sarovar Premiere, Rajahmundry | Sarovar Hotels",true,false,missing_canonical
/hotels/marasa-sarovar-portico-rajkot,200,200,0,112,,"Marasa Sarovar Portico, Rajkot | Sarovar Hotels",true,false,missing_canonical
/hotels/marasa-sarovar-portico-rajkot/dining,200,200,0,114,,"Dining | Marasa Sarovar Portico, Rajkot | Sarovar Hotels",false,false,missing_meta_description|missing_canonical
/hotels/marasa-sarovar-portico-rajkot/rooms,200,200,0,121,,"Rooms & Suites | Marasa Sarovar Portico, Rajkot | Sarovar Hotels",false,false,missing_meta_description|missing_canonical
/hotels/marasa-sarovar-portico-rajkot/banquets,200,200,0,116,,"Banquets & Conferences | Marasa Sarovar Portico, Rajkot | Sarovar Hotels",false,false,missing_meta_description|missing_canonical
/hotels/marasa-sarovar-portico-rajkot/gallery,200,200,0,124,,"Gallery | Marasa Sarovar Portico, Rajkot | Sarovar Hotels",true,false,missing_canonical
/hotels/marasa-sarovar-portico-rajkot/nearby,200,200,0,137,,"Nearby Attractions | Marasa Sarovar Portico, Rajkot | Sarovar Hotels",true,false,missing_canonical
/hotels/marasa-sarovar-premiere-bodhgaya,200,200,0,130,,"Marasa Sarovar Premiere, Bodhgaya | Sarovar Hotels",true,false,missing_canonical
/hotels/marasa-sarovar-premiere-bodhgaya/dining,200,200,0,116,,"Dining | Marasa Sarovar Premiere, Bodhgaya | Sarovar Hotels",false,false,missing_meta_description|missing_canonical
/hotels/marasa-sarovar-premiere-bodhgaya/rooms,200,200,0,121,,"Rooms & Suites | Marasa Sarovar Premiere, Bodhgaya | Sarovar Hotels",false,false,missing_meta_description|missing_canonical
/hotels/marasa-sarovar-premiere-bodhgaya/banquets,200,200,0,120,,"Banquets & Conferences | Marasa Sarovar Premiere, Bodhgaya | Sarovar Hotels",false,false,missing_meta_description|missing_canonical
/hotels/marasa-sarovar-premiere-bodhgaya/gallery,200,200,0,123,,"Gallery | Marasa Sarovar Premiere, Bodhgaya | Sarovar Hotels",true,false,missing_canonical
/hotels/marasa-sarovar-premiere-tirupati-hotels,200,200,0,113,,"Marasa Sarovar Premiere, Tirupati | Sarovar Hotels",true,false,missing_canonical
/hotels/marasa-sarovar-premiere-bodhgaya/nearby,200,200,0,124,,"Nearby Attractions | Marasa Sarovar Premiere, Bodhgaya | Sarovar Hotels",true,false,missing_canonical
/hotels/marasa-sarovar-premiere-tirupati-hotels/rooms,200,200,0,123,,"Rooms & Suites |  Marasa Sarovar Premiere, Tirupati | Sarovar Hotels",false,false,missing_meta_description|missing_canonical
/hotels/marasa-sarovar-premiere-tirupati-hotels/dining,200,200,0,129,,"Dining |  Marasa Sarovar Premiere, Tirupati | Sarovar Hotels",false,false,missing_meta_description|missing_canonical
/hotels/marasa-sarovar-premiere-tirupati-hotels/banquets,200,200,0,140,,"Banquets & Conferences |  Marasa Sarovar Premiere, Tirupati | Sarovar Hotels",false,false,missing_meta_description|missing_canonical
/hotels/marasa-sarovar-premiere-tirupati-hotels/gallery,200,200,0,140,,"Gallery |  Marasa Sarovar Premiere, Tirupati | Sarovar Hotels",true,false,missing_canonical
/hotels/marasa-sarovar-premiere-tirupati-hotels/nearby,200,200,0,140,,"Nearby Attractions |  Marasa Sarovar Premiere, Tirupati | Sarovar Hotels",true,false,missing_canonical
/hotels/mj-sarovar-portico-haridwar,200,200,0,141,,"MJ Sarovar Portico, Haridwar | Sarovar Hotels",true,false,missing_canonical
/hotels/mj-sarovar-portico-haridwar/rooms,200,200,0,145,,"Rooms & Suites | MJ Sarovar Portico, Haridwar | Sarovar Hotels",false,false,missing_meta_description|missing_canonical
/hotels/mj-sarovar-portico-haridwar/dining,200,200,0,142,,"Dining | MJ Sarovar Portico, Haridwar | Sarovar Hotels",false,false,missing_meta_description|missing_canonical
/hotels/mj-sarovar-portico-haridwar/banquets,200,200,0,135,,"Banquets & Conferences | MJ Sarovar Portico, Haridwar | Sarovar Hotels",false,false,missing_meta_description|missing_canonical
/hotels/mj-sarovar-portico-haridwar/gallery,200,200,0,134,,"Gallery | MJ Sarovar Portico, Haridwar | Sarovar Hotels",true,false,missing_canonical
/hotels/mj-sarovar-portico-haridwar/nearby,200,200,0,140,,"Nearby Attractions | MJ Sarovar Portico, Haridwar | Sarovar Hotels",true,false,missing_canonical
/hotels/marine-plaza-mumbai,200,200,0,131,,"Hotel Marine Plaza, Mumbai | Sarovar Hotels",true,false,missing_canonical
/hotels/marine-plaza-mumbai/rooms,200,200,0,128,,"Rooms & Suites | Hotel Marine Plaza, Mumbai | Sarovar Hotels",false,false,missing_meta_description|missing_canonical
/hotels/marine-plaza-mumbai/dining,200,200,0,129,,"Dining | Hotel Marine Plaza, Mumbai | Sarovar Hotels",false,false,missing_meta_description|missing_canonical
/hotels/marine-plaza-mumbai/banquets,200,200,0,138,,"Banquets & Conferences | Hotel Marine Plaza, Mumbai | Sarovar Hotels",false,false,missing_meta_description|missing_canonical
/hotels/marine-plaza-mumbai/nearby,200,200,0,138,,"Nearby Attractions | Hotel Marine Plaza, Mumbai | Sarovar Hotels",true,false,missing_canonical
/hotels/marine-plaza-mumbai/gallery,200,200,0,146,,"Gallery | Hotel Marine Plaza, Mumbai | Sarovar Hotels",true,false,missing_canonical
/hotels/mountnoor-sarovar-premiere-pahalgam/rooms,200,200,0,140,,"Rooms & Suites | Mountnoor Sarovar Premiere, Pahalgam | Sarovar Hotels",false,false,missing_meta_description|missing_canonical
/hotels/mountnoor-sarovar-premiere-pahalgam,200,200,0,148,,"Mountnoor Sarovar Premiere, Pahalgam | Sarovar Hotels",true,false,missing_canonical
/hotels/mountnoor-sarovar-premiere-pahalgam/dining,200,200,0,149,,"Dining | Mountnoor Sarovar Premiere, Pahalgam | Sarovar Hotels",false,false,missing_meta_description|missing_canonical
/hotels/mountnoor-sarovar-premiere-pahalgam/banquets,200,200,0,141,,"Banquets & Conferences | Mountnoor Sarovar Premiere, Pahalgam | Sarovar Hotels",false,false,missing_meta_description|missing_canonical
/hotels/mountnoor-sarovar-premiere-pahalgam/gallery,200,200,0,146,,"Gallery | Mountnoor Sarovar Premiere, Pahalgam | Sarovar Hotels",true,false,missing_canonical
/hotels/mountnoor-sarovar-premiere-pahalgam/nearby,200,200,0,131,,"Nearby Attractions | Mountnoor Sarovar Premiere, Pahalgam | Sarovar Hotels",true,false,missing_canonical
/hotels/mukundra-sarovar-premiere-kota/dining,200,200,0,107,,"Dining | Mukundra Sarovar Premiere, Kota | Sarovar Hotels",false,false,missing_meta_description|missing_canonical
/hotels/mukundra-sarovar-premiere-kota,200,200,0,137,,"Mukundra Sarovar Premiere, Kota | Sarovar Hotels",true,false,missing_canonical
/hotels/mukundra-sarovar-premiere-kota/rooms,200,200,0,133,,"Rooms & Suites | Mukundra Sarovar Premiere, Kota | Sarovar Hotels",false,false,missing_meta_description|missing_canonical
/hotels/mukundra-sarovar-premiere-kota/banquets,200,200,0,121,,"Banquets & Conferences | Mukundra Sarovar Premiere, Kota | Sarovar Hotels",false,false,missing_meta_description|missing_canonical
/hotels/mukundra-sarovar-premiere-kota/gallery,200,200,0,114,,"Gallery | Mukundra Sarovar Premiere, Kota | Sarovar Hotels",true,false,missing_canonical
/hotels/mukundra-sarovar-premiere-kota/nearby,200,200,0,113,,"Nearby Attractions | Mukundra Sarovar Premiere, Kota | Sarovar Hotels",true,false,missing_canonical
/hotels/nataraj-sarovar-portico-jhansi,200,200,0,115,,"Nataraj Sarovar Portico, Jhansi | Sarovar Hotels",true,false,missing_canonical
/hotels/nataraj-sarovar-portico-jhansi/rooms,200,200,0,129,,"Rooms & Suites | Nataraj Sarovar Portico, Jhansi | Sarovar Hotels",false,false,missing_meta_description|missing_canonical
/hotels/nataraj-sarovar-portico-jhansi/dining,200,200,0,105,,"Dining | Nataraj Sarovar Portico, Jhansi | Sarovar Hotels",false,false,missing_meta_description|missing_canonical
/hotels/nataraj-sarovar-portico-jhansi/banquets,200,200,0,123,,"Banquets & Conferences | Nataraj Sarovar Portico, Jhansi | Sarovar Hotels",false,false,missing_meta_description|missing_canonical
/hotels/nataraj-sarovar-portico-jhansi/gallery,200,200,0,127,,"Gallery | Nataraj Sarovar Portico, Jhansi | Sarovar Hotels",true,false,missing_canonical
/hotels/nataraj-sarovar-portico-jhansi/nearby,200,200,0,122,,"Nearby Attractions | Nataraj Sarovar Portico, Jhansi | Sarovar Hotels",true,false,missing_canonical
/hotels/naturevilas-portico-manali,200,200,0,121,,"NatureVilas Sarovar Portico, Manali | Sarovar Hotels",true,false,missing_canonical
/hotels/naturevilas-portico-manali/dining,200,200,0,126,,"Dining | NatureVilas Sarovar Portico, Manali | Sarovar Hotels",false,false,missing_meta_description|missing_canonical
/hotels/naturevilas-portico-manali/rooms,200,200,0,143,,"Rooms & Suites | NatureVilas Sarovar Portico, Manali | Sarovar Hotels",false,false,missing_meta_description|missing_canonical
/hotels/naturevilas-portico-manali/banquets,200,200,0,125,,"Banquets & Conferences | NatureVilas Sarovar Portico, Manali | Sarovar Hotels",false,false,missing_meta_description|missing_canonical
/hotels/naturevilas-portico-manali/gallery,200,200,0,128,,"Gallery | NatureVilas Sarovar Portico, Manali | Sarovar Hotels",true,false,missing_canonical
/hotels/naturevilas-portico-manali/nearby,200,200,0,136,,"Nearby Attractions | NatureVilas Sarovar Portico, Manali | Sarovar Hotels",true,false,missing_canonical
/hotels/nirvana-sarovar-portico-gorakhpur,200,200,0,129,,"Nirvana Sarovar Portico, Gorakhpur | Sarovar Hotels",true,false,missing_canonical
/hotels/nirvana-sarovar-portico-gorakhpur/rooms,200,200,0,171,,"Rooms & Suites | Nirvana Sarovar Portico, Gorakhpur | Sarovar Hotels",false,false,missing_meta_description|missing_canonical
/hotels/nirvana-sarovar-portico-gorakhpur/dining,200,200,0,177,,"Dining | Nirvana Sarovar Portico, Gorakhpur | Sarovar Hotels",false,false,missing_meta_description|missing_canonical
/hotels/nirvana-sarovar-portico-gorakhpur/banquets,200,200,0,176,,"Banquets & Conferences | Nirvana Sarovar Portico, Gorakhpur | Sarovar Hotels",false,false,missing_meta_description|missing_canonical
/hotels/nirvana-sarovar-portico-gorakhpur/gallery,200,200,0,183,,"Gallery | Nirvana Sarovar Portico, Gorakhpur | Sarovar Hotels",true,false,missing_canonical
/hotels/nirvana-sarovar-portico-gorakhpur/nearby,200,200,0,185,,"Nearby Attractions | Nirvana Sarovar Portico, Gorakhpur | Sarovar Hotels",true,false,missing_canonical
/hotels/neelkanth-sarovar-premiere-lusaka,200,200,0,195,,"Neelkanth Sarovar Premiere, Lusaka | Sarovar Hotels",true,false,missing_canonical
/hotels/neelkanth-sarovar-premiere-lusaka/rooms,200,200,0,206,,"Rooms & Suites | Neelkanth Sarovar Premiere, Lusaka | Sarovar Hotels",false,false,missing_meta_description|missing_canonical
/hotels/neelkanth-sarovar-premiere-lusaka/dining,200,200,0,205,,"Dining | Neelkanth Sarovar Premiere, Lusaka | Sarovar Hotels",false,false,missing_meta_description|missing_canonical
/hotels/neelkanth-sarovar-premiere-lusaka/banquets,200,200,0,219,,"Banquets & Conferences | Neelkanth Sarovar Premiere, Lusaka | Sarovar Hotels",false,false,missing_meta_description|missing_canonical
/hotels/neelkanth-sarovar-premiere-lusaka/gallery,200,200,0,219,,"Gallery | Neelkanth Sarovar Premiere, Lusaka | Sarovar Hotels",true,false,missing_canonical
/hotels/neelkanth-sarovar-premiere-lusaka/nearby,200,200,0,228,,"Nearby Attractions | Neelkanth Sarovar Premiere, Lusaka | Sarovar Hotels",true,false,missing_canonical
/hotels/nirwana-hometel-jaipur-sarovar,200,200,0,207,,"Nirwana Hometel, Jaipur | Sarovar Hotels",true,false,missing_canonical
/hotels/nirwana-hometel-jaipur-sarovar/rooms,200,200,0,214,,"Rooms & Suites | Nirwana Hometel, Jaipur | Sarovar Hotels",false,false,missing_meta_description|missing_canonical
/hotels/nirwana-hometel-jaipur-sarovar/dining,200,200,0,204,,"Dining | Nirwana Hometel, Jaipur | Sarovar Hotels",false,false,missing_meta_description|missing_canonical
/hotels/nirwana-hometel-jaipur-sarovar/banquets,200,200,0,192,,"Banquets & Conferences | Nirwana Hometel, Jaipur | Sarovar Hotels",false,false,missing_meta_description|missing_canonical
/hotels/nirwana-hometel-jaipur-sarovar/gallery,200,200,0,183,,"Gallery | Nirwana Hometel, Jaipur | Sarovar Hotels",true,false,missing_canonical
/hotels/nirwana-hometel-jaipur-sarovar/nearby,200,200,0,185,,"Nearby Attractions | Nirwana Hometel, Jaipur | Sarovar Hotels",true,false,missing_canonical
/hotels/paradigm-sarovar-kakinada,200,200,0,185,,"Paradigm Sarovar Portico, Kakinada | Sarovar Hotels",true,false,missing_canonical
/hotels/paradigm-sarovar-kakinada/rooms,200,200,0,175,,"Rooms & Suites | Paradigm Sarovar Portico, Kakinada | Sarovar Hotels",false,false,missing_meta_description|missing_canonical
/hotels/paradigm-sarovar-kakinada/dining,200,200,0,165,,"Dining | Paradigm Sarovar Portico, Kakinada | Sarovar Hotels",false,false,missing_meta_description|missing_canonical
/hotels/paradigm-sarovar-kakinada/banquets,200,200,0,128,,"Banquets & Conferences | Paradigm Sarovar Portico, Kakinada | Sarovar Hotels",false,false,missing_meta_description|missing_canonical
/hotels/paradigm-sarovar-kakinada/gallery,200,200,0,125,,"Gallery | Paradigm Sarovar Portico, Kakinada | Sarovar Hotels",true,false,missing_canonical
/hotels/paradigm-sarovar-kakinada/nearby,200,200,0,129,,"Nearby Attractions | Paradigm Sarovar Portico, Kakinada | Sarovar Hotels",true,false,missing_canonical
/hotels/park-inn-gurgaon,200,200,0,130,,"Park Inn, Gurgaon | Sarovar Hotels",true,false,missing_canonical
/hotels/park-inn-gurgaon/rooms,200,200,0,126,,"Rooms & Suites | Park Inn, Gurgaon | Sarovar Hotels",false,false,missing_meta_description|missing_canonical
/hotels/park-inn-gurgaon/dining,200,200,0,131,,"Dining | Park Inn, Gurgaon | Sarovar Hotels",false,false,missing_meta_description|missing_canonical
/hotels/park-inn-gurgaon/banquets,200,200,0,132,,"Banquets & Conferences | Park Inn, Gurgaon | Sarovar Hotels",false,false,missing_meta_description|missing_canonical
/hotels/park-inn-gurgaon/gallery,200,200,0,149,,"Gallery | Park Inn, Gurgaon | Sarovar Hotels",true,false,missing_canonical
/hotels/park-inn-gurgaon/nearby,200,200,0,161,,"Nearby Attractions | Park Inn, Gurgaon | Sarovar Hotels",true,false,missing_canonical
/hotels/park-inn-by-radisson-ayodhya,200,200,0,163,,Park Inn by Radisson Ayodhya | Sarovar Hotels,true,false,missing_canonical
/hotels/park-inn-by-radisson-ayodhya/rooms,200,200,0,161,,Rooms & Suites | Park Inn by Radisson Ayodhya | Sarovar Hotels,false,false,missing_meta_description|missing_canonical
/hotels/park-inn-by-radisson-ayodhya/dining,200,200,0,171,,Dining | Park Inn by Radisson Ayodhya | Sarovar Hotels,false,false,missing_meta_description|missing_canonical
/hotels/park-inn-by-radisson-ayodhya/gallery,200,200,0,163,,Gallery | Park Inn by Radisson Ayodhya | Sarovar Hotels,true,false,missing_canonical
/hotels/park-inn-by-radisson-ayodhya/banquets,200,200,0,172,,Banquets & Conferences | Park Inn by Radisson Ayodhya | Sarovar Hotels,false,false,missing_meta_description|missing_canonical
/hotels/park-inn-by-radisson-ayodhya/nearby,200,200,0,175,,Nearby Attractions | Park Inn by Radisson Ayodhya | Sarovar Hotels,true,false,missing_canonical
/hotels/Park-Inn-Radisson-Goa-Candolim,200,200,0,178,,"Park Inn by Radisson Candolim, Goa | Sarovar Hotels",true,false,missing_canonical
/hotels/Park-Inn-Radisson-Goa-Candolim/rooms,200,200,0,170,,"Rooms & Suites | Park Inn by Radisson Candolim, Goa | Sarovar Hotels",false,false,missing_meta_description|missing_canonical
/hotels/Park-Inn-Radisson-Goa-Candolim/dining,200,200,0,168,,"Dining | Park Inn by Radisson Candolim, Goa | Sarovar Hotels",false,false,missing_meta_description|missing_canonical
/hotels/Park-Inn-Radisson-Goa-Candolim/banquets,200,200,0,162,,"Banquets & Conferences | Park Inn by Radisson Candolim, Goa | Sarovar Hotels",false,false,missing_meta_description|missing_canonical
/hotels/Park-Inn-Radisson-Goa-Candolim/gallery,200,200,0,175,,"Gallery | Park Inn by Radisson Candolim, Goa | Sarovar Hotels",true,false,missing_canonical
/hotels/Park-Inn-Radisson-Goa-Candolim/nearby,200,200,0,171,,"Nearby Attractions | Park Inn by Radisson Candolim, Goa | Sarovar Hotels",true,false,missing_canonical
/hotels/park-plaza-faridabad,200,200,0,169,,"Park Plaza, Faridabad | Sarovar Hotels",true,false,missing_canonical
/hotels/park-plaza-faridabad/rooms,200,200,0,165,,"Rooms & Suites | Park Plaza, Faridabad | Sarovar Hotels",false,false,missing_meta_description|missing_canonical
/hotels/park-plaza-faridabad/dining,200,200,0,166,,"Dining | Park Plaza, Faridabad | Sarovar Hotels",false,false,missing_meta_description|missing_canonical
/hotels/park-plaza-faridabad/banquets,200,200,0,158,,"Banquets & Conferences | Park Plaza, Faridabad | Sarovar Hotels",false,false,missing_meta_description|missing_canonical
/hotels/park-plaza-faridabad/gallery,200,200,0,159,,"Gallery | Park Plaza, Faridabad | Sarovar Hotels",true,false,missing_canonical
/hotels/park-plaza-faridabad/nearby,200,200,0,159,,"Nearby Attractions | Park Plaza, Faridabad | Sarovar Hotels",true,false,missing_canonical
/hotels/park-plaza-jodhpur,200,200,0,165,,"Park Plaza, Jodhpur | Sarovar Hotels",true,false,missing_canonical
/hotels/park-plaza-jodhpur/rooms,200,200,0,158,,"Rooms & Suites | Park Plaza, Jodhpur | Sarovar Hotels",false,false,missing_meta_description|missing_canonical
/hotels/park-plaza-jodhpur/dining,200,200,0,159,,"Dining | Park Plaza, Jodhpur | Sarovar Hotels",false,false,missing_meta_description|missing_canonical
/hotels/park-plaza-jodhpur/banquets,200,200,0,156,,"Banquets & Conferences | Park Plaza, Jodhpur | Sarovar Hotels",false,false,missing_meta_description|missing_canonical
/hotels/park-plaza-jodhpur/gallery,200,200,0,145,,"Gallery | Park Plaza, Jodhpur | Sarovar Hotels",true,false,missing_canonical
/hotels/park-plaza-jodhpur/nearby,200,200,0,146,,"Nearby Attractions | Park Plaza, Jodhpur | Sarovar Hotels",true,false,missing_canonical
/hotels/park-plaza-jalandhar,200,200,0,146,,"Park Plaza, Jalandhar | Sarovar Hotels",true,false,missing_canonical
/hotels/park-plaza-jalandhar/rooms,200,200,0,150,,"Rooms & Suites | Park Plaza, Jalandhar | Sarovar Hotels",false,false,missing_meta_description|missing_canonical
/hotels/park-plaza-jalandhar/banquets,200,200,0,140,,"Banquets & Conferences | Park Plaza, Jalandhar | Sarovar Hotels",false,false,missing_meta_description|missing_canonical
/hotels/park-plaza-jalandhar/dining,200,200,0,155,,"Dining | Park Plaza, Jalandhar | Sarovar Hotels",false,false,missing_meta_description|missing_canonical
/hotels/park-plaza-jalandhar/gallery,200,200,0,152,,"Gallery | Park Plaza, Jalandhar | Sarovar Hotels",true,false,missing_canonical
/hotels/park-plaza-jalandhar/nearby,200,200,0,142,,"Nearby Attractions | Park Plaza, Jalandhar | Sarovar Hotels",true,false,missing_canonical
/hotels/park-plaza-shahadra--east-delhi,200,200,0,154,,"Park Plaza Shahadra, East Delhi | Sarovar Hotels",true,false,missing_canonical
/hotels/park-plaza-shahadra--east-delhi/rooms,200,200,0,132,,"Rooms & Suites | Park Plaza Shahadra, East Delhi | Sarovar Hotels",false,false,missing_meta_description|missing_canonical
/hotels/park-plaza-shahadra--east-delhi/dining,200,200,0,132,,"Dining | Park Plaza Shahadra, East Delhi | Sarovar Hotels",false,false,missing_meta_description|missing_canonical
/hotels/park-plaza-shahadra--east-delhi/banquets,200,200,0,134,,"Banquets & Conferences | Park Plaza Shahadra, East Delhi | Sarovar Hotels",false,false,missing_meta_description|missing_canonical
/hotels/park-plaza-shahadra--east-delhi/gallery,200,200,0,128,,"Gallery | Park Plaza Shahadra, East Delhi | Sarovar Hotels",true,false,missing_canonical
/hotels/park-plaza-shahadra--east-delhi/nearby,200,200,0,124,,"Nearby Attractions | Park Plaza Shahadra, East Delhi | Sarovar Hotels",true,false,missing_canonical
/hotels/park-plaza-ludhiana,200,200,0,130,,"Park Plaza, Ludhiana | Sarovar Hotels",true,false,missing_canonical
/hotels/park-plaza-ludhiana/rooms,200,200,0,135,,"Rooms & Suites | Park Plaza, Ludhiana | Sarovar Hotels",false,false,missing_meta_description|missing_canonical
/hotels/park-plaza-ludhiana/dining,200,200,0,134,,"Dining | Park Plaza, Ludhiana | Sarovar Hotels",false,false,missing_meta_description|missing_canonical
/hotels/park-plaza-ludhiana/banquets,200,200,0,138,,"Banquets & Conferences | Park Plaza, Ludhiana | Sarovar Hotels",false,false,missing_meta_description|missing_canonical
/hotels/park-plaza-ludhiana/nearby,200,200,0,135,,"Nearby Attractions | Park Plaza, Ludhiana | Sarovar Hotels",true,false,missing_canonical
/hotels/park-plaza-ludhiana/gallery,200,200,0,142,,"Gallery | Park Plaza, Ludhiana | Sarovar Hotels",true,false,missing_canonical
/hotels/prachi-sarovar-premiere-bhubaneswar/rooms,200,200,0,135,,"Rooms & Suites | Prachi Sarovar Premiere, Bhubaneswar | Sarovar Hotels",false,false,missing_meta_description|missing_canonical
/hotels/prachi-sarovar-premiere-bhubaneswar,200,200,0,145,,"Prachi Sarovar Premiere, Bhubaneswar | Sarovar Hotels",true,false,missing_canonical
/hotels/prachi-sarovar-premiere-bhubaneswar/dining,200,200,0,141,,"Dining | Prachi Sarovar Premiere, Bhubaneswar | Sarovar Hotels",false,false,missing_meta_description|missing_canonical
/hotels/prachi-sarovar-premiere-bhubaneswar/banquets,200,200,0,150,,"Banquets & Conferences | Prachi Sarovar Premiere, Bhubaneswar | Sarovar Hotels",false,false,missing_meta_description|missing_canonical
/hotels/prachi-sarovar-premiere-bhubaneswar/gallery,200,200,0,145,,"Gallery | Prachi Sarovar Premiere, Bhubaneswar | Sarovar Hotels",true,false,missing_canonical
/hotels/prachi-sarovar-premiere-bhubaneswar/nearby,200,200,0,154,,"Nearby Attractions | Prachi Sarovar Premiere, Bhubaneswar | Sarovar Hotels",true,false,missing_canonical
/hotels/park-plaza-zirakpur,200,200,0,144,,"Park Plaza, Zirakpur | Sarovar Hotels",true,false,missing_canonical
/hotels/park-plaza-zirakpur/rooms,200,200,0,146,,"Rooms & Suites | Park Plaza, Zirakpur | Sarovar Hotels",false,false,missing_meta_description|missing_canonical
/hotels/park-plaza-zirakpur/dining,200,200,0,140,,"Dining | Park Plaza, Zirakpur | Sarovar Hotels",false,false,missing_meta_description|missing_canonical
/hotels/park-plaza-zirakpur/banquets,200,200,0,152,,"Banquets & Conferences | Park Plaza, Zirakpur | Sarovar Hotels",false,false,missing_meta_description|missing_canonical
/hotels/park-plaza-zirakpur/gallery,200,200,0,159,,"Gallery | Park Plaza, Zirakpur | Sarovar Hotels",true,false,missing_canonical
/hotels/park-plaza-zirakpur/nearby,200,200,0,160,,"Nearby Attractions | Park Plaza, Zirakpur | Sarovar Hotels",true,false,missing_canonical
/hotels/pushkara-portico-hotel-in-dibrugarh,200,200,0,160,,"Pushkara Sarovar Portico, Dibrugarh | Sarovar Hotels",true,false,missing_canonical
/hotels/pushkara-portico-hotel-in-dibrugarh/rooms,200,200,0,154,,"Rooms & Suites | Pushkara Sarovar Portico, Dibrugarh | Sarovar Hotels",false,false,missing_meta_description|missing_canonical
/hotels/pushkara-portico-hotel-in-dibrugarh/dining,200,200,0,170,,"Dining | Pushkara Sarovar Portico, Dibrugarh | Sarovar Hotels",false,false,missing_meta_description|missing_canonical
/hotels/pushkara-portico-hotel-in-dibrugarh/banquets,200,200,0,175,,"Banquets & Conferences | Pushkara Sarovar Portico, Dibrugarh | Sarovar Hotels",false,false,missing_meta_description|missing_canonical
/hotels/pushkara-portico-hotel-in-dibrugarh/gallery,200,200,0,161,,"Gallery | Pushkara Sarovar Portico, Dibrugarh | Sarovar Hotels",true,false,missing_canonical
/hotels/pushkara-portico-hotel-in-dibrugarh/nearby,200,200,0,167,,"Nearby Attractions | Pushkara Sarovar Portico, Dibrugarh | Sarovar Hotels",true,false,missing_canonical
/hotels/presidium-sarovar-premiere-dalhousie,200,200,0,150,,"Presidium Sarovar Premiere, Dalhousie | Sarovar Hotels",true,false,missing_canonical
/hotels/presidium-sarovar-premiere-dalhousie/rooms,200,200,0,141,,"Rooms & Suites | Presidium Sarovar Premiere, Dalhousie | Sarovar Hotels",false,false,missing_meta_description|missing_canonical
/hotels/presidium-sarovar-premiere-dalhousie/dining,200,200,0,140,,"Dining | Presidium Sarovar Premiere, Dalhousie | Sarovar Hotels",false,false,missing_meta_description|missing_canonical
/hotels/presidium-sarovar-premiere-dalhousie/banquets,200,200,0,137,,"Banquets & Conferences | Presidium Sarovar Premiere, Dalhousie | Sarovar Hotels",false,false,missing_meta_description|missing_canonical
/hotels/presidium-sarovar-premiere-dalhousie/gallery,200,200,0,135,,"Gallery | Presidium Sarovar Premiere, Dalhousie | Sarovar Hotels",true,false,missing_canonical
/hotels/presidium-sarovar-premiere-dalhousie/nearby,200,200,0,144,,"Nearby Attractions | Presidium Sarovar Premiere, Dalhousie | Sarovar Hotels",true,false,missing_canonical
/hotels/radha-hometel-bangalore,200,200,0,132,,"Radha Hometel, Bangalore | Sarovar Hotels",true,false,missing_canonical
/hotels/radha-hometel-bangalore/rooms,200,200,0,121,,"Rooms & Suites | Radha Hometel, Bangalore | Sarovar Hotels",false,false,missing_meta_description|missing_canonical
/hotels/radha-hometel-bangalore/dining,200,200,0,142,,"Dining | Radha Hometel, Bangalore | Sarovar Hotels",false,false,missing_meta_description|missing_canonical
/hotels/radha-hometel-bangalore/banquets,200,200,0,128,,"Banquets & Conferences | Radha Hometel, Bangalore | Sarovar Hotels",false,false,missing_meta_description|missing_canonical
/hotels/radha-hometel-bangalore/gallery,200,200,0,131,,"Gallery | Radha Hometel, Bangalore | Sarovar Hotels",true,false,missing_canonical
/hotels/radha-hometel-bangalore/nearby,200,200,0,147,,"Nearby Attractions | Radha Hometel, Bangalore | Sarovar Hotels",true,false,missing_canonical
/hotels/radha-regent-chennai,200,200,0,157,,"Radha Regent, Chennai | Sarovar Hotels",true,false,missing_canonical
/hotels/radha-regent-chennai/rooms,200,200,0,163,,"Rooms & Suites | Radha Regent, Chennai | Sarovar Hotels",false,false,missing_meta_description|missing_canonical
/hotels/radha-regent-chennai/dining,200,200,0,173,,"Dining | Radha Regent, Chennai | Sarovar Hotels",false,false,missing_meta_description|missing_canonical
/hotels/radha-regent-chennai/banquets,200,200,0,173,,"Banquets & Conferences | Radha Regent, Chennai | Sarovar Hotels",false,false,missing_meta_description|missing_canonical
/hotels/radha-regent-chennai/gallery,200,200,0,180,,"Gallery | Radha Regent, Chennai | Sarovar Hotels",true,false,missing_canonical
/hotels/radha-regent-chennai/nearby,200,200,0,172,,"Nearby Attractions | Radha Regent, Chennai | Sarovar Hotels",true,false,missing_canonical
/hotels/radisson-blu--bengaluru-outer-ring-road,200,200,0,162,,Radisson Blu Bengaluru Outer Ring Road | Sarovar Hotels,true,false,missing_canonical
/hotels/radisson-blu--bengaluru-outer-ring-road/rooms,200,200,0,166,,Rooms & Suites | Radisson Blu Bengaluru Outer Ring Road | Sarovar Hotels,false,false,missing_meta_description|missing_canonical
/hotels/radisson-blu--bengaluru-outer-ring-road/dining,200,200,0,173,,Dining | Radisson Blu Bengaluru Outer Ring Road | Sarovar Hotels,false,false,missing_meta_description|missing_canonical
/hotels/radisson-blu--bengaluru-outer-ring-road/banquets,200,200,0,159,,Banquets & Conferences | Radisson Blu Bengaluru Outer Ring Road | Sarovar Hotels,false,false,missing_meta_description|missing_canonical
/hotels/radisson-blu--bengaluru-outer-ring-road/gallery,200,200,0,151,,Gallery | Radisson Blu Bengaluru Outer Ring Road | Sarovar Hotels,true,false,missing_canonical
/hotels/radisson-blu--bengaluru-outer-ring-road/nearby,200,200,0,154,,Nearby Attractions | Radisson Blu Bengaluru Outer Ring Road | Sarovar Hotels,true,false,missing_canonical
/hotels/radisson-hyderabad--hitec,200,200,0,149,,"Radisson HITEC, Hyderabad | Sarovar Hotels",true,false,missing_canonical
/hotels/radisson-hyderabad--hitec/rooms,200,200,0,154,,"Rooms & Suites | Radisson HITEC, Hyderabad | Sarovar Hotels",false,false,missing_meta_description|missing_canonical
/hotels/radisson-hyderabad--hitec/dining,200,200,0,152,,"Dining | Radisson HITEC, Hyderabad | Sarovar Hotels",false,false,missing_meta_description|missing_canonical
/hotels/radisson-hyderabad--hitec/banquets,200,200,0,156,,"Banquets & Conferences | Radisson HITEC, Hyderabad | Sarovar Hotels",false,false,missing_meta_description|missing_canonical
/hotels/radisson-hyderabad--hitec/gallery,200,200,0,161,,"Gallery | Radisson HITEC, Hyderabad | Sarovar Hotels",true,false,missing_canonical
/hotels/radisson-hyderabad--hitec/nearby,200,200,0,169,,"Nearby Attractions | Radisson HITEC, Hyderabad | Sarovar Hotels",true,false,missing_canonical
/hotels/rbd-sarovar-portico-outer-ring-road-bengaluru,200,200,0,159,,"RBD Sarovar Portico Outer Ring Road, Bengaluru | Sarovar Hotels",true,false,missing_canonical
/hotels/rbd-sarovar-portico-outer-ring-road-bengaluru/rooms,200,200,0,155,,"Rooms & Suites | RBD Sarovar Portico Outer Ring Road, Bengaluru | Sarovar Hotels",false,false,missing_meta_description|missing_canonical
/hotels/rbd-sarovar-portico-outer-ring-road-bengaluru/banquets,200,200,0,139,,"Banquets & Conferences | RBD Sarovar Portico Outer Ring Road, Bengaluru | Sarovar Hotels",false,false,missing_meta_description|missing_canonical
/hotels/rbd-sarovar-portico-outer-ring-road-bengaluru/dining,200,200,0,151,,"Dining | RBD Sarovar Portico Outer Ring Road, Bengaluru | Sarovar Hotels",false,false,missing_meta_description|missing_canonical
/hotels/rbd-sarovar-portico-outer-ring-road-bengaluru/gallery,200,200,0,141,,"Gallery | RBD Sarovar Portico Outer Ring Road, Bengaluru | Sarovar Hotels",true,false,missing_canonical
/hotels/rbd-sarovar-portico-outer-ring-road-bengaluru/nearby,200,200,0,148,,"Nearby Attractions | RBD Sarovar Portico Outer Ring Road, Bengaluru | Sarovar Hotels",true,false,missing_canonical
/hotels/radisson-mumbai-goregaon,200,200,0,144,,Radisson Mumbai Goregaon | Sarovar Hotels,true,false,missing_canonical
/hotels/radisson-mumbai-goregaon/rooms,200,200,0,156,,Rooms & Suites | Radisson Mumbai Goregaon | Sarovar Hotels,false,false,missing_meta_description|missing_canonical
/hotels/radisson-mumbai-goregaon/dining,200,200,0,142,,Dining | Radisson Mumbai Goregaon | Sarovar Hotels,false,false,missing_meta_description|missing_canonical
/hotels/radisson-mumbai-goregaon/banquets,200,200,0,140,,Banquets & Conferences | Radisson Mumbai Goregaon | Sarovar Hotels,false,false,missing_meta_description|missing_canonical
/hotels/radisson-mumbai-goregaon/nearby,200,200,0,135,,Nearby Attractions | Radisson Mumbai Goregaon | Sarovar Hotels,true,false,missing_canonical
/hotels/radisson-mumbai-goregaon/gallery,200,200,0,144,,Gallery | Radisson Mumbai Goregaon | Sarovar Hotels,true,false,missing_canonical
/hotels/rivera-sarovar-portico-ahmedabad,200,200,0,141,,"Rivera Sarovar Portico, Ahmedabad | Sarovar Hotels",true,false,missing_canonical
/hotels/rivera-sarovar-portico-ahmedabad/rooms,200,200,0,144,,"Rooms & Suites | Rivera Sarovar Portico, Ahmedabad | Sarovar Hotels",false,false,missing_meta_description|missing_canonical
/hotels/rivera-sarovar-portico-ahmedabad/dining,200,200,0,154,,"Dining | Rivera Sarovar Portico, Ahmedabad | Sarovar Hotels",false,false,missing_meta_description|missing_canonical
/hotels/rivera-sarovar-portico-ahmedabad/banquets,200,200,0,146,,"Banquets & Conferences | Rivera Sarovar Portico, Ahmedabad | Sarovar Hotels",false,false,missing_meta_description|missing_canonical
/hotels/rivera-sarovar-portico-ahmedabad/gallery,200,200,0,153,,"Gallery | Rivera Sarovar Portico, Ahmedabad | Sarovar Hotels",true,false,missing_canonical
/hotels/rivera-sarovar-portico-ahmedabad/nearby,200,200,0,161,,"Nearby Attractions | Rivera Sarovar Portico, Ahmedabad | Sarovar Hotels",true,false,missing_canonical
/hotels/residency-sarovar-portico-mumbai,200,200,0,159,,"Residency Sarovar Portico, Mumbai  | Sarovar Hotels",true,false,missing_canonical
/hotels/residency-sarovar-portico-mumbai/rooms,200,200,0,149,,"Rooms & Suites | Residency Sarovar Portico, Mumbai  | Sarovar Hotels",false,false,missing_meta_description|missing_canonical
/hotels/residency-sarovar-portico-mumbai/banquets,200,200,0,160,,"Banquets & Conferences | Residency Sarovar Portico, Mumbai  | Sarovar Hotels",false,false,missing_meta_description|missing_canonical
/hotels/residency-sarovar-portico-mumbai/dining,200,200,0,178,,"Dining | Residency Sarovar Portico, Mumbai  | Sarovar Hotels",false,false,missing_meta_description|missing_canonical
/hotels/residency-sarovar-portico-mumbai/gallery,200,200,0,167,,"Gallery | Residency Sarovar Portico, Mumbai  | Sarovar Hotels",true,false,missing_canonical
/hotels/residency-sarovar-portico-mumbai/nearby,200,200,0,172,,"Nearby Attractions | Residency Sarovar Portico, Mumbai  | Sarovar Hotels",true,false,missing_canonical
/hotels/rosefinch-sarovar-portico-bhimtal,200,200,0,172,,"Rosefinch Sarovar Portico,  Bhimtal | Sarovar Hotels",true,false,missing_canonical
/hotels/rosefinch-sarovar-portico-bhimtal/rooms,200,200,0,183,,"Rooms & Suites | Rosefinch Sarovar Portico,  Bhimtal | Sarovar Hotels",false,false,missing_meta_description|missing_canonical
/hotels/rosefinch-sarovar-portico-bhimtal/dining,200,200,0,174,,"Dining | Rosefinch Sarovar Portico,  Bhimtal | Sarovar Hotels",false,false,missing_meta_description|missing_canonical
/hotels/rosefinch-sarovar-portico-bhimtal/banquets,200,200,0,164,,"Banquets & Conferences | Rosefinch Sarovar Portico,  Bhimtal | Sarovar Hotels",false,false,missing_meta_description|missing_canonical
/hotels/rosefinch-sarovar-portico-bhimtal/gallery,200,200,0,164,,"Gallery | Rosefinch Sarovar Portico,  Bhimtal | Sarovar Hotels",true,false,missing_canonical
/hotels/rosefinch-sarovar-portico-bhimtal/nearby,200,200,0,168,,"Nearby Attractions | Rosefinch Sarovar Portico,  Bhimtal | Sarovar Hotels",true,false,missing_canonical
/hotels/riviera-sarovar-portico-pathankot/rooms,200,200,0,141,,"Rooms & Suites | Riviera Sarovar Portico, Pathankot | Sarovar Hotels",false,false,missing_meta_description|missing_canonical
/hotels/riviera-sarovar-portico-pathankot,200,200,0,156,,"Riviera Sarovar Portico, Pathankot | Sarovar Hotels",true,false,missing_canonical
/hotels/riviera-sarovar-portico-pathankot/dining,200,200,0,147,,"Dining | Riviera Sarovar Portico, Pathankot | Sarovar Hotels",false,false,missing_meta_description|missing_canonical
/hotels/riviera-sarovar-portico-pathankot/banquets,200,200,0,141,,"Banquets & Conferences | Riviera Sarovar Portico, Pathankot | Sarovar Hotels",false,false,missing_meta_description|missing_canonical
/hotels/riviera-sarovar-portico-pathankot/gallery,200,200,0,141,,"Gallery | Riviera Sarovar Portico, Pathankot | Sarovar Hotels",true,false,missing_canonical
/hotels/riviera-sarovar-portico-pathankot/nearby,200,200,0,146,,"Nearby Attractions | Riviera Sarovar Portico, Pathankot | Sarovar Hotels",true,false,missing_canonical
/hotels/royal-kingdom-sarovar-portico-pilibhit,200,200,0,144,,"Royal Kingdom Sarovar Portico, Pilibhit | Sarovar Hotels",true,false,missing_canonical
/hotels/royal-kingdom-sarovar-portico-pilibhit/rooms,200,200,0,150,,"Rooms & Suites | Royal Kingdom Sarovar Portico, Pilibhit | Sarovar Hotels",false,false,missing_meta_description|missing_canonical
/hotels/royal-kingdom-sarovar-portico-pilibhit/dining,200,200,0,140,,"Dining | Royal Kingdom Sarovar Portico, Pilibhit | Sarovar Hotels",false,false,missing_meta_description|missing_canonical
/hotels/royal-kingdom-sarovar-portico-pilibhit/banquets,200,200,0,150,,"Banquets & Conferences | Royal Kingdom Sarovar Portico, Pilibhit | Sarovar Hotels",false,false,missing_meta_description|missing_canonical
/hotels/royal-kingdom-sarovar-portico-pilibhit/nearby,200,200,0,145,,"Nearby Attractions | Royal Kingdom Sarovar Portico, Pilibhit | Sarovar Hotels",true,false,missing_canonical
/hotels/royal-kingdom-sarovar-portico-pilibhit/gallery,200,200,0,154,,"Gallery | Royal Kingdom Sarovar Portico, Pilibhit | Sarovar Hotels",true,false,missing_canonical
/hotels/sarovar-portico-sriperumbudur,200,200,0,149,,Sarovar Portico Sriperumbudur | Sarovar Hotels,false,false,missing_meta_description|missing_canonical
/hotels/sarovar-portico-sriperumbudur/rooms,200,200,0,151,,Rooms & Suites | Sarovar Portico Sriperumbudur | Sarovar Hotels,false,false,missing_meta_description|missing_canonical
/hotels/sarovar-portico-sriperumbudur/dining,200,200,0,151,,Dining | Sarovar Portico Sriperumbudur | Sarovar Hotels,false,false,missing_meta_description|missing_canonical
/hotels/sarovar-portico-sriperumbudur/banquets,200,200,0,150,,Banquets & Conferences | Sarovar Portico Sriperumbudur | Sarovar Hotels,false,false,missing_meta_description|missing_canonical
/hotels/sarovar-portico-sriperumbudur/gallery,200,200,0,146,,Gallery | Sarovar Portico Sriperumbudur | Sarovar Hotels,true,false,missing_canonical
/hotels/sarovar-portico-sriperumbudur/nearby,200,200,0,149,,Nearby Attractions | Sarovar Portico Sriperumbudur | Sarovar Hotels,true,false,missing_canonical
/hotels/abn-sarovar-portico-jim-corbett/location,200,200,0,157,,"Location | ABN Sarovar Portico, Jim Corbett | Sarovar Hotels",false,false,missing_meta_description|missing_canonical
/hotels/aditya-hometel-hyderabad/location,200,200,0,158,,"Location | Aditya Hometel, Hyderabad | Sarovar Hotels",false,false,missing_meta_description|missing_canonical
/hotels/aditya-park-hyderabad/location,200,200,0,157,,"Location |  Aditya Park, Hyderabad | Sarovar Hotels",false,false,missing_meta_description|missing_canonical
/hotels/ambar-sarovar-portico-gandhidham-hotel/location,200,200,0,158,,"Location | Ambar Sarovar Portico, Gandhidham | Sarovar Hotels",false,false,missing_meta_description|missing_canonical
/hotels/ambrosia-sarovar-portico-haridwar/location,200,200,0,156,,"Location | Ambrosia Sarovar Portico, Haridwar | Sarovar Hotels",false,false,missing_meta_description|missing_canonical
/hotels/bamus-sarovar-portico-kampala/location,200,200,0,163,,"Location | Bamus Sarovar Portico, Kampala | Sarovar Hotels",false,false,missing_meta_description|missing_canonical
/hotels/balaji-sarovar-premiere-solapur/location,200,200,0,171,,"Location |  Balaji Sarovar Premiere, Solapur | Sarovar Hotels",false,false,missing_meta_description|missing_canonical
/hotels/bellevue-sarovar-premiere-junagadh/location,200,200,0,218,,"Location | Bellevue Sarovar Premiere, Junagadh | Sarovar Hotels",false,false,missing_meta_description|missing_canonical
/hotels/citadel-sarovar-portico-bangalore/location,200,200,0,230,,"Location | Citadel Sarovar Portico , Bangalore | Sarovar Hotels",false,false,missing_meta_description|missing_canonical
/hotels/classic-sarovar-portico-thiruvananthapuram/location,200,200,0,256,,"Location | Classic Sarovar Portico, Thiruvananthapuram | Sarovar Hotels",false,false,missing_meta_description|missing_canonical
/hotels/davanam-sarovar-portico-suites-bangalore/location,200,200,0,263,,"Location | Davanam Sarovar Portico Suites, Bangalore | Sarovar Hotels",false,false,missing_meta_description|missing_canonical
/hotels/delite-sarovar-portico-faridabad/location,200,200,0,290,,"Location | Delite Sarovar Portico, Faridabad | Sarovar Hotels",false,false,missing_meta_description|missing_canonical
/hotels/deventure-sarovar-portico--kapashera-new-delhi/location,200,200,0,294,,"Location | Deventure Sarovar Portico- Kapashera, New Delhi | Sarovar Hotels",false,false,missing_meta_description|missing_canonical
/hotels/deventure-sarovar-portico-patel-nagar/location,200,200,0,303,,"Location | Deventure Sarovar Portico, Patel Nagar | Sarovar Hotels",false,false,missing_meta_description|missing_canonical
/hotels/efcee-sarovar-portico-bhavnagar/location,200,200,0,331,,"Location | Efcee Sarovar Premiere, Bhavnagar - A 5-star Hotel | Sarovar Hotels",false,false,missing_meta_description|missing_canonical
/hotels/estuary-sarovar-Premiere-poovar/location,200,200,0,325,,"Location | Estuary Sarovar Premiere, Poovar Island | Sarovar Hotels",false,false,missing_meta_description|missing_canonical
/hotels/geeta-sarovar-portico-hotels-panipat/location,200,200,0,311,,"Location | Geeta Sarovar Portico, Panipat | Sarovar Hotels",false,false,missing_meta_description|missing_canonical
/hotels/golden-sarovar-portico-amritsar/location,200,200,0,309,,"Location | Golden Sarovar Portico, Amritsar  | Sarovar Hotels",false,false,missing_meta_description|missing_canonical
/hotels/golden-tulip-agra/location,200,200,0,286,,"Location |  Golden Tulip, Agra | Sarovar Hotels",false,false,missing_meta_description|missing_canonical
/hotels/golden-tulip-bhopal/location,200,200,0,305,,"Location | Golden Tulip, Bhopal | Sarovar Hotels",false,false,missing_meta_description|missing_canonical
/hotels/golden-tulip-bdi-club-and-suite-bhiwadi/location,200,200,0,284,,"Location | Golden Tulip BDI Club and Suite, Bhiwadi | Sarovar Hotels",false,false,missing_meta_description|missing_canonical
/hotels/golden-tulip-candolim-goa/location,200,200,0,274,,"Location | Golden Tulip, Candolim, Goa | Sarovar Hotels",false,false,missing_meta_description|missing_canonical
/hotels/golden-tulip-essential-jaipur/location,200,200,0,258,,"Location | Golden Tulip Essential, Jaipur | Sarovar Hotels",false,false,missing_meta_description|missing_canonical
/hotels/golden-tulip-goa-mandrem/location,200,200,0,259,,"Location | Golden Tulip Goa, Mandrem Beach | Sarovar Hotels",false,false,missing_meta_description|missing_canonical
/hotels/golden-tulip-goa-vagator/location,200,200,0,276,,"Location | Golden Tulip, Goa Vagator | Sarovar Hotels",false,false,missing_meta_description|missing_canonical
/hotels/golden-tulip-hari-nagar/location,200,200,0,285,,"Location | Golden Tulip New Delhi, Hari Nagar | Sarovar Hotels",false,false,missing_meta_description|missing_canonical
/hotels/golden-tulip-hotel-in-jaipur/location,200,200,0,277,,Location | Golden Tulip Jaipur City Center | Sarovar Hotels,false,false,missing_meta_description|missing_canonical
/hotels/golden-tulip-jalandhar/location,200,200,0,290,,"Location | Golden Tulip, Jalandhar  | Sarovar Hotels",false,false,missing_meta_description|missing_canonical
/hotels/golden-tulip-kukas-jaipur/location,200,200,0,297,,"Location | Golden Tulip Jaipur, Kukas | Sarovar Hotels",false,false,missing_meta_description|missing_canonical
/hotels/golden-tulip-sector-80-gurugram/location,200,200,0,307,,"Location | Golden Tulip - Sector 80, Gurugram | Sarovar Hotels",false,false,missing_meta_description|missing_canonical
/hotels/golden-tulip-lucknow/location,200,200,0,315,,"Location | Golden Tulip, Lucknow | Sarovar Hotels",false,false,missing_meta_description|missing_canonical
/hotels/golden-tulip-srinagar/location,200,200,0,306,,"Location | Golden Tulip, Srinagar (formerly RK Sarovar Portico, Srinagar) | Sarovar Hotels",false,false,missing_meta_description|missing_canonical
/hotels/golden-tulip-tirupati/location,200,200,0,312,,"Location | Golden Tulip, Tirupati  | Sarovar Hotels",false,false,missing_meta_description|missing_canonical
/hotels/golden-tulip-udaipur/location,200,200,0,313,,"Location | Golden Tulip, Udaipur | Sarovar Hotels",false,false,missing_meta_description|missing_canonical
/hotels/golden-tulip/location,200,200,0,292,,"Location | Golden Tulip, Gurgaon | Sarovar Hotels",false,false,missing_meta_description|missing_canonical
/hotels/grand-continent-brookefield-bengaluru/location,200,200,0,279,,"Location | Grand Continent, Brookefield - A Sarovar Portico Affiliate Hotel | Sarovar Hotels",false,false,missing_meta_description|missing_canonical
/hotels/grand-continent-anjuna/location,200,200,0,287,,"Location | Grand Continent, Anjuna - A Sarovar Portico Affiliate Hotel | Sarovar Hotels",false,false,missing_meta_description|missing_canonical
/hotels/grand-continent-hebbal-bangalore/location,200,200,0,272,,"Location | Grand Continent, Hebbal - Bangalore | Sarovar Hotels",false,false,missing_meta_description|missing_canonical
/hotels/grand-continent-hosur/location,200,200,0,267,,"Location | Grand Continent, Hosur A Sarovar Portico hotel | Sarovar Hotels",false,false,missing_meta_description|missing_canonical
/hotels/grand-continent-malleshwaram-bangalore/location,200,200,0,248,,"Location | Grand Continent, Malleshwaram - A Sarovar Portico Affiliate Hotel | Sarovar Hotels",false,false,missing_meta_description|missing_canonical
/hotels/grand-continent-mahabalipuram/location,200,200,0,255,,"Location | Grand Continent, Mahabalipuram - A Sarovar Premiere Affiliate Hotel | Sarovar Hotels",false,false,missing_meta_description|missing_canonical
/hotels/grand-continent-mysore/location,200,200,0,246,,"Location | Grand Continent, Mysore - A Sarovar Portico Affiliate Hotel | Sarovar Hotels",false,false,missing_meta_description|missing_canonical
/hotels/grand-continent-secunderabad/location,200,200,0,269,,"Location | Grand Continent, Secunderabad - A Sarovar Portico Affiliate Hotel | Sarovar Hotels",false,false,missing_meta_description|missing_canonical
/hotels/grand-portico-hotel-in-latur/location,200,200,0,268,,"Location | Grand Sarovar Portico, Latur | Sarovar Hotels",false,false,missing_meta_description|missing_canonical
/hotels/highland-sarovar-portico-sindhudurg/location,200,200,0,273,,"Location | Highland Sarovar Portico, Sindhudurg | Sarovar Hotels",false,false,missing_meta_description|missing_canonical
/hotels/hometel-alambagh-lucknow/location,200,200,0,276,,"Location | Hometel Alambagh, Lucknow  | Sarovar Hotels",false,false,missing_meta_description|missing_canonical
/hotels/hometel-chandigarh/location,200,200,0,294,,"Location | Hometel, Chandigarh | Sarovar Hotels",false,false,missing_meta_description|missing_canonical
/hotels/hrj-sarovar-portico-indore/location,200,200,0,267,,"Location | HRJ Sarovar Portico, Indore (A Unit of HRJ International Hotels LLP) | Sarovar Hotels",false,false,missing_meta_description|missing_canonical
/hotels/hometel-roorkee/location,200,200,0,284,,Location | Hometel Roorkee | Sarovar Hotels,false,false,missing_meta_description|missing_canonical
/hotels/iris-sarovar-portico-gurugram/location,200,200,0,255,,"Location | Iris Sarovar Portico, Gurugram | Sarovar Hotels",false,false,missing_meta_description|missing_canonical
/hotels/ishaan-sarovar-portico-deoghar/location,200,200,0,282,,"Location | Ishaan Sarovar Portico, Deoghar | Sarovar Hotels",false,false,missing_meta_description|missing_canonical
/hotels/kpg-sarovar-portico-raj-nagar-extension-ghaziabad/location,200,200,0,296,,"Location | KPG Sarovar Portico, Raj Nagar Extension, Ghaziabad | Sarovar Hotels",false,false,missing_meta_description|missing_canonical
/hotels/la-place-sarovar-portico-lucknow/location,200,200,0,308,,"Location | La Place Sarovar Portico, Lucknow | Sarovar Hotels",false,false,missing_meta_description|missing_canonical
/hotels/lagoon-sarovar-premiere-pondicherry/location,200,200,0,317,,"Location | Lagoon Sarovar Premiere Resort, Pondicherry | Sarovar Hotels",false,false,missing_meta_description|missing_canonical
/hotels/le-dupleix-pondicherry/location,200,200,0,331,,"Location | Le Dupleix, Pondicherry | Sarovar Hotels",false,false,missing_meta_description|missing_canonical
/hotels/le-lac-sarovar-ranchi/location,200,200,0,341,,"Location | Le Lac Sarovar Portico, Ranchi | Sarovar Hotels",false,false,missing_meta_description|missing_canonical
/hotels/legend-sarovar-portico/location,200,200,0,334,,"Location | Legend Sarovar Portico, Baddi | Sarovar Hotels",false,false,missing_meta_description|missing_canonical
/hotels/madhuban-sarovar-portico-mussorie/location,200,200,0,364,,"Location | Madhuban Sarovar Portico, Mussoorie | Sarovar Hotels",false,false,missing_meta_description|missing_canonical
/hotels/mahagun-sarovar-portico-suites-vaishali/location,200,200,0,365,,"Location | Mahagun Sarovar Portico Suites, Vaishali | Sarovar Hotels",false,false,missing_meta_description|missing_canonical
/hotels/majestic-court-sarovar-portico-navi-mumbai/location,200,200,0,387,,"Location | Majestic Court Sarovar Portico, Navi Mumbai | Sarovar Hotels",false,false,missing_meta_description|missing_canonical
/hotels/manjeera-international-convention-centre/location,200,200,0,366,,"Location | Manjeera International Convention Centre, Rajahmundry | Sarovar Hotels",false,false,missing_meta_description|missing_canonical
/hotels/manjeera-sarovar-premiere-rajahmundry/location,200,200,0,342,,"Location | Manjeera Sarovar Premiere, Rajahmundry | Sarovar Hotels",false,false,missing_meta_description|missing_canonical
/hotels/marasa-sarovar-portico-rajkot/location,200,200,0,342,,"Location | Marasa Sarovar Portico, Rajkot | Sarovar Hotels",false,false,missing_meta_description|missing_canonical
/hotels/marasa-sarovar-premiere-bodhgaya/location,200,200,0,325,,"Location | Marasa Sarovar Premiere, Bodhgaya | Sarovar Hotels",false,false,missing_meta_description|missing_canonical
/hotels/marasa-sarovar-premiere-tirupati-hotels/location,200,200,0,315,,"Location |  Marasa Sarovar Premiere, Tirupati | Sarovar Hotels",false,false,missing_meta_description|missing_canonical
/hotels/marigold-sarovar-portico-mashobra-shimla/location,200,200,0,311,,"Location | Marigold Sarovar Portico, Mashobra-Shimla | Sarovar Hotels",false,false,missing_meta_description|missing_canonical
/hotels/marine-plaza-mumbai/location,200,200,0,306,,"Location | Hotel Marine Plaza, Mumbai | Sarovar Hotels",false,false,missing_meta_description|missing_canonical
/hotels/mj-sarovar-portico-haridwar/location,200,200,0,267,,"Location | MJ Sarovar Portico, Haridwar | Sarovar Hotels",false,false,missing_meta_description|missing_canonical
/hotels/mountnoor-sarovar-premiere-pahalgam/location,200,200,0,277,,"Location | Mountnoor Sarovar Premiere, Pahalgam | Sarovar Hotels",false,false,missing_meta_description|missing_canonical
/hotels/mukundra-sarovar-premiere-kota/location,200,200,0,254,,"Location | Mukundra Sarovar Premiere, Kota | Sarovar Hotels",false,false,missing_meta_description|missing_canonical
/hotels/nataraj-sarovar-portico-jhansi/location,200,200,0,256,,"Location | Nataraj Sarovar Portico, Jhansi | Sarovar Hotels",false,false,missing_meta_description|missing_canonical
/hotels/naturevilas-portico-manali/location,200,200,0,266,,"Location | NatureVilas Sarovar Portico, Manali | Sarovar Hotels",false,false,missing_meta_description|missing_canonical
/hotels/nidhivan-sarovar-portico-vrindavan/location,200,200,0,293,,"Location | Nidhivan Sarovar Portico, Vrindavan | Sarovar Hotels",false,false,missing_meta_description|missing_canonical
/hotels/neelkanth-sarovar-premiere-lusaka/location,200,200,0,299,,"Location | Neelkanth Sarovar Premiere, Lusaka | Sarovar Hotels",false,false,missing_meta_description|missing_canonical
/hotels/nirvana-sarovar-portico-gorakhpur/location,200,200,0,268,,"Location | Nirvana Sarovar Portico, Gorakhpur | Sarovar Hotels",false,false,missing_meta_description|missing_canonical
/hotels/nirwana-hometel-jaipur-sarovar/location,200,200,0,272,,"Location | Nirwana Hometel, Jaipur | Sarovar Hotels",false,false,missing_meta_description|missing_canonical
/hotels/paradigm-sarovar-kakinada/location,200,200,0,265,,"Location | Paradigm Sarovar Portico, Kakinada | Sarovar Hotels",false,false,missing_meta_description|missing_canonical
/hotels/park-inn-by-radisson-ayodhya/location,200,200,0,287,,Location | Park Inn by Radisson Ayodhya | Sarovar Hotels,false,false,missing_meta_description|missing_canonical
/hotels/park-inn-gurgaon/location,200,200,0,279,,"Location | Park Inn, Gurgaon | Sarovar Hotels",false,false,missing_meta_description|missing_canonical
/hotels/park-plaza-faridabad/location,200,200,0,271,,"Location | Park Plaza, Faridabad | Sarovar Hotels",false,false,missing_meta_description|missing_canonical
/hotels/Park-Inn-Radisson-Goa-Candolim/location,200,200,0,287,,"Location | Park Inn by Radisson Candolim, Goa | Sarovar Hotels",false,false,missing_meta_description|missing_canonical
/hotels/park-plaza-jalandhar/location,200,200,0,263,,"Location | Park Plaza, Jalandhar | Sarovar Hotels",false,false,missing_meta_description|missing_canonical
/hotels/park-plaza-jodhpur/location,200,200,0,234,,"Location | Park Plaza, Jodhpur | Sarovar Hotels",false,false,missing_meta_description|missing_canonical
/hotels/park-plaza-ludhiana/location,200,200,0,237,,"Location | Park Plaza, Ludhiana | Sarovar Hotels",false,false,missing_meta_description|missing_canonical
/hotels/park-plaza-shahadra--east-delhi/location,200,200,0,243,,"Location | Park Plaza Shahadra, East Delhi | Sarovar Hotels",false,false,missing_meta_description|missing_canonical
/hotels/park-plaza-zirakpur/location,200,200,0,234,,"Location | Park Plaza, Zirakpur | Sarovar Hotels",false,false,missing_meta_description|missing_canonical
/hotels/prachi-sarovar-premiere-bhubaneswar/location,200,200,0,250,,"Location | Prachi Sarovar Premiere, Bhubaneswar | Sarovar Hotels",false,false,missing_meta_description|missing_canonical
/hotels/presidium-sarovar-premiere-dalhousie/location,200,200,0,236,,"Location | Presidium Sarovar Premiere, Dalhousie | Sarovar Hotels",false,false,missing_meta_description|missing_canonical
/hotels/pushkara-portico-hotel-in-dibrugarh/location,200,200,0,248,,"Location | Pushkara Sarovar Portico, Dibrugarh | Sarovar Hotels",false,false,missing_meta_description|missing_canonical
/hotels/radha-hometel-bangalore/location,200,200,0,241,,"Location | Radha Hometel, Bangalore | Sarovar Hotels",false,false,missing_meta_description|missing_canonical
/hotels/radha-regent-chennai/location,200,200,0,239,,"Location | Radha Regent, Chennai | Sarovar Hotels",false,false,missing_meta_description|missing_canonical
/hotels/radisson-blu--bengaluru-outer-ring-road/location,200,200,0,244,,Location | Radisson Blu Bengaluru Outer Ring Road | Sarovar Hotels,false,false,missing_meta_description|missing_canonical
/hotels/radisson-hyderabad--hitec/location,200,200,0,241,,"Location | Radisson HITEC, Hyderabad | Sarovar Hotels",false,false,missing_meta_description|missing_canonical
/hotels/radisson-mumbai-goregaon/location,200,200,0,244,,Location | Radisson Mumbai Goregaon | Sarovar Hotels,false,false,missing_meta_description|missing_canonical
/hotels/rbd-sarovar-portico-outer-ring-road-bengaluru/location,200,200,0,249,,"Location | RBD Sarovar Portico Outer Ring Road, Bengaluru | Sarovar Hotels",false,false,missing_meta_description|missing_canonical
/hotels/residency-sarovar-portico-mumbai/location,200,200,0,237,,"Location | Residency Sarovar Portico, Mumbai  | Sarovar Hotels",false,false,missing_meta_description|missing_canonical
/hotels/rivera-sarovar-portico-ahmedabad/location,200,200,0,242,,"Location | Rivera Sarovar Portico, Ahmedabad | Sarovar Hotels",false,false,missing_meta_description|missing_canonical
/hotels/riviera-sarovar-portico-pathankot/location,200,200,0,233,,"Location | Riviera Sarovar Portico, Pathankot | Sarovar Hotels",false,false,missing_meta_description|missing_canonical
/hotels/rosefinch-sarovar-portico-bhimtal/location,200,200,0,237,,"Location | Rosefinch Sarovar Portico,  Bhimtal | Sarovar Hotels",false,false,missing_meta_description|missing_canonical
/hotels/royal-hometel-suites-dahisar-mumbai/location,200,200,0,240,,"Location | Royal Hometel Suites, Dahisar, Mumbai | Sarovar Hotels",false,false,missing_meta_description|missing_canonical
/hotels/royal-kingdom-sarovar-portico-pilibhit/location,200,200,0,248,,"Location | Royal Kingdom Sarovar Portico, Pilibhit | Sarovar Hotels",false,false,missing_meta_description|missing_canonical
/hotels/royal-sarovar-portico-siliguri/location,200,200,0,242,,"Location | Royal Sarovar Portico, Siliguri | Sarovar Hotels",false,false,missing_meta_description|missing_canonical
/hotels/royal-tulip-chitwan/location,200,200,0,245,,"Location | Royal Tulip, Chitwan | Sarovar Hotels",false,false,missing_meta_description|missing_canonical
/hotels/royal-tulip-kathmandu-shivapuri-national-park/location,200,200,0,241,,Location | Royal Tulip Shivapuri National Park - Kathmandu | Sarovar Hotels,false,false,missing_meta_description|missing_canonical
/hotels/royal-tulip-kathmandu/location,200,200,0,235,,Location | Royal Tulip Kathmandu  | Sarovar Hotels,false,false,missing_meta_description|missing_canonical
/hotels/royale-sarovar-portico-agra/location,200,200,0,235,,"Location | Royale Sarovar Portico, Agra | Sarovar Hotels",false,false,missing_meta_description|missing_canonical
/hotels/rs-sarovar-portico-palampur/location,200,200,0,255,,"Location | RS Sarovar Portico, Palampur | Sarovar Hotels",false,false,missing_meta_description|missing_canonical
/hotels/sairafort-sarovar-portico-jaisalmer/location,200,200,0,241,,"Location | Sairafort Sarovar Portico, Jaisalmer | Sarovar Hotels",false,false,missing_meta_description|missing_canonical
/hotels/sarovar-ahmedabad/location,200,200,0,230,,"Location | Sarovar Portico, Kalupur-Ahmedabad | Sarovar Hotels",false,false,missing_meta_description|missing_canonical
/hotels/sarovar-portico-ajmer/location,200,200,0,213,,"Location | Sarovar Portico, Ajmer | Sarovar Hotels",false,false,missing_meta_description|missing_canonical
/hotels/sarovar-portico-badrinath-uttarakhand/location,200,200,0,218,,"Location | Sarovar Portico, Badrinath | Sarovar Hotels",false,false,missing_meta_description|missing_canonical
/hotels/sarovar-portico-bhubaneswar/location,200,200,0,208,,"Location | Sarovar Portico, Bhubaneswar (Opening Soon) | Sarovar Hotels",false,false,missing_meta_description|missing_canonical
/hotels/sarovar-portico-dehradun/location,200,200,0,199,,"Location | Sarovar Portico, Dehradun | Sarovar Hotels",false,false,missing_meta_description|missing_canonical
/hotels/sarovar-portico-birgunj/location,200,200,0,207,,"Location | Sarovar Portico, Birgunj | Sarovar Hotels",false,false,missing_meta_description|missing_canonical
/hotels/sarovar-portico-gir/location,200,200,0,195,,Location | Sarovar Portico Gir | Sarovar Hotels,false,false,missing_meta_description|missing_canonical
/hotels/sarovar-portico-hanumangarh/location,200,200,0,196,,"Location | Sarovar Portico, Hanumangarh | Sarovar Hotels",false,false,missing_meta_description|missing_canonical
/hotels/sarovar-portico-jaipur/location,200,200,0,218,,"Location | Sarovar Portico, Jaipur | Sarovar Hotels",false,false,missing_meta_description|missing_canonical
/hotels/sarovar-portico-jalandhar/location,200,200,0,225,,"Location | Sarovar Portico, Jalandhar  | Sarovar Hotels",false,false,missing_meta_description|missing_canonical
/hotels/sarovar-portico-kolkata-rajarhat/location,200,200,0,226,,"Location | Sarovar Portico, Kolkata Rajarhat | Sarovar Hotels",false,false,missing_meta_description|missing_canonical
/hotels/sarovar-portico-morbi/location,200,200,0,245,,"Location | Sarovar Portico, Morbi | Sarovar Hotels",false,false,missing_meta_description|missing_canonical
/hotels/sarovar-portico-saharanpur/location,200,200,0,248,,"Location | Sarovar Portico, Saharanpur | Sarovar Hotels",false,false,missing_meta_description|missing_canonical
/hotels/sarovar-portico-naraina-new-delhi/location,200,200,0,254,,"Location | Sarovar Portico Naraina, New Delhi | Sarovar Hotels",false,false,missing_meta_description|missing_canonical
/hotels/sarovar-portico-somnath/location,200,200,0,250,,"Location | Sarovar Portico, Somnath | Sarovar Hotels",false,false,missing_meta_description|missing_canonical
/hotels/sarovar-portico-sonipat/location,200,200,0,256,,"Location | Sarovar Portico, Sonipat | Sarovar Hotels",false,false,missing_meta_description|missing_canonical
/hotels/sarovar-portico-srinagar/location,200,200,0,251,,"Location | Sarovar Portico, Srinagar | Sarovar Hotels",false,false,missing_meta_description|missing_canonical
/hotels/sarovar-portico-sriperumbudur/location,200,200,0,258,,Location | Sarovar Portico Sriperumbudur | Sarovar Hotels,false,false,missing_meta_description|missing_canonical
/hotels/sarovar-portico-surajkund/location,200,200,0,233,,"Location | Sarovar Portico, Surajkund | Sarovar Hotels",false,false,missing_meta_description|missing_canonical
/hotels/sarovar-premiere-alwar/location,200,200,0,228,,Location | Sarovar Premiere Alwar | Sarovar Hotels,false,false,missing_meta_description|missing_canonical
/hotels/sarovar-premiere-amritsar/location,200,200,0,234,,Location | Sarovar Premiere Amritsar | Sarovar Hotels,false,false,missing_meta_description|missing_canonical
/hotels/sarovar-premiere-jaipur/location,200,200,0,211,,"Location | Sarovar Premiere, Jaipur | Sarovar Hotels",false,false,missing_meta_description|missing_canonical
/hotels/sarovar-premiere-srinagar/location,200,200,0,193,,"Location | Sarovar Premiere, Srinagar | Sarovar Hotels",false,false,missing_meta_description|missing_canonical
/hotels/sea-breeze-sarovar-portico-varca-goa/location,200,200,0,197,,"Location | Sea Breeze Sarovar Portico Varca, Goa | Sarovar Hotels",false,false,missing_meta_description|missing_canonical
/hotels/serene-premiere-hargeisa/location,200,200,0,180,,Location | Serene Sarovar Premiere Hargeisa | Sarovar Hotels,false,false,missing_meta_description|missing_canonical
/hotels/shravanthi-sarovar-portico-bengaluru/location,200,200,0,185,,"Location | Shravanthi Sarovar Portico, Bengaluru | Sarovar Hotels",false,false,missing_meta_description|missing_canonical
/hotels/shyama-sarovar-portico-orai/location,200,200,0,190,,"Location | Shyama Sarovar Portico, Orai | Sarovar Hotels",false,false,missing_meta_description|missing_canonical
/hotels/singhania-sarovar-portico-raipur/location,200,200,0,183,,"Location | Singhania Sarovar Portico, Raipur | Sarovar Hotels",false,false,missing_meta_description|missing_canonical
/hotels/skywings-sarovar-portico-mathura/location,200,200,0,170,,"Location | Skywings Sarovar Portico, Mathura | Sarovar Hotels",false,false,missing_meta_description|missing_canonical
/hotels/sobit-sarovar-portico-palolem-beach-hotel-goa/location,200,200,0,170,,"Location | Sobit Sarovar Portico, Goa | Sarovar Hotels",false,false,missing_meta_description|missing_canonical
/hotels/taurus-hotel-mahipalpur-new-delhi/location,200,200,0,165,,"Location | Taurus Sarovar Portico, New Delhi | Sarovar Hotels",false,false,missing_meta_description|missing_canonical
/hotels/the-gaurs-sarovar-premiere/location,200,200,0,157,,Location | The Gaurs Sarovar Premiere | Sarovar Hotels,false,false,missing_meta_description|missing_canonical
/hotels/the-ashtan-sarovar-portico-new-delhi/location,200,200,0,163,,"Location |  The Ashtan Sarovar Portico, New Delhi  | Sarovar Hotels",false,false,missing_meta_description|missing_canonical
/hotels/the-gokulam-park-kochi/location,200,200,0,165,,"Location | The Gokulam Park, Kochi | Sarovar Hotels",false,false,missing_meta_description|missing_canonical
/hotels/the-heron-portico-nairobi/location,200,200,0,160,,"Location | The Heron By Sarovar Portico India, Nairobi | Sarovar Hotels",false,false,missing_meta_description|missing_canonical
/hotels/the-promenade-pondicherry/location,200,200,0,142,,"Location | The Promenade, Pondicherry  | Sarovar Hotels",false,false,missing_meta_description|missing_canonical
/hotels/the-muse-sarovar-portico-nehru-place-new-delhi/location,200,200,0,156,,"Location | The Muse Sarovar Portico, Nehru Place, New Delhi | Sarovar Hotels",false,false,missing_meta_description|missing_canonical
/hotels/tulip-inn-bhopal/location,200,200,0,153,,"Location | Tulip Inn, Bhopal | Sarovar Hotels",false,false,missing_meta_description|missing_canonical
/hotels/tulip-inn-gurugram-near-medanta/location,200,200,0,140,,Location | Tulip Inn Gurugram (5 Minutes from Medanta - The Medicity) | Sarovar Hotels,false,false,missing_meta_description|missing_canonical
/hotels/tulip-inn-koramangala/location,200,200,0,120,,"Location | Tulip Inn, Koramangala | Sarovar Hotels",false,false,missing_meta_description|missing_canonical
/hotels/tulip-inn-shravasti/location,200,200,0,125,,"Location | Tulip Inn, Shravasti | Sarovar Hotels",false,false,missing_meta_description|missing_canonical
/hotels/tulip-inn-zirakpur/location,200,200,0,109,,Location | Tulip Inn Chandigarh-Zirakpur | Sarovar Hotels,false,false,missing_meta_description|missing_canonical
/hotels/v-sarovar-portico-mi-road-jaipur/location,200,200,0,116,,"Location | V  Sarovar Portico, MI Road, Jaipur | Sarovar Hotels",false,false,missing_meta_description|missing_canonical
/hotels/vaishnodevi-portico-katra/location,200,200,0,112,,"Location | The Vaishnodevi Sarovar Portico, Katra | Sarovar Hotels",false,false,missing_meta_description|missing_canonical
/hotels/vandhara-sarovar-premiere-patkote/location,200,200,0,108,,"Location | Vandhara Sarovar Premiere, Jim Corbett - Patkote | Sarovar Hotels",false,false,missing_meta_description|missing_canonical
/hotels/venizia-sarovar-portico-in-new-delhi/location,200,200,0,105,,Location | Venizia Sarovar Portico | Sarovar Hotels,false,false,missing_meta_description|missing_canonical
/hotels/viraj-sarovar-portico-jammu/location,200,200,0,108,,"Location | Viraj Sarovar Portico, Jammu | Sarovar Hotels",false,false,missing_meta_description|missing_canonical
/hotels/abn-sarovar-portico-jim-corbett/amenities,200,200,0,113,,"Amenities | ABN Sarovar Portico, Jim Corbett | Sarovar Hotels",false,false,missing_meta_description|missing_canonical
/hotels/aditya-hometel-hyderabad/amenities,200,200,0,117,,"Amenities | Aditya Hometel, Hyderabad | Sarovar Hotels",false,false,missing_meta_description|missing_canonical
/hotels/aditya-park-hyderabad/amenities,200,200,0,121,,"Amenities |  Aditya Park, Hyderabad | Sarovar Hotels",false,false,missing_meta_description|missing_canonical
/hotels/ambar-sarovar-portico-gandhidham-hotel/amenities,200,200,0,114,,"Amenities | Ambar Sarovar Portico, Gandhidham | Sarovar Hotels",false,false,missing_meta_description|missing_canonical
/hotels/ambrosia-sarovar-portico-haridwar/amenities,200,200,0,120,,"Amenities | Ambrosia Sarovar Portico, Haridwar | Sarovar Hotels",false,false,missing_meta_description|missing_canonical
/hotels/balaji-sarovar-premiere-solapur/amenities,200,200,0,121,,"Amenities |  Balaji Sarovar Premiere, Solapur | Sarovar Hotels",false,false,missing_meta_description|missing_canonical
/hotels/bamus-sarovar-portico-kampala/amenities,200,200,0,120,,"Amenities | Bamus Sarovar Portico, Kampala | Sarovar Hotels",false,false,missing_meta_description|missing_canonical
/hotels/bellevue-sarovar-premiere-junagadh/amenities,200,200,0,122,,"Amenities | Bellevue Sarovar Premiere, Junagadh | Sarovar Hotels",false,false,missing_meta_description|missing_canonical
/hotels/citadel-sarovar-portico-bangalore/amenities,200,200,0,121,,"Amenities | Citadel Sarovar Portico , Bangalore | Sarovar Hotels",false,false,missing_meta_description|missing_canonical
/hotels/classic-sarovar-portico-thiruvananthapuram/amenities,200,200,0,124,,"Amenities | Classic Sarovar Portico, Thiruvananthapuram | Sarovar Hotels",false,false,missing_meta_description|missing_canonical
/hotels/davanam-sarovar-portico-suites-bangalore/amenities,200,200,0,127,,"Amenities | Davanam Sarovar Portico Suites, Bangalore | Sarovar Hotels",false,false,missing_meta_description|missing_canonical
/hotels/delite-sarovar-portico-faridabad/amenities,200,200,0,118,,"Amenities | Delite Sarovar Portico, Faridabad | Sarovar Hotels",false,false,missing_meta_description|missing_canonical
/hotels/deventure-sarovar-portico--kapashera-new-delhi/amenities,200,200,0,117,,"Amenities | Deventure Sarovar Portico- Kapashera, New Delhi | Sarovar Hotels",false,false,missing_meta_description|missing_canonical
/hotels/deventure-sarovar-portico-patel-nagar/amenities,200,200,0,111,,"Amenities | Deventure Sarovar Portico, Patel Nagar | Sarovar Hotels",false,false,missing_meta_description|missing_canonical
/hotels/efcee-sarovar-portico-bhavnagar/amenities,200,200,0,115,,"Amenities | Efcee Sarovar Premiere, Bhavnagar - A 5-star Hotel | Sarovar Hotels",false,false,missing_meta_description|missing_canonical
/hotels/estuary-sarovar-Premiere-poovar/amenities,200,200,0,111,,"Amenities | Estuary Sarovar Premiere, Poovar Island | Sarovar Hotels",false,false,missing_meta_description|missing_canonical
/hotels/geeta-sarovar-portico-hotels-panipat/amenities,200,200,0,119,,"Amenities | Geeta Sarovar Portico, Panipat | Sarovar Hotels",false,false,missing_meta_description|missing_canonical
/hotels/golden-sarovar-portico-amritsar/amenities,200,200,0,111,,"Amenities | Golden Sarovar Portico, Amritsar  | Sarovar Hotels",false,false,missing_meta_description|missing_canonical
/hotels/golden-tulip-agra/amenities,200,200,0,120,,"Amenities |  Golden Tulip, Agra | Sarovar Hotels",false,false,missing_meta_description|missing_canonical
/hotels/golden-tulip-bdi-club-and-suite-bhiwadi/amenities,200,200,0,126,,"Amenities | Golden Tulip BDI Club and Suite, Bhiwadi | Sarovar Hotels",false,false,missing_meta_description|missing_canonical
/hotels/golden-tulip-bhopal/amenities,200,200,0,128,,"Amenities | Golden Tulip, Bhopal | Sarovar Hotels",false,false,missing_meta_description|missing_canonical
/hotels/golden-tulip-candolim-goa/amenities,200,200,0,130,,"Amenities | Golden Tulip, Candolim, Goa | Sarovar Hotels",false,false,missing_meta_description|missing_canonical
/hotels/golden-tulip-essential-jaipur/amenities,200,200,0,126,,"Amenities | Golden Tulip Essential, Jaipur | Sarovar Hotels",false,false,missing_meta_description|missing_canonical
/hotels/golden-tulip-goa-mandrem/amenities,200,200,0,131,,"Amenities | Golden Tulip Goa, Mandrem Beach | Sarovar Hotels",false,false,missing_meta_description|missing_canonical
/hotels/golden-tulip-goa-vagator/amenities,200,200,0,121,,"Amenities | Golden Tulip, Goa Vagator | Sarovar Hotels",false,false,missing_meta_description|missing_canonical
/hotels/golden-tulip-hari-nagar/amenities,200,200,0,126,,"Amenities | Golden Tulip New Delhi, Hari Nagar | Sarovar Hotels",false,false,missing_meta_description|missing_canonical
/hotels/golden-tulip-jalandhar/amenities,200,200,0,125,,"Amenities | Golden Tulip, Jalandhar  | Sarovar Hotels",false,false,missing_meta_description|missing_canonical
/hotels/golden-tulip-hotel-in-jaipur/amenities,200,200,0,133,,Amenities | Golden Tulip Jaipur City Center | Sarovar Hotels,false,false,missing_meta_description|missing_canonical
/hotels/golden-tulip-kukas-jaipur/amenities,200,200,0,119,,"Amenities | Golden Tulip Jaipur, Kukas | Sarovar Hotels",false,false,missing_meta_description|missing_canonical
/hotels/golden-tulip-lucknow/amenities,200,200,0,119,,"Amenities | Golden Tulip, Lucknow | Sarovar Hotels",false,false,missing_meta_description|missing_canonical
/hotels/golden-tulip-sector-80-gurugram/amenities,200,200,0,120,,"Amenities | Golden Tulip - Sector 80, Gurugram | Sarovar Hotels",false,false,missing_meta_description|missing_canonical
/hotels/golden-tulip-srinagar/amenities,200,200,0,111,,"Amenities | Golden Tulip, Srinagar (formerly RK Sarovar Portico, Srinagar) | Sarovar Hotels",false,false,missing_meta_description|missing_canonical
/hotels/golden-tulip-tirupati/amenities,200,200,0,103,,"Amenities | Golden Tulip, Tirupati  | Sarovar Hotels",false,false,missing_meta_description|missing_canonical
/hotels/golden-tulip/amenities,200,200,0,113,,"Amenities | Golden Tulip, Gurgaon | Sarovar Hotels",false,false,missing_meta_description|missing_canonical
/hotels/golden-tulip-udaipur/amenities,200,200,0,119,,"Amenities | Golden Tulip, Udaipur | Sarovar Hotels",false,false,missing_meta_description|missing_canonical
/hotels/grand-continent-anjuna/amenities,200,200,0,125,,"Amenities | Grand Continent, Anjuna - A Sarovar Portico Affiliate Hotel | Sarovar Hotels",false,false,missing_meta_description|missing_canonical
/hotels/grand-continent-hebbal-bangalore/amenities,200,200,0,121,,"Amenities | Grand Continent, Hebbal - Bangalore | Sarovar Hotels",false,false,missing_meta_description|missing_canonical
/hotels/grand-continent-brookefield-bengaluru/amenities,200,200,0,128,,"Amenities | Grand Continent, Brookefield - A Sarovar Portico Affiliate Hotel | Sarovar Hotels",false,false,missing_meta_description|missing_canonical
/hotels/grand-continent-hosur/amenities,200,200,0,137,,"Amenities | Grand Continent, Hosur A Sarovar Portico hotel | Sarovar Hotels",false,false,missing_meta_description|missing_canonical
/hotels/grand-continent-mahabalipuram/amenities,200,200,0,143,,"Amenities | Grand Continent, Mahabalipuram - A Sarovar Premiere Affiliate Hotel | Sarovar Hotels",false,false,missing_meta_description|missing_canonical
/hotels/grand-continent-malleshwaram-bangalore/amenities,200,200,0,138,,"Amenities | Grand Continent, Malleshwaram - A Sarovar Portico Affiliate Hotel | Sarovar Hotels",false,false,missing_meta_description|missing_canonical
/hotels/grand-continent-mysore/amenities,200,200,0,134,,"Amenities | Grand Continent, Mysore - A Sarovar Portico Affiliate Hotel | Sarovar Hotels",false,false,missing_meta_description|missing_canonical
/hotels/grand-continent-secunderabad/amenities,200,200,0,146,,"Amenities | Grand Continent, Secunderabad - A Sarovar Portico Affiliate Hotel | Sarovar Hotels",false,false,missing_meta_description|missing_canonical
/hotels/grand-portico-hotel-in-latur/amenities,200,200,0,129,,"Amenities | Grand Sarovar Portico, Latur | Sarovar Hotels",false,false,missing_meta_description|missing_canonical
/hotels/highland-sarovar-portico-sindhudurg/amenities,200,200,0,138,,"Amenities | Highland Sarovar Portico, Sindhudurg | Sarovar Hotels",false,false,missing_meta_description|missing_canonical
/hotels/hometel-alambagh-lucknow/amenities,200,200,0,133,,"Amenities | Hometel Alambagh, Lucknow  | Sarovar Hotels",false,false,missing_meta_description|missing_canonical
/hotels/hometel-chandigarh/amenities,200,200,0,119,,"Amenities | Hometel, Chandigarh | Sarovar Hotels",false,false,missing_meta_description|missing_canonical
/hotels/hometel-roorkee/amenities,200,200,0,119,,Amenities | Hometel Roorkee | Sarovar Hotels,false,false,missing_meta_description|missing_canonical
/hotels/hrj-sarovar-portico-indore/amenities,200,200,0,121,,"Amenities | HRJ Sarovar Portico, Indore (A Unit of HRJ International Hotels LLP) | Sarovar Hotels",false,false,missing_meta_description|missing_canonical
/hotels/iris-sarovar-portico-gurugram/amenities,200,200,0,115,,"Amenities | Iris Sarovar Portico, Gurugram | Sarovar Hotels",false,false,missing_meta_description|missing_canonical
/hotels/ishaan-sarovar-portico-deoghar/amenities,200,200,0,112,,"Amenities | Ishaan Sarovar Portico, Deoghar | Sarovar Hotels",false,false,missing_meta_description|missing_canonical
/hotels/kpg-sarovar-portico-raj-nagar-extension-ghaziabad/amenities,200,200,0,126,,"Amenities | KPG Sarovar Portico, Raj Nagar Extension, Ghaziabad | Sarovar Hotels",false,false,missing_meta_description|missing_canonical
/hotels/la-place-sarovar-portico-lucknow/amenities,200,200,0,117,,"Amenities | La Place Sarovar Portico, Lucknow | Sarovar Hotels",false,false,missing_meta_description|missing_canonical
/hotels/le-dupleix-pondicherry/amenities,200,200,0,122,,"Amenities | Le Dupleix, Pondicherry | Sarovar Hotels",false,false,missing_meta_description|missing_canonical
/hotels/le-lac-sarovar-ranchi/amenities,200,200,0,127,,"Amenities | Le Lac Sarovar Portico, Ranchi | Sarovar Hotels",false,false,missing_meta_description|missing_canonical
/hotels/legend-sarovar-portico/amenities,200,200,0,120,,"Amenities | Legend Sarovar Portico, Baddi | Sarovar Hotels",false,false,missing_meta_description|missing_canonical
/hotels/madhuban-sarovar-portico-mussorie/amenities,200,200,0,120,,"Amenities | Madhuban Sarovar Portico, Mussoorie | Sarovar Hotels",false,false,missing_meta_description|missing_canonical
/hotels/mahagun-sarovar-portico-suites-vaishali/amenities,200,200,0,123,,"Amenities | Mahagun Sarovar Portico Suites, Vaishali | Sarovar Hotels",false,false,missing_meta_description|missing_canonical
/hotels/majestic-court-sarovar-portico-navi-mumbai/amenities,200,200,0,128,,"Amenities | Majestic Court Sarovar Portico, Navi Mumbai | Sarovar Hotels",false,false,missing_meta_description|missing_canonical
/hotels/manjeera-sarovar-premiere-rajahmundry/amenities,200,200,0,139,,"Amenities | Manjeera Sarovar Premiere, Rajahmundry | Sarovar Hotels",false,false,missing_meta_description|missing_canonical
/hotels/marasa-sarovar-portico-rajkot/amenities,200,200,0,146,,"Amenities | Marasa Sarovar Portico, Rajkot | Sarovar Hotels",false,false,missing_meta_description|missing_canonical
/hotels/marasa-sarovar-premiere-bodhgaya/amenities,200,200,0,135,,"Amenities | Marasa Sarovar Premiere, Bodhgaya | Sarovar Hotels",false,false,missing_meta_description|missing_canonical
/hotels/marasa-sarovar-premiere-tirupati-hotels/amenities,200,200,0,129,,"Amenities |  Marasa Sarovar Premiere, Tirupati | Sarovar Hotels",false,false,missing_meta_description|missing_canonical
/hotels/marigold-sarovar-portico-mashobra-shimla/amenities,200,200,0,146,,"Amenities | Marigold Sarovar Portico, Mashobra-Shimla | Sarovar Hotels",false,false,missing_meta_description|missing_canonical
/hotels/marine-plaza-mumbai/amenities,200,200,0,131,,"Amenities | Hotel Marine Plaza, Mumbai | Sarovar Hotels",false,false,missing_meta_description|missing_canonical
/hotels/mj-sarovar-portico-haridwar/amenities,200,200,0,130,,"Amenities | MJ Sarovar Portico, Haridwar | Sarovar Hotels",false,false,missing_meta_description|missing_canonical
/hotels/mountnoor-sarovar-premiere-pahalgam/amenities,200,200,0,140,,"Amenities | Mountnoor Sarovar Premiere, Pahalgam | Sarovar Hotels",false,false,missing_meta_description|missing_canonical
/hotels/mukundra-sarovar-premiere-kota/amenities,200,200,0,138,,"Amenities | Mukundra Sarovar Premiere, Kota | Sarovar Hotels",false,false,missing_meta_description|missing_canonical
/hotels/nataraj-sarovar-portico-jhansi/amenities,200,200,0,139,,"Amenities | Nataraj Sarovar Portico, Jhansi | Sarovar Hotels",false,false,missing_meta_description|missing_canonical
/hotels/naturevilas-portico-manali/amenities,200,200,0,121,,"Amenities | NatureVilas Sarovar Portico, Manali | Sarovar Hotels",false,false,missing_meta_description|missing_canonical
/hotels/neelkanth-sarovar-premiere-lusaka/amenities,200,200,0,126,,"Amenities | Neelkanth Sarovar Premiere, Lusaka | Sarovar Hotels",false,false,missing_meta_description|missing_canonical
/hotels/nidhivan-sarovar-portico-vrindavan/amenities,200,200,0,123,,"Amenities | Nidhivan Sarovar Portico, Vrindavan | Sarovar Hotels",false,false,missing_meta_description|missing_canonical
/hotels/nirvana-sarovar-portico-gorakhpur/amenities,200,200,0,121,,"Amenities | Nirvana Sarovar Portico, Gorakhpur | Sarovar Hotels",false,false,missing_meta_description|missing_canonical
/hotels/nirwana-hometel-jaipur-sarovar/amenities,200,200,0,121,,"Amenities | Nirwana Hometel, Jaipur | Sarovar Hotels",false,false,missing_meta_description|missing_canonical
/hotels/paradigm-sarovar-kakinada/amenities,200,200,0,124,,"Amenities | Paradigm Sarovar Portico, Kakinada | Sarovar Hotels",false,false,missing_meta_description|missing_canonical
/hotels/park-inn-by-radisson-ayodhya/amenities,200,200,0,125,,Amenities | Park Inn by Radisson Ayodhya | Sarovar Hotels,false,false,missing_meta_description|missing_canonical
/hotels/park-inn-gurgaon/amenities,200,200,0,129,,"Amenities | Park Inn, Gurgaon | Sarovar Hotels",false,false,missing_meta_description|missing_canonical
/hotels/Park-Inn-Radisson-Goa-Candolim/amenities,200,200,0,128,,"Amenities | Park Inn by Radisson Candolim, Goa | Sarovar Hotels",false,false,missing_meta_description|missing_canonical
/hotels/park-plaza-faridabad/amenities,200,200,0,126,,"Amenities | Park Plaza, Faridabad | Sarovar Hotels",false,false,missing_meta_description|missing_canonical
/hotels/park-plaza-jalandhar/amenities,200,200,0,122,,"Amenities | Park Plaza, Jalandhar | Sarovar Hotels",false,false,missing_meta_description|missing_canonical
/hotels/park-plaza-jodhpur/amenities,200,200,0,118,,"Amenities | Park Plaza, Jodhpur | Sarovar Hotels",false,false,missing_meta_description|missing_canonical
/hotels/park-plaza-shahadra--east-delhi/amenities,200,200,0,118,,"Amenities | Park Plaza Shahadra, East Delhi | Sarovar Hotels",false,false,missing_meta_description|missing_canonical
/hotels/park-plaza-ludhiana/amenities,200,200,0,125,,"Amenities | Park Plaza, Ludhiana | Sarovar Hotels",false,false,missing_meta_description|missing_canonical
/hotels/park-plaza-zirakpur/amenities,200,200,0,114,,"Amenities | Park Plaza, Zirakpur | Sarovar Hotels",false,false,missing_meta_description|missing_canonical
/hotels/prachi-sarovar-premiere-bhubaneswar/amenities,200,200,0,111,,"Amenities | Prachi Sarovar Premiere, Bhubaneswar | Sarovar Hotels",false,false,missing_meta_description|missing_canonical
/hotels/presidium-sarovar-premiere-dalhousie/amenities,200,200,0,128,,"Amenities | Presidium Sarovar Premiere, Dalhousie | Sarovar Hotels",false,false,missing_meta_description|missing_canonical
/hotels/pushkara-portico-hotel-in-dibrugarh/amenities,200,200,0,108,,"Amenities | Pushkara Sarovar Portico, Dibrugarh | Sarovar Hotels",false,false,missing_meta_description|missing_canonical
/hotels/radha-hometel-bangalore/amenities,200,200,0,115,,"Amenities | Radha Hometel, Bangalore | Sarovar Hotels",false,false,missing_meta_description|missing_canonical
/hotels/radha-regent-chennai/amenities,200,200,0,122,,"Amenities | Radha Regent, Chennai | Sarovar Hotels",false,false,missing_meta_description|missing_canonical
/hotels/radisson-blu--bengaluru-outer-ring-road/amenities,200,200,0,118,,Amenities | Radisson Blu Bengaluru Outer Ring Road | Sarovar Hotels,false,false,missing_meta_description|missing_canonical
/hotels/radisson-hyderabad--hitec/amenities,200,200,0,112,,"Amenities | Radisson HITEC, Hyderabad | Sarovar Hotels",false,false,missing_meta_description|missing_canonical
/hotels/radisson-mumbai-goregaon/amenities,200,200,0,117,,Amenities | Radisson Mumbai Goregaon | Sarovar Hotels,false,false,missing_meta_description|missing_canonical
/hotels/rbd-sarovar-portico-outer-ring-road-bengaluru/amenities,200,200,0,117,,"Amenities | RBD Sarovar Portico Outer Ring Road, Bengaluru | Sarovar Hotels",false,false,missing_meta_description|missing_canonical
/hotels/residency-sarovar-portico-mumbai/amenities,200,200,0,113,,"Amenities | Residency Sarovar Portico, Mumbai  | Sarovar Hotels",false,false,missing_meta_description|missing_canonical
/hotels/rivera-sarovar-portico-ahmedabad/amenities,200,200,0,125,,"Amenities | Rivera Sarovar Portico, Ahmedabad | Sarovar Hotels",false,false,missing_meta_description|missing_canonical
/hotels/riviera-sarovar-portico-pathankot/amenities,200,200,0,108,,"Amenities | Riviera Sarovar Portico, Pathankot | Sarovar Hotels",false,false,missing_meta_description|missing_canonical
/hotels/rosefinch-sarovar-portico-bhimtal/amenities,200,200,0,120,,"Amenities | Rosefinch Sarovar Portico,  Bhimtal | Sarovar Hotels",false,false,missing_meta_description|missing_canonical
/hotels/royal-hometel-suites-dahisar-mumbai/amenities,200,200,0,115,,"Amenities | Royal Hometel Suites, Dahisar, Mumbai | Sarovar Hotels",false,false,missing_meta_description|missing_canonical
/hotels/royal-sarovar-portico-siliguri/amenities,200,200,0,117,,"Amenities | Royal Sarovar Portico, Siliguri | Sarovar Hotels",false,false,missing_meta_description|missing_canonical
/hotels/royal-kingdom-sarovar-portico-pilibhit/amenities,200,200,0,124,,"Amenities | Royal Kingdom Sarovar Portico, Pilibhit | Sarovar Hotels",false,false,missing_meta_description|missing_canonical
/hotels/royal-tulip-chitwan/amenities,200,200,0,121,,"Amenities | Royal Tulip, Chitwan | Sarovar Hotels",false,false,missing_meta_description|missing_canonical
/hotels/royal-tulip-kathmandu-shivapuri-national-park/amenities,200,200,0,114,,Amenities | Royal Tulip Shivapuri National Park - Kathmandu | Sarovar Hotels,false,false,missing_meta_description|missing_canonical
/hotels/royal-tulip-kathmandu/amenities,200,200,0,131,,Amenities | Royal Tulip Kathmandu  | Sarovar Hotels,false,false,missing_meta_description|missing_canonical
/hotels/royale-sarovar-portico-agra/amenities,200,200,0,120,,"Amenities | Royale Sarovar Portico, Agra | Sarovar Hotels",false,false,missing_meta_description|missing_canonical
/hotels/rs-sarovar-portico-palampur/amenities,200,200,0,122,,"Amenities | RS Sarovar Portico, Palampur | Sarovar Hotels",false,false,missing_meta_description|missing_canonical
/hotels/sairafort-sarovar-portico-jaisalmer/amenities,200,200,0,119,,"Amenities | Sairafort Sarovar Portico, Jaisalmer | Sarovar Hotels",false,false,missing_meta_description|missing_canonical
/hotels/sarovar-ahmedabad/amenities,200,200,0,116,,"Amenities | Sarovar Portico, Kalupur-Ahmedabad | Sarovar Hotels",false,false,missing_meta_description|missing_canonical
/hotels/sarovar-portico-ajmer/amenities,200,200,0,127,,"Amenities | Sarovar Portico, Ajmer | Sarovar Hotels",false,false,missing_meta_description|missing_canonical
/hotels/sarovar-portico-badrinath-uttarakhand/amenities,200,200,0,116,,"Amenities | Sarovar Portico, Badrinath | Sarovar Hotels",false,false,missing_meta_description|missing_canonical
/hotels/sarovar-portico-bhubaneswar/amenities,200,200,0,127,,"Amenities | Sarovar Portico, Bhubaneswar (Opening Soon) | Sarovar Hotels",false,false,missing_meta_description|missing_canonical
/hotels/sarovar-portico-birgunj/amenities,200,200,0,126,,"Amenities | Sarovar Portico, Birgunj | Sarovar Hotels",false,false,missing_meta_description|missing_canonical
/hotels/sarovar-portico-dehradun/amenities,200,200,0,123,,"Amenities | Sarovar Portico, Dehradun | Sarovar Hotels",false,false,missing_meta_description|missing_canonical
/hotels/sarovar-portico-hanumangarh/amenities,200,200,0,119,,"Amenities | Sarovar Portico, Hanumangarh | Sarovar Hotels",false,false,missing_meta_description|missing_canonical
/hotels/sarovar-portico-jaipur/amenities,200,200,0,127,,"Amenities | Sarovar Portico, Jaipur | Sarovar Hotels",false,false,missing_meta_description|missing_canonical
/hotels/sarovar-portico-jalandhar/amenities,200,200,0,118,,"Amenities | Sarovar Portico, Jalandhar  | Sarovar Hotels",false,false,missing_meta_description|missing_canonical
/hotels/sarovar-portico-kolkata-rajarhat/amenities,200,200,0,125,,"Amenities | Sarovar Portico, Kolkata Rajarhat | Sarovar Hotels",false,false,missing_meta_description|missing_canonical
/hotels/sarovar-portico-naraina-new-delhi/amenities,200,200,0,133,,"Amenities | Sarovar Portico Naraina, New Delhi | Sarovar Hotels",false,false,missing_meta_description|missing_canonical
/hotels/sarovar-portico-saharanpur/amenities,200,200,0,129,,"Amenities | Sarovar Portico, Saharanpur | Sarovar Hotels",false,false,missing_meta_description|missing_canonical
/hotels/sarovar-portico-somnath/amenities,200,200,0,120,,"Amenities | Sarovar Portico, Somnath | Sarovar Hotels",false,false,missing_meta_description|missing_canonical
/hotels/sarovar-portico-sonipat/amenities,200,200,0,122,,"Amenities | Sarovar Portico, Sonipat | Sarovar Hotels",false,false,missing_meta_description|missing_canonical
/hotels/sarovar-portico-srinagar/amenities,200,200,0,113,,"Amenities | Sarovar Portico, Srinagar | Sarovar Hotels",false,false,missing_meta_description|missing_canonical
/hotels/sarovar-portico-sriperumbudur/amenities,200,200,0,113,,Amenities | Sarovar Portico Sriperumbudur | Sarovar Hotels,false,false,missing_meta_description|missing_canonical
/hotels/sarovar-portico-surajkund/amenities,200,200,0,110,,"Amenities | Sarovar Portico, Surajkund | Sarovar Hotels",false,false,missing_meta_description|missing_canonical
/hotels/sarovar-premiere-amritsar/amenities,200,200,0,107,,Amenities | Sarovar Premiere Amritsar | Sarovar Hotels,false,false,missing_meta_description|missing_canonical
/hotels/sarovar-premiere-alwar/amenities,200,200,0,117,,Amenities | Sarovar Premiere Alwar | Sarovar Hotels,false,false,missing_meta_description|missing_canonical
/hotels/sarovar-premiere-jaipur/amenities,200,200,0,119,,"Amenities | Sarovar Premiere, Jaipur | Sarovar Hotels",false,false,missing_meta_description|missing_canonical
/hotels/sarovar-premiere-srinagar/amenities,200,200,0,117,,"Amenities | Sarovar Premiere, Srinagar | Sarovar Hotels",false,false,missing_meta_description|missing_canonical
/hotels/sea-breeze-sarovar-portico-varca-goa/amenities,200,200,0,120,,"Amenities | Sea Breeze Sarovar Portico Varca, Goa | Sarovar Hotels",false,false,missing_meta_description|missing_canonical
/hotels/serene-premiere-hargeisa/amenities,200,200,0,114,,Amenities | Serene Sarovar Premiere Hargeisa | Sarovar Hotels,false,false,missing_meta_description|missing_canonical
/hotels/shravanthi-sarovar-portico-bengaluru/amenities,200,200,0,113,,"Amenities | Shravanthi Sarovar Portico, Bengaluru | Sarovar Hotels",false,false,missing_meta_description|missing_canonical
/hotels/shyama-sarovar-portico-orai/amenities,200,200,0,119,,"Amenities | Shyama Sarovar Portico, Orai | Sarovar Hotels",false,false,missing_meta_description|missing_canonical
/hotels/singhania-sarovar-portico-raipur/amenities,200,200,0,119,,"Amenities | Singhania Sarovar Portico, Raipur | Sarovar Hotels",false,false,missing_meta_description|missing_canonical
/hotels/skywings-sarovar-portico-mathura/amenities,200,200,0,123,,"Amenities | Skywings Sarovar Portico, Mathura | Sarovar Hotels",false,false,missing_meta_description|missing_canonical
/hotels/sobit-sarovar-portico-palolem-beach-hotel-goa/amenities,200,200,0,120,,"Amenities | Sobit Sarovar Portico, Goa | Sarovar Hotels",false,false,missing_meta_description|missing_canonical
/hotels/taurus-hotel-mahipalpur-new-delhi/amenities,200,200,0,125,,"Amenities | Taurus Sarovar Portico, New Delhi | Sarovar Hotels",false,false,missing_meta_description|missing_canonical
/hotels/the-gokulam-park-kochi/amenities,200,200,0,112,,"Amenities | The Gokulam Park, Kochi | Sarovar Hotels",false,false,missing_meta_description|missing_canonical
/hotels/the-heron-portico-nairobi/amenities,200,200,0,126,,"Amenities | The Heron By Sarovar Portico India, Nairobi | Sarovar Hotels",false,false,missing_meta_description|missing_canonical
/hotels/the-muse-sarovar-portico-nehru-place-new-delhi/amenities,200,200,0,118,,"Amenities | The Muse Sarovar Portico, Nehru Place, New Delhi | Sarovar Hotels",false,false,missing_meta_description|missing_canonical
/hotels/the-promenade-pondicherry/amenities,200,200,0,125,,"Amenities | The Promenade, Pondicherry  | Sarovar Hotels",false,false,missing_meta_description|missing_canonical
/hotels/tulip-inn-bhopal/amenities,200,200,0,114,,"Amenities | Tulip Inn, Bhopal | Sarovar Hotels",false,false,missing_meta_description|missing_canonical
/hotels/tulip-inn-gurugram-near-medanta/amenities,200,200,0,116,,Amenities | Tulip Inn Gurugram (5 Minutes from Medanta - The Medicity) | Sarovar Hotels,false,false,missing_meta_description|missing_canonical
/hotels/tulip-inn-koramangala/amenities,200,200,0,117,,"Amenities | Tulip Inn, Koramangala | Sarovar Hotels",false,false,missing_meta_description|missing_canonical
/hotels/tulip-inn-zirakpur/amenities,200,200,0,115,,Amenities | Tulip Inn Chandigarh-Zirakpur | Sarovar Hotels,false,false,missing_meta_description|missing_canonical
/hotels/v-sarovar-portico-mi-road-jaipur/amenities,200,200,0,105,,"Amenities | V  Sarovar Portico, MI Road, Jaipur | Sarovar Hotels",false,false,missing_meta_description|missing_canonical
/hotels/vaishnodevi-portico-katra/amenities,200,200,0,113,,"Amenities | The Vaishnodevi Sarovar Portico, Katra | Sarovar Hotels",false,false,missing_meta_description|missing_canonical
/hotels/vandhara-sarovar-premiere-patkote/amenities,200,200,0,122,,"Amenities | Vandhara Sarovar Premiere, Jim Corbett - Patkote | Sarovar Hotels",false,false,missing_meta_description|missing_canonical
/hotels/viraj-sarovar-portico-jammu/amenities,200,200,0,105,,"Amenities | Viraj Sarovar Portico, Jammu | Sarovar Hotels",false,false,missing_meta_description|missing_canonical
/hotels/aditya-hometel-hyderabad/legal,200,200,0,116,,"Terms & Conditions | Aditya Hometel, Hyderabad | Sarovar Hotels",false,false,missing_meta_description|missing_canonical
/hotels/ambar-sarovar-portico-gandhidham-hotel/legal,200,200,0,101,,"Terms & Conditions | Ambar Sarovar Portico, Gandhidham | Sarovar Hotels",false,false,missing_meta_description|missing_canonical
/hotels/aditya-park-hyderabad/legal,200,200,0,107,,"Terms & Conditions |  Aditya Park, Hyderabad | Sarovar Hotels",false,false,missing_meta_description|missing_canonical
/hotels/ambrosia-sarovar-portico-haridwar/legal,200,200,0,111,,"Terms & Conditions | Ambrosia Sarovar Portico, Haridwar | Sarovar Hotels",false,false,missing_meta_description|missing_canonical
/hotels/balaji-sarovar-premiere-solapur/legal,200,200,0,109,,"Terms & Conditions |  Balaji Sarovar Premiere, Solapur | Sarovar Hotels",false,false,missing_meta_description|missing_canonical
/hotels/bellevue-sarovar-premiere-junagadh/legal,200,200,0,111,,"Terms & Conditions | Bellevue Sarovar Premiere, Junagadh | Sarovar Hotels",false,false,missing_meta_description|missing_canonical
/hotels/classic-sarovar-portico-thiruvananthapuram/legal,200,200,0,119,,"Terms & Conditions | Classic Sarovar Portico, Thiruvananthapuram | Sarovar Hotels",false,false,missing_meta_description|missing_canonical
/hotels/davanam-sarovar-portico-suites-bangalore/legal,200,200,0,112,,"Terms & Conditions | Davanam Sarovar Portico Suites, Bangalore | Sarovar Hotels",false,false,missing_meta_description|missing_canonical
/hotels/deventure-sarovar-portico--kapashera-new-delhi/legal,200,200,0,113,,"Terms & Conditions | Deventure Sarovar Portico- Kapashera, New Delhi | Sarovar Hotels",false,false,missing_meta_description|missing_canonical
/hotels/efcee-sarovar-portico-bhavnagar/legal,200,200,0,111,,"Terms & Conditions | Efcee Sarovar Premiere, Bhavnagar - A 5-star Hotel | Sarovar Hotels",false,false,missing_meta_description|missing_canonical
/hotels/estuary-sarovar-Premiere-poovar/legal,200,200,0,107,,"Terms & Conditions | Estuary Sarovar Premiere, Poovar Island | Sarovar Hotels",false,false,missing_meta_description|missing_canonical
/hotels/golden-sarovar-portico-amritsar/legal,200,200,0,118,,"Terms & Conditions | Golden Sarovar Portico, Amritsar  | Sarovar Hotels",false,false,missing_meta_description|missing_canonical
/hotels/golden-tulip-lucknow/legal,200,200,0,118,,"Terms & Conditions | Golden Tulip, Lucknow | Sarovar Hotels",false,false,missing_meta_description|missing_canonical
/hotels/hometel-chandigarh/legal,200,200,0,111,,"Terms & Conditions | Hometel, Chandigarh | Sarovar Hotels",false,false,missing_meta_description|missing_canonical
/hotels/golden-tulip-srinagar/legal,200,200,0,118,,"Terms & Conditions | Golden Tulip, Srinagar (formerly RK Sarovar Portico, Srinagar) | Sarovar Hotels",false,false,missing_meta_description|missing_canonical
/hotels/hometel-roorkee/legal,200,200,0,109,,Terms & Conditions | Hometel Roorkee | Sarovar Hotels,false,false,missing_meta_description|missing_canonical
/hotels/la-place-sarovar-portico-lucknow/legal,200,200,0,114,,"Terms & Conditions | La Place Sarovar Portico, Lucknow | Sarovar Hotels",false,false,missing_meta_description|missing_canonical
/hotels/le-dupleix-pondicherry/legal,200,200,0,116,,"Terms & Conditions | Le Dupleix, Pondicherry | Sarovar Hotels",false,false,missing_meta_description|missing_canonical
/hotels/le-lac-sarovar-ranchi/legal,200,200,0,117,,"Terms & Conditions | Le Lac Sarovar Portico, Ranchi | Sarovar Hotels",false,false,missing_meta_description|missing_canonical
/hotels/legend-sarovar-portico/legal,200,200,0,117,,"Terms & Conditions | Legend Sarovar Portico, Baddi | Sarovar Hotels",false,false,missing_meta_description|missing_canonical
/hotels/mahagun-sarovar-portico-suites-vaishali/legal,200,200,0,147,,"Terms & Conditions | Mahagun Sarovar Portico Suites, Vaishali | Sarovar Hotels",false,false,missing_meta_description|missing_canonical
/hotels/majestic-court-sarovar-portico-navi-mumbai/legal,200,200,0,140,,"Terms & Conditions | Majestic Court Sarovar Portico, Navi Mumbai | Sarovar Hotels",false,false,missing_meta_description|missing_canonical
/hotels/marasa-sarovar-portico-rajkot/legal,200,200,0,147,,"Terms & Conditions | Marasa Sarovar Portico, Rajkot | Sarovar Hotels",false,false,missing_meta_description|missing_canonical
/hotels/marasa-sarovar-premiere-bodhgaya/legal,200,200,0,148,,"Terms & Conditions | Marasa Sarovar Premiere, Bodhgaya | Sarovar Hotels",false,false,missing_meta_description|missing_canonical
/hotels/marasa-sarovar-premiere-tirupati-hotels/legal,200,200,0,167,,"Terms & Conditions |  Marasa Sarovar Premiere, Tirupati | Sarovar Hotels",false,false,missing_meta_description|missing_canonical
/hotels/marigold-sarovar-portico-mashobra-shimla/legal,200,200,0,170,,"Terms & Conditions | Marigold Sarovar Portico, Mashobra-Shimla | Sarovar Hotels",false,false,missing_meta_description|missing_canonical
/hotels/marine-plaza-mumbai/legal,200,200,0,163,,"Terms & Conditions | Hotel Marine Plaza, Mumbai | Sarovar Hotels",false,false,missing_meta_description|missing_canonical
/hotels/nataraj-sarovar-portico-jhansi/legal,200,200,0,170,,"Terms & Conditions | Nataraj Sarovar Portico, Jhansi | Sarovar Hotels",false,false,missing_meta_description|missing_canonical
/hotels/neelkanth-sarovar-premiere-lusaka/legal,200,200,0,159,,"Terms & Conditions | Neelkanth Sarovar Premiere, Lusaka | Sarovar Hotels",false,false,missing_meta_description|missing_canonical
/hotels/nidhivan-sarovar-portico-vrindavan/legal,200,200,0,156,,"Terms & Conditions | Nidhivan Sarovar Portico, Vrindavan | Sarovar Hotels",false,false,missing_meta_description|missing_canonical
/hotels/nirwana-hometel-jaipur-sarovar/legal,200,200,0,127,,"Terms & Conditions | Nirwana Hometel, Jaipur | Sarovar Hotels",false,false,missing_meta_description|missing_canonical
/hotels/nirvana-sarovar-portico-gorakhpur/legal,200,200,0,141,,"Terms & Conditions | Nirvana Sarovar Portico, Gorakhpur | Sarovar Hotels",false,false,missing_meta_description|missing_canonical
/hotels/paradigm-sarovar-kakinada/legal,200,200,0,124,,"Terms & Conditions | Paradigm Sarovar Portico, Kakinada | Sarovar Hotels",false,false,missing_meta_description|missing_canonical
/hotels/park-inn-gurgaon/legal,200,200,0,121,,"Terms & Conditions | Park Inn, Gurgaon | Sarovar Hotels",false,false,missing_meta_description|missing_canonical
/hotels/Park-Inn-Radisson-Goa-Candolim/legal,200,200,0,137,,"Terms & Conditions | Park Inn by Radisson Candolim, Goa | Sarovar Hotels",false,false,missing_meta_description|missing_canonical
/hotels/park-plaza-faridabad/legal,200,200,0,125,,"Terms & Conditions | Park Plaza, Faridabad | Sarovar Hotels",false,false,missing_meta_description|missing_canonical
/hotels/park-plaza-jodhpur/legal,200,200,0,130,,"Terms & Conditions | Park Plaza, Jodhpur | Sarovar Hotels",false,false,missing_meta_description|missing_canonical
/hotels/park-plaza-ludhiana/legal,200,200,0,126,,"Terms & Conditions | Park Plaza, Ludhiana | Sarovar Hotels",false,false,missing_meta_description|missing_canonical
/hotels/park-plaza-shahadra--east-delhi/legal,200,200,0,133,,"Terms & Conditions | Park Plaza Shahadra, East Delhi | Sarovar Hotels",false,false,missing_meta_description|missing_canonical
/hotels/park-plaza-zirakpur/legal,200,200,0,138,,"Terms & Conditions | Park Plaza, Zirakpur | Sarovar Hotels",false,false,missing_meta_description|missing_canonical
/hotels/radha-hometel-bangalore/legal,200,200,0,126,,"Terms & Conditions | Radha Hometel, Bangalore | Sarovar Hotels",false,false,missing_meta_description|missing_canonical
/hotels/radha-regent-chennai/legal,200,200,0,127,,"Terms & Conditions | Radha Regent, Chennai | Sarovar Hotels",false,false,missing_meta_description|missing_canonical
/hotels/radisson-blu--bengaluru-outer-ring-road/legal,200,200,0,131,,Terms & Conditions | Radisson Blu Bengaluru Outer Ring Road | Sarovar Hotels,false,false,missing_meta_description|missing_canonical
/hotels/radisson-hyderabad--hitec/legal,200,200,0,141,,"Terms & Conditions | Radisson HITEC, Hyderabad | Sarovar Hotels",false,false,missing_meta_description|missing_canonical
/hotels/radisson-mumbai-goregaon/legal,200,200,0,126,,Terms & Conditions | Radisson Mumbai Goregaon | Sarovar Hotels,false,false,missing_meta_description|missing_canonical
/hotels/rbd-sarovar-portico-outer-ring-road-bengaluru/legal,200,200,0,132,,"Terms & Conditions | RBD Sarovar Portico Outer Ring Road, Bengaluru | Sarovar Hotels",false,false,missing_meta_description|missing_canonical
/hotels/residency-sarovar-portico-mumbai/legal,200,200,0,126,,"Terms & Conditions | Residency Sarovar Portico, Mumbai  | Sarovar Hotels",false,false,missing_meta_description|missing_canonical
/hotels/rivera-sarovar-portico-ahmedabad/legal,200,200,0,123,,"Terms & Conditions | Rivera Sarovar Portico, Ahmedabad | Sarovar Hotels",false,false,missing_meta_description|missing_canonical
/hotels/royal-hometel-suites-dahisar-mumbai/legal,200,200,0,126,,"Terms & Conditions | Royal Hometel Suites, Dahisar, Mumbai | Sarovar Hotels",false,false,missing_meta_description|missing_canonical
/hotels/royal-sarovar-portico-siliguri/legal,200,200,0,117,,"Terms & Conditions | Royal Sarovar Portico, Siliguri | Sarovar Hotels",false,false,missing_meta_description|missing_canonical
/hotels/royale-sarovar-portico-agra/legal,200,200,0,119,,"Terms & Conditions | Royale Sarovar Portico, Agra | Sarovar Hotels",false,false,missing_meta_description|missing_canonical
/hotels/rs-sarovar-portico-palampur/legal,200,200,0,121,,"Terms & Conditions | RS Sarovar Portico, Palampur | Sarovar Hotels",false,false,missing_meta_description|missing_canonical
/hotels/sairafort-sarovar-portico-jaisalmer/legal,200,200,0,132,,"Terms & Conditions | Sairafort Sarovar Portico, Jaisalmer | Sarovar Hotels",false,false,missing_meta_description|missing_canonical
/hotels/sarovar-ahmedabad/legal,200,200,0,133,,"Terms & Conditions | Sarovar Portico, Kalupur-Ahmedabad | Sarovar Hotels",false,false,missing_meta_description|missing_canonical
/hotels/sarovar-portico-badrinath-uttarakhand/legal,200,200,0,123,,"Terms & Conditions | Sarovar Portico, Badrinath | Sarovar Hotels",false,false,missing_meta_description|missing_canonical
/hotels/sarovar-portico-dehradun/legal,200,200,0,125,,"Terms & Conditions | Sarovar Portico, Dehradun | Sarovar Hotels",false,false,missing_meta_description|missing_canonical
/hotels/sarovar-portico-jaipur/legal,200,200,0,132,,"Terms & Conditions | Sarovar Portico, Jaipur | Sarovar Hotels",false,false,missing_meta_description|missing_canonical
/hotels/sarovar-portico-jalandhar/legal,200,200,0,120,,"Terms & Conditions | Sarovar Portico, Jalandhar  | Sarovar Hotels",false,false,missing_meta_description|missing_canonical
/hotels/sarovar-portico-surajkund/legal,200,200,0,117,,"Terms & Conditions | Sarovar Portico, Surajkund | Sarovar Hotels",false,false,missing_meta_description|missing_canonical
/hotels/sarovar-portico-naraina-new-delhi/legal,200,200,0,126,,"Terms & Conditions | Sarovar Portico Naraina, New Delhi | Sarovar Hotels",false,false,missing_meta_description|missing_canonical
/hotels/sarovar-premiere-jaipur/legal,200,200,0,116,,"Terms & Conditions | Sarovar Premiere, Jaipur | Sarovar Hotels",false,false,missing_meta_description|missing_canonical
/hotels/shravanthi-sarovar-portico-bengaluru/legal,200,200,0,122,,"Terms & Conditions | Shravanthi Sarovar Portico, Bengaluru | Sarovar Hotels",false,false,missing_meta_description|missing_canonical
/hotels/singhania-sarovar-portico-raipur/legal,200,200,0,119,,"Terms & Conditions | Singhania Sarovar Portico, Raipur | Sarovar Hotels",false,false,missing_meta_description|missing_canonical
/hotels/sobit-sarovar-portico-palolem-beach-hotel-goa/legal,200,200,0,110,,"Terms & Conditions | Sobit Sarovar Portico, Goa | Sarovar Hotels",false,false,missing_meta_description|missing_canonical
/hotels/taurus-hotel-mahipalpur-new-delhi/legal,200,200,0,113,,"Terms & Conditions | Taurus Sarovar Portico, New Delhi | Sarovar Hotels",false,false,missing_meta_description|missing_canonical
/hotels/the-ashtan-sarovar-portico-new-delhi/legal,200,200,0,110,,"Terms & Conditions |  The Ashtan Sarovar Portico, New Delhi  | Sarovar Hotels",false,false,missing_meta_description|missing_canonical
/hotels/the-gokulam-park-kochi/legal,200,200,0,111,,"Terms & Conditions | The Gokulam Park, Kochi | Sarovar Hotels",false,false,missing_meta_description|missing_canonical
/hotels/the-heron-portico-nairobi/legal,200,200,0,114,,"Terms & Conditions | The Heron By Sarovar Portico India, Nairobi | Sarovar Hotels",false,false,missing_meta_description|missing_canonical
/hotels/the-muse-sarovar-portico-nehru-place-new-delhi/legal,200,200,0,113,,"Terms & Conditions | The Muse Sarovar Portico, Nehru Place, New Delhi | Sarovar Hotels",false,false,missing_meta_description|missing_canonical
/hotels/the-promenade-pondicherry/legal,200,200,0,112,,"Terms & Conditions | The Promenade, Pondicherry  | Sarovar Hotels",false,false,missing_meta_description|missing_canonical
/hotels/vaishnodevi-portico-katra/legal,200,200,0,123,,"Terms & Conditions | The Vaishnodevi Sarovar Portico, Katra | Sarovar Hotels",false,false,missing_meta_description|missing_canonical
/hotels/viraj-sarovar-portico-jammu/legal,200,200,0,114,,"Terms & Conditions | Viraj Sarovar Portico, Jammu | Sarovar Hotels",false,false,missing_meta_description|missing_canonical
/hotels/ambrosia-sarovar-portico-haridwar/wellness,200,200,0,122,,"Wellness & Spa | Ambrosia Sarovar Portico, Haridwar | Sarovar Hotels",false,false,missing_meta_description|missing_canonical
/hotels/balaji-sarovar-premiere-solapur/wellness,200,200,0,115,,"Wellness & Spa |  Balaji Sarovar Premiere, Solapur | Sarovar Hotels",false,false,missing_meta_description|missing_canonical
/hotels/marasa-sarovar-premiere-bodhgaya/wellness,200,200,0,111,,"Wellness & Spa | Marasa Sarovar Premiere, Bodhgaya | Sarovar Hotels",false,false,missing_meta_description|missing_canonical
/hotels/marasa-sarovar-premiere-tirupati-hotels/wellness,200,200,0,118,,"Wellness & Spa |  Marasa Sarovar Premiere, Tirupati | Sarovar Hotels",false,false,missing_meta_description|missing_canonical
/hotels/sarovar-portico-somnath/wellness,200,200,0,105,,"Wellness & Spa | Sarovar Portico, Somnath | Sarovar Hotels",false,false,missing_meta_description|missing_canonical
/hotels/sarovar-portico-sonipat/wellness,200,200,0,115,,"Wellness & Spa | Sarovar Portico, Sonipat | Sarovar Hotels",false,false,missing_meta_description|missing_canonical
/hotels/davanam-sarovar-portico-suites-bangalore/home-delivery,200,200,0,108,,"Home Delivery | Davanam Sarovar Portico Suites, Bangalore | Sarovar Hotels",false,false,missing_meta_description|missing_canonical
/hotels/balaji-sarovar-premiere-solapur/home-delivery,200,200,0,116,,"Home Delivery |  Balaji Sarovar Premiere, Solapur | Sarovar Hotels",false,false,missing_meta_description|missing_canonical
/hotels/golden-sarovar-portico-amritsar/home-delivery,200,200,0,99,,"Home Delivery | Golden Sarovar Portico, Amritsar  | Sarovar Hotels",false,false,missing_meta_description|missing_canonical
/hotels/le-lac-sarovar-ranchi/home-delivery,200,200,0,112,,"Home Delivery | Le Lac Sarovar Portico, Ranchi | Sarovar Hotels",false,false,missing_meta_description|missing_canonical
/hotels/nirvana-sarovar-portico-gorakhpur/home-delivery,200,200,0,99,,"Home Delivery | Nirvana Sarovar Portico, Gorakhpur | Sarovar Hotels",false,false,missing_meta_description|missing_canonical
/hotels/paradigm-sarovar-kakinada/home-delivery,200,200,0,109,,"Home Delivery | Paradigm Sarovar Portico, Kakinada | Sarovar Hotels",false,false,missing_meta_description|missing_canonical
/hotels/park-plaza-faridabad/home-delivery,200,200,0,104,,"Home Delivery | Park Plaza, Faridabad | Sarovar Hotels",false,false,missing_meta_description|missing_canonical
/hotels/park-plaza-zirakpur/home-delivery,200,200,0,97,,"Home Delivery | Park Plaza, Zirakpur | Sarovar Hotels",false,false,missing_meta_description|missing_canonical
/hotels/golden-tulip-goa-mandrem/faqs,200,200,0,115,,"FAQs | Golden Tulip Goa, Mandrem Beach | Sarovar Hotels",false,false,missing_meta_description|missing_canonical
/hotels/golden-tulip-kukas-jaipur/faqs,200,200,0,115,,"FAQs | Golden Tulip Jaipur, Kukas | Sarovar Hotels",false,false,missing_meta_description|missing_canonical
/hotels/kpg-sarovar-portico-raj-nagar-extension-ghaziabad/faqs,200,200,0,135,,"FAQs | KPG Sarovar Portico, Raj Nagar Extension, Ghaziabad | Sarovar Hotels",false,false,missing_meta_description|missing_canonical
/hotels/golden-tulip-sector-80-gurugram/faqs,200,200,0,144,,"FAQs | Golden Tulip - Sector 80, Gurugram | Sarovar Hotels",false,false,missing_meta_description|missing_canonical
/hotels/mountnoor-sarovar-premiere-pahalgam/faqs,200,200,0,136,,"FAQs | Mountnoor Sarovar Premiere, Pahalgam | Sarovar Hotels",false,false,missing_meta_description|missing_canonical
/hotels/mukundra-sarovar-premiere-kota/faqs,200,200,0,145,,"FAQs | Mukundra Sarovar Premiere, Kota | Sarovar Hotels",false,false,missing_meta_description|missing_canonical
/hotels/prachi-sarovar-premiere-bhubaneswar/faqs,200,200,0,142,,"FAQs | Prachi Sarovar Premiere, Bhubaneswar | Sarovar Hotels",false,false,missing_meta_description|missing_canonical
/hotels/sarovar-portico-bhubaneswar/faqs,200,200,0,135,,"FAQs | Sarovar Portico, Bhubaneswar (Opening Soon) | Sarovar Hotels",false,false,missing_meta_description|missing_canonical
/hotels/royal-tulip-kathmandu-shivapuri-national-park/faqs,200,200,0,147,,FAQs | Royal Tulip Shivapuri National Park - Kathmandu | Sarovar Hotels,false,false,missing_meta_description|missing_canonical
/hotels/tulip-inn-gurugram-near-medanta/faqs,200,200,0,148,,FAQs | Tulip Inn Gurugram (5 Minutes from Medanta - The Medicity) | Sarovar Hotels,false,false,missing_meta_description|missing_canonical
/hotels/estuary-sarovar-Premiere-poovar/contact,200,200,0,137,,"Contact | Estuary Sarovar Premiere, Poovar Island | Sarovar Hotels",false,false,missing_meta_description|missing_canonical
/hotels/golden-tulip-essential-jaipur/contact,200,200,0,148,,"Contact | Golden Tulip Essential, Jaipur | Sarovar Hotels",false,false,missing_meta_description|missing_canonical
/hotels/golden-tulip/contact,200,200,0,117,,"Contact | Golden Tulip, Gurgaon | Sarovar Hotels",false,false,missing_meta_description|missing_canonical
/hotels/lagoon-sarovar-premiere-pondicherry/contact,200,200,0,129,,"Contact | Lagoon Sarovar Premiere Resort, Pondicherry | Sarovar Hotels",false,false,missing_meta_description|missing_canonical
/hotels/manjeera-international-convention-centre/contact,200,200,0,142,,"Contact | Manjeera International Convention Centre, Rajahmundry | Sarovar Hotels",false,false,missing_meta_description|missing_canonical
/hotels/rosefinch-sarovar-portico-bhimtal/contact,200,200,0,153,,"Contact | Rosefinch Sarovar Portico,  Bhimtal | Sarovar Hotels",false,false,missing_meta_description|missing_canonical
/hotels/sarovar-portico-bhubaneswar/contact,200,200,0,156,,"Contact | Sarovar Portico, Bhubaneswar (Opening Soon) | Sarovar Hotels",false,false,missing_meta_description|missing_canonical
/hotels/lagoon-sarovar-premiere-pondicherry/pay-us,200,200,0,164,,"Make an online payment to Lagoon Sarovar Premiere Resort, Pondicherry  | Sarovar Hotels",false,false,missing_meta_description|missing_canonical
/hotels/sarovar-portico-sonipat/pay-us,200,200,0,158,,"Make an online payment to Sarovar Portico, Sonipat  | Sarovar Hotels",false,false,missing_meta_description|missing_canonical
/hotels/efcee-sarovar-portico-bhavnagar/awards,200,200,0,147,,Awards and Recognition  | Sarovar Hotels,false,false,missing_meta_description|missing_canonical
/hotels/aditya-park-hyderabad/meeting-events,200,200,0,137,,"Meetings & Events at Aditya Park, Hyderabad  | Sarovar Hotels",false,false,missing_meta_description|missing_canonical
/hotels/ambar-sarovar-portico-gandhidham-hotel/promotions,200,200,0,122,,"Promotions at Ambar Sarovar Portico, Gandhidham  | Sarovar Hotels",false,false,missing_meta_description|missing_canonical
/hotels/ambrosia-sarovar-portico-haridwar/meetings-events,200,200,0,120,,"Meetings & Events at Ambrosia Sarovar Portico, Haridwar  | Sarovar Hotels",false,false,missing_meta_description|missing_canonical
/hotels/bellevue-sarovar-premiere-junagadh/banquet-conference,200,200,0,107,,"Meetings & Events at Bellevue Sarovar Premiere, Junagadh  | Sarovar Hotels",false,false,missing_meta_description|missing_canonical
/hotels/bellevue-sarovar-premiere-junagadh/emerald-conference-hall,200,200,0,92,,"Emerald – Conference Hall at Bellevue Sarovar Premiere, Junagadh  | Sarovar Hotels",false,false,missing_meta_description|missing_canonical
/hotels/bellevue-sarovar-premiere-junagadh/grand-crystal---banquet-hall,200,200,0,58,,"Grand Crystal at Bellevue Sarovar Premiere, Junagadh  | Sarovar Hotels",false,false,missing_meta_description|missing_canonical
/hotels/bellevue-sarovar-premiere-junagadh/opal-conference-hall,200,200,0,53,,"Opal – Conference Hall at Bellevue Sarovar Premiere, Junagadh  | Sarovar Hotels",false,false,missing_meta_description|missing_canonical
/hotels/citadel-sarovar-portico-bangalore/events,200,200,0,34,,"Meetings & Events at Citadel Sarovar Portico, Bangalore  | Sarovar Hotels",false,false,missing_meta_description|missing_canonical
/hotels/deventure-sarovar-portico-patel-nagar/oasis-hall,200,200,0,34,,"Oasis Hall at Deventure Sarovar Portico, Patel Nagar  | Sarovar Hotels",false,false,missing_meta_description|missing_canonical
/hotels/efcee-sarovar-portico-bhavnagar/meeting-events,200,200,0,74,,"Meetings & Events at Efcee Sarovar Premiere, Bhavnagar  | Sarovar Hotels",false,false,missing_meta_description|missing_canonical
/hotels/estuary-sarovar-Premiere-poovar/about-us,200,200,0,75,,"About the Estuary Sarovar Premiere, Poovar Island  | Sarovar Hotels",false,false,missing_meta_description|missing_canonical
/hotels/estuary-sarovar-Premiere-poovar/ayurveda-facility,200,200,0,64,,"Ayurveda Facility At Estuary Sarovar Premiere, Poovar Island  | Sarovar Hotels",false,false,missing_meta_description|missing_canonical
/hotels/estuary-sarovar-Premiere-poovar/marma-spine-care,200,200,0,64,,Marma (Spine Care)  | Sarovar Hotels,false,false,missing_meta_description|missing_canonical
/hotels/estuary-sarovar-Premiere-poovar/panchakarma-detox,200,200,0,65,,Panchakarma (Detox)  | Sarovar Hotels,false,false,missing_meta_description|missing_canonical
/hotels/estuary-sarovar-Premiere-poovar/rasayanam-rejuvenation,200,200,0,65,,Rasayanam (Rejuvenation)  | Sarovar Hotels,false,false,missing_meta_description|missing_canonical
/hotels/estuary-sarovar-Premiere-poovar/sthoulya-slimming-programme,200,200,0,59,,Sthoulya (Slimming Programme)  | Sarovar Hotels,false,false,missing_meta_description|missing_canonical
/hotels/estuary-sarovar-Premiere-poovar/soundarya-skin-hair-care,200,200,0,64,,Soundarya (Skin & Hair Care)  | Sarovar Hotels,false,false,missing_meta_description|missing_canonical
/hotels/estuary-sarovar-Premiere-poovar/sanjeevani-destress,200,200,0,69,,Sanjeevani (Destress)  | Sarovar Hotels,false,false,missing_meta_description|missing_canonical
/hotels/estuary-sarovar-Premiere-poovar/ayurveda-summary-page,200,200,0,63,,"Ayurveda Facility | Estuary Sarovar Premiere, Poovar Island  | Sarovar Hotels",false,false,missing_meta_description|missing_canonical
/hotels/estuary-sarovar-Premiere-poovar/ayurveda-packages,200,200,0,60,,"Ayurveda Packages | Estuary Sarovar Premiere, Poovar Island |  | Sarovar Hotels",false,false,missing_meta_description|missing_canonical
/hotels/estuary-sarovar-Premiere-poovar/career,200,200,0,58,,Join Our Team!  | Sarovar Hotels,false,false,missing_meta_description|missing_canonical
/hotels/estuary-sarovar-Premiere-poovar/ayurveda-treatment,200,200,0,63,,"Ayurveda Treatments at Estuary Sarovar Premiere, Poovar Island  | Sarovar Hotels",false,false,missing_meta_description|missing_canonical
/hotels/estuary-sarovar-Premiere-poovar/celebrations,200,200,0,61,,"Celebrations at Estuary Sarovar Premiere, Poovar Island  | Sarovar Hotels",false,false,missing_meta_description|missing_canonical
/hotels/estuary-sarovar-Premiere-poovar/honeymoon,200,200,0,60,,"Honeymoon at Estuary Sarovar Premiere, Poovar Island  | Sarovar Hotels",false,false,missing_meta_description|missing_canonical
/hotels/estuary-sarovar-Premiere-poovar/weddings,200,200,0,59,,Destination Wedding in Kerala at Estuary Sarovar Premiere Poovar  | Sarovar Hotels,false,false,missing_meta_description|missing_canonical
/hotels/golden-tulip-bdi-club-and-suite-bhiwadi/summit,200,200,0,55,,An Exclusive Venue for High-end Events in Bhiwadi  | Sarovar Hotels,false,false,missing_meta_description|missing_canonical
/hotels/estuary-sarovar-Premiere-poovar/explore,200,200,0,61,,Discoveries And Adventures  | Sarovar Hotels,false,false,missing_meta_description|missing_canonical
/hotels/golden-sarovar-portico-amritsar/promotions,200,200,0,61,,"Promotions at Golden Sarovar Portico, Amritsar  | Sarovar Hotels",false,false,missing_meta_description|missing_canonical
/hotels/golden-tulip-bhopal/tulipe---multi-cuisine-restaurant,200,200,0,60,,A Refreshing Dining Experience at Tulipe - Multi-cuisine Restaurant  | Sarovar Hotels,false,false,missing_meta_description|missing_canonical
/hotels/golden-tulip-candolim-goa/special-offers,200,200,0,24,,"Exclusive Deals at Golden Tulip, Candolim, Goa  | Sarovar Hotels",false,false,missing_meta_description|missing_canonical
/hotels/golden-tulip-essential-jaipur/banquet-hall-conferences,200,200,0,59,,"Meetings & Events At Golden Tulip Essential, Jaipur  | Sarovar Hotels",false,false,missing_meta_description|missing_canonical
/hotels/golden-tulip-goa-mandrem/promotions,200,200,0,58,,"Promotions | Golden Tulip Goa, Mandrem Beach | Luxury Redefined  | Sarovar Hotels",false,false,missing_meta_description|missing_canonical
/hotels/golden-tulip-srinagar/spa,200,200,0,54,,Spa  | Sarovar Hotels,false,false,missing_meta_description|missing_canonical
/hotels/golden-tulip-srinagar/spa-and-hamam,200,200,0,58,,"Spa and Hamam at Golden Tulip, Srinagar  | Sarovar Hotels",false,false,missing_meta_description|missing_canonical
/hotels/golden-tulip-lucknow/promotions,200,200,0,63,,"Promotions at Golden Tulip, Lucknow  | Sarovar Hotels",false,false,missing_meta_description|missing_canonical
/hotels/golden-tulip-srinagar/turkish-hamam,200,200,0,58,,Turkish Hamam  | Sarovar Hotels,false,false,missing_meta_description|missing_canonical
/hotels/grand-continent-anjuna/special-offers,200,200,0,53,,"Exclusive Offers at Grand Continent, Anjuna  | Sarovar Hotels",false,false,missing_meta_description|missing_canonical
/hotels/golden-tulip/meetings-events,200,200,0,58,,"Meetings & Events at Golden Tulip, Gurgaon  | Sarovar Hotels",false,false,missing_meta_description|missing_canonical
/hotels/golden-tulip-tirupati/flavours,200,200,0,63,,A Fine-dining Experience at Flavours  | Sarovar Hotels,false,false,missing_meta_description|missing_canonical
/hotels/grand-continent-brookefield-bengaluru/banquet-halls,200,200,0,56,,Explore Our Multi-functional Banquet Halls in Bengaluru  | Sarovar Hotels,false,false,missing_meta_description|missing_canonical
/hotels/grand-continent-brookefield-bengaluru/blossom,200,200,0,32,,Blossom: A Cosy Hall for Your Special Gatherings  | Sarovar Hotels,false,false,missing_meta_description|missing_canonical
/hotels/highland-sarovar-portico-sindhudurg/explore-sindhudurg,200,200,0,54,,Explore Sindhudurg  | Sarovar Hotels,false,false,missing_meta_description|missing_canonical
/hotels/grand-continent-brookefield-bengaluru/the-alfresco-open-air,200,200,0,64,,The Alfresco Open Air: Celebrate Beneath the Stars  | Sarovar Hotels,false,false,missing_meta_description|missing_canonical
/hotels/grand-continent-mysore/blossom-banquet-hall,200,200,0,65,,Host Spectacular Events With Blossom Banquet Hall  | Sarovar Hotels,false,false,missing_meta_description|missing_canonical
/hotels/highland-sarovar-portico-sindhudurg/book-your-stay-at-highland-sarovar-portico-sindhudurg,200,200,0,67,,"Highland Sarovar Portico, Sindhudurg – Your Perfect Coastal Escape  | Sarovar Hotels",false,false,missing_meta_description|missing_canonical
/hotels/hometel-alambagh-lucknow/explore-lucknow,200,200,0,65,,Places to Visit in Lucknow  | Sarovar Hotels,false,false,missing_meta_description|missing_canonical
/hotels/lagoon-sarovar-premiere-pondicherry/amenities,404,404,0,46,,,false,false,bad_status:404
/hotels/hometel-roorkee/meetings-events,200,200,0,66,,Meetings & Events at Hometel Roorkee  | Sarovar Hotels,false,false,missing_meta_description|missing_canonical
/hotels/ishaan-sarovar-portico-deoghar/explore-deoghar,200,200,0,64,,"Deoghar: Abode of Gods, Serenity for the Soul  | Sarovar Hotels",false,false,missing_meta_description|missing_canonical
/hotels/iris-sarovar-portico-gurugram/explore-gurugram,200,200,0,68,,Explore Gurugram  | Sarovar Hotels,false,false,missing_meta_description|missing_canonical
/hotels/hometel-chandigarh/promotions,200,200,0,75,,Promotions at Hometel Chandigarh  | Sarovar Hotels,false,false,missing_meta_description|missing_canonical
/hotels/lagoon-sarovar-premiere-pondicherry/destination-wedding,200,200,0,69,,"Destination Weddings at Lagoon Sarovar Premiere Resort, Pondicherry  | Sarovar Hotels",false,false,missing_meta_description|missing_canonical
/hotels/le-dupleix-pondicherry/courtyard-restaurant-menu,200,200,0,68,,Courtyard Restaurant Menu  | Sarovar Hotels,false,false,missing_meta_description|missing_canonical
/hotels/le-dupleix-pondicherry/explore-pondicherry,200,200,0,68,,Explore Le Dupleix | Le Dupleix | Resorts in Pondicherry  | Sarovar Hotels,false,false,missing_meta_description|missing_canonical
/hotels/le-lac-sarovar-ranchi/meetings-events,200,200,0,65,,"Meetings & Events at Le Lac Sarovar Portico, Ranchi  | Sarovar Hotels",false,false,missing_meta_description|missing_canonical
/hotels/legend-sarovar-portico/meetings-events,200,200,0,64,,"Meetings & Events at Legend Sarovar Portico, Baddi  | Sarovar Hotels",false,false,missing_meta_description|missing_canonical
/hotels/mahagun-sarovar-portico-suites-vaishali/promotions,200,200,0,65,,"Promotions at Mahagun Sarovar Portico Suites, Vaishali  | Sarovar Hotels",false,false,missing_meta_description|missing_canonical
/hotels/manjeera-international-convention-centre/lawn,200,200,0,64,,Lawn at Manjeera International Convention Centre  | Sarovar Hotels,false,false,missing_meta_description|missing_canonical
/hotels/manjeera-international-convention-centre/ball-room-i,200,200,0,73,,Ball Room-I at Manjeera International Convention Centre  | Sarovar Hotels,false,false,missing_meta_description|missing_canonical
/hotels/manjeera-international-convention-centre/meetings-and-events,200,200,0,77,,Meetings and Events at Manjeera International Convention Centre  | Sarovar Hotels,false,false,missing_meta_description|missing_canonical
/hotels/manjeera-international-convention-centre/ball-room-ii,200,200,0,75,,Ball Room-II at Manjeera International Convention Centre  | Sarovar Hotels,false,false,missing_meta_description|missing_canonical
/hotels/manjeera-international-convention-centre/ball-room-iii,200,200,0,68,,Ball Room-III at Manjeera International Convention Centre  | Sarovar Hotels,false,false,missing_meta_description|missing_canonical
/hotels/manjeera-international-convention-centre/godavari-ii,200,200,0,67,,Godavari-II at Manjeera International Convention Centre  | Sarovar Hotels,false,false,missing_meta_description|missing_canonical
/hotels/manjeera-international-convention-centre/grand-ball-room,200,200,0,67,,Grand Ball Room at Manjeera International Convention Centre  | Sarovar Hotels,false,false,missing_meta_description|missing_canonical
/hotels/manjeera-international-convention-centre/godavari-i,200,200,0,73,,Godavari-I at Manjeera International Convention Centre  | Sarovar Hotels,false,false,missing_meta_description|missing_canonical
/hotels/manjeera-sarovar-premiere-rajahmundry/jade-banquet-hall,200,200,0,67,,"Jade Banquet Hall at Manjeera Sarovar Premiere, Rajahmundry  | Sarovar Hotels",false,false,missing_meta_description|missing_canonical
/hotels/manjeera-sarovar-premiere-rajahmundry/oval-banquet-hall,200,200,0,67,,"Oval Banquet Hall At Manjeera Sarovar Premiere, Rajahmundry  | Sarovar Hotels",false,false,missing_meta_description|missing_canonical
/hotels/manjeera-sarovar-premiere-rajahmundry/ruby-banquet-hall,200,200,0,56,,"Ruby Banquet Hall At Manjeera Sarovar Premiere, Rajahmundry  | Sarovar Hotels",false,false,missing_meta_description|missing_canonical
/hotels/manjeera-sarovar-premiere-rajahmundry/banquet-halls,200,200,0,76,,"Banquet Halls At Manjeera Sarovar Premiere, Rajahmundry  | Sarovar Hotels",false,false,missing_meta_description|missing_canonical
/hotels/manjeera-sarovar-premiere-rajahmundry/convention-centres,200,200,0,58,,"CONVENTION CENTRES AT MANJEERA SAROVAR PREMIERE, RAJAHMUNDRY  | Sarovar Hotels",false,false,missing_meta_description|missing_canonical
/hotels/manjeera-sarovar-premiere-rajahmundry/ball-room,200,200,0,59,,"Ball Room at Manjeera Sarovar Premiere, Rajahmundry  | Sarovar Hotels",false,false,missing_meta_description|missing_canonical
/hotels/manjeera-sarovar-premiere-rajahmundry/godavari-1,200,200,0,56,,"Godavari 1 Convention Centre at Manjeera Sarovar Premiere, Rajahmundry  | Sarovar Hotels",false,false,missing_meta_description|missing_canonical
/hotels/manjeera-sarovar-premiere-rajahmundry/godavari-2,200,200,0,56,,"Godavari 2 Convention Centre at Manjeera Sarovar Premiere, Rajahmundry  | Sarovar Hotels",false,false,missing_meta_description|missing_canonical
/hotels/manjeera-sarovar-premiere-rajahmundry/lawns,200,200,0,56,,"Lawns At Manjeera Sarovar Premiere, Rajahmundry  | Sarovar Hotels",false,false,missing_meta_description|missing_canonical
/hotels/marasa-sarovar-portico-rajkot/meetings-events,200,200,0,56,,Banquet Halls in Rajkot at Marasa Sarovar Portico  | Sarovar Hotels,false,false,missing_meta_description|missing_canonical
/hotels/marasa-sarovar-premiere-bodhgaya/banquet-and-meeting-hall,200,200,0,56,,"Meeting & Event at Marasa Sarovar Premiere, Bodhgaya  | Sarovar Hotels",false,false,missing_meta_description|missing_canonical
/hotels/marasa-sarovar-premiere-bodhgaya/fusion-of-self-realization,200,200,0,52,,FUSION OF SELF-REALIZATION  | Sarovar Hotels,false,false,missing_meta_description|missing_canonical
/hotels/marasa-sarovar-premiere-bodhgaya/a-journey-of-spiritual-awakening,200,200,0,58,,A JOURNEY OF SPIRITUAL AWAKENING  | Sarovar Hotels,false,false,missing_meta_description|missing_canonical
/hotels/marasa-sarovar-premiere-bodhgaya/deep-tissue-experience,200,200,0,59,,DEEP TISSUE EXPERIENCE  | Sarovar Hotels,false,false,missing_meta_description|missing_canonical
/hotels/marasa-sarovar-premiere-bodhgaya/indian-fusion-head-massage,200,200,0,55,,INDIAN FUSION HEAD MASSAGE  | Sarovar Hotels,false,false,missing_meta_description|missing_canonical
/hotels/marasa-sarovar-premiere-bodhgaya/holistic-aromatic-journey,200,200,0,70,,HOLISTIC AROMATIC JOURNEY  | Sarovar Hotels,false,false,missing_meta_description|missing_canonical
/hotels/marasa-sarovar-premiere-bodhgaya/peace,200,200,0,65,,PEACE  | Sarovar Hotels,false,false,missing_meta_description|missing_canonical
/hotels/marasa-sarovar-premiere-bodhgaya/reflexology,200,200,0,65,,REFLEXOLOGY  | Sarovar Hotels,false,false,missing_meta_description|missing_canonical
/hotels/marasa-sarovar-premiere-bodhgaya/tibetan-massage,200,200,0,67,,TIBETAN MASSAGE  | Sarovar Hotels,false,false,missing_meta_description|missing_canonical
/hotels/marasa-sarovar-premiere-bodhgaya/bhumispasha-clay-envelopment,200,200,0,66,,BHUMISPASHA CLAY ENVELOPMENT  | Sarovar Hotels,false,false,missing_meta_description|missing_canonical
/hotels/marasa-sarovar-premiere-bodhgaya/the-cocoon,200,200,0,67,,THE COCOON  | Sarovar Hotels,false,false,missing_meta_description|missing_canonical
/hotels/marasa-sarovar-premiere-bodhgaya/peace-and-tranquility,200,200,0,67,,PEACE AND TRANQUILITY  | Sarovar Hotels,false,false,missing_meta_description|missing_canonical
/hotels/marasa-sarovar-premiere-bodhgaya/seabuckthorn-balance,200,200,0,65,,SEABUCKTHORN BALANCE  | Sarovar Hotels,false,false,missing_meta_description|missing_canonical
/hotels/marasa-sarovar-premiere-bodhgaya/pollution-rescue,200,200,0,70,,POLLUTION RESCUE  | Sarovar Hotels,false,false,missing_meta_description|missing_canonical
/hotels/marasa-sarovar-premiere-bodhgaya/spiritual-mist,200,200,0,68,,SPIRITUAL MIST  | Sarovar Hotels,false,false,missing_meta_description|missing_canonical
/hotels/marasa-sarovar-premiere-bodhgaya/meditatio-japa-japa,200,200,0,57,,SORRY!  | Sarovar Hotels,false,false,missing_meta_description|missing_canonical
/hotels/marasa-sarovar-premiere-bodhgaya/meditatio-ntar-mouna,200,200,0,54,,SORRY!  | Sarovar Hotels,false,false,missing_meta_description|missing_canonical
/hotels/marasa-sarovar-premiere-bodhgaya/chakra-shuddhi,200,200,0,53,,CHAKRA SHUDDHI  | Sarovar Hotels,false,false,missing_meta_description|missing_canonical
/hotels/marasa-sarovar-premiere-bodhgaya/chidakasha-dharana,200,200,0,52,,CHIDAKASHA DHARANA  | Sarovar Hotels,false,false,missing_meta_description|missing_canonical
/hotels/marasa-sarovar-premiere-bodhgaya/trataka-candle-meditation,200,200,0,47,,TRATAKA CANDLE MEDITATION  | Sarovar Hotels,false,false,missing_meta_description|missing_canonical
/hotels/marasa-sarovar-premiere-bodhgaya/tibetan-chantsbuddhist-chants,200,200,0,51,,TIBETAN CHANTS/BUDDHIST CHANTS  | Sarovar Hotels,false,false,missing_meta_description|missing_canonical
/hotels/marasa-sarovar-premiere-bodhgaya/hridayakasha-dharana,200,200,0,56,,HRIDAYAKASHA DHARANA  | Sarovar Hotels,false,false,missing_meta_description|missing_canonical
/hotels/marasa-sarovar-premiere-bodhgaya/yoga-nidra,200,200,0,51,,YOGA NIDRA  | Sarovar Hotels,false,false,missing_meta_description|missing_canonical
/hotels/marasa-sarovar-premiere-bodhgaya/jal-neti,200,200,0,50,,JAL NETI  | Sarovar Hotels,false,false,missing_meta_description|missing_canonical
/hotels/marasa-sarovar-premiere-bodhgaya/himalayan-salt-scrub,200,200,0,47,,HIMALAYAN SALT SCRUB  | Sarovar Hotels,false,false,missing_meta_description|missing_canonical
/hotels/marasa-sarovar-premiere-bodhgaya/kunjal-kriya,200,200,0,53,,KUNJAL KRIYA  | Sarovar Hotels,false,false,missing_meta_description|missing_canonical
/hotels/marasa-sarovar-premiere-bodhgaya/tibetan-tsampa-body-scrub,200,200,0,58,,TIBETAN TSAMPA BODY SCRUB  | Sarovar Hotels,false,false,missing_meta_description|missing_canonical
/hotels/marasa-sarovar-premiere-bodhgaya/advanced-pranayama-with-bandhas,200,200,0,59,,ADVANCED PRANAYAMA WITH BANDHAS  | Sarovar Hotels,false,false,missing_meta_description|missing_canonical
/hotels/marasa-sarovar-premiere-bodhgaya/gatyatmak-yoga,200,200,0,58,,GATYATMAK YOGA  | Sarovar Hotels,false,false,missing_meta_description|missing_canonical
/hotels/marasa-sarovar-premiere-bodhgaya/hatha-yoga,200,200,0,58,,HATHA YOGA  | Sarovar Hotels,false,false,missing_meta_description|missing_canonical
/hotels/marasa-sarovar-premiere-bodhgaya/kriya-yoga,200,200,0,58,,KRIYA YOGA  | Sarovar Hotels,false,false,missing_meta_description|missing_canonical
/hotels/marasa-sarovar-premiere-bodhgaya/panayama,200,200,0,59,,PANAYAMA  | Sarovar Hotels,false,false,missing_meta_description|missing_canonical
/hotels/marigold-sarovar-portico-mashobra-shimla/special-offers,200,200,0,57,,"Exclusive Offers at Marigold Sarovar Portico, Mashobra – Shimla  | Sarovar Hotels",false,false,missing_meta_description|missing_canonical
/hotels/marasa-sarovar-premiere-tirupati-hotels/promotions,200,200,0,61,,Promotions at Marasa Sarovar Premiere - A 5 Star Hotel in Tirupati  | Sarovar Hotels,false,false,missing_meta_description|missing_canonical
/hotels/marasa-sarovar-premiere-tirupati-hotels/experience,200,200,0,65,,"Experience | Marasa Sarovar Premiere, Tirupati  | Sarovar Hotels",false,false,missing_meta_description|missing_canonical
/hotels/marigold-sarovar-portico-mashobra-shimla/weddings-at-sarovar-hotels-resorts,200,200,0,69,,Destination Weddings in Mashobra | Banquet Halls in Mashobra  | Sarovar Hotels,false,false,missing_meta_description|missing_canonical
/hotels/mj-sarovar-portico-haridwar/explore-haridwar,200,200,0,31,,Explore Haridwar  | Sarovar Hotels,false,false,missing_meta_description|missing_canonical
/hotels/mountnoor-sarovar-premiere-pahalgam/explore-pahalgam,200,200,0,57,,Explore the Most Captivating Tourist Attractions in Pahalgam  | Sarovar Hotels,false,false,missing_meta_description|missing_canonical
/hotels/mukundra-sarovar-premiere-kota/explore-kota,200,200,0,58,,Explore Kota  | Sarovar Hotels,false,false,missing_meta_description|missing_canonical
/hotels/nidhivan-sarovar-portico-vrindavan/destination-wedding-in-vrindavan,200,200,0,56,,"Weddings At Nidhivan Sarovar Portico, Vrindavan  | Sarovar Hotels",false,false,missing_meta_description|missing_canonical
/hotels/nirvana-sarovar-portico-gorakhpur/promotions,200,200,0,49,,"Promotions | Nirvana Sarovar Portico, Gorakhpur |  | Sarovar Hotels",false,false,missing_meta_description|missing_canonical
/hotels/nataraj-sarovar-portico-jhansi/meetings-events,200,200,0,62,,Meetings & Events at Nataraj Sarovar Portico Jhansi  | Sarovar Hotels,false,false,missing_meta_description|missing_canonical
/hotels/nidhivan-sarovar-portico-vrindavan/places-to-visit-in-vrindavan,200,200,0,58,,Places to Visit in Vrindavan  | Sarovar Hotels,false,false,missing_meta_description|missing_canonical
/hotels/nirvana-sarovar-portico-gorakhpur/meetings-events,200,200,0,57,,"Meetings & Events at Nirvana Sarovar Portico, Gorakhpur  | Sarovar Hotels",false,false,missing_meta_description|missing_canonical
/hotels/paradigm-sarovar-kakinada/meetings-events,200,200,0,57,,Meetings & Events | Paradigm Sarovar Portico |Top Hotels in Kakinada  | Sarovar Hotels,false,false,missing_meta_description|missing_canonical
/hotels/Park-Inn-Radisson-Goa-Candolim/meeting-events,200,200,0,49,,"Meetings & Events at Park Inn by Radisson Goa Candolim, by the Radisson Hotel Group, managed by Sarovar Hotels  | Sarovar Hotels",false,false,missing_meta_description|missing_canonical
/hotels/park-plaza-ludhiana/promotions,200,200,0,59,,"Promotions at Park Plaza, Ludhiana  | Sarovar Hotels",false,false,missing_meta_description|missing_canonical
/hotels/park-plaza-zirakpur/meeting-events,200,200,0,65,,"Meetings & Events at Park Plaza, Zirakpur, by the Radisson Hotel Group, managed by Sarovar Hotels  | Sarovar Hotels",false,false,missing_meta_description|missing_canonical
/hotels/park-plaza-zirakpur/shaadi-saga,200,200,0,64,,"Shaadi Saga at Park Plaza, Zirakpur, by the Radisson Hotel Group, managed by Sarovar Hotels  | Sarovar Hotels",false,false,missing_meta_description|missing_canonical
/hotels/presidium-sarovar-premiere-dalhousie/experience,200,200,0,59,,"Experience | Presidium Sarovar Premiere, Dalhousie  | Sarovar Hotels",false,false,missing_meta_description|missing_canonical
/hotels/presidium-sarovar-premiere-dalhousie/the-den,200,200,0,65,,The Den  | Sarovar Hotels,false,false,missing_meta_description|missing_canonical
/hotels/presidium-sarovar-premiere-dalhousie/the-reserve,200,200,0,65,,The Reserve  | Sarovar Hotels,false,false,missing_meta_description|missing_canonical
/hotels/presidium-sarovar-premiere-dalhousie/events,200,200,0,71,,"Meetings & Events at Presidium Sarovar Premiere, Dalhousie  | Sarovar Hotels",false,false,missing_meta_description|missing_canonical
/hotels/radha-hometel-bangalore/promotions,200,200,0,64,,"Promotions at Radha Hometel, Bangalore  | Sarovar Hotels",false,false,missing_meta_description|missing_canonical
/hotels/radha-regent-chennai/meeting-events,200,200,0,63,,Radha Regent Chennai | Hotels in Chennai | Banquet & Conferences  | Sarovar Hotels,false,false,missing_meta_description|missing_canonical
/hotels/radisson-blu--bengaluru-outer-ring-road/meetings-events,200,200,0,64,,Meetings & Events at Radisson Blu Bengaluru Outer Ring Road managed by Sarovar Hotels  | Sarovar Hotels,false,false,missing_meta_description|missing_canonical
/hotels/rivera-sarovar-portico-ahmedabad/meetings-events,200,200,0,53,,"Meetings & Events at Rivera Sarovar Portico, Ahmedabad  | Sarovar Hotels",false,false,missing_meta_description|missing_canonical
/hotels/rosefinch-sarovar-portico-bhimtal/experiences,200,200,0,63,,"Experiences at Rosefinch Sarovar Portico, Bhimtal  | Sarovar Hotels",false,false,missing_meta_description|missing_canonical
/hotels/royal-tulip-kathmandu-shivapuri-national-park/explore-kathmandu,200,200,0,61,,Explore Kathmandu  | Sarovar Hotels,false,false,missing_meta_description|missing_canonical
/hotels/rosefinch-sarovar-portico-bhimtal/conference-hall,200,200,0,66,,"Euphoria - Banquet Hall at Rosefinch Sarovar Portico, Bhimtal  | Sarovar Hotels",false,false,missing_meta_description|missing_canonical
/hotels/royale-sarovar-portico-agra/events,200,200,0,63,,"Events and Meetings at Royale Sarovar Portico, Agra  | Sarovar Hotels",false,false,missing_meta_description|missing_canonical
/hotels/royale-sarovar-portico-agra/explore-agra,200,200,0,63,,Explore Agra  | Sarovar Hotels,false,false,missing_meta_description|missing_canonical
/hotels/sarovar-portico-gir/facilites,200,200,0,62,,Facilities at Sarovar Portico Gir.  | Sarovar Hotels,false,false,missing_meta_description|missing_canonical
/hotels/sarovar-portico-hanumangarh/special-offers,200,200,0,62,,"Exclusive Offers at Sarovar Portico, Hanumangarh  | Sarovar Hotels",false,false,missing_meta_description|missing_canonical
/hotels/rs-sarovar-portico-palampur/meetings-events,200,200,0,68,,"Conferences at RS Sarovar Portico, Palampur  | Sarovar Hotels",false,false,missing_meta_description|missing_canonical
/hotels/sarovar-portico-jaipur/meetings-conferences,200,200,0,63,,Meetings & Conferences | Sarovar Portico | Hotel in Jaipur  | Sarovar Hotels,false,false,missing_meta_description|missing_canonical
/hotels/sarovar-portico-jaipur/promotions,200,200,0,63,,"Promotions at Sarovar Portico, Jaipur  | Sarovar Hotels",false,false,missing_meta_description|missing_canonical
/hotels/sarovar-portico-kolkata-rajarhat/conclave,200,200,0,51,,Conclave Meeting Room in Kolkata  | Sarovar Hotels,false,false,missing_meta_description|missing_canonical
/hotels/sarovar-portico-jalandhar/meetings-events,200,200,0,65,,"Meetings & Events at Sarovar Portico, Jalandhar  | Sarovar Hotels",false,false,missing_meta_description|missing_canonical
/hotels/sarovar-portico-naraina-new-delhi/meetings-events,200,200,0,58,,Meetings & Events | Sarovar Portico Naraina | Hotels in Delhi  | Sarovar Hotels,false,false,missing_meta_description|missing_canonical
/hotels/sarovar-portico-morbi/facilities-at-sarovar-portico-morbi,200,200,0,64,,"Premium Facilities at Sarovar Portico, Morbi - One of the Best Hotels in Morbi  | Sarovar Hotels",false,false,missing_meta_description|missing_canonical
/hotels/sarovar-portico-morbi/meetings-conference-rooms-in-morbi,200,200,0,64,,Ghoshti - A Splendid Meeting Room in Morbi  | Sarovar Hotels,false,false,missing_meta_description|missing_canonical
/hotels/sarovar-portico-somnath/banquet-hall-conferences,200,200,0,61,,Meetings & Events at Sarovar Portico Somnath  | Sarovar Hotels,false,false,missing_meta_description|missing_canonical
/hotels/sarovar-premiere-alwar/destination-wedding-in-alwar,200,200,0,57,,Destination Wedding in Alwar  | Sarovar Hotels,false,false,missing_meta_description|missing_canonical
/hotels/sarovar-portico-surajkund/weddings,200,200,0,62,,"Plan Your Dream Wedding at Sarovar Portico, Surajkund - 3 Star Hotel Near Delhi  | Sarovar Hotels",false,false,missing_meta_description|missing_canonical
/hotels/sarovar-portico-srinagar/the-hub,200,200,0,66,,Social & Corporate Gatherings at The Hub  | Sarovar Hotels,false,false,missing_meta_description|missing_canonical
/hotels/sarovar-premiere-alwar/explore-alwar,200,200,0,63,,Explore Alwar  | Sarovar Hotels,false,false,missing_meta_description|missing_canonical
/hotels/sarovar-premiere-alwar/terms-conditions,200,200,0,29,,Terms & Conditions  | Sarovar Hotels,false,false,missing_meta_description|missing_canonical
/hotels/sarovar-premiere-amritsar/activities-experiences,200,200,0,55,,Activities & Experiences  | Sarovar Hotels,false,false,missing_meta_description|missing_canonical
/hotels/sarovar-premiere-alwar/weddings-thank-you,200,200,0,59,,Thank You for Your Query on Weddings at Sarovar Premiere Alwar  | Sarovar Hotels,false,false,missing_meta_description|missing_canonical
/hotels/sarovar-premiere-jaipur/promotions,200,200,0,53,,"Promotions at Sarovar Premiere, Jaipur  | Sarovar Hotels",false,false,missing_meta_description|missing_canonical
/hotels/sarovar-premiere-amritsar/explore-amritsar,200,200,0,59,,Explore Amritsar  | Sarovar Hotels,false,false,missing_meta_description|missing_canonical
/hotels/skywings-sarovar-portico-mathura/special-offers,200,200,0,48,,"Exclusive Offers at Highland Sarovar Portico, Sindhudurg  | Sarovar Hotels",false,false,missing_meta_description|missing_canonical
/hotels/sarovar-premiere-srinagar/explore-srinagar,200,200,0,57,,Explore Srinagar  | Sarovar Hotels,false,false,missing_meta_description|missing_canonical
/hotels/skywings-sarovar-portico-mathura/explore-mathura,200,200,0,53,,Explore Mathura  | Sarovar Hotels,false,false,missing_meta_description|missing_canonical
/hotels/shravanthi-sarovar-portico-bengaluru/meetings-events,200,200,0,58,,"Meetings & Events at Shravanthi Sarovar Portico, Bengaluru  | Sarovar Hotels",false,false,missing_meta_description|missing_canonical
/hotels/sarovar-premiere-jaipur/meetings-events,200,200,0,67,,"Meetings & Events at Sarovar Premiere, Jaipur  | Sarovar Hotels",false,false,missing_meta_description|missing_canonical
/hotels/sobit-sarovar-portico-palolem-beach-hotel-goa/promotions,200,200,0,66,,"Exclusive Offers at Sobit Sarovar Portico, Goa  | Sarovar Hotels",false,false,missing_meta_description|missing_canonical
/hotels/the-ashtan-sarovar-portico-new-delhi/meetings-events,200,200,0,65,,Meetings & Events  | Sarovar Hotels,false,false,missing_meta_description|missing_canonical
/hotels/the-ashtan-sarovar-portico-new-delhi/virtual-tour,200,200,0,70,,"360° Virtual Tour of Ashtan Sarovar Portico, New Delhi  | Sarovar Hotels",false,false,missing_meta_description|missing_canonical
/hotels/the-gaurs-sarovar-premiere/facilities-at-the-gaurs-sarovar-premiere,200,200,0,66,,Premium Facilities at One of the Top Hotels in Greater Noida  | Sarovar Hotels,false,false,missing_meta_description|missing_canonical
/hotels/the-gaurs-sarovar-premiere/wedding-saga,200,200,0,68,,Where Destination Weddings Meet Elegant Wedding Venues in Greater Noida  | Sarovar Hotels,false,false,missing_meta_description|missing_canonical
/hotels/the-ashtan-sarovar-portico-new-delhi/facilities-at-hotel-in-delhi-near-aiims,200,200,0,72,,Fine Dining Restaurant in Delhi | Sarovar Portico in Delhi  | Sarovar Hotels,false,false,missing_meta_description|missing_canonical
/hotels/the-promenade-pondicherry/explore-pondicherry,200,200,0,63,,Explore Pondicherry|The Promenade|Places to visit in Pondicherry  | Sarovar Hotels,false,false,missing_meta_description|missing_canonical
/hotels/the-gokulam-park-kochi/star-classification,200,200,0,72,,"Star Classification | The Gokulam Park, Kochi |  | Sarovar Hotels",false,false,missing_meta_description|missing_canonical
/hotels/the-promenade-pondicherry/bay-of-buddha-menu,200,200,0,69,,Bay of Buddha Menu  | Sarovar Hotels,false,false,missing_meta_description|missing_canonical
/hotels/the-heron-portico-nairobi/meetings-events,200,200,0,74,,"Meetings & Events at The Heron By Sarovar Portico India, Nairobi  | Sarovar Hotels",false,false,missing_meta_description|missing_canonical
/hotels/the-promenade-pondicherry/the-blueline-menu,200,200,0,59,,The Blueline Menu  | Sarovar Hotels,false,false,missing_meta_description|missing_canonical
/hotels/the-promenade-pondicherry/wildfish-bistro,200,200,0,65,,Wildfish Bistro  | Sarovar Hotels,false,false,missing_meta_description|missing_canonical
/hotels/tulip-inn-shravasti/faciltiies,200,200,0,59,,"Facilities at Tulip Inn, Shravasti  | Sarovar Hotels",false,false,missing_meta_description|missing_canonical
/hotels/tulip-inn-gurugram-near-medanta/special-offers,200,200,0,63,,Exclusive Deals and Offers at Tulip Inn Gurugram  | Sarovar Hotels,false,false,missing_meta_description|missing_canonical
/hotels/tulip-inn-bhopal/explore-bhopal,200,200,0,68,,Explore Bhopal  | Sarovar Hotels,false,false,missing_meta_description|missing_canonical
/hotels/venizia-sarovar-portico-in-new-delhi/kids-zone,200,200,0,62,,"Kids Zone at Venizia Sarovar Portico, New Delhi  | Sarovar Hotels",false,false,missing_meta_description|missing_canonical
/hotels/marasa-sarovar-premiere-bodhgaya/blogs,200,200,0,54,,"Blog | Marasa Sarovar Premiere, Bodhgaya  | Sarovar Hotels",false,false,missing_meta_description|missing_canonical
/hotels/geeta-sarovar-portico-hotels-panipat/destination-wedding-near-delhi-ncr,200,200,0,61,,"Destination Wedding Near Delhi NCR? Geeta Sarovar Portico, Panipat Is 90 Kilometres Away  | Sarovar Hotels",false,false,missing_meta_description|missing_canonical
/hotels/geeta-sarovar-portico-hotels-panipat/wedding-venues-in-panipat,200,200,0,61,,Wedding Venues in Panipat: Why Geeta Sarovar Portico Is the Top Choice for Every Function  | Sarovar Hotels,false,false,missing_meta_description|missing_canonical
/hotels/geeta-sarovar-portico-hotels-panipat/blogs,200,200,0,69,,Blogs  | Sarovar Hotels,false,false,missing_meta_description|missing_canonical
/hotels/vandhara-sarovar-premiere-patkote/explore-jim-corbett,200,200,0,75,,Explore Jim Corbett  | Sarovar Hotels,false,false,missing_meta_description|missing_canonical
/hotels/marasa-sarovar-premiere-bodhgaya/bodh-gaya-seeking-nirvana,200,200,0,63,,Bodh Gaya - Seeking Nirvana  | Sarovar Hotels,false,false,missing_meta_description|missing_canonical
/hotels/marasa-sarovar-premiere-bodhgaya/luxury-and-spirituality-at-marasa-sarovar-premiere,200,200,0,61,,"Luxury and Spirituality at Marasa Sarovar Premiere, Bodhgaya - Outlook Traveller  | Sarovar Hotels",false,false,missing_meta_description|missing_canonical
/hotels/marasa-sarovar-premiere-bodhgaya/indias-best-50-new-hotels-digest---outlook-traveller,200,200,0,65,,India's Best 50 New Hotels Digest - Outlook Traveller  | Sarovar Hotels,false,false,missing_meta_description|missing_canonical
/hotels/marasa-sarovar-premiere-bodhgaya/marasa-sarovar-bodh-gaya-a-sanctuary-of-spiritual-enlightenment,200,200,0,63,,Marasa Sarovar Bodh Gaya: A Sanctuary of Spiritual Enlightenment  | Sarovar Hotels,false,false,missing_meta_description|missing_canonical
/hotels/marasa-sarovar-premiere-bodhgaya/more-hnis-family-offices-checking-into-hotels-business,200,200,0,63,,More HNIs Family Offices Checking into Hotels Business - The Economic Times  | Sarovar Hotels,false,false,missing_meta_description|missing_canonical
/hotels/marasa-sarovar-premiere-bodhgaya/southeast-asia-building-coverage-for-marasa-sarovar-premiere,200,200,0,60,,Southeast Asia Building coverage for Marasa Sarovar Premiere  | Sarovar Hotels,false,false,missing_meta_description|missing_canonical
/hotels/marasa-sarovar-premiere-bodhgaya/must-visit-tourist-places-in-bodh-gaya,200,200,0,64,,Must Visit Tourist Places in Bodh Gaya  | Sarovar Hotels,false,false,missing_meta_description|missing_canonical
/hotels/marigold-sarovar-portico-mashobra-shimla/blogs,200,200,0,62,,Blogs  | Sarovar Hotels,false,false,missing_meta_description|missing_canonical
/hotels/marigold-sarovar-portico-mashobra-shimla/explore-the-hidden-beauty-of-shimla,200,200,0,61,,Mashobra - The Hidden Beauty Of Shimla  | Sarovar Hotels,false,false,missing_meta_description|missing_canonical
/hotels/marigold-sarovar-portico-mashobra-shimla/shimla-in-the-summers,200,200,0,61,,Spectacular Shimla In The Summers  | Sarovar Hotels,false,false,missing_meta_description|missing_canonical
/hotels/sarovar-premiere-delhi/rooms/deluxe-room-sarovar-premiere-delhi,200,200,0,41,,Deluxe Room - Sarovar Premiere Delhi | Sarovar Premiere Delhi | Sarovar Hotels,true,false,missing_canonical
/hotels/sarovar-premiere-delhi/rooms/executive-suite-sarovar-premiere-delhi,200,200,0,42,,Executive Suite - Sarovar Premiere Delhi | Sarovar Premiere Delhi | Sarovar Hotels,true,false,missing_canonical
/hotels/sarovar-premiere-delhi/rooms/presidential-suite-sarovar-premiere-delhi,200,200,0,43,,Presidential Suite - Sarovar Premiere Delhi | Sarovar Premiere Delhi | Sarovar Hotels,true,false,missing_canonical
/hotels/sarovar-premiere-delhi/rooms/standard-room-sarovar-premiere-delhi,200,200,0,59,,Standard Room - Sarovar Premiere Delhi | Sarovar Premiere Delhi | Sarovar Hotels,true,false,missing_canonical
/hotels/sarovar-portico-jaipur/rooms/standard-room-sarovar-portico-jaipur,200,200,0,54,,"Standard Room - Sarovar Portico Jaipur | Sarovar Portico, Jaipur | Sarovar Hotels",true,false,missing_canonical
/hotels/sarovar-portico-jaipur/rooms/deluxe-room-sarovar-portico-jaipur,200,200,0,55,,"Deluxe Room - Sarovar Portico Jaipur | Sarovar Portico, Jaipur | Sarovar Hotels",true,false,missing_canonical
/hotels/marigold-sarovar-portico-mashobra-shimla/shimla-in-the-winters,200,200,0,83,,Shimla In The Winters  | Sarovar Hotels,false,false,missing_meta_description|missing_canonical
/hotels/sarovar-portico-jaipur/rooms/executive-suite-sarovar-portico-jaipur,200,200,0,67,,"Executive Suite - Sarovar Portico Jaipur | Sarovar Portico, Jaipur | Sarovar Hotels",true,false,missing_canonical
/hotels/rosefinch-sarovar-portico-bhimtal/attractions-in-bhimtal,200,200,0,84,,Attractions in Bhimtal  | Sarovar Hotels,false,false,missing_meta_description|missing_canonical
/hotels/rosefinch-sarovar-portico-bhimtal/blogs,200,200,0,89,,"Blogs | Rosefinch Sarovar Portico, Bhimtal  | Sarovar Hotels",false,false,missing_meta_description|missing_canonical
/hotels/sarovar-premiere-goa-beach-resort/rooms/deluxe-room-sarovar-premiere-goa-beach-resort,200,200,0,93,,Deluxe Room - Sarovar Premiere Goa Beach Resort | Sarovar Premiere Goa Beach Resort | Sarovar Hotels,true,false,missing_canonical
/hotels/sarovar-premiere-goa-beach-resort/rooms/executive-suite-sarovar-premiere-goa-beach-resort,200,200,0,93,,Executive Suite - Sarovar Premiere Goa Beach Resort | Sarovar Premiere Goa Beach Resort | Sarovar Hotels,true,false,missing_canonical
/hotels/sarovar-premiere-goa-beach-resort/rooms/standard-room-sarovar-premiere-goa-beach-resort,200,200,0,103,,Standard Room - Sarovar Premiere Goa Beach Resort | Sarovar Premiere Goa Beach Resort | Sarovar Hotels,true,false,missing_canonical
/hotels/sarovar-portico-mumbai/rooms/deluxe-room-sarovar-portico-mumbai,200,200,0,86,,Deluxe Room - Sarovar Portico Mumbai | Sarovar Portico Mumbai | Sarovar Hotels,true,false,missing_canonical
/hotels/sarovar-portico-mumbai/rooms/standard-room-sarovar-portico-mumbai,200,200,0,91,,Standard Room - Sarovar Portico Mumbai | Sarovar Portico Mumbai | Sarovar Hotels,true,false,missing_canonical
/hotels/sarovar-premiere-goa-beach-resort/rooms/presidential-suite-sarovar-premiere-goa-beach-resort,200,200,0,97,,Presidential Suite - Sarovar Premiere Goa Beach Resort | Sarovar Premiere Goa Beach Resort | Sarovar Hotels,true,false,missing_canonical
/hotels/sarovar-portico-mumbai/rooms/executive-suite-sarovar-portico-mumbai,200,200,0,83,,Executive Suite - Sarovar Portico Mumbai | Sarovar Portico Mumbai | Sarovar Hotels,true,false,missing_canonical
/hotels/sarovar-regency-shimla/rooms/deluxe-room-sarovar-regency-shimla,200,200,0,81,,Deluxe Room - Sarovar Regency Shimla | Sarovar Regency Shimla | Sarovar Hotels,true,false,missing_canonical
/hotels/sarovar-regency-shimla/rooms/standard-room-sarovar-regency-shimla,200,200,0,86,,Standard Room - Sarovar Regency Shimla | Sarovar Regency Shimla | Sarovar Hotels,true,false,missing_canonical
/hotels/sarovar-regency-shimla/rooms/executive-suite-sarovar-regency-shimla,200,200,0,89,,Executive Suite - Sarovar Regency Shimla | Sarovar Regency Shimla | Sarovar Hotels,true,false,missing_canonical
/hotels/sarovar-regency-rishikesh/rooms/deluxe-room-sarovar-regency-rishikesh,200,200,0,120,,Deluxe Room - Sarovar Regency Rishikesh | Sarovar Regency Rishikesh | Sarovar Hotels,true,false,missing_canonical
/hotels/sarovar-regency-rishikesh/rooms/executive-suite-sarovar-regency-rishikesh,200,200,0,121,,Executive Suite - Sarovar Regency Rishikesh | Sarovar Regency Rishikesh | Sarovar Hotels,true,false,missing_canonical
/hotels/sarovar-portico-delhi-aerocity/rooms/deluxe-room-sarovar-portico-delhi-aerocity,200,200,0,116,,Deluxe Room - Sarovar Portico Delhi Aerocity | Sarovar Portico Delhi Aerocity | Sarovar Hotels,true,false,missing_canonical
/hotels/sarovar-regency-rishikesh/rooms/standard-room-sarovar-regency-rishikesh,200,200,0,144,,Standard Room - Sarovar Regency Rishikesh | Sarovar Regency Rishikesh | Sarovar Hotels,true,false,missing_canonical
/hotels/sarovar-portico-delhi-aerocity/rooms/standard-room-sarovar-portico-delhi-aerocity,200,200,0,135,,Standard Room - Sarovar Portico Delhi Aerocity | Sarovar Portico Delhi Aerocity | Sarovar Hotels,true,false,missing_canonical
/hotels/sarovar-portico-delhi-aerocity/rooms/executive-suite-sarovar-portico-delhi-aerocity,200,200,0,132,,Executive Suite - Sarovar Portico Delhi Aerocity | Sarovar Portico Delhi Aerocity | Sarovar Hotels,true,false,missing_canonical
/hotels/sarovar-premiere-jaipur-heritage/rooms/standard-room-sarovar-premiere-jaipur-heritage,200,200,0,131,,Standard Room - Sarovar Premiere Jaipur Heritage | Sarovar Premiere Jaipur Heritage | Sarovar Hotels,true,false,missing_canonical
/hotels/sarovar-premiere-jaipur-heritage/rooms/executive-suite-sarovar-premiere-jaipur-heritage,200,200,0,128,,Executive Suite - Sarovar Premiere Jaipur Heritage | Sarovar Premiere Jaipur Heritage | Sarovar Hotels,true,false,missing_canonical
/hotels/sarovar-premiere-jaipur-heritage/rooms/deluxe-room-sarovar-premiere-jaipur-heritage,200,200,0,133,,Deluxe Room - Sarovar Premiere Jaipur Heritage | Sarovar Premiere Jaipur Heritage | Sarovar Hotels,true,false,missing_canonical
/hotels/abn-sarovar-portico-jim-corbett/rooms/cottage-double-bed-room-with-two-balconies,200,200,0,129,,"Cottage Double Bed Room With Two Balconies | ABN Sarovar Portico, Jim Corbett | Sarovar Hotels",false,false,missing_meta_description|missing_canonical
/hotels/abn-sarovar-portico-jim-corbett/rooms/premium-cottage-double-bed-room-with-sit-out-area,200,200,0,126,,"Premium Cottage Double Bed Room With Sit-out Area | ABN Sarovar Portico, Jim Corbett | Sarovar Hotels",false,false,missing_meta_description|missing_canonical
/hotels/abn-sarovar-portico-jim-corbett/rooms/deluxe-double-bed-room-with-sit-out-area,200,200,0,141,,"Deluxe Double Bed Room With Sit-out Area | ABN Sarovar Portico, Jim Corbett | Sarovar Hotels",false,false,missing_meta_description|missing_canonical
/hotels/abn-sarovar-portico-jim-corbett/rooms/premium-double-bed-room-with-private-balcony,200,200,0,140,,"Premium Double Bed Room With Private Balcony | ABN Sarovar Portico, Jim Corbett | Sarovar Hotels",false,false,missing_meta_description|missing_canonical
/hotels/aditya-hometel-hyderabad/rooms/suites,200,200,0,128,,"Suites | Aditya Hometel, Hyderabad | Sarovar Hotels",false,false,missing_meta_description|missing_canonical
/hotels/aditya-hometel-hyderabad/rooms/standard-room,200,200,0,136,,"Standard Room | Aditya Hometel, Hyderabad | Sarovar Hotels",false,false,missing_meta_description|missing_canonical
/hotels/aditya-hometel-hyderabad/rooms/superior-rooms,200,200,0,141,,"Superior Rooms | Aditya Hometel, Hyderabad | Sarovar Hotels",false,false,missing_meta_description|missing_canonical
/hotels/aditya-park-hyderabad/rooms/executive-rooms,200,200,0,142,,"Executive Rooms |  Aditya Park, Hyderabad | Sarovar Hotels",false,false,missing_meta_description|missing_canonical
/hotels/abn-sarovar-portico-jim-corbett/rooms/superior-double-bed-room-with-balcony,200,200,0,157,,"Superior Double Bed Room With Balcony | ABN Sarovar Portico, Jim Corbett | Sarovar Hotels",false,false,missing_meta_description|missing_canonical
/hotels/aditya-park-hyderabad/rooms/friends-family,200,200,0,163,,"Friends & Family |  Aditya Park, Hyderabad | Sarovar Hotels",false,false,missing_meta_description|missing_canonical
/hotels/aditya-park-hyderabad/rooms/junior-suites,200,200,0,160,,"Junior Suites |  Aditya Park, Hyderabad | Sarovar Hotels",false,false,missing_meta_description|missing_canonical
/hotels/aditya-park-hyderabad/rooms/superior-rooms,200,200,0,148,,"Superior Rooms |  Aditya Park, Hyderabad | Sarovar Hotels",false,false,missing_meta_description|missing_canonical
/hotels/ambar-sarovar-portico-gandhidham-hotel/rooms/superior-rooms,200,200,0,135,,"Superior Rooms | Ambar Sarovar Portico, Gandhidham | Sarovar Hotels",false,false,missing_meta_description|missing_canonical
/hotels/ambar-sarovar-portico-gandhidham-hotel/rooms/suites,200,200,0,140,,"Suites | Ambar Sarovar Portico, Gandhidham | Sarovar Hotels",false,false,missing_meta_description|missing_canonical
/hotels/ambrosia-sarovar-portico-haridwar/rooms/deluxe-room-king-bed,200,200,0,137,,"Deluxe Room King Bed | Ambrosia Sarovar Portico, Haridwar | Sarovar Hotels",false,false,missing_meta_description|missing_canonical
/hotels/ambrosia-sarovar-portico-haridwar/rooms/deluxe-room-twin-bed,200,200,0,129,,"Deluxe Room Twin Bed | Ambrosia Sarovar Portico, Haridwar | Sarovar Hotels",false,false,missing_meta_description|missing_canonical
/hotels/ambrosia-sarovar-portico-haridwar/rooms/junior-suite,200,200,0,123,,"Junior Suite | Ambrosia Sarovar Portico, Haridwar | Sarovar Hotels",false,false,missing_meta_description|missing_canonical
/hotels/balaji-sarovar-premiere-solapur/rooms/deluxe-rooms-city-view,200,200,0,140,,"Deluxe Rooms City View |  Balaji Sarovar Premiere, Solapur | Sarovar Hotels",false,false,missing_meta_description|missing_canonical
/hotels/ambrosia-sarovar-portico-haridwar/rooms/premium-suite,200,200,0,146,,"Premium Suite | Ambrosia Sarovar Portico, Haridwar | Sarovar Hotels",false,false,missing_meta_description|missing_canonical
/hotels/balaji-sarovar-premiere-solapur/rooms/deluxe-rooms-pool-view,200,200,0,126,,"Deluxe Rooms Pool View |  Balaji Sarovar Premiere, Solapur | Sarovar Hotels",false,false,missing_meta_description|missing_canonical
/hotels/balaji-sarovar-premiere-solapur/rooms/executive-suites,200,200,0,152,,"Executive Suites |  Balaji Sarovar Premiere, Solapur | Sarovar Hotels",false,false,missing_meta_description|missing_canonical
/hotels/bamus-sarovar-portico-kampala/rooms/executive-suite,200,200,0,118,,"Executive Suite | Bamus Sarovar Portico, Kampala | Sarovar Hotels",false,false,missing_meta_description|missing_canonical
/hotels/bamus-sarovar-portico-kampala/rooms/deluxe-double-bed-room,200,200,0,125,,"Deluxe Double Bed Room | Bamus Sarovar Portico, Kampala | Sarovar Hotels",false,false,missing_meta_description|missing_canonical
/hotels/bamus-sarovar-portico-kampala/rooms/standard-double-bed-room,200,200,0,124,,"Standard Double Bed Room | Bamus Sarovar Portico, Kampala | Sarovar Hotels",false,false,missing_meta_description|missing_canonical
/hotels/balaji-sarovar-premiere-solapur/rooms/presidential-suites,200,200,0,158,,"Presidential Suites |  Balaji Sarovar Premiere, Solapur | Sarovar Hotels",false,false,missing_meta_description|missing_canonical
/hotels/bamus-sarovar-portico-kampala/rooms/standard-twin-bed-room,200,200,0,152,,"Standard Twin Bed Room | Bamus Sarovar Portico, Kampala | Sarovar Hotels",false,false,missing_meta_description|missing_canonical
/hotels/bamus-sarovar-portico-kampala/rooms/superior-double-bed-room,200,200,0,160,,"Superior Double Bed Room | Bamus Sarovar Portico, Kampala | Sarovar Hotels",false,false,missing_meta_description|missing_canonical
/hotels/bamus-sarovar-portico-kampala/rooms/superior-twin-bed-room,200,200,0,139,,"Superior Twin Bed Room | Bamus Sarovar Portico, Kampala | Sarovar Hotels",false,false,missing_meta_description|missing_canonical
/hotels/bellevue-sarovar-premiere-junagadh/rooms/deluxe-room,200,200,0,140,,"Deluxe Room | Bellevue Sarovar Premiere, Junagadh | Sarovar Hotels",false,false,missing_meta_description|missing_canonical
/hotels/bellevue-sarovar-premiere-junagadh/rooms/premiere-king-girnar-view-room,200,200,0,141,,"Premiere King Girnar View Room | Bellevue Sarovar Premiere, Junagadh | Sarovar Hotels",false,false,missing_meta_description|missing_canonical
/hotels/bellevue-sarovar-premiere-junagadh/rooms/suite,200,200,0,152,,"Suite | Bellevue Sarovar Premiere, Junagadh | Sarovar Hotels",false,false,missing_meta_description|missing_canonical
/hotels/bellevue-sarovar-premiere-junagadh/rooms/superior-twin-city-view-room,200,200,0,123,,"Superior Twin City View Room | Bellevue Sarovar Premiere, Junagadh | Sarovar Hotels",false,false,missing_meta_description|missing_canonical
/hotels/citadel-sarovar-portico-bangalore/rooms/deluxe-king-room,200,200,0,128,,"Deluxe King Room | Citadel Sarovar Portico , Bangalore | Sarovar Hotels",false,false,missing_meta_description|missing_canonical
/hotels/citadel-sarovar-portico-bangalore/rooms/deluxe-twin-room,200,200,0,131,,"Deluxe Twin Room | Citadel Sarovar Portico , Bangalore | Sarovar Hotels",false,false,missing_meta_description|missing_canonical
/hotels/citadel-sarovar-portico-bangalore/rooms/executive-double-room,200,200,0,112,,"Executive Double Room | Citadel Sarovar Portico , Bangalore | Sarovar Hotels",false,false,missing_meta_description|missing_canonical
/hotels/citadel-sarovar-portico-bangalore/rooms/suite,200,200,0,106,,"Suite | Citadel Sarovar Portico , Bangalore | Sarovar Hotels",false,false,missing_meta_description|missing_canonical
/hotels/classic-sarovar-portico-thiruvananthapuram/rooms/club-rooms,200,200,0,115,,"Club Rooms | Classic Sarovar Portico, Thiruvananthapuram | Sarovar Hotels",false,false,missing_meta_description|missing_canonical
/hotels/citadel-sarovar-portico-bangalore/rooms/executive-twin-room,200,200,0,136,,"Executive Twin Room | Citadel Sarovar Portico , Bangalore | Sarovar Hotels",false,false,missing_meta_description|missing_canonical
/hotels/classic-sarovar-portico-thiruvananthapuram/rooms/executive-rooms,200,200,0,121,,"Executive Rooms | Classic Sarovar Portico, Thiruvananthapuram | Sarovar Hotels",false,false,missing_meta_description|missing_canonical
/hotels/classic-sarovar-portico-thiruvananthapuram/rooms/suite,200,200,0,125,,"Suite | Classic Sarovar Portico, Thiruvananthapuram | Sarovar Hotels",false,false,missing_meta_description|missing_canonical
/hotels/davanam-sarovar-portico-suites-bangalore/rooms/deluxe-suites,200,200,0,140,,"Deluxe Suites | Davanam Sarovar Portico Suites, Bangalore | Sarovar Hotels",false,false,missing_meta_description|missing_canonical
/hotels/davanam-sarovar-portico-suites-bangalore/rooms/premium-suite,200,200,0,111,,"Premium Suite | Davanam Sarovar Portico Suites, Bangalore | Sarovar Hotels",false,false,missing_meta_description|missing_canonical
/hotels/davanam-sarovar-portico-suites-bangalore/rooms/executive-suites,200,200,0,133,,"Executive Suites | Davanam Sarovar Portico Suites, Bangalore | Sarovar Hotels",false,false,missing_meta_description|missing_canonical
/hotels/delite-sarovar-portico-faridabad/rooms/executive-rooms-double-twin-bed-room,200,200,0,121,,"Executive Rooms (Double/Twin Bed Room) | Delite Sarovar Portico, Faridabad | Sarovar Hotels",false,false,missing_meta_description|missing_canonical
/hotels/delite-sarovar-portico-faridabad/rooms/premium-rooms-double-bed-room,200,200,0,136,,"Premium Rooms (Double Bed Room) | Delite Sarovar Portico, Faridabad | Sarovar Hotels",false,false,missing_meta_description|missing_canonical
/hotels/delite-sarovar-portico-faridabad/rooms/suites-double-bed-room,200,200,0,130,,"Suites (Double Bed Room) | Delite Sarovar Portico, Faridabad | Sarovar Hotels",false,false,missing_meta_description|missing_canonical
/hotels/deventure-sarovar-portico--kapashera-new-delhi/rooms/deluxe-rooms,200,200,0,121,,"Deluxe Rooms | Deventure Sarovar Portico- Kapashera, New Delhi | Sarovar Hotels",false,false,missing_meta_description|missing_canonical
/hotels/deventure-sarovar-portico--kapashera-new-delhi/rooms/superior-rooms,200,200,0,138,,"Superior Rooms | Deventure Sarovar Portico- Kapashera, New Delhi | Sarovar Hotels",false,false,missing_meta_description|missing_canonical
/hotels/deventure-sarovar-portico--kapashera-new-delhi/rooms/premium-room,200,200,0,146,,"Premium Room | Deventure Sarovar Portico- Kapashera, New Delhi | Sarovar Hotels",false,false,missing_meta_description|missing_canonical
/hotels/deventure-sarovar-portico-patel-nagar/rooms/club-double-bed-room,200,200,0,150,,"Club Double Bed Room | Deventure Sarovar Portico, Patel Nagar | Sarovar Hotels",false,false,missing_meta_description|missing_canonical
/hotels/deventure-sarovar-portico-patel-nagar/rooms/executive-double-bed-room,200,200,0,148,,"Executive Double Bed Room | Deventure Sarovar Portico, Patel Nagar | Sarovar Hotels",false,false,missing_meta_description|missing_canonical
/hotels/efcee-sarovar-portico-bhavnagar/rooms/executive-suites,200,200,0,132,,"Executive Suites | Efcee Sarovar Premiere, Bhavnagar - A 5-star Hotel | Sarovar Hotels",false,false,missing_meta_description|missing_canonical
/hotels/efcee-sarovar-portico-bhavnagar/rooms/deluxe-room,200,200,0,137,,"Deluxe Room | Efcee Sarovar Premiere, Bhavnagar - A 5-star Hotel | Sarovar Hotels",false,false,missing_meta_description|missing_canonical
/hotels/deventure-sarovar-portico-patel-nagar/rooms/executive-twin-bed-room,200,200,0,154,,"Executive Twin Bed Room | Deventure Sarovar Portico, Patel Nagar | Sarovar Hotels",false,false,missing_meta_description|missing_canonical
/hotels/efcee-sarovar-portico-bhavnagar/rooms/premium-room,200,200,0,135,,"Premium Room | Efcee Sarovar Premiere, Bhavnagar - A 5-star Hotel | Sarovar Hotels",false,false,missing_meta_description|missing_canonical
/hotels/estuary-sarovar-Premiere-poovar/rooms/deluxe-pool-villa-140-sq-m-1500-sq-ft,200,200,0,135,,"Deluxe Pool Villa- 140 sq. m. (1500 sq. ft.) | Estuary Sarovar Premiere, Poovar Island | Sarovar Hotels",false,false,missing_meta_description|missing_canonical
/hotels/efcee-sarovar-portico-bhavnagar/rooms/leela-suite,200,200,0,150,,"Leela Suite | Efcee Sarovar Premiere, Bhavnagar - A 5-star Hotel | Sarovar Hotels",false,false,missing_meta_description|missing_canonical
/hotels/estuary-sarovar-Premiere-poovar/rooms/estuary-view-32-sq-m-345-sq-ft,200,200,0,133,,"Estuary View- 32 sq. m. (345 sq.ft.) | Estuary Sarovar Premiere, Poovar Island | Sarovar Hotels",false,false,missing_meta_description|missing_canonical
/hotels/estuary-sarovar-Premiere-poovar/rooms/garden-cottage-32-sq-m-340-sq-ft,200,200,0,143,,"Garden Cottage- 32 sq. m. (340 sq. ft.) | Estuary Sarovar Premiere, Poovar Island | Sarovar Hotels",false,false,missing_meta_description|missing_canonical
/hotels/estuary-sarovar-Premiere-poovar/rooms/garden-view-27-sq-m-290-sq-ft,200,200,0,144,,"Garden View- 27 sq. m. (290 sq. ft.) | Estuary Sarovar Premiere, Poovar Island | Sarovar Hotels",false,false,missing_meta_description|missing_canonical
/hotels/estuary-sarovar-Premiere-poovar/rooms/leisure-villa-43-sq-m-460-sq-ft,200,200,0,135,,"Leisure Villa- 43 sq. m. (460 sq. ft.) | Estuary Sarovar Premiere, Poovar Island | Sarovar Hotels",false,false,missing_meta_description|missing_canonical
/hotels/geeta-sarovar-portico-hotels-panipat/rooms/deluxe-double-or-twin-rooms,200,200,0,132,,"Deluxe Double or Twin Rooms | Geeta Sarovar Portico, Panipat | Sarovar Hotels",false,false,missing_meta_description|missing_canonical
/hotels/estuary-sarovar-Premiere-poovar/rooms/pool-villa-121-sq-m-1300-sq-ft,200,200,0,140,,"Pool Villa- 121 sq. m. (1300 sq. ft.) | Estuary Sarovar Premiere, Poovar Island | Sarovar Hotels",false,false,missing_meta_description|missing_canonical
/hotels/geeta-sarovar-portico-hotels-panipat/rooms/presidential-suite-room,200,200,0,141,,"Presidential Suite Room | Geeta Sarovar Portico, Panipat | Sarovar Hotels",false,false,missing_meta_description|missing_canonical
/hotels/golden-sarovar-portico-amritsar/rooms/deluxe-suites,200,200,0,132,,"Deluxe Suites | Golden Sarovar Portico, Amritsar  | Sarovar Hotels",false,false,missing_meta_description|missing_canonical
/hotels/geeta-sarovar-portico-hotels-panipat/rooms/suite-room,200,200,0,139,,"Suite Room | Geeta Sarovar Portico, Panipat | Sarovar Hotels",false,false,missing_meta_description|missing_canonical
/hotels/golden-sarovar-portico-amritsar/rooms/executive-rooms,200,200,0,145,,"Executive Rooms | Golden Sarovar Portico, Amritsar  | Sarovar Hotels",false,false,missing_meta_description|missing_canonical
/hotels/golden-sarovar-portico-amritsar/rooms/premium-room,200,200,0,142,,"Premium Room | Golden Sarovar Portico, Amritsar  | Sarovar Hotels",false,false,missing_meta_description|missing_canonical
/hotels/golden-sarovar-portico-amritsar/rooms/presidential-suite,200,200,0,140,,"Presidential Suite | Golden Sarovar Portico, Amritsar  | Sarovar Hotels",false,false,missing_meta_description|missing_canonical
/hotels/golden-sarovar-portico-amritsar/rooms/superior-double-bed-room,200,200,0,140,,"Superior Double Bed Room | Golden Sarovar Portico, Amritsar  | Sarovar Hotels",false,false,missing_meta_description|missing_canonical
/hotels/golden-tulip-agra/rooms/deluxe-double-bed-room,200,200,0,122,,"Deluxe Double Bed Room |  Golden Tulip, Agra | Sarovar Hotels",false,false,missing_meta_description|missing_canonical
/hotels/golden-sarovar-portico-amritsar/rooms/superior-twin-bed-room,200,200,0,134,,"Superior Twin Bed Room | Golden Sarovar Portico, Amritsar  | Sarovar Hotels",false,false,missing_meta_description|missing_canonical
/hotels/golden-tulip-agra/rooms/deluxe-twin-bed-room,200,200,0,129,,"Deluxe Twin Bed Room |  Golden Tulip, Agra | Sarovar Hotels",false,false,missing_meta_description|missing_canonical
/hotels/golden-tulip-agra/rooms/executive-double-bed-room,200,200,0,137,,"Executive Double Bed Room |  Golden Tulip, Agra | Sarovar Hotels",false,false,missing_meta_description|missing_canonical
/hotels/golden-tulip-agra/rooms/suite,200,200,0,130,,"Suite |  Golden Tulip, Agra | Sarovar Hotels",false,false,missing_meta_description|missing_canonical
/hotels/golden-tulip-bdi-club-and-suite-bhiwadi/rooms/club-king-room,200,200,0,135,,"Club King Room | Golden Tulip BDI Club and Suite, Bhiwadi | Sarovar Hotels",false,false,missing_meta_description|missing_canonical
/hotels/golden-tulip-bdi-club-and-suite-bhiwadi/rooms/junior-suite,200,200,0,126,,"Junior Suite | Golden Tulip BDI Club and Suite, Bhiwadi | Sarovar Hotels",false,false,missing_meta_description|missing_canonical
/hotels/golden-tulip-bdi-club-and-suite-bhiwadi/rooms/superior-room,200,200,0,126,,"Superior Room | Golden Tulip BDI Club and Suite, Bhiwadi | Sarovar Hotels",false,false,missing_meta_description|missing_canonical
/hotels/golden-tulip-bhopal/rooms/deluxe-room,200,200,0,142,,"Deluxe Room | Golden Tulip, Bhopal | Sarovar Hotels",false,false,missing_meta_description|missing_canonical
/hotels/golden-tulip-bhopal/rooms/suite,200,200,0,130,,"Suite | Golden Tulip, Bhopal | Sarovar Hotels",false,false,missing_meta_description|missing_canonical
/hotels/golden-tulip-bhopal/rooms/superior-room,200,200,0,145,,"Superior Room | Golden Tulip, Bhopal | Sarovar Hotels",false,false,missing_meta_description|missing_canonical
/hotels/golden-tulip-candolim-goa/rooms/deluxe-double-bedroom,200,200,0,143,,"Deluxe Double Bedroom | Golden Tulip, Candolim, Goa | Sarovar Hotels",false,false,missing_meta_description|missing_canonical
/hotels/golden-tulip-candolim-goa/rooms/apartment-double-bedroom,200,200,0,150,,"Apartment Double Bedroom | Golden Tulip, Candolim, Goa | Sarovar Hotels",false,false,missing_meta_description|missing_canonical
/hotels/golden-tulip-candolim-goa/rooms/imperial-double-bedroom,200,200,0,149,,"Imperial Double Bedroom | Golden Tulip, Candolim, Goa | Sarovar Hotels",false,false,missing_meta_description|missing_canonical
/hotels/golden-tulip-candolim-goa/rooms/jr-suite-double-bedroom,200,200,0,146,,"Jr. Suite Double Bedroom | Golden Tulip, Candolim, Goa | Sarovar Hotels",false,false,missing_meta_description|missing_canonical
/hotels/golden-tulip-candolim-goa/rooms/superior-double-bedroom,200,200,0,148,,"Superior Double Bedroom | Golden Tulip, Candolim, Goa | Sarovar Hotels",false,false,missing_meta_description|missing_canonical
/hotels/golden-tulip-candolim-goa/rooms/superior-twin-bedroom,200,200,0,159,,"Superior Twin Bedroom | Golden Tulip, Candolim, Goa | Sarovar Hotels",false,false,missing_meta_description|missing_canonical
/hotels/golden-tulip-essential-jaipur/rooms/standard-king-rooms,200,200,0,158,,"Standard King Rooms | Golden Tulip Essential, Jaipur | Sarovar Hotels",false,false,missing_meta_description|missing_canonical
/hotels/golden-tulip-essential-jaipur/rooms/suites,200,200,0,154,,"Suites | Golden Tulip Essential, Jaipur | Sarovar Hotels",false,false,missing_meta_description|missing_canonical
/hotels/golden-tulip-essential-jaipur/rooms/superior-rooms-double-bed,200,200,0,152,,"Superior Rooms (Double Bed) | Golden Tulip Essential, Jaipur | Sarovar Hotels",false,false,missing_meta_description|missing_canonical
/hotels/golden-tulip-essential-jaipur/rooms/superior-rooms-twin-bed,200,200,0,164,,"Superior Rooms (Twin bed) | Golden Tulip Essential, Jaipur | Sarovar Hotels",false,false,missing_meta_description|missing_canonical
/hotels/golden-tulip-goa-mandrem/rooms/1-bedroom-pool-villa,200,200,0,162,,"1-Bedroom Pool Villa | Golden Tulip Goa, Mandrem Beach | Sarovar Hotels",false,false,missing_meta_description|missing_canonical
/hotels/golden-tulip-goa-mandrem/rooms/1-bedroom-villa,200,200,0,170,,"1-Bedroom Villa | Golden Tulip Goa, Mandrem Beach | Sarovar Hotels",false,false,missing_meta_description|missing_canonical
/hotels/golden-tulip-goa-mandrem/rooms/2-bedroom-pool-villa,200,200,0,165,,"2-Bedroom Pool Villa | Golden Tulip Goa, Mandrem Beach | Sarovar Hotels",false,false,missing_meta_description|missing_canonical
/hotels/golden-tulip-goa-mandrem/rooms/2-bedroom-villa,200,200,0,171,,"2-Bedroom Villa | Golden Tulip Goa, Mandrem Beach | Sarovar Hotels",false,false,missing_meta_description|missing_canonical
/hotels/golden-tulip-goa-mandrem/rooms/deluxe-room-with-private-balcony,200,200,0,171,,"Deluxe Room With Private Balcony | Golden Tulip Goa, Mandrem Beach | Sarovar Hotels",false,false,missing_meta_description|missing_canonical
/hotels/golden-tulip-goa-mandrem/rooms/executive-room-with-private-balcony,200,200,0,176,,"Executive Room With Private Balcony | Golden Tulip Goa, Mandrem Beach | Sarovar Hotels",false,false,missing_meta_description|missing_canonical
/hotels/golden-tulip-goa-mandrem/rooms/premium-room-with-private-balcony,200,200,0,163,,"Premium Room With Private Balcony | Golden Tulip Goa, Mandrem Beach | Sarovar Hotels",false,false,missing_meta_description|missing_canonical
/hotels/golden-tulip-goa-mandrem/rooms/presidential-suite-with-infinity-pool,200,200,0,158,,"Presidential Suite With Infinity Pool | Golden Tulip Goa, Mandrem Beach | Sarovar Hotels",false,false,missing_meta_description|missing_canonical
/hotels/golden-tulip-goa-vagator/rooms/deluxe-room,200,200,0,163,,"Deluxe Room | Golden Tulip, Goa Vagator | Sarovar Hotels",false,false,missing_meta_description|missing_canonical
/hotels/golden-tulip-goa-vagator/rooms/superior-room,200,200,0,146,,"Superior Room | Golden Tulip, Goa Vagator | Sarovar Hotels",false,false,missing_meta_description|missing_canonical
/hotels/golden-tulip-hari-nagar/rooms/executive-room,200,200,0,146,,"Executive Room | Golden Tulip New Delhi, Hari Nagar | Sarovar Hotels",false,false,missing_meta_description|missing_canonical
/hotels/golden-tulip-hari-nagar/rooms/standard-room,200,200,0,135,,"Standard Room | Golden Tulip New Delhi, Hari Nagar | Sarovar Hotels",false,false,missing_meta_description|missing_canonical
/hotels/golden-tulip-hari-nagar/rooms/superior-plus-room,200,200,0,136,,"Superior Plus Room | Golden Tulip New Delhi, Hari Nagar | Sarovar Hotels",false,false,missing_meta_description|missing_canonical
/hotels/golden-tulip-hari-nagar/rooms/superior-room,200,200,0,141,,"Superior Room | Golden Tulip New Delhi, Hari Nagar | Sarovar Hotels",false,false,missing_meta_description|missing_canonical
/hotels/golden-tulip-hotel-in-jaipur/rooms/deluxe-rooms,200,200,0,136,,Deluxe Rooms | Golden Tulip Jaipur City Center | Sarovar Hotels,false,false,missing_meta_description|missing_canonical
/hotels/golden-tulip-hotel-in-jaipur/rooms/deluxe-suites,200,200,0,129,,Deluxe Suites | Golden Tulip Jaipur City Center | Sarovar Hotels,false,false,missing_meta_description|missing_canonical
/hotels/golden-tulip-hotel-in-jaipur/rooms/junior-suites,200,200,0,146,,Junior Suites | Golden Tulip Jaipur City Center | Sarovar Hotels,false,false,missing_meta_description|missing_canonical
/hotels/golden-tulip-hotel-in-jaipur/rooms/presidential-suite,200,200,0,141,,Presidential Suite | Golden Tulip Jaipur City Center | Sarovar Hotels,false,false,missing_meta_description|missing_canonical
/hotels/golden-tulip-hotel-in-jaipur/rooms/super-deluxe-rooms-double-bed,200,200,0,146,,Super Deluxe Rooms (Double Bed) | Golden Tulip Jaipur City Center | Sarovar Hotels,false,false,missing_meta_description|missing_canonical
/hotels/golden-tulip-hotel-in-jaipur/rooms/super-deluxe-rooms-twin-beds,200,200,0,134,,Super Deluxe Rooms (Twin Beds) | Golden Tulip Jaipur City Center | Sarovar Hotels,false,false,missing_meta_description|missing_canonical
/hotels/golden-tulip-jalandhar/rooms/deluxe-king-rooms-double-bed,200,200,0,140,,"Deluxe King Rooms (Double Bed) | Golden Tulip, Jalandhar  | Sarovar Hotels",false,false,missing_meta_description|missing_canonical
/hotels/golden-tulip-kukas-jaipur/rooms/deluxe-room-city-facing,200,200,0,127,,"Deluxe Room - City Facing | Golden Tulip Jaipur, Kukas | Sarovar Hotels",false,false,missing_meta_description|missing_canonical
/hotels/golden-tulip-jalandhar/rooms/deluxe-king-rooms-twin-beds,200,200,0,154,,"Deluxe King Rooms (Twin Beds) | Golden Tulip, Jalandhar  | Sarovar Hotels",false,false,missing_meta_description|missing_canonical
/hotels/golden-tulip-kukas-jaipur/rooms/deluxe-twin-room-city-facing,200,200,0,139,,"Deluxe Twin Room - City Facing | Golden Tulip Jaipur, Kukas | Sarovar Hotels",false,false,missing_meta_description|missing_canonical
/hotels/golden-tulip-kukas-jaipur/rooms/suite,200,200,0,142,,"Suite | Golden Tulip Jaipur, Kukas | Sarovar Hotels",false,false,missing_meta_description|missing_canonical
/hotels/golden-tulip-kukas-jaipur/rooms/superior-double-room,200,200,0,152,,"Superior Double Room | Golden Tulip Jaipur, Kukas | Sarovar Hotels",false,false,missing_meta_description|missing_canonical
/hotels/golden-tulip-kukas-jaipur/rooms/superior-twin-room,200,200,0,164,,"Superior Twin Room | Golden Tulip Jaipur, Kukas | Sarovar Hotels",false,false,missing_meta_description|missing_canonical
/hotels/golden-tulip-lucknow/rooms/club-premium-room,200,200,0,161,,"Club Premium Room | Golden Tulip, Lucknow | Sarovar Hotels",false,false,missing_meta_description|missing_canonical
/hotels/golden-tulip-lucknow/rooms/club-room-king-b-wing,200,200,0,160,,"Club Room King-B Wing | Golden Tulip, Lucknow | Sarovar Hotels",false,false,missing_meta_description|missing_canonical
/hotels/golden-tulip-lucknow/rooms/club-room-twin-b-wing,200,200,0,175,,"Club Room Twin - B Wing | Golden Tulip, Lucknow | Sarovar Hotels",false,false,missing_meta_description|missing_canonical
/hotels/golden-tulip-lucknow/rooms/executive-room,200,200,0,169,,"Executive Room | Golden Tulip, Lucknow | Sarovar Hotels",false,false,missing_meta_description|missing_canonical
/hotels/golden-tulip-lucknow/rooms/junior-suite,200,200,0,177,,"Junior Suite | Golden Tulip, Lucknow | Sarovar Hotels",false,false,missing_meta_description|missing_canonical
/hotels/golden-tulip-lucknow/rooms/suite,200,200,0,174,,"Suite | Golden Tulip, Lucknow | Sarovar Hotels",false,false,missing_meta_description|missing_canonical
/hotels/golden-tulip-sector-80-gurugram/rooms/deluxe-room-with-pool-view,200,200,0,176,,"Deluxe Room With Pool View | Golden Tulip - Sector 80, Gurugram | Sarovar Hotels",false,false,missing_meta_description|missing_canonical
/hotels/golden-tulip-sector-80-gurugram/rooms/executive-room-with-balcony,200,200,0,174,,"Executive Room With Balcony | Golden Tulip - Sector 80, Gurugram | Sarovar Hotels",false,false,missing_meta_description|missing_canonical
/hotels/golden-tulip-sector-80-gurugram/rooms/luxury-suite,200,200,0,157,,"Luxury Suite | Golden Tulip - Sector 80, Gurugram | Sarovar Hotels",false,false,missing_meta_description|missing_canonical
/hotels/golden-tulip-sector-80-gurugram/rooms/premium-suite,200,200,0,163,,"Premium Suite | Golden Tulip - Sector 80, Gurugram | Sarovar Hotels",false,false,missing_meta_description|missing_canonical
/hotels/golden-tulip-sector-80-gurugram/rooms/standard-double-room,200,200,0,167,,"Standard Double Room | Golden Tulip - Sector 80, Gurugram | Sarovar Hotels",false,false,missing_meta_description|missing_canonical
/hotels/golden-tulip-srinagar/rooms/deluxe-rooms,200,200,0,157,,"Deluxe Rooms | Golden Tulip, Srinagar (formerly RK Sarovar Portico, Srinagar) | Sarovar Hotels",false,false,missing_meta_description|missing_canonical
/hotels/golden-tulip-sector-80-gurugram/rooms/standard-twin-room,200,200,0,145,,"Standard Twin Room | Golden Tulip - Sector 80, Gurugram | Sarovar Hotels",false,false,missing_meta_description|missing_canonical
/hotels/golden-tulip-srinagar/rooms/executive-suites,200,200,0,150,,"Executive Suites | Golden Tulip, Srinagar (formerly RK Sarovar Portico, Srinagar) | Sarovar Hotels",false,false,missing_meta_description|missing_canonical
/hotels/golden-tulip-tirupati/rooms/deluxe-rooms-king,200,200,0,141,,"Deluxe Rooms (King) | Golden Tulip, Tirupati  | Sarovar Hotels",false,false,missing_meta_description|missing_canonical
/hotels/golden-tulip-srinagar/rooms/premium-rooms,200,200,0,149,,"Premium Rooms | Golden Tulip, Srinagar (formerly RK Sarovar Portico, Srinagar) | Sarovar Hotels",false,false,missing_meta_description|missing_canonical
/hotels/golden-tulip-tirupati/rooms/deluxe-rooms-twin,200,200,0,136,,"Deluxe Rooms (Twin) | Golden Tulip, Tirupati  | Sarovar Hotels",false,false,missing_meta_description|missing_canonical
/hotels/golden-tulip-udaipur/rooms/luxury-suite,200,200,0,135,,"Luxury Suite | Golden Tulip, Udaipur | Sarovar Hotels",false,false,missing_meta_description|missing_canonical
/hotels/golden-tulip-tirupati/rooms/suite,200,200,0,151,,"Suite | Golden Tulip, Tirupati  | Sarovar Hotels",false,false,missing_meta_description|missing_canonical
/hotels/golden-tulip-udaipur/rooms/premium-double-pool-view-room,200,200,0,139,,"Premium Double Pool View Room | Golden Tulip, Udaipur | Sarovar Hotels",false,false,missing_meta_description|missing_canonical
/hotels/golden-tulip-udaipur/rooms/standard-double-room,200,200,0,137,,"Standard Double Room | Golden Tulip, Udaipur | Sarovar Hotels",false,false,missing_meta_description|missing_canonical
/hotels/golden-tulip-udaipur/rooms/standard-twin-room,200,200,0,145,,"Standard Twin Room | Golden Tulip, Udaipur | Sarovar Hotels",false,false,missing_meta_description|missing_canonical
/hotels/golden-tulip-udaipur/rooms/superior-twin-room,200,200,0,125,,"Superior Twin Room | Golden Tulip, Udaipur | Sarovar Hotels",false,false,missing_meta_description|missing_canonical
/hotels/golden-tulip-udaipur/rooms/superior-double-room,200,200,0,142,,"Superior Double Room | Golden Tulip, Udaipur | Sarovar Hotels",false,false,missing_meta_description|missing_canonical
/hotels/golden-tulip/rooms/deluxe-double-bed-rooms,200,200,0,135,,"Deluxe Double Bed Rooms | Golden Tulip, Gurgaon | Sarovar Hotels",false,false,missing_meta_description|missing_canonical
/hotels/golden-tulip/rooms/premium-rooms-with-balcony,200,200,0,132,,"Premium Rooms with Balcony | Golden Tulip, Gurgaon | Sarovar Hotels",false,false,missing_meta_description|missing_canonical
/hotels/golden-tulip/rooms/suites,200,200,0,130,,"Suites | Golden Tulip, Gurgaon | Sarovar Hotels",false,false,missing_meta_description|missing_canonical
/hotels/golden-tulip/rooms/superior-twin-or-double-bed-rooms,200,200,0,128,,"Superior Twin or Double Bed Rooms | Golden Tulip, Gurgaon | Sarovar Hotels",false,false,missing_meta_description|missing_canonical
/hotels/grand-continent-anjuna/rooms/deluxe-double-room-pool-view-with-balcony-happy-hours-inclusion,200,200,0,146,,"Deluxe Double Room Pool View with Balcony (Happy Hours Inclusion) | Grand Continent, Anjuna - A Sarovar Portico Affiliate Hotel | Sarovar Hotels",false,false,missing_meta_description|missing_canonical
/hotels/grand-continent-anjuna/rooms/family-suite-pool-view-with-balcony-interconnected-02-bed-rooms-happy-hours-inclusion,200,200,0,135,,"Family Suite Pool View With Balcony Interconnected 02 Bed Rooms (Happy Hours Inclusion) | Grand Continent, Anjuna - A Sarovar Portico Affiliate Hotel | Sarovar Hotels",false,false,missing_meta_description|missing_canonical
/hotels/grand-continent-anjuna/rooms/standard-double-room-with-happy-hours,200,200,0,124,,"Standard Double Room with Happy Hours | Grand Continent, Anjuna - A Sarovar Portico Affiliate Hotel | Sarovar Hotels",false,false,missing_meta_description|missing_canonical
/hotels/grand-continent-anjuna/rooms/superior-double-room-partial-pool-view-with-happy-hours,200,200,0,124,,"Superior Double Room Partial Pool View with Happy Hours | Grand Continent, Anjuna - A Sarovar Portico Affiliate Hotel | Sarovar Hotels",false,false,missing_meta_description|missing_canonical
/hotels/grand-continent-brookefield-bengaluru/rooms/deluxe-room-with-balcony-double-bed,200,200,0,126,,"Deluxe Room With Balcony (Double Bed) | Grand Continent, Brookefield - A Sarovar Portico Affiliate Hotel | Sarovar Hotels",false,false,missing_meta_description|missing_canonical
/hotels/grand-continent-brookefield-bengaluru/rooms/deluxe-room-with-balcony-twin-beds,200,200,0,128,,"Deluxe Room With Balcony (Twin Beds) | Grand Continent, Brookefield - A Sarovar Portico Affiliate Hotel | Sarovar Hotels",false,false,missing_meta_description|missing_canonical
/hotels/grand-continent-brookefield-bengaluru/rooms/executive-room-double-bed,200,200,0,127,,"Executive Room (Double Bed) | Grand Continent, Brookefield - A Sarovar Portico Affiliate Hotel | Sarovar Hotels",false,false,missing_meta_description|missing_canonical
/hotels/grand-continent-brookefield-bengaluru/rooms/premium-room-with-balcony-twin-bed,200,200,0,123,,"Premium Room With Balcony (Twin Bed) | Grand Continent, Brookefield - A Sarovar Portico Affiliate Hotel | Sarovar Hotels",false,false,missing_meta_description|missing_canonical
/hotels/grand-continent-brookefield-bengaluru/rooms/premium-room-with-balcony-double-bed,200,200,0,139,,"Premium Room With Balcony (Double Bed) | Grand Continent, Brookefield - A Sarovar Portico Affiliate Hotel | Sarovar Hotels",false,false,missing_meta_description|missing_canonical
/hotels/grand-continent-hebbal-bangalore/rooms/deluxe-room-king-bed,200,200,0,130,,"Deluxe Room (King Bed) | Grand Continent, Hebbal - Bangalore | Sarovar Hotels",false,false,missing_meta_description|missing_canonical
/hotels/grand-continent-hebbal-bangalore/rooms/deluxe-room-twin-bed,200,200,0,137,,"Deluxe Room (Twin Bed) | Grand Continent, Hebbal - Bangalore | Sarovar Hotels",false,false,missing_meta_description|missing_canonical
/hotels/grand-continent-hebbal-bangalore/rooms/executive-room-king-bed,200,200,0,132,,"Executive Room (King Bed) | Grand Continent, Hebbal - Bangalore | Sarovar Hotels",false,false,missing_meta_description|missing_canonical
/hotels/grand-continent-hebbal-bangalore/rooms/executive-room-twin-bed,200,200,0,132,,"Executive Room (Twin Bed) | Grand Continent, Hebbal - Bangalore | Sarovar Hotels",false,false,missing_meta_description|missing_canonical
/hotels/grand-continent-hebbal-bangalore/rooms/premium-room-king-bed,200,200,0,136,,"Premium Room (King Bed) | Grand Continent, Hebbal - Bangalore | Sarovar Hotels",false,false,missing_meta_description|missing_canonical
/hotels/grand-continent-hosur/rooms/deluxe-room,200,200,0,130,,"Deluxe Room | Grand Continent, Hosur A Sarovar Portico hotel | Sarovar Hotels",false,false,missing_meta_description|missing_canonical
/hotels/grand-continent-hosur/rooms/executive-room,200,200,0,128,,"Executive Room | Grand Continent, Hosur A Sarovar Portico hotel | Sarovar Hotels",false,false,missing_meta_description|missing_canonical
/hotels/grand-continent-hosur/rooms/family-room,200,200,0,142,,"Family Room | Grand Continent, Hosur A Sarovar Portico hotel | Sarovar Hotels",false,false,missing_meta_description|missing_canonical
/hotels/grand-continent-hosur/rooms/royal-suite,200,200,0,126,,"Royal Suite | Grand Continent, Hosur A Sarovar Portico hotel | Sarovar Hotels",false,false,missing_meta_description|missing_canonical
/hotels/grand-continent-mahabalipuram/rooms/canal-view-room-double-bed,200,200,0,125,,"Canal View Room (Double Bed) | Grand Continent, Mahabalipuram - A Sarovar Premiere Affiliate Hotel | Sarovar Hotels",false,false,missing_meta_description|missing_canonical
/hotels/grand-continent-mahabalipuram/rooms/canal-view-room-twin-beds,200,200,0,139,,"Canal View Room (Twin Beds) | Grand Continent, Mahabalipuram - A Sarovar Premiere Affiliate Hotel | Sarovar Hotels",false,false,missing_meta_description|missing_canonical
/hotels/grand-continent-mahabalipuram/rooms/deluxe-room-double-bed,200,200,0,134,,"Deluxe Room (Double Bed) | Grand Continent, Mahabalipuram - A Sarovar Premiere Affiliate Hotel | Sarovar Hotels",false,false,missing_meta_description|missing_canonical
/hotels/grand-continent-mahabalipuram/rooms/deluxe-room-twin-beds,200,200,0,132,,"Deluxe Room (Twin Beds) | Grand Continent, Mahabalipuram - A Sarovar Premiere Affiliate Hotel | Sarovar Hotels",false,false,missing_meta_description|missing_canonical
/hotels/grand-continent-mahabalipuram/rooms/sea-suite,200,200,0,135,,"Sea Suite | Grand Continent, Mahabalipuram - A Sarovar Premiere Affiliate Hotel | Sarovar Hotels",false,false,missing_meta_description|missing_canonical
/hotels/grand-continent-mahabalipuram/rooms/sea-view-room,200,200,0,135,,"Sea View Room | Grand Continent, Mahabalipuram - A Sarovar Premiere Affiliate Hotel | Sarovar Hotels",false,false,missing_meta_description|missing_canonical
/hotels/grand-continent-malleshwaram-bangalore/rooms/deluxe-room,200,200,0,139,,"Deluxe Room | Grand Continent, Malleshwaram - A Sarovar Portico Affiliate Hotel | Sarovar Hotels",false,false,missing_meta_description|missing_canonical
/hotels/grand-continent-malleshwaram-bangalore/rooms/executive-room,200,200,0,140,,"Executive Room | Grand Continent, Malleshwaram - A Sarovar Portico Affiliate Hotel | Sarovar Hotels",false,false,missing_meta_description|missing_canonical
/hotels/grand-continent-malleshwaram-bangalore/rooms/royal-suite-with-king-size-bed,200,200,0,134,,"Royal Suite with King Size Bed | Grand Continent, Malleshwaram - A Sarovar Portico Affiliate Hotel | Sarovar Hotels",false,false,missing_meta_description|missing_canonical
/hotels/grand-continent-malleshwaram-bangalore/rooms/royal-suite-with-twin-size-bed,200,200,0,136,,"Royal Suite with Twin Size Bed | Grand Continent, Malleshwaram - A Sarovar Portico Affiliate Hotel | Sarovar Hotels",false,false,missing_meta_description|missing_canonical
/hotels/grand-continent-mysore/rooms/deluxe-room,200,200,0,134,,"Deluxe Room | Grand Continent, Mysore - A Sarovar Portico Affiliate Hotel | Sarovar Hotels",false,false,missing_meta_description|missing_canonical
/hotels/grand-continent-mysore/rooms/family-room,200,200,0,134,,"Family Room | Grand Continent, Mysore - A Sarovar Portico Affiliate Hotel | Sarovar Hotels",false,false,missing_meta_description|missing_canonical
/hotels/grand-continent-secunderabad/rooms/deluxe-room-double,200,200,0,137,,"Deluxe Room (Double) | Grand Continent, Secunderabad - A Sarovar Portico Affiliate Hotel | Sarovar Hotels",false,false,missing_meta_description|missing_canonical
/hotels/grand-continent-secunderabad/rooms/deluxe-room-twin,200,200,0,129,,"Deluxe Room (Twin) | Grand Continent, Secunderabad - A Sarovar Portico Affiliate Hotel | Sarovar Hotels",false,false,missing_meta_description|missing_canonical
/hotels/grand-continent-secunderabad/rooms/superior-room-double,200,200,0,126,,"Superior Room (Double) | Grand Continent, Secunderabad - A Sarovar Portico Affiliate Hotel | Sarovar Hotels",false,false,missing_meta_description|missing_canonical
/hotels/grand-portico-hotel-in-latur/rooms/deluxe-rooms-double-bed,200,200,0,137,,"Deluxe Rooms (Double Bed) | Grand Sarovar Portico, Latur | Sarovar Hotels",false,false,missing_meta_description|missing_canonical
/hotels/grand-portico-hotel-in-latur/rooms/deluxe-rooms-twin-beds,200,200,0,127,,"Deluxe Rooms (Twin Beds) | Grand Sarovar Portico, Latur | Sarovar Hotels",false,false,missing_meta_description|missing_canonical
/hotels/grand-portico-hotel-in-latur/rooms/suites,200,200,0,126,,"Suites | Grand Sarovar Portico, Latur | Sarovar Hotels",false,false,missing_meta_description|missing_canonical
/hotels/highland-sarovar-portico-sindhudurg/rooms/premium-room-with-balcony,200,200,0,123,,"Premium Room With Balcony | Highland Sarovar Portico, Sindhudurg | Sarovar Hotels",false,false,missing_meta_description|missing_canonical
/hotels/highland-sarovar-portico-sindhudurg/rooms/deluxe-room-with-balcony,200,200,0,135,,"Deluxe Room With Balcony | Highland Sarovar Portico, Sindhudurg | Sarovar Hotels",false,false,missing_meta_description|missing_canonical
/hotels/hometel-alambagh-lucknow/rooms/deluxe-double-room,200,200,0,132,,"Deluxe Double Room | Hometel Alambagh, Lucknow  | Sarovar Hotels",false,false,missing_meta_description|missing_canonical
/hotels/hometel-alambagh-lucknow/rooms/deluxe-twin-room,200,200,0,129,,"Deluxe Twin Room | Hometel Alambagh, Lucknow  | Sarovar Hotels",false,false,missing_meta_description|missing_canonical
/hotels/hometel-alambagh-lucknow/rooms/executive-suite,200,200,0,132,,"Executive Suite | Hometel Alambagh, Lucknow  | Sarovar Hotels",false,false,missing_meta_description|missing_canonical
/hotels/hometel-alambagh-lucknow/rooms/premium-double-room,200,200,0,131,,"Premium Double Room | Hometel Alambagh, Lucknow  | Sarovar Hotels",false,false,missing_meta_description|missing_canonical
/hotels/hometel-alambagh-lucknow/rooms/premium-twin-room,200,200,0,147,,"Premium Twin Room | Hometel Alambagh, Lucknow  | Sarovar Hotels",false,false,missing_meta_description|missing_canonical
/hotels/hometel-chandigarh/rooms/deluxe-rooms,200,200,0,125,,"Deluxe Rooms | Hometel, Chandigarh | Sarovar Hotels",false,false,missing_meta_description|missing_canonical
/hotels/hometel-chandigarh/rooms/superior-rooms,200,200,0,125,,"Superior Rooms | Hometel, Chandigarh | Sarovar Hotels",false,false,missing_meta_description|missing_canonical
/hotels/hometel-chandigarh/rooms/superior-twin-rooms,200,200,0,132,,"Superior Twin Rooms | Hometel, Chandigarh | Sarovar Hotels",false,false,missing_meta_description|missing_canonical
/hotels/hometel-roorkee/rooms/suites,200,200,0,127,,Suites | Hometel Roorkee | Sarovar Hotels,false,false,missing_meta_description|missing_canonical
/hotels/hometel-roorkee/rooms/superior-double-rooms,200,200,0,126,,Superior Double Rooms | Hometel Roorkee | Sarovar Hotels,false,false,missing_meta_description|missing_canonical
/hotels/hometel-roorkee/rooms/superior-twin-rooms,200,200,0,133,,Superior Twin Rooms | Hometel Roorkee | Sarovar Hotels,false,false,missing_meta_description|missing_canonical
/hotels/hrj-sarovar-portico-indore/rooms/deluxe-rooms-double-beds,200,200,0,142,,"Deluxe Rooms (Double Beds) | HRJ Sarovar Portico, Indore (A Unit of HRJ International Hotels LLP) | Sarovar Hotels",false,false,missing_meta_description|missing_canonical
/hotels/hrj-sarovar-portico-indore/rooms/executive-rooms,200,200,0,128,,"Executive Rooms | HRJ Sarovar Portico, Indore (A Unit of HRJ International Hotels LLP) | Sarovar Hotels",false,false,missing_meta_description|missing_canonical
/hotels/hrj-sarovar-portico-indore/rooms/deluxe-rooms-twin-beds,200,200,0,147,,"Deluxe Rooms (Twin Beds) | HRJ Sarovar Portico, Indore (A Unit of HRJ International Hotels LLP) | Sarovar Hotels",false,false,missing_meta_description|missing_canonical
/hotels/hrj-sarovar-portico-indore/rooms/suites,200,200,0,140,,"Suites | HRJ Sarovar Portico, Indore (A Unit of HRJ International Hotels LLP) | Sarovar Hotels",false,false,missing_meta_description|missing_canonical
/hotels/hrj-sarovar-portico-indore/rooms/superior-rooms-double-beds,200,200,0,138,,"Superior Rooms (Double Beds) | HRJ Sarovar Portico, Indore (A Unit of HRJ International Hotels LLP) | Sarovar Hotels",false,false,missing_meta_description|missing_canonical
/hotels/iris-sarovar-portico-gurugram/rooms/deluxe-room-with-balcony-double-bed,200,200,0,143,,"Deluxe Room With Balcony - Double Bed | Iris Sarovar Portico, Gurugram | Sarovar Hotels",false,false,missing_meta_description|missing_canonical
/hotels/hrj-sarovar-portico-indore/rooms/superior-rooms-twin-beds,200,200,0,150,,"Superior Rooms (Twin Beds) | HRJ Sarovar Portico, Indore (A Unit of HRJ International Hotels LLP) | Sarovar Hotels",false,false,missing_meta_description|missing_canonical
/hotels/iris-sarovar-portico-gurugram/rooms/deluxe-room-with-balcony-twin-bed,200,200,0,150,,"Deluxe Room With Balcony - Twin Bed | Iris Sarovar Portico, Gurugram | Sarovar Hotels",false,false,missing_meta_description|missing_canonical
/hotels/iris-sarovar-portico-gurugram/rooms/junior-suite-pool-view-with-balcony,200,200,0,161,,"Junior Suite Pool View With Balcony | Iris Sarovar Portico, Gurugram | Sarovar Hotels",false,false,missing_meta_description|missing_canonical
/hotels/iris-sarovar-portico-gurugram/rooms/junior-suite-with-balcony,200,200,0,157,,"Junior Suite With Balcony | Iris Sarovar Portico, Gurugram | Sarovar Hotels",false,false,missing_meta_description|missing_canonical
/hotels/ishaan-sarovar-portico-deoghar/rooms/deluxe-double-room,200,200,0,154,,"Deluxe Double Room | Ishaan Sarovar Portico, Deoghar | Sarovar Hotels",false,false,missing_meta_description|missing_canonical
/hotels/ishaan-sarovar-portico-deoghar/rooms/executive-suite,200,200,0,154,,"Executive Suite | Ishaan Sarovar Portico, Deoghar | Sarovar Hotels",false,false,missing_meta_description|missing_canonical
/hotels/ishaan-sarovar-portico-deoghar/rooms/premium-twin-room,200,200,0,153,,"Premium Twin Room | Ishaan Sarovar Portico, Deoghar | Sarovar Hotels",false,false,missing_meta_description|missing_canonical
/hotels/kpg-sarovar-portico-raj-nagar-extension-ghaziabad/rooms/deluxe-king-room,200,200,0,150,,"Deluxe King Room | KPG Sarovar Portico, Raj Nagar Extension, Ghaziabad | Sarovar Hotels",false,false,missing_meta_description|missing_canonical
/hotels/kpg-sarovar-portico-raj-nagar-extension-ghaziabad/rooms/deluxe-twin-room,200,200,0,156,,"Deluxe Twin Room | KPG Sarovar Portico, Raj Nagar Extension, Ghaziabad | Sarovar Hotels",false,false,missing_meta_description|missing_canonical
/hotels/kpg-sarovar-portico-raj-nagar-extension-ghaziabad/rooms/junior-suite,200,200,0,160,,"Junior Suite | KPG Sarovar Portico, Raj Nagar Extension, Ghaziabad | Sarovar Hotels",false,false,missing_meta_description|missing_canonical
/hotels/kpg-sarovar-portico-raj-nagar-extension-ghaziabad/rooms/superior-room,200,200,0,160,,"Superior Room | KPG Sarovar Portico, Raj Nagar Extension, Ghaziabad | Sarovar Hotels",false,false,missing_meta_description|missing_canonical
/hotels/la-place-sarovar-portico-lucknow/rooms/day-use-room-1100-to-0400-pm,200,200,0,159,,"Day Use Room 1100 To 0400 PM | La Place Sarovar Portico, Lucknow | Sarovar Hotels",false,false,missing_meta_description|missing_canonical
/hotels/la-place-sarovar-portico-lucknow/rooms/executive-suites,200,200,0,161,,"Executive Suites | La Place Sarovar Portico, Lucknow | Sarovar Hotels",false,false,missing_meta_description|missing_canonical
/hotels/la-place-sarovar-portico-lucknow/rooms/premium-room-with-queen-or-twin-bed,200,200,0,168,,"Premium Room with Queen or Twin Bed | La Place Sarovar Portico, Lucknow | Sarovar Hotels",false,false,missing_meta_description|missing_canonical
/hotels/la-place-sarovar-portico-lucknow/rooms/superior-rooms-with-queen-bed,200,200,0,157,,"Superior Rooms With Queen Bed | La Place Sarovar Portico, Lucknow | Sarovar Hotels",false,false,missing_meta_description|missing_canonical
/hotels/la-place-sarovar-portico-lucknow/rooms/superior-rooms-with-twin-bed,200,200,0,149,,"Superior Rooms with Twin Bed | La Place Sarovar Portico, Lucknow | Sarovar Hotels",false,false,missing_meta_description|missing_canonical
/hotels/lagoon-sarovar-premiere-pondicherry/rooms/deluxe-room,200,200,0,137,,"Deluxe Room | Lagoon Sarovar Premiere Resort, Pondicherry | Sarovar Hotels",false,false,missing_meta_description|missing_canonical
/hotels/lagoon-sarovar-premiere-pondicherry/rooms/lagoon-view-room,200,200,0,147,,"Lagoon View Room | Lagoon Sarovar Premiere Resort, Pondicherry | Sarovar Hotels",false,false,missing_meta_description|missing_canonical
/hotels/lagoon-sarovar-premiere-pondicherry/rooms/lilly-pond-view-room,200,200,0,140,,"Lilly Pond View Room | Lagoon Sarovar Premiere Resort, Pondicherry | Sarovar Hotels",false,false,missing_meta_description|missing_canonical
/hotels/lagoon-sarovar-premiere-pondicherry/rooms/pool-view-room,200,200,0,145,,"Pool View Room | Lagoon Sarovar Premiere Resort, Pondicherry | Sarovar Hotels",false,false,missing_meta_description|missing_canonical
/hotels/le-dupleix-pondicherry/rooms/deluxe-rooms,200,200,0,137,,"Deluxe Rooms | Le Dupleix, Pondicherry | Sarovar Hotels",false,false,missing_meta_description|missing_canonical
/hotels/le-dupleix-pondicherry/rooms/luxury-suite-with-balcony,200,200,0,135,,"Luxury Suite With Balcony | Le Dupleix, Pondicherry | Sarovar Hotels",false,false,missing_meta_description|missing_canonical
/hotels/le-dupleix-pondicherry/rooms/penthouse,200,200,0,140,,"Penthouse | Le Dupleix, Pondicherry | Sarovar Hotels",false,false,missing_meta_description|missing_canonical
/hotels/le-dupleix-pondicherry/rooms/superior-rooms,200,200,0,136,,"Superior Rooms | Le Dupleix, Pondicherry | Sarovar Hotels",false,false,missing_meta_description|missing_canonical
/hotels/le-lac-sarovar-ranchi/rooms/executive-suite-room,200,200,0,145,,"Executive Suite Room | Le Lac Sarovar Portico, Ranchi | Sarovar Hotels",false,false,missing_meta_description|missing_canonical
/hotels/le-lac-sarovar-ranchi/rooms/premium-rooms,200,200,0,142,,"Premium Rooms | Le Lac Sarovar Portico, Ranchi | Sarovar Hotels",false,false,missing_meta_description|missing_canonical
/hotels/le-lac-sarovar-ranchi/rooms/presidential-suite,200,200,0,156,,"Presidential Suite | Le Lac Sarovar Portico, Ranchi | Sarovar Hotels",false,false,missing_meta_description|missing_canonical
/hotels/le-lac-sarovar-ranchi/rooms/superior-rooms,200,200,0,141,,"Superior Rooms | Le Lac Sarovar Portico, Ranchi | Sarovar Hotels",false,false,missing_meta_description|missing_canonical
/hotels/legend-sarovar-portico/rooms/deluxe-rooms,200,200,0,135,,"Deluxe Rooms | Legend Sarovar Portico, Baddi | Sarovar Hotels",false,false,missing_meta_description|missing_canonical
/hotels/legend-sarovar-portico/rooms/suites,200,200,0,134,,"Suites | Legend Sarovar Portico, Baddi | Sarovar Hotels",false,false,missing_meta_description|missing_canonical
/hotels/legend-sarovar-portico/rooms/superior-rooms,200,200,0,143,,"Superior Rooms | Legend Sarovar Portico, Baddi | Sarovar Hotels",false,false,missing_meta_description|missing_canonical
/hotels/legend-sarovar-portico/rooms/superior-select-room,200,200,0,149,,"Superior Select Room | Legend Sarovar Portico, Baddi | Sarovar Hotels",false,false,missing_meta_description|missing_canonical
/hotels/madhuban-sarovar-portico-mussorie/rooms/deluxe-rooms,200,200,0,137,,"Deluxe Rooms | Madhuban Sarovar Portico, Mussoorie | Sarovar Hotels",false,false,missing_meta_description|missing_canonical
/hotels/madhuban-sarovar-portico-mussorie/rooms/valley-view-rooms,200,200,0,142,,"Valley View Rooms | Madhuban Sarovar Portico, Mussoorie | Sarovar Hotels",false,false,missing_meta_description|missing_canonical
/hotels/mahagun-sarovar-portico-suites-vaishali/rooms/premiere-suite-copy,200,200,0,126,,"Premiere Suite - Copy | Mahagun Sarovar Portico Suites, Vaishali | Sarovar Hotels",false,false,missing_meta_description|missing_canonical
/hotels/mahagun-sarovar-portico-suites-vaishali/rooms/premier-studio,200,200,0,143,,"Premier Studio | Mahagun Sarovar Portico Suites, Vaishali | Sarovar Hotels",false,false,missing_meta_description|missing_canonical
/hotels/mahagun-sarovar-portico-suites-vaishali/rooms/premiere-suite,200,200,0,131,,"Premiere Suite | Mahagun Sarovar Portico Suites, Vaishali | Sarovar Hotels",false,false,missing_meta_description|missing_canonical
/hotels/mahagun-sarovar-portico-suites-vaishali/rooms/studio-rooms,200,200,0,130,,"Studio Rooms | Mahagun Sarovar Portico Suites, Vaishali | Sarovar Hotels",false,false,missing_meta_description|missing_canonical
/hotels/mahagun-sarovar-portico-suites-vaishali/rooms/suite,200,200,0,135,,"Suite | Mahagun Sarovar Portico Suites, Vaishali | Sarovar Hotels",false,false,missing_meta_description|missing_canonical
/hotels/majestic-court-sarovar-portico-navi-mumbai/rooms/deluxe-rooms-with-king-bed,200,200,0,131,,"Deluxe Rooms With King Bed | Majestic Court Sarovar Portico, Navi Mumbai | Sarovar Hotels",false,false,missing_meta_description|missing_canonical
/hotels/majestic-court-sarovar-portico-navi-mumbai/rooms/suite-rooms-with-king-bed,200,200,0,135,,"Suite Rooms With King Bed | Majestic Court Sarovar Portico, Navi Mumbai | Sarovar Hotels",false,false,missing_meta_description|missing_canonical
/hotels/majestic-court-sarovar-portico-navi-mumbai/rooms/superior-room-with-king-bed,200,200,0,139,,"Superior Room With King Bed | Majestic Court Sarovar Portico, Navi Mumbai | Sarovar Hotels",false,false,missing_meta_description|missing_canonical
/hotels/majestic-court-sarovar-portico-navi-mumbai/rooms/superior-room-with-twin-bed,200,200,0,149,,"Superior Room With Twin Bed | Majestic Court Sarovar Portico, Navi Mumbai | Sarovar Hotels",false,false,missing_meta_description|missing_canonical
/hotels/manjeera-sarovar-premiere-rajahmundry/rooms/executive-rooms-king-size-bed,200,200,0,133,,"Executive Rooms (King Size Bed) | Manjeera Sarovar Premiere, Rajahmundry | Sarovar Hotels",false,false,missing_meta_description|missing_canonical
/hotels/manjeera-sarovar-premiere-rajahmundry/rooms/executive-rooms-twin-bed,200,200,0,150,,"Executive Rooms (Twin Bed) | Manjeera Sarovar Premiere, Rajahmundry | Sarovar Hotels",false,false,missing_meta_description|missing_canonical
/hotels/manjeera-sarovar-premiere-rajahmundry/rooms/premiere-suites-rooms,200,200,0,127,,"Premiere Suites Rooms | Manjeera Sarovar Premiere, Rajahmundry | Sarovar Hotels",false,false,missing_meta_description|missing_canonical
/hotels/marasa-sarovar-portico-rajkot/rooms/executive-rooms,200,200,0,130,,"Executive Rooms | Marasa Sarovar Portico, Rajkot | Sarovar Hotels",false,false,missing_meta_description|missing_canonical
/hotels/marasa-sarovar-portico-rajkot/rooms/suites-1-king-bed,200,200,0,142,,"Suites 1 King Bed | Marasa Sarovar Portico, Rajkot | Sarovar Hotels",false,false,missing_meta_description|missing_canonical
/hotels/marasa-sarovar-premiere-bodhgaya/rooms/deluxe-double-rooms,200,200,0,136,,"Deluxe Double Rooms | Marasa Sarovar Premiere, Bodhgaya | Sarovar Hotels",false,false,missing_meta_description|missing_canonical
/hotels/marasa-sarovar-premiere-bodhgaya/rooms/deluxe-twin-bed-room,200,200,0,158,,"Deluxe Twin Bed Room | Marasa Sarovar Premiere, Bodhgaya | Sarovar Hotels",false,false,missing_meta_description|missing_canonical
/hotels/marasa-sarovar-premiere-bodhgaya/rooms/premium-twin-room,200,200,0,138,,"Premium Twin Room | Marasa Sarovar Premiere, Bodhgaya | Sarovar Hotels",false,false,missing_meta_description|missing_canonical
/hotels/marasa-sarovar-premiere-bodhgaya/rooms/suite,200,200,0,135,,"Suite | Marasa Sarovar Premiere, Bodhgaya | Sarovar Hotels",false,false,missing_meta_description|missing_canonical
/hotels/marasa-sarovar-premiere-tirupati-hotels/rooms/deluxe-room-king,200,200,0,135,,"Deluxe Room King |  Marasa Sarovar Premiere, Tirupati | Sarovar Hotels",false,false,missing_meta_description|missing_canonical
/hotels/marasa-sarovar-premiere-tirupati-hotels/rooms/deluxe-room-twin-beds,200,200,0,144,,"Deluxe Room Twin Beds |  Marasa Sarovar Premiere, Tirupati | Sarovar Hotels",false,false,missing_meta_description|missing_canonical
/hotels/marasa-sarovar-premiere-tirupati-hotels/rooms/premium-room-king,200,200,0,125,,"Premium Room King |  Marasa Sarovar Premiere, Tirupati | Sarovar Hotels",false,false,missing_meta_description|missing_canonical
/hotels/marasa-sarovar-premiere-tirupati-hotels/rooms/premium-room-twin-beds,200,200,0,141,,"Premium Room Twin Beds |  Marasa Sarovar Premiere, Tirupati | Sarovar Hotels",false,false,missing_meta_description|missing_canonical
/hotels/marasa-sarovar-premiere-tirupati-hotels/rooms/suites,200,200,0,132,,"Suites |  Marasa Sarovar Premiere, Tirupati | Sarovar Hotels",false,false,missing_meta_description|missing_canonical
/hotels/marigold-sarovar-portico-mashobra-shimla/rooms/family-suite,200,200,0,124,,"Family Suite | Marigold Sarovar Portico, Mashobra-Shimla | Sarovar Hotels",false,false,missing_meta_description|missing_canonical
/hotels/marigold-sarovar-portico-mashobra-shimla/rooms/mountain-view-balcony-room,200,200,0,139,,"Mountain View Balcony Room | Marigold Sarovar Portico, Mashobra-Shimla | Sarovar Hotels",false,false,missing_meta_description|missing_canonical
/hotels/marigold-sarovar-portico-mashobra-shimla/rooms/mountain-view-suite-with-private-sit-out,200,200,0,128,,"Mountain View Suite with Private Sit Out | Marigold Sarovar Portico, Mashobra-Shimla | Sarovar Hotels",false,false,missing_meta_description|missing_canonical
/hotels/marigold-sarovar-portico-mashobra-shimla/rooms/premium-room,200,200,0,128,,"Premium room | Marigold Sarovar Portico, Mashobra-Shimla | Sarovar Hotels",false,false,missing_meta_description|missing_canonical
/hotels/marigold-sarovar-portico-mashobra-shimla/rooms/swiss-duplex-cottage-with-private-garden,200,200,0,132,,"Swiss Duplex Cottage with Private Garden | Marigold Sarovar Portico, Mashobra-Shimla | Sarovar Hotels",false,false,missing_meta_description|missing_canonical
/hotels/marigold-sarovar-portico-mashobra-shimla/rooms/swiss-duplex-cottage-valley-view,200,200,0,127,,"Swiss Duplex Cottage Valley View | Marigold Sarovar Portico, Mashobra-Shimla | Sarovar Hotels",false,false,missing_meta_description|missing_canonical
/hotels/marigold-sarovar-portico-mashobra-shimla/rooms/villa-room,200,200,0,126,,"Villa Room | Marigold Sarovar Portico, Mashobra-Shimla | Sarovar Hotels",false,false,missing_meta_description|missing_canonical
/hotels/marine-plaza-mumbai/rooms/deluxe-suite,200,200,0,134,,"Deluxe Suite | Hotel Marine Plaza, Mumbai | Sarovar Hotels",false,false,missing_meta_description|missing_canonical
/hotels/marine-plaza-mumbai/rooms/executive-suite,200,200,0,130,,"Executive Suite | Hotel Marine Plaza, Mumbai | Sarovar Hotels",false,false,missing_meta_description|missing_canonical
/hotels/marine-plaza-mumbai/rooms/sea-facing-room,200,200,0,130,,"Sea Facing Room | Hotel Marine Plaza, Mumbai | Sarovar Hotels",false,false,missing_meta_description|missing_canonical
/hotels/marine-plaza-mumbai/rooms/special-suite,200,200,0,138,,"Special Suite | Hotel Marine Plaza, Mumbai | Sarovar Hotels",false,false,missing_meta_description|missing_canonical
/hotels/marine-plaza-mumbai/rooms/standard-room,200,200,0,150,,"Standard Room | Hotel Marine Plaza, Mumbai | Sarovar Hotels",false,false,missing_meta_description|missing_canonical
/hotels/mj-sarovar-portico-haridwar/rooms/executive-double-bed-room,200,200,0,132,,"Executive Double Bed Room | MJ Sarovar Portico, Haridwar | Sarovar Hotels",false,false,missing_meta_description|missing_canonical
/hotels/mj-sarovar-portico-haridwar/rooms/standard-deluxe-double-bed-room,200,200,0,146,,"Standard Deluxe Double Bed Room | MJ Sarovar Portico, Haridwar | Sarovar Hotels",false,false,missing_meta_description|missing_canonical
/hotels/mj-sarovar-portico-haridwar/rooms/suite,200,200,0,143,,"Suite | MJ Sarovar Portico, Haridwar | Sarovar Hotels",false,false,missing_meta_description|missing_canonical
/hotels/mj-sarovar-portico-haridwar/rooms/superior-double-bed-room,200,200,0,137,,"Superior Double Bed Room | MJ Sarovar Portico, Haridwar | Sarovar Hotels",false,false,missing_meta_description|missing_canonical
/hotels/mj-sarovar-portico-haridwar/rooms/superior-twin-bed-room,200,200,0,134,,"Superior Twin Bed Room | MJ Sarovar Portico, Haridwar | Sarovar Hotels",false,false,missing_meta_description|missing_canonical
/hotels/mountnoor-sarovar-premiere-pahalgam/rooms/deluxe-double-room-with-balcony,200,200,0,136,,"Deluxe Double Room With Balcony | Mountnoor Sarovar Premiere, Pahalgam | Sarovar Hotels",false,false,missing_meta_description|missing_canonical
/hotels/mountnoor-sarovar-premiere-pahalgam/rooms/junior-suite,200,200,0,141,,"Junior Suite | Mountnoor Sarovar Premiere, Pahalgam | Sarovar Hotels",false,false,missing_meta_description|missing_canonical
/hotels/mountnoor-sarovar-premiere-pahalgam/rooms/premium-double-room-with-mountain-view,200,200,0,140,,"Premium Double Room With Mountain View | Mountnoor Sarovar Premiere, Pahalgam | Sarovar Hotels",false,false,missing_meta_description|missing_canonical
/hotels/mountnoor-sarovar-premiere-pahalgam/rooms/superior-double-room-with-mountain-view,200,200,0,137,,"Superior Double Room With Mountain View | Mountnoor Sarovar Premiere, Pahalgam | Sarovar Hotels",false,false,missing_meta_description|missing_canonical
/hotels/mukundra-sarovar-premiere-kota/rooms/deluxe-double-room,200,200,0,122,,"Deluxe Double Room | Mukundra Sarovar Premiere, Kota | Sarovar Hotels",false,false,missing_meta_description|missing_canonical
/hotels/mukundra-sarovar-premiere-kota/rooms/executive-double-room,200,200,0,135,,"Executive Double Room | Mukundra Sarovar Premiere, Kota | Sarovar Hotels",false,false,missing_meta_description|missing_canonical
/hotels/mukundra-sarovar-premiere-kota/rooms/premium-double-room,200,200,0,148,,"Premium Double Room | Mukundra Sarovar Premiere, Kota | Sarovar Hotels",false,false,missing_meta_description|missing_canonical
/hotels/mukundra-sarovar-premiere-kota/rooms/presidential-suite,200,200,0,139,,"Presidential Suite | Mukundra Sarovar Premiere, Kota | Sarovar Hotels",false,false,missing_meta_description|missing_canonical
/hotels/mukundra-sarovar-premiere-kota/rooms/superior-double-room,200,200,0,150,,"Superior Double Room | Mukundra Sarovar Premiere, Kota | Sarovar Hotels",false,false,missing_meta_description|missing_canonical
/hotels/mukundra-sarovar-premiere-kota/rooms/superior-twin-room,200,200,0,142,,"Superior Twin Room | Mukundra Sarovar Premiere, Kota | Sarovar Hotels",false,false,missing_meta_description|missing_canonical
/hotels/nataraj-sarovar-portico-jhansi/rooms/deluxe-room,200,200,0,142,,"Deluxe Room | Nataraj Sarovar Portico, Jhansi | Sarovar Hotels",false,false,missing_meta_description|missing_canonical
/hotels/nataraj-sarovar-portico-jhansi/rooms/executive-suite,200,200,0,143,,"Executive Suite | Nataraj Sarovar Portico, Jhansi | Sarovar Hotels",false,false,missing_meta_description|missing_canonical
/hotels/nataraj-sarovar-portico-jhansi/rooms/junior-suite,200,200,0,152,,"Junior Suite | Nataraj Sarovar Portico, Jhansi | Sarovar Hotels",false,false,missing_meta_description|missing_canonical
/hotels/naturevilas-portico-manali/rooms/nature-himalayan-rooms,200,200,0,157,,"Nature Himalayan Rooms | NatureVilas Sarovar Portico, Manali | Sarovar Hotels",false,false,missing_meta_description|missing_canonical
/hotels/naturevilas-portico-manali/rooms/nature-orchid-rooms,200,200,0,134,,"Nature Orchid Rooms | NatureVilas Sarovar Portico, Manali | Sarovar Hotels",false,false,missing_meta_description|missing_canonical
/hotels/nataraj-sarovar-portico-jhansi/rooms/superior-room,200,200,0,155,,"Superior Room | Nataraj Sarovar Portico, Jhansi | Sarovar Hotels",false,false,missing_meta_description|missing_canonical
/hotels/naturevilas-portico-manali/rooms/suites,200,200,0,132,,"Suites | NatureVilas Sarovar Portico, Manali | Sarovar Hotels",false,false,missing_meta_description|missing_canonical
/hotels/neelkanth-sarovar-premiere-lusaka/rooms/deluxe-suite,200,200,0,134,,"Deluxe Suite | Neelkanth Sarovar Premiere, Lusaka | Sarovar Hotels",false,false,missing_meta_description|missing_canonical
/hotels/neelkanth-sarovar-premiere-lusaka/rooms/executive-twin-suite,200,200,0,135,,"Executive Twin Suite | Neelkanth Sarovar Premiere, Lusaka | Sarovar Hotels",false,false,missing_meta_description|missing_canonical
/hotels/neelkanth-sarovar-premiere-lusaka/rooms/premium-suite,200,200,0,136,,"Premium Suite | Neelkanth Sarovar Premiere, Lusaka | Sarovar Hotels",false,false,missing_meta_description|missing_canonical
/hotels/nidhivan-sarovar-portico-vrindavan/rooms/deluxe-double-bed-room,200,200,0,141,,"Deluxe Double Bed Room | Nidhivan Sarovar Portico, Vrindavan | Sarovar Hotels",false,false,missing_meta_description|missing_canonical
/hotels/nidhivan-sarovar-portico-vrindavan/rooms/deluxe-twin-bed-room,200,200,0,141,,"Deluxe Twin Bed Room | Nidhivan Sarovar Portico, Vrindavan | Sarovar Hotels",false,false,missing_meta_description|missing_canonical
/hotels/nidhivan-sarovar-portico-vrindavan/rooms/junior-suite,200,200,0,131,,"Junior Suite | Nidhivan Sarovar Portico, Vrindavan | Sarovar Hotels",false,false,missing_meta_description|missing_canonical
/hotels/nidhivan-sarovar-portico-vrindavan/rooms/premium-room,200,200,0,137,,"Premium Room | Nidhivan Sarovar Portico, Vrindavan | Sarovar Hotels",false,false,missing_meta_description|missing_canonical
/hotels/nirvana-sarovar-portico-gorakhpur/rooms/deluxe-rooms,200,200,0,139,,"Deluxe Rooms | Nirvana Sarovar Portico, Gorakhpur | Sarovar Hotels",false,false,missing_meta_description|missing_canonical
/hotels/nirvana-sarovar-portico-gorakhpur/rooms/suites,200,200,0,159,,"Suites | Nirvana Sarovar Portico, Gorakhpur | Sarovar Hotels",false,false,missing_meta_description|missing_canonical
/hotels/nirvana-sarovar-portico-gorakhpur/rooms/superior-rooms,200,200,0,149,,"Superior Rooms | Nirvana Sarovar Portico, Gorakhpur | Sarovar Hotels",false,false,missing_meta_description|missing_canonical
/hotels/nirwana-hometel-jaipur-sarovar/rooms/studio-room-city-view,200,200,0,145,,"Studio Room City View | Nirwana Hometel, Jaipur | Sarovar Hotels",false,false,missing_meta_description|missing_canonical
/hotels/nirwana-hometel-jaipur-sarovar/rooms/studio-room-nahargarh-view,200,200,0,145,,"Studio Room Nahargarh View | Nirwana Hometel, Jaipur | Sarovar Hotels",false,false,missing_meta_description|missing_canonical
/hotels/nirwana-hometel-jaipur-sarovar/rooms/superior-king-bed-rooms,200,200,0,148,,"Superior King Bed Rooms | Nirwana Hometel, Jaipur | Sarovar Hotels",false,false,missing_meta_description|missing_canonical
/hotels/nirwana-hometel-jaipur-sarovar/rooms/superior-twin-bed-room,200,200,0,144,,"Superior Twin Bed Room | Nirwana Hometel, Jaipur | Sarovar Hotels",false,false,missing_meta_description|missing_canonical
/hotels/paradigm-sarovar-kakinada/rooms/club-rooms,200,200,0,139,,"Club Rooms | Paradigm Sarovar Portico, Kakinada | Sarovar Hotels",false,false,missing_meta_description|missing_canonical
/hotels/paradigm-sarovar-kakinada/rooms/superior-rooms,200,200,0,150,,"Superior Rooms | Paradigm Sarovar Portico, Kakinada | Sarovar Hotels",false,false,missing_meta_description|missing_canonical
/hotels/park-inn-by-radisson-ayodhya/rooms/deluxe-double-deluxe-twin,200,200,0,138,,Deluxe Double/Deluxe Twin | Park Inn by Radisson Ayodhya | Sarovar Hotels,false,false,missing_meta_description|missing_canonical
/hotels/park-inn-by-radisson-ayodhya/rooms/suite,200,200,0,131,,Suite | Park Inn by Radisson Ayodhya | Sarovar Hotels,false,false,missing_meta_description|missing_canonical
/hotels/park-inn-by-radisson-ayodhya/rooms/superior-double-superior-twin,200,200,0,121,,Superior Double/Superior Twin | Park Inn by Radisson Ayodhya | Sarovar Hotels,false,false,missing_meta_description|missing_canonical
/hotels/park-plaza-jalandhar/rooms/deluxe-room,200,200,0,118,,"Deluxe Room | Park Plaza, Jalandhar | Sarovar Hotels",false,false,missing_meta_description|missing_canonical
/hotels/park-plaza-jalandhar/rooms/executive-room,200,200,0,114,,"Executive Room | Park Plaza, Jalandhar | Sarovar Hotels",false,false,missing_meta_description|missing_canonical
/hotels/park-plaza-jalandhar/rooms/suite,200,200,0,110,,"Suite | Park Plaza, Jalandhar | Sarovar Hotels",false,false,missing_meta_description|missing_canonical
/hotels/park-plaza-jalandhar/rooms/superior-room,200,200,0,120,,"Superior Room | Park Plaza, Jalandhar | Sarovar Hotels",false,false,missing_meta_description|missing_canonical
/hotels/park-plaza-jodhpur/rooms/deluxe-room,200,200,0,111,,"Deluxe Room | Park Plaza, Jodhpur | Sarovar Hotels",false,false,missing_meta_description|missing_canonical
/hotels/park-plaza-jodhpur/rooms/suites,200,200,0,129,,"Suites | Park Plaza, Jodhpur | Sarovar Hotels",false,false,missing_meta_description|missing_canonical
/hotels/park-plaza-jodhpur/rooms/superior-room,200,200,0,137,,"Superior Room | Park Plaza, Jodhpur | Sarovar Hotels",false,false,missing_meta_description|missing_canonical
/hotels/prachi-sarovar-premiere-bhubaneswar/rooms/khandagiri-temple-view-deluxe-double-bed-room,200,200,0,143,,"Khandagiri Temple-View Deluxe Double Bed Room | Prachi Sarovar Premiere, Bhubaneswar | Sarovar Hotels",false,false,missing_meta_description|missing_canonical
/hotels/prachi-sarovar-premiere-bhubaneswar/rooms/khandagiri-temple-view-deluxe-twin-bed-room,200,200,0,154,,"Khandagiri Temple-View Deluxe Twin Bed Room | Prachi Sarovar Premiere, Bhubaneswar | Sarovar Hotels",false,false,missing_meta_description|missing_canonical
/hotels/prachi-sarovar-premiere-bhubaneswar/rooms/luxury-suite,200,200,0,150,,"Luxury Suite | Prachi Sarovar Premiere, Bhubaneswar | Sarovar Hotels",false,false,missing_meta_description|missing_canonical
/hotels/prachi-sarovar-premiere-bhubaneswar/rooms/pool-view-premium-double-bed-room,200,200,0,159,,"Pool-View Premium Double Bed Room | Prachi Sarovar Premiere, Bhubaneswar | Sarovar Hotels",false,false,missing_meta_description|missing_canonical
/hotels/prachi-sarovar-premiere-bhubaneswar/rooms/standard-twin-bed-room,200,200,0,158,,"Standard Twin Bed Room | Prachi Sarovar Premiere, Bhubaneswar | Sarovar Hotels",false,false,missing_meta_description|missing_canonical
/hotels/prachi-sarovar-premiere-bhubaneswar/rooms/standard-double-bed-room,200,200,0,168,,"Standard Double Bed Room | Prachi Sarovar Premiere, Bhubaneswar | Sarovar Hotels",false,false,missing_meta_description|missing_canonical
/hotels/prachi-sarovar-premiere-bhubaneswar/rooms/superior-double-bed-room,200,200,0,156,,"Superior Double Bed Room | Prachi Sarovar Premiere, Bhubaneswar | Sarovar Hotels",false,false,missing_meta_description|missing_canonical
/hotels/prachi-sarovar-premiere-bhubaneswar/rooms/superior-twin-bed-room,200,200,0,165,,"Superior Twin Bed Room | Prachi Sarovar Premiere, Bhubaneswar | Sarovar Hotels",false,false,missing_meta_description|missing_canonical
/hotels/presidium-sarovar-premiere-dalhousie/rooms/deluxe-suite-with-balcony,200,200,0,157,,"Deluxe Suite with Balcony | Presidium Sarovar Premiere, Dalhousie | Sarovar Hotels",false,false,missing_meta_description|missing_canonical
/hotels/presidium-sarovar-premiere-dalhousie/rooms/deluxe-room-with-balcony,200,200,0,150,,"Deluxe Room With Balcony | Presidium Sarovar Premiere, Dalhousie | Sarovar Hotels",false,false,missing_meta_description|missing_canonical
/hotels/presidium-sarovar-premiere-dalhousie/rooms/family-room,200,200,0,138,,"Family Room | Presidium Sarovar Premiere, Dalhousie | Sarovar Hotels",false,false,missing_meta_description|missing_canonical
/hotels/presidium-sarovar-premiere-dalhousie/rooms/luxury-suite-with-private-sit-out,200,200,0,129,,"Luxury Suite with Private Sit-Out | Presidium Sarovar Premiere, Dalhousie | Sarovar Hotels",false,false,missing_meta_description|missing_canonical
/hotels/presidium-sarovar-premiere-dalhousie/rooms/premium-room-with-private-sit-out,200,200,0,147,,"Premium Room With Private Sit-Out | Presidium Sarovar Premiere, Dalhousie | Sarovar Hotels",false,false,missing_meta_description|missing_canonical
/hotels/presidium-sarovar-premiere-dalhousie/rooms/panorama-valley-view-with-balcony,200,200,0,132,,"Panorama Valley View with Balcony | Presidium Sarovar Premiere, Dalhousie | Sarovar Hotels",false,false,missing_meta_description|missing_canonical
/hotels/presidium-sarovar-premiere-dalhousie/rooms/premium-valley-view-with-balcony,200,200,0,148,,"Premium Valley View with Balcony | Presidium Sarovar Premiere, Dalhousie | Sarovar Hotels",false,false,missing_meta_description|missing_canonical
/hotels/presidium-sarovar-premiere-dalhousie/rooms/superior-room,200,200,0,134,,"Superior Room | Presidium Sarovar Premiere, Dalhousie | Sarovar Hotels",false,false,missing_meta_description|missing_canonical
/hotels/pushkara-portico-hotel-in-dibrugarh/rooms/deluxe-double-bed-rooms,200,200,0,135,,"Deluxe Double Bed Rooms | Pushkara Sarovar Portico, Dibrugarh | Sarovar Hotels",false,false,missing_meta_description|missing_canonical
/hotels/pushkara-portico-hotel-in-dibrugarh/rooms/deluxe-twin-bed-room,200,200,0,128,,"Deluxe Twin Bed Room | Pushkara Sarovar Portico, Dibrugarh | Sarovar Hotels",false,false,missing_meta_description|missing_canonical
/hotels/pushkara-portico-hotel-in-dibrugarh/rooms/executive-rooms,200,200,0,134,,"Executive Rooms | Pushkara Sarovar Portico, Dibrugarh | Sarovar Hotels",false,false,missing_meta_description|missing_canonical
/hotels/pushkara-portico-hotel-in-dibrugarh/rooms/penthouse,200,200,0,120,,"Penthouse | Pushkara Sarovar Portico, Dibrugarh | Sarovar Hotels",false,false,missing_meta_description|missing_canonical
/hotels/pushkara-portico-hotel-in-dibrugarh/rooms/standard-double-or-twin-room,200,200,0,120,,"Standard Double or Twin Room | Pushkara Sarovar Portico, Dibrugarh | Sarovar Hotels",false,false,missing_meta_description|missing_canonical
/hotels/pushkara-portico-hotel-in-dibrugarh/rooms/suites,200,200,0,131,,"Suites | Pushkara Sarovar Portico, Dibrugarh | Sarovar Hotels",false,false,missing_meta_description|missing_canonical
/hotels/radha-hometel-bangalore/rooms/superior-queen-room,200,200,0,115,,"Superior Queen Room | Radha Hometel, Bangalore | Sarovar Hotels",false,false,missing_meta_description|missing_canonical
/hotels/radha-hometel-bangalore/rooms/superior-twin-bed-room,200,200,0,126,,"Superior Twin Bed Room | Radha Hometel, Bangalore | Sarovar Hotels",false,false,missing_meta_description|missing_canonical
/hotels/radha-regent-chennai/rooms/suites,200,200,0,125,,"Suites | Radha Regent, Chennai | Sarovar Hotels",false,false,missing_meta_description|missing_canonical
/hotels/radha-regent-chennai/rooms/executive-rooms,200,200,0,125,,"Executive Rooms | Radha Regent, Chennai | Sarovar Hotels",false,false,missing_meta_description|missing_canonical
/hotels/radha-regent-chennai/rooms/superior-rooms,200,200,0,133,,"Superior Rooms | Radha Regent, Chennai | Sarovar Hotels",false,false,missing_meta_description|missing_canonical
/hotels/rbd-sarovar-portico-outer-ring-road-bengaluru/rooms/club-rooms,200,200,0,145,,"Club Rooms | RBD Sarovar Portico Outer Ring Road, Bengaluru | Sarovar Hotels",false,false,missing_meta_description|missing_canonical
/hotels/rbd-sarovar-portico-outer-ring-road-bengaluru/rooms/deluxe-rooms,200,200,0,144,,"Deluxe Rooms | RBD Sarovar Portico Outer Ring Road, Bengaluru | Sarovar Hotels",false,false,missing_meta_description|missing_canonical
/hotels/rbd-sarovar-portico-outer-ring-road-bengaluru/rooms/premium-room-with-balcony,200,200,0,143,,"Premium Room With Balcony | RBD Sarovar Portico Outer Ring Road, Bengaluru | Sarovar Hotels",false,false,missing_meta_description|missing_canonical
/hotels/rbd-sarovar-portico-outer-ring-road-bengaluru/rooms/premium-rooms,200,200,0,148,,"Premium Rooms | RBD Sarovar Portico Outer Ring Road, Bengaluru | Sarovar Hotels",false,false,missing_meta_description|missing_canonical
/hotels/residency-sarovar-portico-mumbai/rooms/deluxe-rooms,200,200,0,140,,"Deluxe Rooms | Residency Sarovar Portico, Mumbai  | Sarovar Hotels",false,false,missing_meta_description|missing_canonical
/hotels/residency-sarovar-portico-mumbai/rooms/superior-rooms,200,200,0,142,,"Superior Rooms | Residency Sarovar Portico, Mumbai  | Sarovar Hotels",false,false,missing_meta_description|missing_canonical
/hotels/rivera-sarovar-portico-ahmedabad/rooms/deluxe-rooms,200,200,0,145,,"Deluxe Rooms | Rivera Sarovar Portico, Ahmedabad | Sarovar Hotels",false,false,missing_meta_description|missing_canonical
/hotels/rivera-sarovar-portico-ahmedabad/rooms/standard-rooms,200,200,0,132,,"Standard Rooms | Rivera Sarovar Portico, Ahmedabad | Sarovar Hotels",false,false,missing_meta_description|missing_canonical
/hotels/riviera-sarovar-portico-pathankot/rooms/executive-double-bed-room,200,200,0,138,,"Executive Double Bed Room | Riviera Sarovar Portico, Pathankot | Sarovar Hotels",false,false,missing_meta_description|missing_canonical
/hotels/rivera-sarovar-portico-ahmedabad/rooms/superior-rooms,200,200,0,138,,"Superior Rooms | Rivera Sarovar Portico, Ahmedabad | Sarovar Hotels",false,false,missing_meta_description|missing_canonical
/hotels/riviera-sarovar-portico-pathankot/rooms/premium-double-bed-room,200,200,0,128,,"Premium Double Bed Room | Riviera Sarovar Portico, Pathankot | Sarovar Hotels",false,false,missing_meta_description|missing_canonical
/hotels/riviera-sarovar-portico-pathankot/rooms/suite-double-bed-room,200,200,0,122,,"Suite Double Bed Room | Riviera Sarovar Portico, Pathankot | Sarovar Hotels",false,false,missing_meta_description|missing_canonical
/hotels/riviera-sarovar-portico-pathankot/rooms/premium-twin-bed-room,200,200,0,129,,"Premium Twin Bed Room | Riviera Sarovar Portico, Pathankot | Sarovar Hotels",false,false,missing_meta_description|missing_canonical
/hotels/riviera-sarovar-portico-pathankot/rooms/superior-double-bed-room,200,200,0,129,,"Superior Double Bed Room | Riviera Sarovar Portico, Pathankot | Sarovar Hotels",false,false,missing_meta_description|missing_canonical
/hotels/rosefinch-sarovar-portico-bhimtal/rooms/lake-view-deluxe-rooms-with-balcony-breakfast-dinner,200,200,0,122,,"Lake View Deluxe Rooms with Balcony (Breakfast & Dinner) | Rosefinch Sarovar Portico,  Bhimtal | Sarovar Hotels",false,false,missing_meta_description|missing_canonical
/hotels/rosefinch-sarovar-portico-bhimtal/rooms/lake-view-deluxe-rooms-with-balcony-breakfast,200,200,0,130,,"Lake View Deluxe Rooms with Balcony (Breakfast) | Rosefinch Sarovar Portico,  Bhimtal | Sarovar Hotels",false,false,missing_meta_description|missing_canonical
/hotels/rosefinch-sarovar-portico-bhimtal/rooms/lake-view-deluxe-rooms-with-balcony,200,200,0,113,,"Lake View Deluxe Rooms With Balcony | Rosefinch Sarovar Portico,  Bhimtal | Sarovar Hotels",false,false,missing_meta_description|missing_canonical
/hotels/rosefinch-sarovar-portico-bhimtal/rooms/lake-view-family-room-4-pax-room-only,200,200,0,126,,"Lake view Family Room(4 pax) Room Only | Rosefinch Sarovar Portico,  Bhimtal | Sarovar Hotels",false,false,missing_meta_description|missing_canonical
/hotels/rosefinch-sarovar-portico-bhimtal/rooms/lake-view-family-room-4-pax-with-breakfast-and-dinner,200,200,0,134,,"Lake view Family Room(4 pax) with Breakfast and Dinner | Rosefinch Sarovar Portico,  Bhimtal | Sarovar Hotels",false,false,missing_meta_description|missing_canonical
/hotels/rosefinch-sarovar-portico-bhimtal/rooms/lake-view-family-room-4-pax-with-breakfast,200,200,0,123,,"Lake view Family Room(4 pax) with Breakfast | Rosefinch Sarovar Portico,  Bhimtal | Sarovar Hotels",false,false,missing_meta_description|missing_canonical
/hotels/rosefinch-sarovar-portico-bhimtal/rooms/lake-view-luxury-rooms-with-balcony-breakfast-and-dinner,200,200,0,127,,"Lake View Luxury Rooms With Balcony (Breakfast and Dinner) | Rosefinch Sarovar Portico,  Bhimtal | Sarovar Hotels",false,false,missing_meta_description|missing_canonical
/hotels/rosefinch-sarovar-portico-bhimtal/rooms/lake-view-luxury-rooms-with-balcony,200,200,0,120,,"Lake View Luxury Rooms With Balcony | Rosefinch Sarovar Portico,  Bhimtal | Sarovar Hotels",false,false,missing_meta_description|missing_canonical
/hotels/rosefinch-sarovar-portico-bhimtal/rooms/lake-view-luxury-rooms-with-balcony-breakfast,200,200,0,125,,"Lake View Luxury Rooms With Balcony (Breakfast) | Rosefinch Sarovar Portico,  Bhimtal | Sarovar Hotels",false,false,missing_meta_description|missing_canonical
/hotels/royal-hometel-suites-dahisar-mumbai/rooms/deluxe-double-rooms,200,200,0,115,,"Deluxe Double Rooms | Royal Hometel Suites, Dahisar, Mumbai | Sarovar Hotels",false,false,missing_meta_description|missing_canonical
/hotels/royal-hometel-suites-dahisar-mumbai/rooms/deluxe-twin-room,200,200,0,132,,"Deluxe Twin Room | Royal Hometel Suites, Dahisar, Mumbai | Sarovar Hotels",false,false,missing_meta_description|missing_canonical
/hotels/royal-hometel-suites-dahisar-mumbai/rooms/suite-double-room,200,200,0,126,,"Suite Double Room | Royal Hometel Suites, Dahisar, Mumbai | Sarovar Hotels",false,false,missing_meta_description|missing_canonical
/hotels/royal-hometel-suites-dahisar-mumbai/rooms/suite-twin-room,200,200,0,132,,"Suite Twin Room | Royal Hometel Suites, Dahisar, Mumbai | Sarovar Hotels",false,false,missing_meta_description|missing_canonical
/hotels/royal-hometel-suites-dahisar-mumbai/rooms/superior-room,200,200,0,133,,"Superior Room | Royal Hometel Suites, Dahisar, Mumbai | Sarovar Hotels",false,false,missing_meta_description|missing_canonical
/hotels/royal-kingdom-sarovar-portico-pilibhit/rooms/deluxe-double-room,200,200,0,129,,"Deluxe Double Room | Royal Kingdom Sarovar Portico, Pilibhit | Sarovar Hotels",false,false,missing_meta_description|missing_canonical
/hotels/royal-kingdom-sarovar-portico-pilibhit/rooms/executive-double-room,200,200,0,140,,"Executive Double Room | Royal Kingdom Sarovar Portico, Pilibhit | Sarovar Hotels",false,false,missing_meta_description|missing_canonical
/hotels/royal-kingdom-sarovar-portico-pilibhit/rooms/executive-twin-room,200,200,0,134,,"Executive Twin Room | Royal Kingdom Sarovar Portico, Pilibhit | Sarovar Hotels",false,false,missing_meta_description|missing_canonical
/hotels/royal-kingdom-sarovar-portico-pilibhit/rooms/superior-double-room,200,200,0,130,,"Superior Double Room | Royal Kingdom Sarovar Portico, Pilibhit | Sarovar Hotels",false,false,missing_meta_description|missing_canonical
/hotels/royal-kingdom-sarovar-portico-pilibhit/rooms/standard-double-room,200,200,0,135,,"Standard Double Room | Royal Kingdom Sarovar Portico, Pilibhit | Sarovar Hotels",false,false,missing_meta_description|missing_canonical
/hotels/royal-sarovar-portico-siliguri/rooms/deluxe-room,200,200,0,153,,"Deluxe Room | Royal Sarovar Portico, Siliguri | Sarovar Hotels",false,false,missing_meta_description|missing_canonical
/hotels/royal-sarovar-portico-siliguri/rooms/suite,200,200,0,135,,"Suite | Royal Sarovar Portico, Siliguri | Sarovar Hotels",false,false,missing_meta_description|missing_canonical
/hotels/royal-sarovar-portico-siliguri/rooms/superior-rooms,200,200,0,131,,"Superior Rooms | Royal Sarovar Portico, Siliguri | Sarovar Hotels",false,false,missing_meta_description|missing_canonical
/hotels/royal-tulip-chitwan/rooms/deluxe-double-bed-room,200,200,0,126,,"Deluxe Double Bed Room | Royal Tulip, Chitwan | Sarovar Hotels",false,false,missing_meta_description|missing_canonical
/hotels/royal-tulip-chitwan/rooms/deluxe-twin-bed-room,200,200,0,130,,"Deluxe Twin Bed Room | Royal Tulip, Chitwan | Sarovar Hotels",false,false,missing_meta_description|missing_canonical
/hotels/royal-tulip-chitwan/rooms/executive-suite,200,200,0,126,,"Executive Suite | Royal Tulip, Chitwan | Sarovar Hotels",false,false,missing_meta_description|missing_canonical
/hotels/royal-tulip-chitwan/rooms/machan-room,200,200,0,137,,"Machan Room | Royal Tulip, Chitwan | Sarovar Hotels",false,false,missing_meta_description|missing_canonical
/hotels/royal-tulip-chitwan/rooms/pool-facing-king-room,200,200,0,156,,"Pool Facing King Room | Royal Tulip, Chitwan | Sarovar Hotels",false,false,missing_meta_description|missing_canonical
/hotels/royal-tulip-chitwan/rooms/pool-facing-twin-room,200,200,0,143,,"Pool Facing Twin Room | Royal Tulip, Chitwan | Sarovar Hotels",false,false,missing_meta_description|missing_canonical
/hotels/royal-tulip-chitwan/rooms/pool-villa-king,200,200,0,144,,"Pool Villa King | Royal Tulip, Chitwan | Sarovar Hotels",false,false,missing_meta_description|missing_canonical
/hotels/royal-tulip-chitwan/rooms/premium-double-bed-room,200,200,0,135,,"Premium Double Bed Room | Royal Tulip, Chitwan | Sarovar Hotels",false,false,missing_meta_description|missing_canonical
/hotels/royal-tulip-chitwan/rooms/premium-twin-bed-room,200,200,0,148,,"Premium Twin Bed Room | Royal Tulip, Chitwan | Sarovar Hotels",false,false,missing_meta_description|missing_canonical
/hotels/royal-tulip-chitwan/rooms/superior-deluxe-double-bed-room,200,200,0,146,,"Superior Deluxe Double Bed Room | Royal Tulip, Chitwan | Sarovar Hotels",false,false,missing_meta_description|missing_canonical
/hotels/royal-tulip-chitwan/rooms/superior-deluxe-twin-bed-room,200,200,0,146,,"Superior Deluxe Twin Bed Room | Royal Tulip, Chitwan | Sarovar Hotels",false,false,missing_meta_description|missing_canonical
/hotels/royal-tulip-chitwan/rooms/water-villa,200,200,0,147,,"Water Villa | Royal Tulip, Chitwan | Sarovar Hotels",false,false,missing_meta_description|missing_canonical
/hotels/royal-tulip-kathmandu-shivapuri-national-park/rooms/deluxe-double-room-with-mountain-view,200,200,0,151,,Deluxe Double Room With Mountain View | Royal Tulip Shivapuri National Park - Kathmandu | Sarovar Hotels,false,false,missing_meta_description|missing_canonical
/hotels/royal-tulip-kathmandu-shivapuri-national-park/rooms/executive-double-room-with-valley-view,200,200,0,142,,Executive Double Room With Valley View | Royal Tulip Shivapuri National Park - Kathmandu | Sarovar Hotels,false,false,missing_meta_description|missing_canonical
/hotels/royal-tulip-kathmandu-shivapuri-national-park/rooms/premium-double-room-with-balcony,200,200,0,126,,Premium Double Room With Balcony | Royal Tulip Shivapuri National Park - Kathmandu | Sarovar Hotels,false,false,missing_meta_description|missing_canonical
/hotels/royal-tulip-kathmandu-shivapuri-national-park/rooms/executive-twin-room-with-valley-view,200,200,0,127,,Executive Twin Room With Valley View | Royal Tulip Shivapuri National Park - Kathmandu | Sarovar Hotels,false,false,missing_meta_description|missing_canonical
/hotels/royal-tulip-kathmandu-shivapuri-national-park/rooms/presidential-villa,200,200,0,132,,Presidential Villa | Royal Tulip Shivapuri National Park - Kathmandu | Sarovar Hotels,false,false,missing_meta_description|missing_canonical
/hotels/royal-tulip-kathmandu-shivapuri-national-park/rooms/superior-double-room-with-valley-view,200,200,0,125,,Superior Double Room With Valley View | Royal Tulip Shivapuri National Park - Kathmandu | Sarovar Hotels,false,false,missing_meta_description|missing_canonical
/hotels/royal-tulip-kathmandu-shivapuri-national-park/rooms/superior-twin-room-with-valley-view,200,200,0,124,,Superior Twin Room With Valley View | Royal Tulip Shivapuri National Park - Kathmandu | Sarovar Hotels,false,false,missing_meta_description|missing_canonical
/hotels/royal-tulip-kathmandu/rooms/deluxe-double-room,200,200,0,120,,Deluxe Double Room | Royal Tulip Kathmandu  | Sarovar Hotels,false,false,missing_meta_description|missing_canonical
/hotels/royal-tulip-kathmandu/rooms/premium-room,200,200,0,122,,Premium Room | Royal Tulip Kathmandu  | Sarovar Hotels,false,false,missing_meta_description|missing_canonical
/hotels/royal-tulip-kathmandu/rooms/deluxe-twin-room,200,200,0,115,,Deluxe Twin Room | Royal Tulip Kathmandu  | Sarovar Hotels,false,false,missing_meta_description|missing_canonical
/hotels/royal-tulip-kathmandu/rooms/royal-club-room,200,200,0,108,,Royal Club Room | Royal Tulip Kathmandu  | Sarovar Hotels,false,false,missing_meta_description|missing_canonical
/hotels/royal-tulip-kathmandu/rooms/presidential-suite,200,200,0,131,,Presidential Suite | Royal Tulip Kathmandu  | Sarovar Hotels,false,false,missing_meta_description|missing_canonical
/hotels/royale-sarovar-portico-agra/rooms/deluxe-double-room,200,200,0,125,,"Deluxe Double Room | Royale Sarovar Portico, Agra | Sarovar Hotels",false,false,missing_meta_description|missing_canonical
/hotels/royale-sarovar-portico-agra/rooms/deluxe-twin-room,200,200,0,129,,"Deluxe Twin Room | Royale Sarovar Portico, Agra | Sarovar Hotels",false,false,missing_meta_description|missing_canonical
/hotels/royale-sarovar-portico-agra/rooms/executive-room,200,200,0,164,,"Executive room | Royale Sarovar Portico, Agra | Sarovar Hotels",false,false,missing_meta_description|missing_canonical
/hotels/royale-sarovar-portico-agra/rooms/suite,200,200,0,159,,"Suite | Royale Sarovar Portico, Agra | Sarovar Hotels",false,false,missing_meta_description|missing_canonical
/hotels/rs-sarovar-portico-palampur/rooms/executive-suites,200,200,0,158,,"Executive Suites | RS Sarovar Portico, Palampur | Sarovar Hotels",false,false,missing_meta_description|missing_canonical
/hotels/rs-sarovar-portico-palampur/rooms/junior-suites,200,200,0,170,,"Junior Suites | RS Sarovar Portico, Palampur | Sarovar Hotels",false,false,missing_meta_description|missing_canonical
/hotels/rs-sarovar-portico-palampur/rooms/premium-rooms,200,200,0,179,,"Premium Rooms | RS Sarovar Portico, Palampur | Sarovar Hotels",false,false,missing_meta_description|missing_canonical
/hotels/rs-sarovar-portico-palampur/rooms/presidential-suite,200,200,0,186,,"Presidential Suite | RS Sarovar Portico, Palampur | Sarovar Hotels",false,false,missing_meta_description|missing_canonical
/hotels/rs-sarovar-portico-palampur/rooms/superior-rooms,200,200,0,171,,"Superior Rooms | RS Sarovar Portico, Palampur | Sarovar Hotels",false,false,missing_meta_description|missing_canonical
/hotels/sairafort-sarovar-portico-jaisalmer/rooms/deluxe-rooms,200,200,0,173,,"Deluxe Rooms | Sairafort Sarovar Portico, Jaisalmer | Sarovar Hotels",false,false,missing_meta_description|missing_canonical
/hotels/sarovar-ahmedabad/rooms/deluxe-double-bed-rooms,200,200,0,148,,"Deluxe Double Bed Rooms | Sarovar Portico, Kalupur-Ahmedabad | Sarovar Hotels",false,false,missing_meta_description|missing_canonical
/hotels/sairafort-sarovar-portico-jaisalmer/rooms/superior-rooms,200,200,0,160,,"Superior Rooms | Sairafort Sarovar Portico, Jaisalmer | Sarovar Hotels",false,false,missing_meta_description|missing_canonical
/hotels/sarovar-portico-ajmer/rooms/jr-suite,200,200,0,123,,"Jr. Suite | Sarovar Portico, Ajmer | Sarovar Hotels",false,false,missing_meta_description|missing_canonical
/hotels/sarovar-ahmedabad/rooms/deluxe-twin-bed-room,200,200,0,127,,"Deluxe Twin Bed Room | Sarovar Portico, Kalupur-Ahmedabad | Sarovar Hotels",false,false,missing_meta_description|missing_canonical
/hotels/sarovar-portico-ajmer/rooms/premium-room,200,200,0,134,,"Premium Room | Sarovar Portico, Ajmer | Sarovar Hotels",false,false,missing_meta_description|missing_canonical
/hotels/sarovar-portico-ajmer/rooms/suite,200,200,0,122,,"Suite | Sarovar Portico, Ajmer | Sarovar Hotels",false,false,missing_meta_description|missing_canonical
/hotels/sarovar-portico-ajmer/rooms/superior-twin-bed-room,200,200,0,144,,"Superior Twin Bed Room | Sarovar Portico, Ajmer | Sarovar Hotels",false,false,missing_meta_description|missing_canonical
/hotels/sarovar-portico-ajmer/rooms/superior-double-bed-room,200,200,0,132,,"Superior Double Bed Room | Sarovar Portico, Ajmer | Sarovar Hotels",false,false,missing_meta_description|missing_canonical
/hotels/sarovar-portico-badrinath-uttarakhand/rooms/deluxe-rooms,200,200,0,139,,"Deluxe Rooms | Sarovar Portico, Badrinath | Sarovar Hotels",false,false,missing_meta_description|missing_canonical
/hotels/sarovar-portico-badrinath-uttarakhand/rooms/suite,200,200,0,137,,"Suite | Sarovar Portico, Badrinath | Sarovar Hotels",false,false,missing_meta_description|missing_canonical
/hotels/sarovar-portico-bhubaneswar/rooms/deluxe-king-room,200,200,0,137,,"Deluxe King Room | Sarovar Portico, Bhubaneswar (Opening Soon) | Sarovar Hotels",false,false,missing_meta_description|missing_canonical
/hotels/sarovar-portico-bhubaneswar/rooms/deluxe-twin-room,200,200,0,137,,"Deluxe Twin Room | Sarovar Portico, Bhubaneswar (Opening Soon) | Sarovar Hotels",false,false,missing_meta_description|missing_canonical
/hotels/sarovar-portico-bhubaneswar/rooms/executive-king-room,200,200,0,129,,"Executive King Room | Sarovar Portico, Bhubaneswar (Opening Soon) | Sarovar Hotels",false,false,missing_meta_description|missing_canonical
/hotels/sarovar-portico-bhubaneswar/rooms/executive-twin-room,200,200,0,125,,"Executive Twin Room | Sarovar Portico, Bhubaneswar (Opening Soon) | Sarovar Hotels",false,false,missing_meta_description|missing_canonical
/hotels/sarovar-portico-bhubaneswar/rooms/junior-suite,200,200,0,117,,"Junior Suite | Sarovar Portico, Bhubaneswar (Opening Soon) | Sarovar Hotels",false,false,missing_meta_description|missing_canonical
/hotels/sarovar-portico-bhubaneswar/rooms/suite,200,200,0,135,,"Suite | Sarovar Portico, Bhubaneswar (Opening Soon) | Sarovar Hotels",false,false,missing_meta_description|missing_canonical
/hotels/sarovar-portico-birgunj/rooms/deluxe-double-bed-room,200,200,0,120,,"Deluxe Double Bed Room | Sarovar Portico, Birgunj | Sarovar Hotels",false,false,missing_meta_description|missing_canonical
/hotels/sarovar-portico-birgunj/rooms/deluxe-twin-bed-room,200,200,0,120,,"Deluxe Twin Bed Room | Sarovar Portico, Birgunj | Sarovar Hotels",false,false,missing_meta_description|missing_canonical
/hotels/sarovar-portico-birgunj/rooms/premium-double-bed-room,200,200,0,115,,"Premium Double Bed Room | Sarovar Portico, Birgunj | Sarovar Hotels",false,false,missing_meta_description|missing_canonical
/hotels/sarovar-portico-birgunj/rooms/suite-double-bed-room,200,200,0,112,,"Suite Double Bed Room | Sarovar Portico, Birgunj | Sarovar Hotels",false,false,missing_meta_description|missing_canonical
/hotels/sarovar-portico-dehradun/rooms/suite-room,200,200,0,112,,"Suite Room | Sarovar Portico, Dehradun | Sarovar Hotels",false,false,missing_meta_description|missing_canonical
/hotels/sarovar-portico-dehradun/rooms/superior-double-bed-room,200,200,0,121,,"Superior Double Bed Room | Sarovar Portico, Dehradun | Sarovar Hotels",false,false,missing_meta_description|missing_canonical
/hotels/sarovar-portico-dehradun/rooms/superior-twin-bed-room,200,200,0,122,,"Superior Twin Bed Room | Sarovar Portico, Dehradun | Sarovar Hotels",false,false,missing_meta_description|missing_canonical
/hotels/sarovar-portico-gir/rooms/deluxe-double-bed-room,200,200,0,122,,Deluxe Double Bed Room | Sarovar Portico Gir | Sarovar Hotels,false,false,missing_meta_description|missing_canonical
/hotels/sarovar-portico-gir/rooms/deluxe-twin-bed-room,200,200,0,124,,Deluxe Twin Bed Room | Sarovar Portico Gir | Sarovar Hotels,false,false,missing_meta_description|missing_canonical
/hotels/sarovar-portico-gir/rooms/executive-room,200,200,0,108,,Executive Room | Sarovar Portico Gir | Sarovar Hotels,false,false,missing_meta_description|missing_canonical
/hotels/sarovar-portico-gir/rooms/studio,200,200,0,114,,Studio | Sarovar Portico Gir | Sarovar Hotels,false,false,missing_meta_description|missing_canonical
/hotels/sarovar-portico-gir/rooms/suite,200,200,0,132,,Suite | Sarovar Portico Gir | Sarovar Hotels,false,false,missing_meta_description|missing_canonical
/hotels/sarovar-portico-hanumangarh/rooms/deluxe-twin-garden-view,200,200,0,126,,"Deluxe Twin Garden View | Sarovar Portico, Hanumangarh | Sarovar Hotels",false,false,missing_meta_description|missing_canonical
/hotels/sarovar-portico-hanumangarh/rooms/deluxe-double-garden-view,200,200,0,134,,"Deluxe Double Garden View | Sarovar Portico, Hanumangarh | Sarovar Hotels",false,false,missing_meta_description|missing_canonical
/hotels/sarovar-portico-hanumangarh/rooms/suite,200,200,0,133,,"Suite | Sarovar Portico, Hanumangarh | Sarovar Hotels",false,false,missing_meta_description|missing_canonical
/hotels/sarovar-portico-hanumangarh/rooms/superior-double-city-view,200,200,0,133,,"Superior  Double  City  View | Sarovar Portico, Hanumangarh | Sarovar Hotels",false,false,missing_meta_description|missing_canonical
/hotels/sarovar-portico-hanumangarh/rooms/superior-twin-city-view,200,200,0,135,,"Superior Twin City  View | Sarovar Portico, Hanumangarh | Sarovar Hotels",false,false,missing_meta_description|missing_canonical
/hotels/sarovar-portico-jaipur/rooms/premium-rooms,200,200,0,140,,"Premium Rooms | Sarovar Portico, Jaipur | Sarovar Hotels",false,false,missing_meta_description|missing_canonical
/hotels/sarovar-portico-jaipur/rooms/suite,200,200,0,136,,"Suite | Sarovar Portico, Jaipur | Sarovar Hotels",false,false,missing_meta_description|missing_canonical
/hotels/sarovar-portico-jaipur/rooms/superior-rooms,200,200,0,133,,"Superior Rooms | Sarovar Portico, Jaipur | Sarovar Hotels",false,false,missing_meta_description|missing_canonical
/hotels/sarovar-portico-jalandhar/rooms/deluxe-double-bed-room,200,200,0,124,,"Deluxe Double Bed Room | Sarovar Portico, Jalandhar  | Sarovar Hotels",false,false,missing_meta_description|missing_canonical
/hotels/sarovar-portico-jalandhar/rooms/deluxe-twin-bed-room,200,200,0,122,,"Deluxe Twin Bed Room | Sarovar Portico, Jalandhar  | Sarovar Hotels",false,false,missing_meta_description|missing_canonical
/hotels/sarovar-portico-jalandhar/rooms/executive-room,200,200,0,136,,"Executive Room | Sarovar Portico, Jalandhar  | Sarovar Hotels",false,false,missing_meta_description|missing_canonical
/hotels/sarovar-portico-jalandhar/rooms/suites,200,200,0,139,,"Suites | Sarovar Portico, Jalandhar  | Sarovar Hotels",false,false,missing_meta_description|missing_canonical
/hotels/sarovar-portico-kolkata-rajarhat/rooms/deluxe-double-room,200,200,0,133,,"Deluxe Double Room | Sarovar Portico, Kolkata Rajarhat | Sarovar Hotels",false,false,missing_meta_description|missing_canonical
/hotels/sarovar-portico-kolkata-rajarhat/rooms/deluxe-twin-room,200,200,0,134,,"Deluxe Twin Room | Sarovar Portico, Kolkata Rajarhat | Sarovar Hotels",false,false,missing_meta_description|missing_canonical
/hotels/sarovar-portico-kolkata-rajarhat/rooms/executive-room,200,200,0,138,,"Executive Room | Sarovar Portico, Kolkata Rajarhat | Sarovar Hotels",false,false,missing_meta_description|missing_canonical
/hotels/sarovar-portico-kolkata-rajarhat/rooms/standard-double-bed-room,200,200,0,134,,"Standard Double Bed Room | Sarovar Portico, Kolkata Rajarhat | Sarovar Hotels",false,false,missing_meta_description|missing_canonical
/hotels/sarovar-portico-kolkata-rajarhat/rooms/suite-double-bed-room,200,200,0,142,,"Suite Double Bed Room | Sarovar Portico, Kolkata Rajarhat | Sarovar Hotels",false,false,missing_meta_description|missing_canonical
/hotels/sarovar-portico-morbi/rooms/deluxe-rooms,200,200,0,142,,"Deluxe Rooms | Sarovar Portico, Morbi | Sarovar Hotels",false,false,missing_meta_description|missing_canonical
/hotels/sarovar-portico-morbi/rooms/executive-suites,200,200,0,149,,"Executive Suites | Sarovar Portico, Morbi | Sarovar Hotels",false,false,missing_meta_description|missing_canonical
/hotels/sarovar-portico-morbi/rooms/junior-suites,200,200,0,139,,"Junior Suites | Sarovar Portico, Morbi | Sarovar Hotels",false,false,missing_meta_description|missing_canonical
/hotels/sarovar-portico-morbi/rooms/premium-twin-bed-rooms,200,200,0,121,,"Premium Twin Bed Rooms | Sarovar Portico, Morbi | Sarovar Hotels",false,false,missing_meta_description|missing_canonical
/hotels/sarovar-portico-morbi/rooms/premium-double-bed-rooms,200,200,0,132,,"Premium Double Bed Rooms | Sarovar Portico, Morbi | Sarovar Hotels",false,false,missing_meta_description|missing_canonical
/hotels/sarovar-portico-naraina-new-delhi/rooms/deluxe-rooms,200,200,0,131,,"Deluxe Rooms | Sarovar Portico Naraina, New Delhi | Sarovar Hotels",false,false,missing_meta_description|missing_canonical
/hotels/sarovar-portico-naraina-new-delhi/rooms/superior-double-bed-rooms,200,200,0,126,,"Superior Double Bed Rooms | Sarovar Portico Naraina, New Delhi | Sarovar Hotels",false,false,missing_meta_description|missing_canonical
/hotels/sarovar-portico-naraina-new-delhi/rooms/superior-twin-bed-rooms,200,200,0,121,,"Superior Twin Bed Rooms | Sarovar Portico Naraina, New Delhi | Sarovar Hotels",false,false,missing_meta_description|missing_canonical
/hotels/sarovar-portico-saharanpur/rooms/deluxe-double-bed,200,200,0,127,,"Deluxe Double Bed | Sarovar Portico, Saharanpur | Sarovar Hotels",false,false,missing_meta_description|missing_canonical
/hotels/sarovar-portico-saharanpur/rooms/deluxe-twin-bed,200,200,0,119,,"Deluxe Twin Bed | Sarovar Portico, Saharanpur | Sarovar Hotels",false,false,missing_meta_description|missing_canonical
/hotels/sarovar-portico-saharanpur/rooms/executive-suite,200,200,0,119,,"Executive Suite | Sarovar Portico, Saharanpur | Sarovar Hotels",false,false,missing_meta_description|missing_canonical
/hotels/sarovar-portico-saharanpur/rooms/suite,200,200,0,121,,"Suite | Sarovar Portico, Saharanpur | Sarovar Hotels",false,false,missing_meta_description|missing_canonical
/hotels/sarovar-portico-somnath/rooms/executive-room,200,200,0,123,,"Executive Room | Sarovar Portico, Somnath | Sarovar Hotels",false,false,missing_meta_description|missing_canonical
/hotels/sarovar-portico-somnath/rooms/family-suite,200,200,0,116,,"Family Suite | Sarovar Portico, Somnath | Sarovar Hotels",false,false,missing_meta_description|missing_canonical
/hotels/sarovar-portico-somnath/rooms/premier-room,200,200,0,118,,"Premier Room | Sarovar Portico, Somnath | Sarovar Hotels",false,false,missing_meta_description|missing_canonical
/hotels/sarovar-portico-somnath/rooms/presidential-suite,200,200,0,111,,"Presidential Suite | Sarovar Portico, Somnath | Sarovar Hotels",false,false,missing_meta_description|missing_canonical
/hotels/sarovar-portico-somnath/rooms/sarovar-suite,200,200,0,115,,"Sarovar Suite | Sarovar Portico, Somnath | Sarovar Hotels",false,false,missing_meta_description|missing_canonical
/hotels/sarovar-portico-somnath/rooms/superior-room,200,200,0,126,,"Superior Room | Sarovar Portico, Somnath | Sarovar Hotels",false,false,missing_meta_description|missing_canonical
/hotels/sarovar-portico-sonipat/rooms/deluxe-king-room,200,200,0,123,,"Deluxe King Room | Sarovar Portico, Sonipat | Sarovar Hotels",false,false,missing_meta_description|missing_canonical
/hotels/sarovar-portico-sonipat/rooms/deluxe-suite,200,200,0,116,,"Deluxe Suite | Sarovar Portico, Sonipat | Sarovar Hotels",false,false,missing_meta_description|missing_canonical
/hotels/sarovar-portico-sonipat/rooms/deluxe-twin-room,200,200,0,125,,"Deluxe Twin Room | Sarovar Portico, Sonipat | Sarovar Hotels",false,false,missing_meta_description|missing_canonical
/hotels/sarovar-portico-srinagar/rooms/deluxe-room-double,200,200,0,121,,"Deluxe Room (Double) | Sarovar Portico, Srinagar | Sarovar Hotels",false,false,missing_meta_description|missing_canonical
/hotels/sarovar-portico-srinagar/rooms/family-interconnected-room,200,200,0,125,,"Family Interconnected Room | Sarovar Portico, Srinagar | Sarovar Hotels",false,false,missing_meta_description|missing_canonical
/hotels/sarovar-portico-srinagar/rooms/premium-twin-room,200,200,0,114,,"Premium Twin Room | Sarovar Portico, Srinagar | Sarovar Hotels",false,false,missing_meta_description|missing_canonical
/hotels/sarovar-portico-srinagar/rooms/premium-king-room,200,200,0,123,,"Premium King Room | Sarovar Portico, Srinagar | Sarovar Hotels",false,false,missing_meta_description|missing_canonical
/hotels/sarovar-portico-srinagar/rooms/suite,200,200,0,118,,"Suite | Sarovar Portico, Srinagar | Sarovar Hotels",false,false,missing_meta_description|missing_canonical
/hotels/sarovar-portico-srinagar/rooms/studio-room,200,200,0,122,,"Studio Room | Sarovar Portico, Srinagar | Sarovar Hotels",false,false,missing_meta_description|missing_canonical
/hotels/sarovar-portico-surajkund/rooms/deluxe-rooms,200,200,0,131,,"Deluxe Rooms | Sarovar Portico, Surajkund | Sarovar Hotels",false,false,missing_meta_description|missing_canonical
/hotels/sarovar-portico-surajkund/rooms/executive-rooms,200,200,0,122,,"Executive Rooms | Sarovar Portico, Surajkund | Sarovar Hotels",false,false,missing_meta_description|missing_canonical
/hotels/sarovar-portico-surajkund/rooms/superior-rooms,200,200,0,122,,"Superior Rooms | Sarovar Portico, Surajkund | Sarovar Hotels",false,false,missing_meta_description|missing_canonical
/hotels/sarovar-premiere-alwar/rooms/deluxe-double-city-view,200,200,0,139,,Deluxe Double City View | Sarovar Premiere Alwar | Sarovar Hotels,false,false,missing_meta_description|missing_canonical
/hotels/sarovar-premiere-alwar/rooms/deluxe-twin-city-view,200,200,0,140,,Deluxe Twin City View | Sarovar Premiere Alwar | Sarovar Hotels,false,false,missing_meta_description|missing_canonical
/hotels/sarovar-premiere-alwar/rooms/premium-twin-hill-view,200,200,0,128,,Premium Twin Hill View | Sarovar Premiere Alwar | Sarovar Hotels,false,false,missing_meta_description|missing_canonical
/hotels/sarovar-premiere-alwar/rooms/premium-double-hill-view,200,200,0,135,,Premium Double Hill View | Sarovar Premiere Alwar | Sarovar Hotels,false,false,missing_meta_description|missing_canonical
/hotels/sarovar-premiere-alwar/rooms/suite-hill-view,200,200,0,135,,Suite Hill View | Sarovar Premiere Alwar | Sarovar Hotels,false,false,missing_meta_description|missing_canonical
/hotels/sarovar-premiere-alwar/rooms/standard-double-hill-view,200,200,0,141,,Standard Double Hill View | Sarovar Premiere Alwar | Sarovar Hotels,false,false,missing_meta_description|missing_canonical
/hotels/sarovar-premiere-amritsar/rooms/deluxe-double-bed-room,200,200,0,135,,Deluxe Double Bed Room | Sarovar Premiere Amritsar | Sarovar Hotels,false,false,missing_meta_description|missing_canonical
/hotels/sarovar-premiere-amritsar/rooms/deluxe-twin-bed-room,200,200,0,132,,Deluxe Twin Bed Room | Sarovar Premiere Amritsar | Sarovar Hotels,false,false,missing_meta_description|missing_canonical
/hotels/sarovar-premiere-amritsar/rooms/executive-double-bed-room,200,200,0,130,,Executive Double Bed Room | Sarovar Premiere Amritsar | Sarovar Hotels,false,false,missing_meta_description|missing_canonical
/hotels/sarovar-premiere-amritsar/rooms/executive-twin-bed-room,200,200,0,143,,Executive Twin Bed Room | Sarovar Premiere Amritsar | Sarovar Hotels,false,false,missing_meta_description|missing_canonical
/hotels/sarovar-premiere-amritsar/rooms/junior-suite,200,200,0,146,,Junior Suite | Sarovar Premiere Amritsar | Sarovar Hotels,false,false,missing_meta_description|missing_canonical
/hotels/sarovar-premiere-amritsar/rooms/premium-double-bed-room,200,200,0,129,,Premium Double Bed Room | Sarovar Premiere Amritsar | Sarovar Hotels,false,false,missing_meta_description|missing_canonical
/hotels/sarovar-premiere-amritsar/rooms/royal-suite,200,200,0,123,,Royal Suite | Sarovar Premiere Amritsar | Sarovar Hotels,false,false,missing_meta_description|missing_canonical
/hotels/sarovar-premiere-amritsar/rooms/premium-twin-bed-room,200,200,0,128,,Premium Twin Bed Room | Sarovar Premiere Amritsar | Sarovar Hotels,false,false,missing_meta_description|missing_canonical
/hotels/sarovar-premiere-jaipur/rooms/deluxe-room,200,200,0,123,,"Deluxe Room | Sarovar Premiere, Jaipur | Sarovar Hotels",false,false,missing_meta_description|missing_canonical
/hotels/sarovar-premiere-jaipur/rooms/executive-suite,200,200,0,127,,"Executive Suite | Sarovar Premiere, Jaipur | Sarovar Hotels",false,false,missing_meta_description|missing_canonical
/hotels/sarovar-premiere-srinagar/rooms/deluxe-double-bed-room,200,200,0,121,,"Deluxe Double Bed Room | Sarovar Premiere, Srinagar | Sarovar Hotels",false,false,missing_meta_description|missing_canonical
/hotels/sarovar-premiere-jaipur/rooms/premium-room,200,200,0,119,,"Premium Room | Sarovar Premiere, Jaipur | Sarovar Hotels",false,false,missing_meta_description|missing_canonical
/hotels/sarovar-premiere-srinagar/rooms/deluxe-twin-bed-room,200,200,0,118,,"Deluxe Twin Bed Room | Sarovar Premiere, Srinagar | Sarovar Hotels",false,false,missing_meta_description|missing_canonical
/hotels/sarovar-premiere-srinagar/rooms/executive-suite,200,200,0,118,,"Executive Suite | Sarovar Premiere, Srinagar | Sarovar Hotels",false,false,missing_meta_description|missing_canonical
/hotels/sarovar-premiere-srinagar/rooms/junior-suite,200,200,0,107,,"Junior Suite | Sarovar Premiere, Srinagar | Sarovar Hotels",false,false,missing_meta_description|missing_canonical
/hotels/sarovar-premiere-srinagar/rooms/premium-suite-two-bedroom-suite,200,200,0,103,,"Premium Suite-Two Bedroom Suite | Sarovar Premiere, Srinagar | Sarovar Hotels",false,false,missing_meta_description|missing_canonical
/hotels/sea-breeze-sarovar-portico-varca-goa/rooms/premium-double-room-with-balcony,200,200,0,107,,"Premium Double Room With Balcony | Sea Breeze Sarovar Portico Varca, Goa | Sarovar Hotels",false,false,missing_meta_description|missing_canonical
/hotels/sea-breeze-sarovar-portico-varca-goa/rooms/deluxe-room,200,200,0,112,,"Deluxe Room | Sea Breeze Sarovar Portico Varca, Goa | Sarovar Hotels",false,false,missing_meta_description|missing_canonical
/hotels/sea-breeze-sarovar-portico-varca-goa/rooms/premium-twin-room-with-balcony,200,200,0,113,,"Premium Twin Room With Balcony | Sea Breeze Sarovar Portico Varca, Goa | Sarovar Hotels",false,false,missing_meta_description|missing_canonical
/hotels/sea-breeze-sarovar-portico-varca-goa/rooms/standard-double-room-with-balcony,200,200,0,119,,"Standard Double Room With Balcony | Sea Breeze Sarovar Portico Varca, Goa | Sarovar Hotels",false,false,missing_meta_description|missing_canonical
/hotels/sea-breeze-sarovar-portico-varca-goa/rooms/standard-twin-room-with-balcony,200,200,0,123,,"Standard Twin Room With Balcony | Sea Breeze Sarovar Portico Varca, Goa | Sarovar Hotels",false,false,missing_meta_description|missing_canonical
/hotels/sea-breeze-sarovar-portico-varca-goa/rooms/superior-double-room-with-balcony,200,200,0,115,,"Superior Double Room With Balcony | Sea Breeze Sarovar Portico Varca, Goa | Sarovar Hotels",false,false,missing_meta_description|missing_canonical
/hotels/sea-breeze-sarovar-portico-varca-goa/rooms/superior-twin-room-with-balcony,200,200,0,126,,"Superior Twin Room With Balcony | Sea Breeze Sarovar Portico Varca, Goa | Sarovar Hotels",false,false,missing_meta_description|missing_canonical
/hotels/serene-premiere-hargeisa/rooms/deluxe-room-double-bed,200,200,0,127,,Deluxe Room (Double Bed) | Serene Sarovar Premiere Hargeisa | Sarovar Hotels,false,false,missing_meta_description|missing_canonical
/hotels/serene-premiere-hargeisa/rooms/deluxe-room-twin-beds,200,200,0,112,,Deluxe Room (Twin Beds) | Serene Sarovar Premiere Hargeisa | Sarovar Hotels,false,false,missing_meta_description|missing_canonical
/hotels/serene-premiere-hargeisa/rooms/executive-suite,200,200,0,112,,Executive Suite | Serene Sarovar Premiere Hargeisa | Sarovar Hotels,false,false,missing_meta_description|missing_canonical
/hotels/serene-premiere-hargeisa/rooms/junior-suite,200,200,0,108,,Junior Suite | Serene Sarovar Premiere Hargeisa | Sarovar Hotels,false,false,missing_meta_description|missing_canonical
/hotels/serene-premiere-hargeisa/rooms/presidential-suite,200,200,0,108,,Presidential Suite | Serene Sarovar Premiere Hargeisa | Sarovar Hotels,false,false,missing_meta_description|missing_canonical
/hotels/shravanthi-sarovar-portico-bengaluru/rooms/club-double-bed-rooms,200,200,0,109,,"Club Double Bed Rooms | Shravanthi Sarovar Portico, Bengaluru | Sarovar Hotels",false,false,missing_meta_description|missing_canonical
/hotels/shravanthi-sarovar-portico-bengaluru/rooms/club-twin-bed-rooms,200,200,0,119,,"Club Twin Bed Rooms | Shravanthi Sarovar Portico, Bengaluru | Sarovar Hotels",false,false,missing_meta_description|missing_canonical
/hotels/shravanthi-sarovar-portico-bengaluru/rooms/premier-suite,200,200,0,113,,"Premier Suite | Shravanthi Sarovar Portico, Bengaluru | Sarovar Hotels",false,false,missing_meta_description|missing_canonical
/hotels/shyama-sarovar-portico-orai/rooms/deluxe-double-or-twin-room,200,200,0,111,,"Deluxe - Double or Twin Room | Shyama Sarovar Portico, Orai | Sarovar Hotels",false,false,missing_meta_description|missing_canonical
/hotels/shravanthi-sarovar-portico-bengaluru/rooms/superior-rooms,200,200,0,130,,"Superior Rooms | Shravanthi Sarovar Portico, Bengaluru | Sarovar Hotels",false,false,missing_meta_description|missing_canonical
/hotels/shyama-sarovar-portico-orai/rooms/deluxe-twin-room,200,200,0,134,,"Deluxe Twin Room | Shyama Sarovar Portico, Orai | Sarovar Hotels",false,false,missing_meta_description|missing_canonical
/hotels/shyama-sarovar-portico-orai/rooms/executive-cottage,200,200,0,149,,"Executive Cottage | Shyama Sarovar Portico, Orai | Sarovar Hotels",false,false,missing_meta_description|missing_canonical
/hotels/shyama-sarovar-portico-orai/rooms/honeymoon-cottage,200,200,0,151,,"Honeymoon Cottage | Shyama Sarovar Portico, Orai | Sarovar Hotels",false,false,missing_meta_description|missing_canonical
/hotels/shyama-sarovar-portico-orai/rooms/executive-room,200,200,0,163,,"Executive Room | Shyama Sarovar Portico, Orai | Sarovar Hotels",false,false,missing_meta_description|missing_canonical
/hotels/shyama-sarovar-portico-orai/rooms/suite,200,200,0,166,,"Suite | Shyama Sarovar Portico, Orai | Sarovar Hotels",false,false,missing_meta_description|missing_canonical
/hotels/singhania-sarovar-portico-raipur/rooms/deluxe-double-bedroom,200,200,0,156,,"Deluxe Double Bedroom | Singhania Sarovar Portico, Raipur | Sarovar Hotels",false,false,missing_meta_description|missing_canonical
/hotels/singhania-sarovar-portico-raipur/rooms/deluxe-twin-bedroom,200,200,0,145,,"Deluxe Twin Bedroom | Singhania Sarovar Portico, Raipur | Sarovar Hotels",false,false,missing_meta_description|missing_canonical
/hotels/singhania-sarovar-portico-raipur/rooms/junior-suite,200,200,0,152,,"Junior Suite | Singhania Sarovar Portico, Raipur | Sarovar Hotels",false,false,missing_meta_description|missing_canonical
/hotels/singhania-sarovar-portico-raipur/rooms/superior-double-bedroom,200,200,0,166,,"Superior Double Bedroom | Singhania Sarovar Portico, Raipur | Sarovar Hotels",false,false,missing_meta_description|missing_canonical
/hotels/singhania-sarovar-portico-raipur/rooms/superior-twin-2-single-bed,200,200,0,146,,"Superior Twin 2 Single Bed | Singhania Sarovar Portico, Raipur | Sarovar Hotels",false,false,missing_meta_description|missing_canonical
/hotels/skywings-sarovar-portico-mathura/rooms/deluxe-room-with-king-bed,200,200,0,134,,"Deluxe Room With King Bed | Skywings Sarovar Portico, Mathura | Sarovar Hotels",false,false,missing_meta_description|missing_canonical
/hotels/skywings-sarovar-portico-mathura/rooms/deluxe-room-with-twin-bed,200,200,0,124,,"Deluxe Room With Twin Bed | Skywings Sarovar Portico, Mathura | Sarovar Hotels",false,false,missing_meta_description|missing_canonical
/hotels/skywings-sarovar-portico-mathura/rooms/premium-room-with-balcony,200,200,0,115,,"Premium Room With Balcony | Skywings Sarovar Portico, Mathura | Sarovar Hotels",false,false,missing_meta_description|missing_canonical
/hotels/skywings-sarovar-portico-mathura/rooms/standard-room-with-king-bed,200,200,0,108,,"Standard Room With King Bed | Skywings Sarovar Portico, Mathura | Sarovar Hotels",false,false,missing_meta_description|missing_canonical
/hotels/skywings-sarovar-portico-mathura/rooms/standard-room-with-twin-bed,200,200,0,117,,"Standard Room With Twin Bed | Skywings Sarovar Portico, Mathura | Sarovar Hotels",false,false,missing_meta_description|missing_canonical
/hotels/skywings-sarovar-portico-mathura/rooms/suite,200,200,0,136,,"Suite | Skywings Sarovar Portico, Mathura | Sarovar Hotels",false,false,missing_meta_description|missing_canonical
/hotels/sobit-sarovar-portico-palolem-beach-hotel-goa/rooms/deluxe-king-rooms-with-balcony,200,200,0,130,,"Deluxe King Rooms with Balcony | Sobit Sarovar Portico, Goa | Sarovar Hotels",false,false,missing_meta_description|missing_canonical
/hotels/sobit-sarovar-portico-palolem-beach-hotel-goa/rooms/deluxe-twin-rooms-with-balcony,200,200,0,127,,"Deluxe Twin Rooms with Balcony | Sobit Sarovar Portico, Goa | Sarovar Hotels",false,false,missing_meta_description|missing_canonical
/hotels/taurus-hotel-mahipalpur-new-delhi/rooms/executive-rooms,200,200,0,117,,"Executive Rooms | Taurus Sarovar Portico, New Delhi | Sarovar Hotels",false,false,missing_meta_description|missing_canonical
/hotels/sobit-sarovar-portico-palolem-beach-hotel-goa/rooms/pool-view-rooms,200,200,0,128,,"Pool View Rooms | Sobit Sarovar Portico, Goa | Sarovar Hotels",false,false,missing_meta_description|missing_canonical
/hotels/taurus-hotel-mahipalpur-new-delhi/rooms/premium-room,200,200,0,134,,"Premium Room | Taurus Sarovar Portico, New Delhi | Sarovar Hotels",false,false,missing_meta_description|missing_canonical
/hotels/taurus-hotel-mahipalpur-new-delhi/rooms/standard-twin-bed-room,200,200,0,133,,"Standard Twin Bed Room | Taurus Sarovar Portico, New Delhi | Sarovar Hotels",false,false,missing_meta_description|missing_canonical
/hotels/taurus-hotel-mahipalpur-new-delhi/rooms/standard-double-bed-room,200,200,0,144,,"Standard Double Bed Room | Taurus Sarovar Portico, New Delhi | Sarovar Hotels",false,false,missing_meta_description|missing_canonical
/hotels/taurus-hotel-mahipalpur-new-delhi/rooms/suites,200,200,0,146,,"Suites | Taurus Sarovar Portico, New Delhi | Sarovar Hotels",false,false,missing_meta_description|missing_canonical
/hotels/the-ashtan-sarovar-portico-new-delhi/rooms/premium-room,200,200,0,140,,"Premium Room |  The Ashtan Sarovar Portico, New Delhi  | Sarovar Hotels",false,false,missing_meta_description|missing_canonical
/hotels/the-ashtan-sarovar-portico-new-delhi/rooms/superior-room,200,200,0,125,,"Superior Room |  The Ashtan Sarovar Portico, New Delhi  | Sarovar Hotels",false,false,missing_meta_description|missing_canonical
/hotels/the-gaurs-sarovar-premiere/rooms/deluxe-double-bed-rooms,200,200,0,122,,Deluxe Double Bed Rooms | The Gaurs Sarovar Premiere | Sarovar Hotels,false,false,missing_meta_description|missing_canonical
/hotels/the-gaurs-sarovar-premiere/rooms/deluxe-twin-bed-rooms-two-single-bed,200,200,0,127,,Deluxe Twin Bed Rooms - Two Single Bed | The Gaurs Sarovar Premiere | Sarovar Hotels,false,false,missing_meta_description|missing_canonical
/hotels/the-gaurs-sarovar-premiere/rooms/premium-twin-bed-rooms,200,200,0,133,,Premium Twin Bed Rooms | The Gaurs Sarovar Premiere | Sarovar Hotels,false,false,missing_meta_description|missing_canonical
/hotels/the-gaurs-sarovar-premiere/rooms/suite,200,200,0,128,,Suite | The Gaurs Sarovar Premiere | Sarovar Hotels,false,false,missing_meta_description|missing_canonical
/hotels/the-gokulam-park-kochi/rooms/deluxe-suites,200,200,0,117,,"Deluxe Suites | The Gokulam Park, Kochi | Sarovar Hotels",false,false,missing_meta_description|missing_canonical
/hotels/the-gokulam-park-kochi/rooms/executive-rooms,200,200,0,115,,"Executive Rooms | The Gokulam Park, Kochi | Sarovar Hotels",false,false,missing_meta_description|missing_canonical
/hotels/the-gokulam-park-kochi/rooms/superior-rooms,200,200,0,104,,"Superior Rooms | The Gokulam Park, Kochi | Sarovar Hotels",false,false,missing_meta_description|missing_canonical
/hotels/the-heron-portico-nairobi/rooms/junior-suites,200,200,0,100,,"Junior Suites | The Heron By Sarovar Portico India, Nairobi | Sarovar Hotels",false,false,missing_meta_description|missing_canonical
/hotels/the-heron-portico-nairobi/rooms/standard-rooms,200,200,0,101,,"Standard Rooms | The Heron By Sarovar Portico India, Nairobi | Sarovar Hotels",false,false,missing_meta_description|missing_canonical
/hotels/the-heron-portico-nairobi/rooms/premier-suite,200,200,0,105,,"Premier Suite | The Heron By Sarovar Portico India, Nairobi | Sarovar Hotels",false,false,missing_meta_description|missing_canonical
/hotels/the-heron-portico-nairobi/rooms/superior-rooms,200,200,0,113,,"Superior Rooms | The Heron By Sarovar Portico India, Nairobi | Sarovar Hotels",false,false,missing_meta_description|missing_canonical
/hotels/the-muse-sarovar-portico-nehru-place-new-delhi/rooms/executive-rooms-twin-king-bed,200,200,0,125,,"Executive Rooms - Twin / King Bed | The Muse Sarovar Portico, Nehru Place, New Delhi | Sarovar Hotels",false,false,missing_meta_description|missing_canonical
/hotels/the-promenade-pondicherry/rooms/deluxe-room-01-double-bed,200,200,0,115,,"Deluxe Room 01 Double Bed | The Promenade, Pondicherry  | Sarovar Hotels",false,false,missing_meta_description|missing_canonical
/hotels/the-promenade-pondicherry/rooms/deluxe-room-02-single-beds,200,200,0,109,,"Deluxe Room 02 Single Beds | The Promenade, Pondicherry  | Sarovar Hotels",false,false,missing_meta_description|missing_canonical
/hotels/the-promenade-pondicherry/rooms/premium-sea-view-room,200,200,0,115,,"Premium Sea View Room | The Promenade, Pondicherry  | Sarovar Hotels",false,false,missing_meta_description|missing_canonical
/hotels/the-promenade-pondicherry/rooms/standard-room-sea-view,200,200,0,117,,"Standard Room Sea View | The Promenade, Pondicherry  | Sarovar Hotels",false,false,missing_meta_description|missing_canonical
/hotels/the-promenade-pondicherry/rooms/suite-room,200,200,0,123,,"Suite Room | The Promenade, Pondicherry  | Sarovar Hotels",false,false,missing_meta_description|missing_canonical
/hotels/the-promenade-pondicherry/rooms/superior-room-double-bed,200,200,0,126,,"Superior Room Double Bed | The Promenade, Pondicherry  | Sarovar Hotels",false,false,missing_meta_description|missing_canonical
/hotels/the-promenade-pondicherry/rooms/superior-room-with-two-single-beds,200,200,0,142,,"Superior Room with Two Single Beds | The Promenade, Pondicherry  | Sarovar Hotels",false,false,missing_meta_description|missing_canonical
/hotels/tulip-inn-bhopal/rooms/deluxe-double-bed-room,200,200,0,135,,"Deluxe Double Bed Room | Tulip Inn, Bhopal | Sarovar Hotels",false,false,missing_meta_description|missing_canonical
/hotels/tulip-inn-bhopal/rooms/deluxe-twin-bed-room,200,200,0,129,,"Deluxe Twin Bed Room | Tulip Inn, Bhopal | Sarovar Hotels",false,false,missing_meta_description|missing_canonical
/hotels/tulip-inn-gurugram-near-medanta/rooms/deluxe-double-room-with-balcony,200,200,0,120,,Deluxe Double Room With Balcony | Tulip Inn Gurugram (5 Minutes from Medanta - The Medicity) | Sarovar Hotels,false,false,missing_meta_description|missing_canonical
/hotels/tulip-inn-gurugram-near-medanta/rooms/executive-double-room-with-balcony,200,200,0,120,,Executive Double Room With Balcony | Tulip Inn Gurugram (5 Minutes from Medanta - The Medicity) | Sarovar Hotels,false,false,missing_meta_description|missing_canonical
/hotels/tulip-inn-gurugram-near-medanta/rooms/executive-twin-room-with-balcony,200,200,0,118,,Executive Twin Room With Balcony | Tulip Inn Gurugram (5 Minutes from Medanta - The Medicity) | Sarovar Hotels,false,false,missing_meta_description|missing_canonical
/hotels/tulip-inn-gurugram-near-medanta/rooms/superior-double-room,200,200,0,117,,Superior Double Room | Tulip Inn Gurugram (5 Minutes from Medanta - The Medicity) | Sarovar Hotels,false,false,missing_meta_description|missing_canonical
/hotels/tulip-inn-gurugram-near-medanta/rooms/superior-twin-room,200,200,0,125,,Superior Twin Room | Tulip Inn Gurugram (5 Minutes from Medanta - The Medicity) | Sarovar Hotels,false,false,missing_meta_description|missing_canonical
/hotels/tulip-inn-koramangala/rooms/deluxe-rooms-double-beds,200,200,0,117,,"Deluxe Rooms (Double Beds) | Tulip Inn, Koramangala | Sarovar Hotels",false,false,missing_meta_description|missing_canonical
/hotels/tulip-inn-koramangala/rooms/deluxe-rooms-twin-beds,200,200,0,112,,"Deluxe Rooms (Twin Beds) | Tulip Inn, Koramangala | Sarovar Hotels",false,false,missing_meta_description|missing_canonical
/hotels/tulip-inn-koramangala/rooms/royal-suites,200,200,0,100,,"Royal Suites | Tulip Inn, Koramangala | Sarovar Hotels",false,false,missing_meta_description|missing_canonical
/hotels/tulip-inn-shravasti/rooms/suite,200,200,0,93,,"Suite | Tulip Inn, Shravasti | Sarovar Hotels",false,false,missing_meta_description|missing_canonical
/hotels/tulip-inn-shravasti/rooms/executive-room,200,200,0,100,,"Executive Room | Tulip Inn, Shravasti | Sarovar Hotels",false,false,missing_meta_description|missing_canonical
/hotels/tulip-inn-zirakpur/rooms/deluxe-room-twin-beds,200,200,0,110,,Deluxe Room (Twin Beds) | Tulip Inn Chandigarh-Zirakpur | Sarovar Hotels,false,false,missing_meta_description|missing_canonical
/hotels/tulip-inn-zirakpur/rooms/deluxe-room-king-size-bed,200,200,0,119,,Deluxe Room (King Size Bed) | Tulip Inn Chandigarh-Zirakpur | Sarovar Hotels,false,false,missing_meta_description|missing_canonical
/hotels/tulip-inn-zirakpur/rooms/executive-room,200,200,0,112,,Executive Room | Tulip Inn Chandigarh-Zirakpur | Sarovar Hotels,false,false,missing_meta_description|missing_canonical
/hotels/tulip-inn-zirakpur/rooms/luxury-suite,200,200,0,107,,Luxury Suite | Tulip Inn Chandigarh-Zirakpur | Sarovar Hotels,false,false,missing_meta_description|missing_canonical
/hotels/v-sarovar-portico-mi-road-jaipur/rooms/deluxe-room-large,200,200,0,112,,"Deluxe Room Large | V  Sarovar Portico, MI Road, Jaipur | Sarovar Hotels",false,false,missing_meta_description|missing_canonical
/hotels/v-sarovar-portico-mi-road-jaipur/rooms/deluxe-room-twin,200,200,0,112,,"Deluxe Room Twin | V  Sarovar Portico, MI Road, Jaipur | Sarovar Hotels",false,false,missing_meta_description|missing_canonical
/hotels/v-sarovar-portico-mi-road-jaipur/rooms/premium-room-large,200,200,0,113,,"Premium Room Large | V  Sarovar Portico, MI Road, Jaipur | Sarovar Hotels",false,false,missing_meta_description|missing_canonical
/hotels/v-sarovar-portico-mi-road-jaipur/rooms/premium-room-twin,200,200,0,106,,"Premium Room Twin | V  Sarovar Portico, MI Road, Jaipur | Sarovar Hotels",false,false,missing_meta_description|missing_canonical
/hotels/vaishnodevi-portico-katra/rooms/premium-room,200,200,0,107,,"Premium Room | The Vaishnodevi Sarovar Portico, Katra | Sarovar Hotels",false,false,missing_meta_description|missing_canonical
/hotels/vaishnodevi-portico-katra/rooms/deluxe-room,200,200,0,114,,"Deluxe Room | The Vaishnodevi Sarovar Portico, Katra | Sarovar Hotels",false,false,missing_meta_description|missing_canonical
/hotels/vandhara-sarovar-premiere-patkote/rooms/deluxe-king-room-with-balcony,200,200,0,120,,"Deluxe King Room With Balcony | Vandhara Sarovar Premiere, Jim Corbett - Patkote | Sarovar Hotels",false,false,missing_meta_description|missing_canonical
/hotels/vaishnodevi-portico-katra/rooms/superior-room,200,200,0,114,,"Superior Room | The Vaishnodevi Sarovar Portico, Katra | Sarovar Hotels",false,false,missing_meta_description|missing_canonical
/hotels/vandhara-sarovar-premiere-patkote/rooms/deluxe-twin-room-with-balcony,200,200,0,120,,"Deluxe Twin Room With Balcony | Vandhara Sarovar Premiere, Jim Corbett - Patkote | Sarovar Hotels",false,false,missing_meta_description|missing_canonical
/hotels/vandhara-sarovar-premiere-patkote/rooms/suite-with-garden-forest-view,200,200,0,121,,"Suite With Garden Forest View | Vandhara Sarovar Premiere, Jim Corbett - Patkote | Sarovar Hotels",false,false,missing_meta_description|missing_canonical
/hotels/vandhara-sarovar-premiere-patkote/rooms/vandhara-presidential-suite,200,200,0,131,,"Vandhara Presidential Suite | Vandhara Sarovar Premiere, Jim Corbett - Patkote | Sarovar Hotels",false,false,missing_meta_description|missing_canonical
/hotels/vandhara-sarovar-premiere-patkote/rooms/villa-with-garden-forest-view,200,200,0,131,,"Villa With Garden Forest View | Vandhara Sarovar Premiere, Jim Corbett - Patkote | Sarovar Hotels",false,false,missing_meta_description|missing_canonical
/hotels/vandhara-sarovar-premiere-patkote/rooms/villa-with-terrace-mountain-view,200,200,0,135,,"Villa With Terrace Mountain View | Vandhara Sarovar Premiere, Jim Corbett - Patkote | Sarovar Hotels",false,false,missing_meta_description|missing_canonical
/hotels/venizia-sarovar-portico-in-new-delhi/rooms/deluxe-twin-room,200,200,0,138,,Deluxe Twin Room | Venizia Sarovar Portico | Sarovar Hotels,false,false,missing_meta_description|missing_canonical
/hotels/venizia-sarovar-portico-in-new-delhi/rooms/premium-rooms,200,200,0,144,,Premium Rooms | Venizia Sarovar Portico | Sarovar Hotels,false,false,missing_meta_description|missing_canonical
/hotels/venizia-sarovar-portico-in-new-delhi/rooms/superior-room,200,200,0,148,,Superior Room | Venizia Sarovar Portico | Sarovar Hotels,false,false,missing_meta_description|missing_canonical
/hotels/viraj-sarovar-portico-jammu/rooms/deluxe-rooms,200,200,0,140,,"Deluxe Rooms | Viraj Sarovar Portico, Jammu | Sarovar Hotels",false,false,missing_meta_description|missing_canonical
/hotels/viraj-sarovar-portico-jammu/rooms/junior-suite-rooms,200,200,0,132,,"Junior Suite Rooms | Viraj Sarovar Portico, Jammu | Sarovar Hotels",false,false,missing_meta_description|missing_canonical
/hotels/viraj-sarovar-portico-jammu/rooms/superior-rooms,200,200,0,136,,"Superior Rooms | Viraj Sarovar Portico, Jammu | Sarovar Hotels",false,false,missing_meta_description|missing_canonical
/hotels/sarovar-portico-sriperumbudur/rooms/executive-double,200,200,0,134,,Executive Double | Sarovar Portico Sriperumbudur | Sarovar Hotels,false,false,missing_meta_description|missing_canonical
/hotels/sarovar-portico-sriperumbudur/rooms/deluxe-twin-pool-facing,200,200,0,117,,Deluxe Twin Pool Facing | Sarovar Portico Sriperumbudur | Sarovar Hotels,false,false,missing_meta_description|missing_canonical
/hotels/sarovar-portico-sriperumbudur/rooms/standard-twin-city-facing,200,200,0,117,,Standard Twin City Facing | Sarovar Portico Sriperumbudur | Sarovar Hotels,false,false,missing_meta_description|missing_canonical
/hotels/sarovar-portico-sriperumbudur/rooms/standard-double-city-facing,200,200,0,124,,Standard Double City Facing | Sarovar Portico Sriperumbudur | Sarovar Hotels,false,false,missing_meta_description|missing_canonical
/hotels/sarovar-portico-sriperumbudur/rooms/suite,200,200,0,116,,Suite | Sarovar Portico Sriperumbudur | Sarovar Hotels,false,false,missing_meta_description|missing_canonical
/hotels/sarovar-premiere-delhi/dining/the-multi-cuisine-restaurant-sarovar-premiere-delhi,200,200,0,104,,The Multi-Cuisine Restaurant – Sarovar Premiere Delhi | Sarovar Premiere Delhi | Sarovar Hotels,true,false,missing_canonical
/hotels/sarovar-premiere-delhi/dining/sky-lounge-bar-sarovar-premiere-delhi,200,200,0,112,,Sky Lounge Bar – Sarovar Premiere Delhi | Sarovar Premiere Delhi | Sarovar Hotels,true,false,missing_canonical
/hotels/sarovar-portico-jaipur/dining/the-multi-cuisine-restaurant-sarovar-portico-jaipur,200,200,0,124,,"The Multi-Cuisine Restaurant – Sarovar Portico Jaipur | Sarovar Portico, Jaipur | Sarovar Hotels",true,false,missing_canonical
/hotels/sarovar-portico-jaipur/dining/sky-lounge-bar-sarovar-portico-jaipur,200,200,0,123,,"Sky Lounge Bar – Sarovar Portico Jaipur | Sarovar Portico, Jaipur | Sarovar Hotels",true,false,missing_canonical
/hotels/sarovar-premiere-goa-beach-resort/dining/the-multi-cuisine-restaurant-sarovar-premiere-goa-beach-resort,200,200,0,119,,The Multi-Cuisine Restaurant – Sarovar Premiere Goa Beach Resort | Sarovar Premiere Goa Beach Resort | Sarovar Hotels,true,false,missing_canonical
/hotels/sarovar-premiere-goa-beach-resort/dining/sky-lounge-bar-sarovar-premiere-goa-beach-resort,200,200,0,112,,Sky Lounge Bar – Sarovar Premiere Goa Beach Resort | Sarovar Premiere Goa Beach Resort | Sarovar Hotels,true,false,missing_canonical
/hotels/sarovar-portico-mumbai/dining/the-multi-cuisine-restaurant-sarovar-portico-mumbai,200,200,0,114,,The Multi-Cuisine Restaurant – Sarovar Portico Mumbai | Sarovar Portico Mumbai | Sarovar Hotels,true,false,missing_canonical
/hotels/sarovar-portico-mumbai/dining/sky-lounge-bar-sarovar-portico-mumbai,200,200,0,123,,Sky Lounge Bar – Sarovar Portico Mumbai | Sarovar Portico Mumbai | Sarovar Hotels,true,false,missing_canonical
/hotels/sarovar-regency-shimla/dining/sky-lounge-bar-sarovar-regency-shimla,200,200,0,108,,Sky Lounge Bar – Sarovar Regency Shimla | Sarovar Regency Shimla | Sarovar Hotels,true,false,missing_canonical
/hotels/sarovar-regency-shimla/dining/the-multi-cuisine-restaurant-sarovar-regency-shimla,200,200,0,116,,The Multi-Cuisine Restaurant – Sarovar Regency Shimla | Sarovar Regency Shimla | Sarovar Hotels,true,false,missing_canonical
/hotels/sarovar-regency-rishikesh/dining/the-multi-cuisine-restaurant-sarovar-regency-rishikesh,200,200,0,111,,The Multi-Cuisine Restaurant – Sarovar Regency Rishikesh | Sarovar Regency Rishikesh | Sarovar Hotels,true,false,missing_canonical
/hotels/sarovar-regency-rishikesh/dining/sky-lounge-bar-sarovar-regency-rishikesh,200,200,0,107,,Sky Lounge Bar – Sarovar Regency Rishikesh | Sarovar Regency Rishikesh | Sarovar Hotels,true,false,missing_canonical
/hotels/sarovar-portico-delhi-aerocity/dining/the-multi-cuisine-restaurant-sarovar-portico-delhi-aerocity,200,200,0,103,,The Multi-Cuisine Restaurant – Sarovar Portico Delhi Aerocity | Sarovar Portico Delhi Aerocity | Sarovar Hotels,true,false,missing_canonical
/hotels/sarovar-portico-delhi-aerocity/dining/sky-lounge-bar-sarovar-portico-delhi-aerocity,200,200,0,104,,Sky Lounge Bar – Sarovar Portico Delhi Aerocity | Sarovar Portico Delhi Aerocity | Sarovar Hotels,true,false,missing_canonical
/hotels/sarovar-premiere-jaipur-heritage/dining/the-multi-cuisine-restaurant-sarovar-premiere-jaipur-heritage,200,200,0,105,,The Multi-Cuisine Restaurant – Sarovar Premiere Jaipur Heritage | Sarovar Premiere Jaipur Heritage | Sarovar Hotels,true,false,missing_canonical
/hotels/sarovar-premiere-jaipur-heritage/dining/sky-lounge-bar-sarovar-premiere-jaipur-heritage,200,200,0,120,,Sky Lounge Bar – Sarovar Premiere Jaipur Heritage | Sarovar Premiere Jaipur Heritage | Sarovar Hotels,true,false,missing_canonical
/hotels/abn-sarovar-portico-jim-corbett/dining/abn-sarovar-portico-jim-corbett-clove-the-bar,200,200,0,114,,"Clove the BAR | ABN Sarovar Portico, Jim Corbett | Sarovar Hotels",false,false,missing_meta_description|missing_canonical
/hotels/abn-sarovar-portico-jim-corbett/dining/abn-sarovar-portico-jim-corbett-flavours-all-day-dining,200,200,0,107,,"Flavours - All-day Dining | ABN Sarovar Portico, Jim Corbett | Sarovar Hotels",false,false,missing_meta_description|missing_canonical
/hotels/aditya-hometel-hyderabad/dining/aditya-hometel-hyderabad-flavours-all-day-dining-at-aditya-hometel-hyderabad,200,200,0,109,,"Flavours - All Day Dining at Aditya Hometel, Hyderabad | Aditya Hometel, Hyderabad | Sarovar Hotels",false,false,missing_meta_description|missing_canonical
/hotels/aditya-park-hyderabad/dining/aditya-park-hyderabad-harry-s-the-pub-at-aditya-park-hyderabad,200,200,0,116,,"Harry's-The Pub at Aditya Park, Hyderabad |  Aditya Park, Hyderabad | Sarovar Hotels",false,false,missing_meta_description|missing_canonical
/hotels/aditya-park-hyderabad/dining/aditya-park-hyderabad-promenade-restaurant-at-aditya-park-hyderabad,200,200,0,121,,"Promenade Restaurant at Aditya Park, Hyderabad |  Aditya Park, Hyderabad | Sarovar Hotels",false,false,missing_meta_description|missing_canonical
/hotels/ambrosia-sarovar-portico-haridwar/dining/ambrosia-sarovar-portico-haridwar-bubbles-at-ambrosia-sarovar-portico-haridwar,200,200,0,118,,"Bubbles at Ambrosia Sarovar Portico, Haridwar | Ambrosia Sarovar Portico, Haridwar | Sarovar Hotels",false,false,missing_meta_description|missing_canonical
/hotels/ambar-sarovar-portico-gandhidham-hotel/dining/ambar-sarovar-portico-gandhidham-hotel-saras-restaurant-at-hotel-ambar-sarovar-portico-gandhidham,200,200,0,117,,"Saras - Restaurant at Hotel Ambar Sarovar Portico, Gandhidham | Ambar Sarovar Portico, Gandhidham | Sarovar Hotels",false,false,missing_meta_description|missing_canonical
/hotels/ambrosia-sarovar-portico-haridwar/dining/ambrosia-sarovar-portico-haridwar-clove-restaurant-at-hotel-ambrosia-sarovar-portico-haridwar,200,200,0,130,,"Clove Restaurant at Hotel Ambrosia Sarovar Portico, Haridwar | Ambrosia Sarovar Portico, Haridwar | Sarovar Hotels",false,false,missing_meta_description|missing_canonical
/hotels/balaji-sarovar-premiere-solapur/dining/balaji-sarovar-premiere-solapur-courtyard-restaurant-at-balaji-sarovar-premiere-solapur,200,200,0,119,,"Courtyard Restaurant at Balaji Sarovar Premiere, Solapur |  Balaji Sarovar Premiere, Solapur | Sarovar Hotels",false,false,missing_meta_description|missing_canonical
/hotels/balaji-sarovar-premiere-solapur/dining/balaji-sarovar-premiere-solapur-high-point-at-balaji-sarovar-premiere-solapur,200,200,0,115,,"High Point at Balaji Sarovar Premiere, Solapur |  Balaji Sarovar Premiere, Solapur | Sarovar Hotels",false,false,missing_meta_description|missing_canonical
/hotels/balaji-sarovar-premiere-solapur/dining/balaji-sarovar-premiere-solapur-tea-lounge-at-balaji-sarovar-premiere-solapur,200,200,0,118,,"Tea Lounge at Balaji Sarovar Premiere, Solapur |  Balaji Sarovar Premiere, Solapur | Sarovar Hotels",false,false,missing_meta_description|missing_canonical
/hotels/balaji-sarovar-premiere-solapur/dining/balaji-sarovar-premiere-solapur-the-oriental-blossom-at-balaji-sarovar-premiere-solapur,200,200,0,119,,"The Oriental Blossom at Balaji Sarovar Premiere, Solapur |  Balaji Sarovar Premiere, Solapur | Sarovar Hotels",false,false,missing_meta_description|missing_canonical
/hotels/bamus-sarovar-portico-kampala/dining/bamus-sarovar-portico-kampala-bake-brew-sip-snack-and-smile,200,200,0,124,,"Bake & Brew: Sip, Snack and Smile | Bamus Sarovar Portico, Kampala | Sarovar Hotels",false,false,missing_meta_description|missing_canonical
/hotels/deventure-sarovar-portico-patel-nagar/dining/deventure-sarovar-portico-patel-nagar-indulge-at-temptation-all-day-dining-bliss,200,200,0,116,,"Indulge at Temptation: All-Day Dining Bliss | Deventure Sarovar Portico, Patel Nagar | Sarovar Hotels",false,false,missing_meta_description|missing_canonical
/hotels/efcee-sarovar-portico-bhavnagar/dining/efcee-sarovar-portico-bhavnagar-spice-story-restaurant-at-efcee-sarovar-premiere-a-5-star-hotel-in-bhavnagar,200,200,0,119,,"Spice Story Restaurant at Efcee Sarovar Premiere - A 5-star Hotel in Bhavnagar | Efcee Sarovar Premiere, Bhavnagar - A 5-star Hotel | Sarovar Hotels",false,false,missing_meta_description|missing_canonical
/hotels/efcee-sarovar-portico-bhavnagar/dining/efcee-sarovar-portico-bhavnagar-victoria-23-restaurant-at-efcee-sarovar-premiere-a-5-star-hotel-in-bhavnagar,200,200,0,122,,"Victoria 23 Restaurant at Efcee Sarovar Premiere - A 5-star Hotel in Bhavnagar | Efcee Sarovar Premiere, Bhavnagar - A 5-star Hotel | Sarovar Hotels",false,false,missing_meta_description|missing_canonical
/hotels/estuary-sarovar-Premiere-poovar/dining/estuary-sarovar-premiere-poovar-dinner-by-the-sea-at-ripples-our-multi-cuisine-restaurant-in-poovar,200,200,0,129,,"Dinner by the Sea at Ripples - Our Multi-cuisine Restaurant in Poovar | Estuary Sarovar Premiere, Poovar Island | Sarovar Hotels",false,false,missing_meta_description|missing_canonical
/hotels/geeta-sarovar-portico-hotels-panipat/dining/geeta-sarovar-portico-hotels-panipat-multi-cuisine-restaurants-in-panipat,200,200,0,116,,"Multi-Cuisine Restaurants in Panipat | Geeta Sarovar Portico, Panipat | Sarovar Hotels",false,false,missing_meta_description|missing_canonical
/hotels/geeta-sarovar-portico-hotels-panipat/dining/geeta-sarovar-portico-hotels-panipat-rooftop-restaurants-in-panipat,200,200,0,122,,"Rooftop Restaurants in Panipat | Geeta Sarovar Portico, Panipat | Sarovar Hotels",false,false,missing_meta_description|missing_canonical
/hotels/golden-sarovar-portico-amritsar/dining/golden-sarovar-portico-amritsar-flavours-restaurant-at-golden-sarovar-portico-amritsar,200,200,0,112,,"Flavours Restaurant at Golden Sarovar Portico, Amritsar | Golden Sarovar Portico, Amritsar  | Sarovar Hotels",false,false,missing_meta_description|missing_canonical
/hotels/golden-sarovar-portico-amritsar/dining/golden-sarovar-portico-amritsar-chill-lounge-bar-at-golden-sarovar-portico-amritsar,200,200,0,122,,"Chill Lounge Bar at Golden Sarovar Portico, Amritsar | Golden Sarovar Portico, Amritsar  | Sarovar Hotels",false,false,missing_meta_description|missing_canonical
/hotels/golden-sarovar-portico-amritsar/dining/golden-sarovar-portico-amritsar-restaurants-in-amritsar-terrace-grill-golden-sarovar-portico,200,200,0,118,,"Restaurants in Amritsar | Terrace Grill | Golden Sarovar Portico | Golden Sarovar Portico, Amritsar  | Sarovar Hotels",false,false,missing_meta_description|missing_canonical
/hotels/golden-tulip-agra/dining/golden-tulip-agra-panora-a-rooftop-lounge-bar-in-agra,200,200,0,114,,"Panora: A Rooftop Lounge Bar in Agra |  Golden Tulip, Agra | Sarovar Hotels",false,false,missing_meta_description|missing_canonical
/hotels/golden-tulip-agra/dining/golden-tulip-agra-sumac-a-chic-multi-cuisine-restaurant-in-agra,200,200,0,124,,"Sumac: A Chic Multi-cuisine Restaurant in Agra |  Golden Tulip, Agra | Sarovar Hotels",false,false,missing_meta_description|missing_canonical
/hotels/golden-tulip-bdi-club-and-suite-bhiwadi/dining/golden-tulip-bdi-club-and-suite-bhiwadi-an-elevated-dining-experience-at-the-best-restaurant-in-bhiwadi,200,200,0,114,,"An Elevated Dining Experience at the Best Restaurant in Bhiwadi | Golden Tulip BDI Club and Suite, Bhiwadi | Sarovar Hotels",false,false,missing_meta_description|missing_canonical
/hotels/bellevue-sarovar-premiere-junagadh/dining/bellevue-sarovar-premiere-junagadh-flavours-9-our-cafe-in-junagadh-at-bellevue-sarovar-premiere,200,200,0,120,,"Flavours 9 – Our Cafe in Junagadh at Bellevue Sarovar Premiere | Bellevue Sarovar Premiere, Junagadh | Sarovar Hotels",false,false,missing_meta_description|missing_canonical
/hotels/bamus-sarovar-portico-kampala/dining/bamus-sarovar-portico-kampala-flavours-all-day-dining-from-daybreak-to-dinner-hour,200,200,0,130,,"Flavours – All-day Dining: From Daybreak to Dinner Hour | Bamus Sarovar Portico, Kampala | Sarovar Hotels",false,false,missing_meta_description|missing_canonical
/hotels/classic-sarovar-portico-thiruvananthapuram/dining/classic-sarovar-portico-thiruvananthapuram-classic-caf-at-classic-sarovar-portico-thiruvananthapuram,200,200,0,141,,"Classic Café at Classic Sarovar Portico, Thiruvananthapuram | Classic Sarovar Portico, Thiruvananthapuram | Sarovar Hotels",false,false,missing_meta_description|missing_canonical
/hotels/bellevue-sarovar-premiere-junagadh/dining/bellevue-sarovar-premiere-junagadh-girnar-sky-lounge-bar-be-que-roof-top-restaurant-at-bellevue-sarovar-premiere-junagadh,200,200,0,142,,"Girnar Sky Lounge – Bar-be-Que Roof Top Restaurant at Bellevue Sarovar Premiere, Junagadh | Bellevue Sarovar Premiere, Junagadh | Sarovar Hotels",false,false,missing_meta_description|missing_canonical
/hotels/classic-sarovar-portico-thiruvananthapuram/dining/classic-sarovar-portico-thiruvananthapuram-options-restaurant-at-classic-sarovar-portico-thiruvananthapuram,200,200,0,139,,"Options Restaurant at Classic Sarovar Portico, Thiruvananthapuram | Classic Sarovar Portico, Thiruvananthapuram | Sarovar Hotels",false,false,missing_meta_description|missing_canonical
/hotels/classic-sarovar-portico-thiruvananthapuram/dining/classic-sarovar-portico-thiruvananthapuram-sizzle-n-grill-our-rooftop-restaurant-in-trivandrum,200,200,0,154,,"Sizzle n Grill - Our Rooftop Restaurant in Trivandrum | Classic Sarovar Portico, Thiruvananthapuram | Sarovar Hotels",false,false,missing_meta_description|missing_canonical
/hotels/davanam-sarovar-portico-suites-bangalore/dining/davanam-sarovar-portico-suites-bangalore-tangerine-a-fine-multi-cuisine-restaurant-in-hosur,200,200,0,152,,"Tangerine - A Fine Multi-Cuisine Restaurant in Hosur | Davanam Sarovar Portico Suites, Bangalore | Sarovar Hotels",false,false,missing_meta_description|missing_canonical
/hotels/davanam-sarovar-portico-suites-bangalore/dining/davanam-sarovar-portico-suites-bangalore-gallop-a-chic-lounge-bar-in-hosur,200,200,0,154,,"Gallop - A Chic Lounge Bar in Hosur | Davanam Sarovar Portico Suites, Bangalore | Sarovar Hotels",false,false,missing_meta_description|missing_canonical
/hotels/delite-sarovar-portico-faridabad/dining/delite-sarovar-portico-faridabad-enjoy-flavourful-food-in-faridabad-at-flavours-all-day-dining,200,200,0,146,,"Enjoy Flavourful Food in Faridabad at Flavours - All-day Dining | Delite Sarovar Portico, Faridabad | Sarovar Hotels",false,false,missing_meta_description|missing_canonical
/hotels/deventure-sarovar-portico--kapashera-new-delhi/dining/deventure-sarovar-portico-kapashera-new-delhi-atrium-lounge-at-deventure-sarovar-portico-kapashera-new-delhi,200,200,0,154,,"Atrium Lounge at Deventure Sarovar Portico Kapashera, New Delhi | Deventure Sarovar Portico- Kapashera, New Delhi | Sarovar Hotels",false,false,missing_meta_description|missing_canonical
/hotels/golden-tulip-candolim-goa/dining/golden-tulip-candolim-goa-aquatico-all-day-dining-a-poolside-restaurant-in-candolim,200,200,0,150,,"Aquatico—All-day Dining: A Poolside Restaurant in Candolim | Golden Tulip, Candolim, Goa | Sarovar Hotels",false,false,missing_meta_description|missing_canonical
/hotels/deventure-sarovar-portico--kapashera-new-delhi/dining/deventure-sarovar-portico-kapashera-new-delhi-patio-restaurant-at-deventure-sarovar-portico-kapashera-new-delhi,200,200,0,136,,"Patio Restaurant at Deventure Sarovar Portico Kapashera, New Delhi | Deventure Sarovar Portico- Kapashera, New Delhi | Sarovar Hotels",false,false,missing_meta_description|missing_canonical
/hotels/golden-tulip-goa-mandrem/dining/golden-tulip-goa-mandrem-coffe-co-where-coffee-meets-conversation,200,200,0,133,,"Coffe & Co.: Where Coffee Meets Conversation | Golden Tulip Goa, Mandrem Beach | Sarovar Hotels",false,false,missing_meta_description|missing_canonical
/hotels/golden-tulip-essential-jaipur/dining/golden-tulip-essential-jaipur-14-tables-restaurant-at-golden-tulip-essential-jaipur,200,200,0,126,,"14 Tables Restaurant At Golden Tulip Essential, Jaipur | Golden Tulip Essential, Jaipur | Sarovar Hotels",false,false,missing_meta_description|missing_canonical
/hotels/golden-tulip-goa-mandrem/dining/golden-tulip-goa-mandrem-tulipe-dining-that-flows-with-your-day,200,200,0,123,,"Tulipe: Dining that Flows with Your Day | Golden Tulip Goa, Mandrem Beach | Sarovar Hotels",false,false,missing_meta_description|missing_canonical
/hotels/golden-tulip-goa-vagator/dining/golden-tulip-goa-vagator-tulipe-all-day-dining-a-celebration-of-goa-s-best-flavours,200,200,0,115,,"Tulipe – All-day Dining: A Celebration of Goa’s Best Flavours | Golden Tulip, Goa Vagator | Sarovar Hotels",false,false,missing_meta_description|missing_canonical
/hotels/golden-tulip-goa-vagator/dining/golden-tulip-goa-vagator-chill-the-bar-goa-s-premier-unwind-spot,200,200,0,112,,"Chill - The Bar: Goa's Premier Unwind Spot | Golden Tulip, Goa Vagator | Sarovar Hotels",false,false,missing_meta_description|missing_canonical
/hotels/golden-tulip-hari-nagar/dining/golden-tulip-hari-nagar-savour-mouthwatering-delights-at-our-cafe-in-west-delhi,200,200,0,118,,"Savour Mouthwatering Delights at Our Cafe in West Delhi | Golden Tulip New Delhi, Hari Nagar | Sarovar Hotels",false,false,missing_meta_description|missing_canonical
/hotels/golden-tulip-hari-nagar/dining/golden-tulip-hari-nagar-grab-a-drink-at-our-bar-in-west-delhi,200,200,0,113,,"Grab a Drink at Our Bar in West Delhi | Golden Tulip New Delhi, Hari Nagar | Sarovar Hotels",false,false,missing_meta_description|missing_canonical
/hotels/golden-tulip-hotel-in-jaipur/dining/golden-tulip-hotel-in-jaipur-marigold-restaurant-at-golden-tulip-jaipur-city-center,200,200,0,114,,Marigold Restaurant at Golden Tulip Jaipur City Center | Golden Tulip Jaipur City Center | Sarovar Hotels,false,false,missing_meta_description|missing_canonical
/hotels/golden-tulip-jalandhar/dining/golden-tulip-jalandhar-grab-a-drink-at-the-best-bar-in-jalandhar,200,200,0,112,,"Grab a Drink at the Best Bar in Jalandhar | Golden Tulip, Jalandhar  | Sarovar Hotels",false,false,missing_meta_description|missing_canonical
/hotels/golden-tulip-jalandhar/dining/golden-tulip-jalandhar-unwind-at-the-best-lounge-in-jalandhar,200,200,0,125,,"Unwind at the Best Lounge in Jalandhar | Golden Tulip, Jalandhar  | Sarovar Hotels",false,false,missing_meta_description|missing_canonical
/hotels/golden-tulip-jalandhar/dining/golden-tulip-jalandhar-enjoy-delicious-treats-at-our-cafe-in-jalandhar,200,200,0,138,,"Enjoy Delicious Treats at our Cafe in Jalandhar | Golden Tulip, Jalandhar  | Sarovar Hotels",false,false,missing_meta_description|missing_canonical
/hotels/golden-tulip-lucknow/dining/golden-tulip-lucknow-branche-bar-at-golden-tulip-lucknow,200,200,0,131,,"Branche Bar At Golden Tulip, Lucknow | Golden Tulip, Lucknow | Sarovar Hotels",false,false,missing_meta_description|missing_canonical
/hotels/golden-tulip-kukas-jaipur/dining/golden-tulip-kukas-jaipur-tulipe-flavours-served-with-jaipur-s-warmth,200,200,0,140,,"Tulipe: Flavours Served with Jaipur’s Warmth | Golden Tulip Jaipur, Kukas | Sarovar Hotels",false,false,missing_meta_description|missing_canonical
/hotels/golden-tulip-lucknow/dining/golden-tulip-lucknow-just-baked-at-golden-tulip-lucknow,200,200,0,129,,"Just Baked At Golden Tulip, Lucknow | Golden Tulip, Lucknow | Sarovar Hotels",false,false,missing_meta_description|missing_canonical
/hotels/golden-tulip-lucknow/dining/golden-tulip-lucknow-branche-restaurant-at-golden-tulip-lucknow,200,200,0,129,,"Branche Restaurant At Golden Tulip, Lucknow | Golden Tulip, Lucknow | Sarovar Hotels",false,false,missing_meta_description|missing_canonical
/hotels/golden-tulip-sector-80-gurugram/dining/golden-tulip-sector-80-gurugram-latelier-a-toast-to-slow-evenings,200,200,0,128,,"Latelier: A Toast to Slow Evenings | Golden Tulip - Sector 80, Gurugram | Sarovar Hotels",false,false,missing_meta_description|missing_canonical
/hotels/golden-tulip-sector-80-gurugram/dining/golden-tulip-sector-80-gurugram-tulipe-taste-india-s-best-on-a-modern-plate,200,200,0,125,,"Tulipe: Taste India's Best on a Modern Plate | Golden Tulip - Sector 80, Gurugram | Sarovar Hotels",false,false,missing_meta_description|missing_canonical
/hotels/golden-tulip-srinagar/dining/golden-tulip-srinagar-karak-tea-lounge-at-golden-tulip-srinagar,200,200,0,132,,"Karak Tea Lounge at Golden Tulip, Srinagar | Golden Tulip, Srinagar (formerly RK Sarovar Portico, Srinagar) | Sarovar Hotels",false,false,missing_meta_description|missing_canonical
/hotels/golden-tulip-srinagar/dining/golden-tulip-srinagar-sheesha-restaurant-at-golden-tulip-srinagar,200,200,0,128,,"Sheesha Restaurant at Golden Tulip, Srinagar | Golden Tulip, Srinagar (formerly RK Sarovar Portico, Srinagar) | Sarovar Hotels",false,false,missing_meta_description|missing_canonical
/hotels/golden-tulip-srinagar/dining/golden-tulip-srinagar-takht-e-sulaiman-restaurant-at-golden-tulip-srinagar,200,200,0,120,,"Takht-E-Sulaiman Restaurant at Golden Tulip, Srinagar | Golden Tulip, Srinagar (formerly RK Sarovar Portico, Srinagar) | Sarovar Hotels",false,false,missing_meta_description|missing_canonical
/hotels/golden-tulip-udaipur/dining/golden-tulip-udaipur-flavours-all-day-dining-a-culinary-journey-awaits,200,200,0,112,,"Flavours – All-day Dining: A Culinary Journey Awaits | Golden Tulip, Udaipur | Sarovar Hotels",false,false,missing_meta_description|missing_canonical
/hotels/golden-tulip-udaipur/dining/golden-tulip-udaipur-poolside-grill-udaipur-s-ultimate-flavour-escape,200,200,0,112,,"Poolside Grill: Udaipur’s Ultimate Flavour Escape | Golden Tulip, Udaipur | Sarovar Hotels",false,false,missing_meta_description|missing_canonical
/hotels/golden-tulip-udaipur/dining/golden-tulip-udaipur-library-lounge-cosy-coffee-shop-in-udaipur,200,200,0,116,,"Library Lounge: Cosy Coffee Shop in Udaipur | Golden Tulip, Udaipur | Sarovar Hotels",false,false,missing_meta_description|missing_canonical
/hotels/golden-tulip/dining/golden-tulip-the-coffee-shop-at-golden-tulip-gurgaon,200,200,0,110,,"The Coffee Shop at Golden Tulip, Gurgaon | Golden Tulip, Gurgaon | Sarovar Hotels",false,false,missing_meta_description|missing_canonical
/hotels/golden-tulip/dining/golden-tulip-bar-at-golden-tulip-gurgaon,200,200,0,118,,"Bar at Golden Tulip, Gurgaon | Golden Tulip, Gurgaon | Sarovar Hotels",false,false,missing_meta_description|missing_canonical
/hotels/grand-continent-anjuna/dining/grand-continent-anjuna-delight-your-palate-at-flavours-all-day-dining,200,200,0,107,,"Delight Your Palate at Flavours - All-Day Dining | Grand Continent, Anjuna - A Sarovar Portico Affiliate Hotel | Sarovar Hotels",false,false,missing_meta_description|missing_canonical
/hotels/grand-continent-brookefield-bengaluru/dining/grand-continent-brookefield-bengaluru-flavours-all-day-dining-offering-the-best-food-in-bengaluru,200,200,0,117,,"Flavours - All-day Dining: Offering the Best Food in Bengaluru | Grand Continent, Brookefield - A Sarovar Portico Affiliate Hotel | Sarovar Hotels",false,false,missing_meta_description|missing_canonical
/hotels/grand-continent-hosur/dining/grand-continent-hosur-cafe-parade-a-sumptuous-eatery,200,200,0,117,,"CAFE PARADE - A SUMPTUOUS EATERY | Grand Continent, Hosur A Sarovar Portico hotel | Sarovar Hotels",false,false,missing_meta_description|missing_canonical
/hotels/grand-continent-mahabalipuram/dining/grand-continent-mahabalipuram-flavours-all-day-dining-best-food-in-mahabalipuram,200,200,0,124,,"Flavours–All-day Dining: Best Food in Mahabalipuram | Grand Continent, Mahabalipuram - A Sarovar Premiere Affiliate Hotel | Sarovar Hotels",false,false,missing_meta_description|missing_canonical
/hotels/grand-continent-mahabalipuram/dining/grand-continent-mahabalipuram-smoke-barbeque-love-rooftop-restaurant-in-mahabalipuram,200,200,0,125,,"Smoke – Barbeque Love: Rooftop Restaurant in Mahabalipuram | Grand Continent, Mahabalipuram - A Sarovar Premiere Affiliate Hotel | Sarovar Hotels",false,false,missing_meta_description|missing_canonical
/hotels/grand-continent-mahabalipuram/dining/grand-continent-mahabalipuram-moka-desserts-more-cafe-in-mahabalipuram,200,200,0,124,,"Moka - Desserts & More: Cafe in Mahabalipuram | Grand Continent, Mahabalipuram - A Sarovar Premiere Affiliate Hotel | Sarovar Hotels",false,false,missing_meta_description|missing_canonical
/hotels/grand-continent-mahabalipuram/dining/grand-continent-mahabalipuram-unwind-kitchen-bar-in-mahabalipuram,200,200,0,125,,"Unwind - Kitchen & Bar in Mahabalipuram | Grand Continent, Mahabalipuram - A Sarovar Premiere Affiliate Hotel | Sarovar Hotels",false,false,missing_meta_description|missing_canonical
/hotels/grand-portico-hotel-in-latur/dining/grand-portico-hotel-in-latur-chill-bar-a-splendid-bar-in-latur,200,200,0,119,,"Chill Bar - A Splendid Bar in Latur | Grand Sarovar Portico, Latur | Sarovar Hotels",false,false,missing_meta_description|missing_canonical
/hotels/grand-continent-malleshwaram-bangalore/dining/grand-continent-malleshwaram-bangalore-indulge-in-flavours-an-all-day-dining-restaurant-in-malleshwaram,200,200,0,127,,"Indulge in Flavours - An All-day Dining Restaurant in Malleshwaram! | Grand Continent, Malleshwaram - A Sarovar Portico Affiliate Hotel | Sarovar Hotels",false,false,missing_meta_description|missing_canonical
/hotels/grand-continent-mysore/dining/grand-continent-mysore-enjoy-exquisite-dining-in-mysore,200,200,0,129,,"Enjoy Exquisite Dining in Mysore | Grand Continent, Mysore - A Sarovar Portico Affiliate Hotel | Sarovar Hotels",false,false,missing_meta_description|missing_canonical
/hotels/grand-portico-hotel-in-latur/dining/grand-portico-hotel-in-latur-flavours-a-delightful-multi-cuisine-restaurant-in-latur,200,200,0,129,,"Flavours - A Delightful Multi-cuisine Restaurant in Latur | Grand Sarovar Portico, Latur | Sarovar Hotels",false,false,missing_meta_description|missing_canonical
/hotels/highland-sarovar-portico-sindhudurg/dining/highland-sarovar-portico-sindhudurg-flavours-all-day-dining-the-heart-of-delicious-food-in-sindhudurg,200,200,0,119,,"Flavours–All-day Dining: The Heart of Delicious Food in Sindhudurg | Highland Sarovar Portico, Sindhudurg | Sarovar Hotels",false,false,missing_meta_description|missing_canonical
/hotels/hometel-chandigarh/dining/hometel-chandigarh-chill-lounge-bar-at-hometel-chandigarh,200,200,0,121,,"Chill - Lounge Bar at Hometel Chandigarh | Hometel, Chandigarh | Sarovar Hotels",false,false,missing_meta_description|missing_canonical
/hotels/hometel-chandigarh/dining/hometel-chandigarh-flavours-all-day-dining-at-hometel-chandigarh,200,200,0,134,,"Flavours - All Day Dining at Hometel Chandigarh | Hometel, Chandigarh | Sarovar Hotels",false,false,missing_meta_description|missing_canonical
/hotels/hometel-chandigarh/dining/hometel-chandigarh-terrace-grill-at-hometel-chandigarh,200,200,0,131,,"Terrace Grill at Hometel Chandigarh | Hometel, Chandigarh | Sarovar Hotels",false,false,missing_meta_description|missing_canonical
/hotels/hometel-roorkee/dining/hometel-roorkee-chill-lounge-bar-at-hometel-roorkee,200,200,0,125,,Chill Lounge Bar at Hometel Roorkee | Hometel Roorkee | Sarovar Hotels,false,false,missing_meta_description|missing_canonical
/hotels/hometel-roorkee/dining/hometel-roorkee-flavours-restaurant-at-hometel-roorkee,200,200,0,121,,Flavours Restaurant at Hometel Roorkee | Hometel Roorkee | Sarovar Hotels,false,false,missing_meta_description|missing_canonical
/hotels/hrj-sarovar-portico-indore/dining/hrj-sarovar-portico-indore-lip-smacking-delicacies-at-flavours-multi-cuisine-restaurant,200,200,0,132,,"Lip-Smacking Delicacies at Flavours Multi-Cuisine Restaurant | HRJ Sarovar Portico, Indore (A Unit of HRJ International Hotels LLP) | Sarovar Hotels",false,false,missing_meta_description|missing_canonical
/hotels/hrj-sarovar-portico-indore/dining/hrj-sarovar-portico-indore-unwind-groove-to-up-beat-tunes-at-chill-bar-coming-soon,200,200,0,131,,"Unwind & Groove to Up-beat Tunes at Chill Bar (Coming Soon) | HRJ Sarovar Portico, Indore (A Unit of HRJ International Hotels LLP) | Sarovar Hotels",false,false,missing_meta_description|missing_canonical
/hotels/iris-sarovar-portico-gurugram/dining/iris-sarovar-portico-gurugram-experience-culinary-excellence-at-flavours-all-day-dining,200,200,0,238,,"Experience Culinary Excellence at Flavours–All-day Dining | Iris Sarovar Portico, Gurugram | Sarovar Hotels",false,false,missing_meta_description|missing_canonical
/hotels/iris-sarovar-portico-gurugram/dining/iris-sarovar-portico-gurugram-unwind-in-style-at-terrace-grill,200,200,0,236,,"Unwind in Style at Terrace Grill | Iris Sarovar Portico, Gurugram | Sarovar Hotels",false,false,missing_meta_description|missing_canonical
/hotels/ishaan-sarovar-portico-deoghar/dining/ishaan-sarovar-portico-deoghar-fursat-bar-in-deoghar,200,200,0,238,,"Fursat Bar in Deoghar | Ishaan Sarovar Portico, Deoghar | Sarovar Hotels",false,false,missing_meta_description|missing_canonical
/hotels/ishaan-sarovar-portico-deoghar/dining/ishaan-sarovar-portico-deoghar-punita-all-day-dining-in-deoghar,200,200,0,261,,"Punita All-day Dining in Deoghar | Ishaan Sarovar Portico, Deoghar | Sarovar Hotels",false,false,missing_meta_description|missing_canonical
/hotels/la-place-sarovar-portico-lucknow/dining/la-place-sarovar-portico-lucknow-pavillion-restaurant-at-la-place-sarovar-portico-lucknow,200,200,0,244,,"Pavillion Restaurant at La Place Sarovar Portico, Lucknow | La Place Sarovar Portico, Lucknow | Sarovar Hotels",false,false,missing_meta_description|missing_canonical
/hotels/la-place-sarovar-portico-lucknow/dining/la-place-sarovar-portico-lucknow-terrace-grill-at-la-place-sarovar-portico-lucknow,200,200,0,246,,"Terrace Grill at La Place Sarovar Portico, Lucknow | La Place Sarovar Portico, Lucknow | Sarovar Hotels",false,false,missing_meta_description|missing_canonical
/hotels/lagoon-sarovar-premiere-pondicherry/dining/lagoon-sarovar-premiere-pondicherry-destress-with-some-tasty-quick-bites,200,200,0,256,,"Destress with Some Tasty Quick Bites | Lagoon Sarovar Premiere Resort, Pondicherry | Sarovar Hotels",false,false,missing_meta_description|missing_canonical
/hotels/le-dupleix-pondicherry/dining/le-dupleix-pondicherry-courtyard-restaurant-at-le-dupleix-pondicherry,200,200,0,241,,"Courtyard Restaurant at Le Dupleix, Pondicherry | Le Dupleix, Pondicherry | Sarovar Hotels",false,false,missing_meta_description|missing_canonical
/hotels/lagoon-sarovar-premiere-pondicherry/dining/lagoon-sarovar-premiere-pondicherry-unwind-unplug-at-our-bar-in-pondicherry,200,200,0,248,,"Unwind & Unplug at Our Bar in Pondicherry | Lagoon Sarovar Premiere Resort, Pondicherry | Sarovar Hotels",false,false,missing_meta_description|missing_canonical
/hotels/lagoon-sarovar-premiere-pondicherry/dining/lagoon-sarovar-premiere-pondicherry-prepare-your-senses-for-a-unique-palate,200,200,0,266,,"Prepare Your Senses for a Unique Palate | Lagoon Sarovar Premiere Resort, Pondicherry | Sarovar Hotels",false,false,missing_meta_description|missing_canonical
/hotels/le-dupleix-pondicherry/dining/le-dupleix-pondicherry-the-governor-s-lounge-bar-at-le-dupleix-pondicherry,200,200,0,147,,"The Governor's Lounge Bar at Le Dupleix, Pondicherry | Le Dupleix, Pondicherry | Sarovar Hotels",false,false,missing_meta_description|missing_canonical
/hotels/le-lac-sarovar-ranchi/dining/le-lac-sarovar-ranchi-chill-lounge-bar-at-le-lac-sarovar-portico-ranchi,200,200,0,148,,"Chill Lounge Bar at Le Lac Sarovar Portico, Ranchi | Le Lac Sarovar Portico, Ranchi | Sarovar Hotels",false,false,missing_meta_description|missing_canonical
/hotels/le-lac-sarovar-ranchi/dining/le-lac-sarovar-ranchi-flavours-restaurant-at-le-lac-sarovar-portico-ranchi,200,200,0,161,,"Flavours Restaurant at Le Lac Sarovar Portico, Ranchi | Le Lac Sarovar Portico, Ranchi | Sarovar Hotels",false,false,missing_meta_description|missing_canonical
/hotels/le-lac-sarovar-ranchi/dining/le-lac-sarovar-ranchi-pastry-shop-at-le-lac-sarovar-portico-ranchi,200,200,0,159,,"Pastry Shop at Le Lac Sarovar Portico, Ranchi | Le Lac Sarovar Portico, Ranchi | Sarovar Hotels",false,false,missing_meta_description|missing_canonical
/hotels/legend-sarovar-portico/dining/legend-sarovar-portico-blue-o-at-legend-sarovar-portico-baddi,200,200,0,153,,"Blue-O at Legend Sarovar Portico, Baddi | Legend Sarovar Portico, Baddi | Sarovar Hotels",false,false,missing_meta_description|missing_canonical
/hotels/legend-sarovar-portico/dining/legend-sarovar-portico-seasons-at-legend-sarovar-portico-baddi,200,200,0,159,,"Seasons at Legend Sarovar Portico, Baddi | Legend Sarovar Portico, Baddi | Sarovar Hotels",false,false,missing_meta_description|missing_canonical
/hotels/madhuban-sarovar-portico-mussorie/dining/madhuban-sarovar-portico-mussorie-flavours-restaurant-at-hotel-madhuban-sarovar-portico-mussoorie,200,200,0,148,,"Flavours Restaurant at Hotel Madhuban Sarovar Portico, Mussoorie | Madhuban Sarovar Portico, Mussoorie | Sarovar Hotels",false,false,missing_meta_description|missing_canonical
/hotels/madhuban-sarovar-portico-mussorie/dining/madhuban-sarovar-portico-mussorie-sapphire-lounge-bar-at-hotel-madhuban-sarovar-portico-mussoorie,200,200,0,165,,"Sapphire - Lounge & Bar at Hotel Madhuban Sarovar Portico, Mussoorie | Madhuban Sarovar Portico, Mussoorie | Sarovar Hotels",false,false,missing_meta_description|missing_canonical
/hotels/mahagun-sarovar-portico-suites-vaishali/dining/mahagun-sarovar-portico-suites-vaishali-tangerine-restaurant-at-mahagun-sarovar-portico-suites-vaishali,200,200,0,166,,"Tangerine Restaurant at Mahagun Sarovar Portico Suites, Vaishali | Mahagun Sarovar Portico Suites, Vaishali | Sarovar Hotels",false,false,missing_meta_description|missing_canonical
/hotels/manjeera-sarovar-premiere-rajahmundry/dining/manjeera-sarovar-premiere-rajahmundry-chill-lounge-bar-at-manjeera-sarovar-premiere-rajahmundry,200,200,0,153,,"Chill Lounge Bar at Manjeera Sarovar Premiere, Rajahmundry | Manjeera Sarovar Premiere, Rajahmundry | Sarovar Hotels",false,false,missing_meta_description|missing_canonical
/hotels/majestic-court-sarovar-portico-navi-mumbai/dining/majestic-court-sarovar-portico-navi-mumbai-white-violet-at-majestic-court-sarovar-portico-the-best-restaurant-in-navi-mumbai,200,200,0,165,,"White Violet at Majestic Court Sarovar Portico - The best restaurant in Navi Mumbai | Majestic Court Sarovar Portico, Navi Mumbai | Sarovar Hotels",false,false,missing_meta_description|missing_canonical
/hotels/mahagun-sarovar-portico-suites-vaishali/dining/mahagun-sarovar-portico-suites-vaishali-terrace-grill-at-mahagun-sarovar-portico-suites-vaishali,200,200,0,175,,"Terrace Grill at Mahagun Sarovar Portico Suites, Vaishali | Mahagun Sarovar Portico Suites, Vaishali | Sarovar Hotels",false,false,missing_meta_description|missing_canonical
/hotels/manjeera-sarovar-premiere-rajahmundry/dining/manjeera-sarovar-premiere-rajahmundry-flavours-restaurant-at-manjeera-sarovar-portico-rajahmundry,200,200,0,147,,"Flavours Restaurant At Manjeera Sarovar Portico, Rajahmundry | Manjeera Sarovar Premiere, Rajahmundry | Sarovar Hotels",false,false,missing_meta_description|missing_canonical
/hotels/marasa-sarovar-portico-rajkot/dining/marasa-sarovar-portico-rajkot-garam-giggles-a-rooftop-cafe-in-rajkot-at-marasa-sarovar-portico,200,200,0,142,,"Garam Giggles - A Rooftop Cafe in Rajkot at Marasa Sarovar Portico | Marasa Sarovar Portico, Rajkot | Sarovar Hotels",false,false,missing_meta_description|missing_canonical
/hotels/marasa-sarovar-portico-rajkot/dining/marasa-sarovar-portico-rajkot-mehek-pure-veg-restaurant-in-rajkot-at-marasa-sarovar-portico,200,200,0,143,,"Mehek -Pure Veg Restaurant in Rajkot at Marasa Sarovar Portico | Marasa Sarovar Portico, Rajkot | Sarovar Hotels",false,false,missing_meta_description|missing_canonical
/hotels/marasa-sarovar-premiere-bodhgaya/dining/marasa-sarovar-premiere-bodhgaya-in-room-dining-at-marasa-sarovar-premiere-bodhgaya,200,200,0,130,,"In-room Dining At Marasa Sarovar Premiere, Bodhgaya | Marasa Sarovar Premiere, Bodhgaya | Sarovar Hotels",false,false,missing_meta_description|missing_canonical
/hotels/marasa-sarovar-premiere-bodhgaya/dining/marasa-sarovar-premiere-bodhgaya-tea-bar-a-unique-dining-place-in-bodhgaya,200,200,0,126,,"TEA BAR - A UNIQUE DINING PLACE IN Bodhgaya | Marasa Sarovar Premiere, Bodhgaya | Sarovar Hotels",false,false,missing_meta_description|missing_canonical
/hotels/marasa-sarovar-premiere-bodhgaya/dining/marasa-sarovar-premiere-bodhgaya-varada-caf-fine-dining-at-our-hotel-in-bodhgaya,200,200,0,116,,"Varada Café - Fine Dining At Our Hotel In Bodhgaya | Marasa Sarovar Premiere, Bodhgaya | Sarovar Hotels",false,false,missing_meta_description|missing_canonical
/hotels/marasa-sarovar-premiere-tirupati-hotels/dining/marasa-sarovar-premiere-tirupati-hotels-krishna-vegetarian-restaurant-at-marasa-sarovar-premiere-tirupati,200,200,0,121,,"Krishna: Vegetarian Restaurant at Marasa Sarovar Premiere, Tirupati |  Marasa Sarovar Premiere, Tirupati | Sarovar Hotels",false,false,missing_meta_description|missing_canonical
/hotels/marasa-sarovar-premiere-tirupati-hotels/dining/marasa-sarovar-premiere-tirupati-hotels-lotus-cafe-at-marasa-sarovar-premiere-tirupati,200,200,0,122,,"Lotus Cafe at Marasa Sarovar Premiere, Tirupati |  Marasa Sarovar Premiere, Tirupati | Sarovar Hotels",false,false,missing_meta_description|missing_canonical
/hotels/marigold-sarovar-portico-mashobra-shimla/dining/marigold-sarovar-portico-mashobra-shimla-glen,200,200,0,114,,"Glen | Marigold Sarovar Portico, Mashobra-Shimla | Sarovar Hotels",false,false,missing_meta_description|missing_canonical
/hotels/marasa-sarovar-premiere-tirupati-hotels/dining/marasa-sarovar-premiere-tirupati-hotels-somasura-the-bar-at-marasa-sarovar-premiere-tirupati,200,200,0,124,,"Somasura – The Bar at Marasa Sarovar Premiere, Tirupati |  Marasa Sarovar Premiere, Tirupati | Sarovar Hotels",false,false,missing_meta_description|missing_canonical
/hotels/marigold-sarovar-portico-mashobra-shimla/dining/marigold-sarovar-portico-mashobra-shimla-craignano,200,200,0,124,,"Craignano | Marigold Sarovar Portico, Mashobra-Shimla | Sarovar Hotels",false,false,missing_meta_description|missing_canonical
/hotels/marine-plaza-mumbai/dining/marine-plaza-mumbai-bayview-all-day-dining-at-hotel-marine-plaza-mumbai,200,200,0,108,,"Bayview - All Day Dining at Hotel Marine Plaza, Mumbai | Hotel Marine Plaza, Mumbai | Sarovar Hotels",false,false,missing_meta_description|missing_canonical
/hotels/marine-plaza-mumbai/dining/marine-plaza-mumbai-geoffrey-s-the-pub-at-hotel-marine-plaza-mumbai,200,200,0,110,,"Geoffrey's, The Pub at Hotel Marine Plaza, Mumbai | Hotel Marine Plaza, Mumbai | Sarovar Hotels",false,false,missing_meta_description|missing_canonical
/hotels/marine-plaza-mumbai/dining/marine-plaza-mumbai-the-oriental-blossom-at-hotel-marine-plaza-mumbai,200,200,0,125,,"The Oriental Blossom at Hotel Marine Plaza, Mumbai | Hotel Marine Plaza, Mumbai | Sarovar Hotels",false,false,missing_meta_description|missing_canonical
/hotels/mj-sarovar-portico-haridwar/dining/mj-sarovar-portico-haridwar-flavours-all-day-dining-an-interactive-dining-experience,200,200,0,132,,"Flavours – All-day Dining: An Interactive Dining Experience | MJ Sarovar Portico, Haridwar | Sarovar Hotels",false,false,missing_meta_description|missing_canonical
/hotels/mountnoor-sarovar-premiere-pahalgam/dining/mountnoor-sarovar-premiere-pahalgam-noor-all-day-dining-crafted-with-soul-from-daylight-to-candlelight,200,200,0,127,,"Noor All-day Dining: Crafted with Soul from Daylight to Candlelight | Mountnoor Sarovar Premiere, Pahalgam | Sarovar Hotels",false,false,missing_meta_description|missing_canonical
/hotels/mountnoor-sarovar-premiere-pahalgam/dining/mountnoor-sarovar-premiere-pahalgam-tamanna-kashmiri-speciality-lounge-wine-dine-with-views,200,200,0,119,,"Tamanna Kashmiri Speciality Lounge: Wine & Dine with Views | Mountnoor Sarovar Premiere, Pahalgam | Sarovar Hotels",false,false,missing_meta_description|missing_canonical
/hotels/mukundra-sarovar-premiere-kota/dining/mukundra-sarovar-premiere-kota-jharokha-enjoy-global-flavours-in-an-inviting-setting,200,200,0,123,,"Jharokha: Enjoy Global Flavours in an Inviting Setting | Mukundra Sarovar Premiere, Kota | Sarovar Hotels",false,false,missing_meta_description|missing_canonical
/hotels/nataraj-sarovar-portico-jhansi/dining/nataraj-sarovar-portico-jhansi-flavours-our-24-hour-restaurant-in-jhansi,200,200,0,120,,"Flavours - Our 24 Hour Restaurant in Jhansi | Nataraj Sarovar Portico, Jhansi | Sarovar Hotels",false,false,missing_meta_description|missing_canonical
/hotels/mukundra-sarovar-premiere-kota/dining/mukundra-sarovar-premiere-kota-mehfil-e-khas-refined-evenings-with-fine-spirits,200,200,0,128,,"Mehfil-E-Khas: Refined Evenings with Fine Spirits | Mukundra Sarovar Premiere, Kota | Sarovar Hotels",false,false,missing_meta_description|missing_canonical
/hotels/nataraj-sarovar-portico-jhansi/dining/nataraj-sarovar-portico-jhansi-lancer-our-bar-in-jhansi,200,200,0,124,,"Lancer - Our Bar in Jhansi | Nataraj Sarovar Portico, Jhansi | Sarovar Hotels",false,false,missing_meta_description|missing_canonical
/hotels/naturevilas-portico-manali/dining/naturevilas-portico-manali-sumptuous-dining-at-one-of-the-best-coffee-shops-in-manali,200,200,0,112,,"Sumptuous Dining at One of the Best Coffee Shops in Manali | NatureVilas Sarovar Portico, Manali | Sarovar Hotels",false,false,missing_meta_description|missing_canonical
/hotels/neelkanth-sarovar-premiere-lusaka/dining/neelkanth-sarovar-premiere-lusaka-smoke-house-grill-restaurant-in-lusaka-at-neelkanth-sarovar-premiere,200,200,0,127,,"Smoke House Grill Restaurant in Lusaka at Neelkanth Sarovar Premiere | Neelkanth Sarovar Premiere, Lusaka | Sarovar Hotels",false,false,missing_meta_description|missing_canonical
/hotels/neelkanth-sarovar-premiere-lusaka/dining/neelkanth-sarovar-premiere-lusaka-swirl-bar-in-lusaka-at-neelkanth-sarovar-premiere,200,200,0,129,,"Swirl Bar in Lusaka at Neelkanth Sarovar Premiere | Neelkanth Sarovar Premiere, Lusaka | Sarovar Hotels",false,false,missing_meta_description|missing_canonical
/hotels/neelkanth-sarovar-premiere-lusaka/dining/neelkanth-sarovar-premiere-lusaka-sweet-talk-tea-shop-in-lusaka-at-neelkanth-sarovar-premiere,200,200,0,131,,"Sweet Talk Tea Shop in Lusaka at Neelkanth Sarovar Premiere | Neelkanth Sarovar Premiere, Lusaka | Sarovar Hotels",false,false,missing_meta_description|missing_canonical
/hotels/nidhivan-sarovar-portico-vrindavan/dining/nidhivan-sarovar-portico-vrindavan-tripti-at-nidhivan-sarovar-portico-vrindavan,200,200,0,136,,"Tripti at Nidhivan Sarovar Portico, Vrindavan | Nidhivan Sarovar Portico, Vrindavan | Sarovar Hotels",false,false,missing_meta_description|missing_canonical
/hotels/nirvana-sarovar-portico-gorakhpur/dining/nirvana-sarovar-portico-gorakhpur-dine-551-restaurant-at-nirvana-sarovar-portico-gorakhpur,200,200,0,144,,"Dine 551 - Restaurant at Nirvana Sarovar Portico, Gorakhpur | Nirvana Sarovar Portico, Gorakhpur | Sarovar Hotels",false,false,missing_meta_description|missing_canonical
/hotels/nirwana-hometel-jaipur-sarovar/dining/nirwana-hometel-jaipur-sarovar-chill-lounge-bar-at-nirwana-hometel-jaipur,200,200,0,140,,"Chill Lounge Bar at Nirwana Hometel, Jaipur | Nirwana Hometel, Jaipur | Sarovar Hotels",false,false,missing_meta_description|missing_canonical
/hotels/paradigm-sarovar-kakinada/dining/paradigm-sarovar-kakinada-city-view-paradigm-sarovar-portico-kakinada-hotels,200,200,0,132,,"City View | Paradigm Sarovar Portico | Kakinada Hotels | Paradigm Sarovar Portico, Kakinada | Sarovar Hotels",false,false,missing_meta_description|missing_canonical
/hotels/nirwana-hometel-jaipur-sarovar/dining/nirwana-hometel-jaipur-sarovar-flavours-restaurant-at-nirwana-hometel-jaipur,200,200,0,142,,"Flavours Restaurant at Nirwana Hometel, Jaipur | Nirwana Hometel, Jaipur | Sarovar Hotels",false,false,missing_meta_description|missing_canonical
/hotels/nirwana-hometel-jaipur-sarovar/dining/nirwana-hometel-jaipur-sarovar-jaipur-adda-at-nirwana-hometel-jaipur,200,200,0,144,,"Jaipur Adda at Nirwana Hometel, Jaipur | Nirwana Hometel, Jaipur | Sarovar Hotels",false,false,missing_meta_description|missing_canonical
/hotels/paradigm-sarovar-kakinada/dining/paradigm-sarovar-kakinada-level-7-paradigm-sarovar-portico-business-hotels-in-kakinada,200,200,0,137,,"Level 7 | Paradigm Sarovar Portico | Business Hotels in Kakinada | Paradigm Sarovar Portico, Kakinada | Sarovar Hotels",false,false,missing_meta_description|missing_canonical
/hotels/park-inn-gurgaon/dining/park-inn-gurgaon-cafe-55-at-park-inn-gurgaon-a-radisson-brand-managed-by-sarovar-hotels,200,200,0,130,,"Cafe 55 at Park Inn, Gurgaon - A Radisson Brand Managed by Sarovar Hotels | Park Inn, Gurgaon | Sarovar Hotels",false,false,missing_meta_description|missing_canonical
/hotels/park-inn-gurgaon/dining/park-inn-gurgaon-lounge-bar-at-park-inn-gurgaon-a-radisson-brand-managed-by-sarovar-hotels,200,200,0,132,,"Lounge Bar at Park Inn, Gurgaon - A Radisson Brand Managed by Sarovar Hotels | Park Inn, Gurgaon | Sarovar Hotels",false,false,missing_meta_description|missing_canonical
/hotels/Park-Inn-Radisson-Goa-Candolim/dining/park-inn-radisson-goa-candolim-chapora-at-park-inn-by-radisson-goa-candolim-by-the-radisson-hotel-group-managed-by-sarovar-hotels,200,200,0,129,,"Chapora at Park Inn by Radisson Goa Candolim, by the Radisson Hotel Group, managed by Sarovar Hotels | Park Inn by Radisson Candolim, Goa | Sarovar Hotels",false,false,missing_meta_description|missing_canonical
/hotels/Park-Inn-Radisson-Goa-Candolim/dining/park-inn-radisson-goa-candolim-colval-at-park-inn-by-radisson-goa-candolim-by-the-radisson-hotel-group-managed-by-sarovar-hotels,200,200,0,128,,"Colval at Park Inn by Radisson Goa Candolim, by the Radisson Hotel Group, managed by Sarovar Hotels | Park Inn by Radisson Candolim, Goa | Sarovar Hotels",false,false,missing_meta_description|missing_canonical
/hotels/Park-Inn-Radisson-Goa-Candolim/dining/park-inn-radisson-goa-candolim-sal-at-park-inn-by-radisson-goa-candolim-by-the-radisson-hotel-group-managed-by-sarovar-hotels,200,200,0,119,,"Sal at Park Inn by Radisson Goa Candolim, by the Radisson Hotel Group, managed by Sarovar Hotels | Park Inn by Radisson Candolim, Goa | Sarovar Hotels",false,false,missing_meta_description|missing_canonical
/hotels/park-plaza-jalandhar/dining/park-plaza-jalandhar-flavours-all-day-dining,200,200,0,117,,"Flavours - All-day Dining | Park Plaza, Jalandhar | Sarovar Hotels",false,false,missing_meta_description|missing_canonical
/hotels/park-plaza-faridabad/dining/park-plaza-faridabad-cakes-n-bakes-at-park-plaza-faridabad-by-the-radisson-hotel-group-managed-by-sarovar-hotels,200,200,0,128,,"Cakes 'n' Bakes at Park Plaza, Faridabad, by the Radisson Hotel Group, managed by Sarovar Hotels | Park Plaza, Faridabad | Sarovar Hotels",false,false,missing_meta_description|missing_canonical
/hotels/park-plaza-faridabad/dining/park-plaza-faridabad-veranda-at-park-plaza-faridabad-by-the-radisson-hotel-group-managed-by-sarovar-hotels,200,200,0,121,,"Veranda at Park Plaza, Faridabad, by the Radisson Hotel Group, managed by Sarovar Hotels | Park Plaza, Faridabad | Sarovar Hotels",false,false,missing_meta_description|missing_canonical
/hotels/park-plaza-faridabad/dining/park-plaza-faridabad-geoffrey-s-the-pub-at-park-plaza-faridabad-by-the-radisson-hotel-group-managed-by-sarovar-hotels,200,200,0,130,,"Geoffrey's, The Pub at Park Plaza, Faridabad, by the Radisson Hotel Group, managed by Sarovar Hotels | Park Plaza, Faridabad | Sarovar Hotels",false,false,missing_meta_description|missing_canonical
/hotels/park-plaza-jalandhar/dining/park-plaza-jalandhar-geoffrey-s-bar-in-jalandhar,200,200,0,121,,"Geoffrey’s Bar in Jalandhar | Park Plaza, Jalandhar | Sarovar Hotels",false,false,missing_meta_description|missing_canonical
/hotels/park-plaza-jalandhar/dining/park-plaza-jalandhar-the-oriental-blossom-restaurant-in-jalandhar,200,200,0,124,,"The Oriental Blossom Restaurant in Jalandhar | Park Plaza, Jalandhar | Sarovar Hotels",false,false,missing_meta_description|missing_canonical
/hotels/park-plaza-jodhpur/dining/park-plaza-jodhpur-geoffrey-s-the-pub-at-park-plaza-jodhpur-by-the-radisson-hotel-group-managed-by-sarovar-hotels,200,200,0,127,,"Geoffrey's, The Pub at Park Plaza, Jodhpur by the Radisson Hotel Group, managed by Sarovar Hotels | Park Plaza, Jodhpur | Sarovar Hotels",false,false,missing_meta_description|missing_canonical
/hotels/park-plaza-jodhpur/dining/park-plaza-jodhpur-oasis-restaurant-at-park-plaza-jodhpur-by-the-radisson-hotel-group-managed-by-sarovar-hotels,200,200,0,120,,"Oasis Restaurant at Park Plaza, Jodhpur by the Radisson Hotel Group, managed by Sarovar Hotels | Park Plaza, Jodhpur | Sarovar Hotels",false,false,missing_meta_description|missing_canonical
/hotels/park-plaza-ludhiana/dining/park-plaza-ludhiana-panorama-restaurant-at-park-plaza-ludhiana-by-the-radisson-hotel-group-managed-by-sarovar-hotels,200,200,0,116,,"Panorama Restaurant at Park Plaza, Ludhiana, by the Radisson Hotel Group, managed by Sarovar Hotels | Park Plaza, Ludhiana | Sarovar Hotels",false,false,missing_meta_description|missing_canonical
/hotels/park-plaza-ludhiana/dining/park-plaza-ludhiana-orient-blade-restaurant-at-park-plaza-ludhiana-by-the-radisson-hotel-group-managed-by-sarovar-hotels,200,200,0,124,,"Orient Blade Restaurant at Park Plaza, Ludhiana, by the Radisson Hotel Group, managed by Sarovar Hotels | Park Plaza, Ludhiana | Sarovar Hotels",false,false,missing_meta_description|missing_canonical
/hotels/park-plaza-shahadra--east-delhi/dining/park-plaza-shahadra-east-delhi-chingari-restaurant-at-park-plaza-shahadra-east-delhi-radisson-hotel-group-managed-by-sarovar-hotels,200,200,0,114,,"Chingari Restaurant at Park Plaza, Shahadra - East Delhi - Radisson Hotel Group Managed by Sarovar Hotels | Park Plaza Shahadra, East Delhi | Sarovar Hotels",false,false,missing_meta_description|missing_canonical
/hotels/park-plaza-ludhiana/dining/park-plaza-ludhiana-passion-lounge-at-park-plaza-ludhiana-by-the-radisson-hotel-group-managed-by-sarovar-hotels,200,200,0,120,,"Passion Lounge at Park Plaza, Ludhiana, by the Radisson Hotel Group, managed by Sarovar Hotels | Park Plaza, Ludhiana | Sarovar Hotels",false,false,missing_meta_description|missing_canonical
/hotels/park-plaza-shahadra--east-delhi/dining/park-plaza-shahadra-east-delhi-rouge-lounge-bar-at-park-plaza-shahadra-east-delhi-radisson-hotel-group-managed-by-sarovar-hotels,200,200,0,123,,"Rouge Lounge Bar at Park Plaza, Shahadra - East Delhi - Radisson Hotel Group Managed by Sarovar Hotels | Park Plaza Shahadra, East Delhi | Sarovar Hotels",false,false,missing_meta_description|missing_canonical
/hotels/park-plaza-shahadra--east-delhi/dining/park-plaza-shahadra-east-delhi-promenade-at-park-plaza-shahadra-east-delhi-radisson-hotel-group-managed-by-sarovar-hotels,200,200,0,128,,"Promenade at Park Plaza, Shahadra - East Delhi - Radisson Hotel Group Managed by Sarovar Hotels | Park Plaza Shahadra, East Delhi | Sarovar Hotels",false,false,missing_meta_description|missing_canonical
/hotels/park-plaza-zirakpur/dining/park-plaza-zirakpur-essence-restaurant-at-park-plaza-zirakpur-by-the-radisson-hotel-group-managed-by-sarovar-hotels,200,200,0,127,,"Essence Restaurant at Park Plaza, Zirakpur, by the Radisson Hotel Group, managed by Sarovar Hotels | Park Plaza, Zirakpur | Sarovar Hotels",false,false,missing_meta_description|missing_canonical
/hotels/park-plaza-zirakpur/dining/park-plaza-zirakpur-free-spirit-lounge-bar-at-park-plaza-zirakpur-by-the-radisson-hotel-group-managed-by-sarovar-hotels,200,200,0,121,,"Free Spirit Lounge Bar at Park Plaza, Zirakpur, by the Radisson Hotel Group, managed by Sarovar Hotels | Park Plaza, Zirakpur | Sarovar Hotels",false,false,missing_meta_description|missing_canonical
/hotels/prachi-sarovar-premiere-bhubaneswar/dining/prachi-sarovar-premiere-bhubaneswar-flavours-all-day-dining-from-daybreak-to-dinner-hour,200,200,0,120,,"Flavours – All-day Dining: From Daybreak to Dinner Hour | Prachi Sarovar Premiere, Bhubaneswar | Sarovar Hotels",false,false,missing_meta_description|missing_canonical
/hotels/prachi-sarovar-premiere-bhubaneswar/dining/prachi-sarovar-premiere-bhubaneswar-mahua-lounge-bar-for-perfect-sips-conversations,200,200,0,128,,"Mahua Lounge & Bar for Perfect Sips & Conversations | Prachi Sarovar Premiere, Bhubaneswar | Sarovar Hotels",false,false,missing_meta_description|missing_canonical
/hotels/presidium-sarovar-premiere-dalhousie/dining/presidium-sarovar-premiere-dalhousie-sip-and-soak-in-the-view-at-the-hooch,200,200,0,128,,"Sip and Soak in the View at The Hooch | Presidium Sarovar Premiere, Dalhousie | Sarovar Hotels",false,false,missing_meta_description|missing_canonical
/hotels/presidium-sarovar-premiere-dalhousie/dining/presidium-sarovar-premiere-dalhousie-a-gastronomic-adventure-at-thyme,200,200,0,127,,"A Gastronomic Adventure at Thyme | Presidium Sarovar Premiere, Dalhousie | Sarovar Hotels",false,false,missing_meta_description|missing_canonical
/hotels/pushkara-portico-hotel-in-dibrugarh/dining/pushkara-portico-hotel-in-dibrugarh-qube-restaurant-at-pushkara-sarovar-portico-dibrugarh,200,200,0,132,,"Qube Restaurant at Pushkara Sarovar Portico, Dibrugarh | Pushkara Sarovar Portico, Dibrugarh | Sarovar Hotels",false,false,missing_meta_description|missing_canonical
/hotels/pushkara-portico-hotel-in-dibrugarh/dining/pushkara-portico-hotel-in-dibrugarh-tap21-bar-at-pushkara-sarovar-portico-dibrugarh,200,200,0,135,,"Tap21 Bar at Pushkara Sarovar Portico, Dibrugarh | Pushkara Sarovar Portico, Dibrugarh | Sarovar Hotels",false,false,missing_meta_description|missing_canonical
/hotels/radha-hometel-bangalore/dining/radha-hometel-bangalore-chill-bar-at-radha-hometel-bangalore,200,200,0,146,,"Chill Bar at Radha Hometel, Bangalore | Radha Hometel, Bangalore | Sarovar Hotels",false,false,missing_meta_description|missing_canonical
/hotels/radha-hometel-bangalore/dining/radha-hometel-bangalore-flavours-multi-cuisine-restaurant-at-radha-hometel-bangalore,200,200,0,151,,"Flavours Multi-Cuisine Restaurant at Radha Hometel, Bangalore | Radha Hometel, Bangalore | Sarovar Hotels",false,false,missing_meta_description|missing_canonical
/hotels/radha-regent-chennai/dining/radha-regent-chennai-radha-regent-chennai-business-hotels-in-chennai-aura-lounge-bar,200,200,0,164,,"Radha Regent Chennai | Business Hotels In Chennai | Aura-Lounge Bar | Radha Regent, Chennai | Sarovar Hotels",false,false,missing_meta_description|missing_canonical
/hotels/radha-regent-chennai/dining/radha-regent-chennai-geoffrey-s-the-pub-at-radha-regent-chennai,200,200,0,179,,"Geoffrey's - The Pub at Radha Regent, Chennai | Radha Regent, Chennai | Sarovar Hotels",false,false,missing_meta_description|missing_canonical
/hotels/radha-regent-chennai/dining/radha-regent-chennai-radha-regent-chennai-best-hotels-in-chennai-the-lobby-cafe,200,200,0,154,,"Radha Regent Chennai | Best Hotels In Chennai | The Lobby Cafe | Radha Regent, Chennai | Sarovar Hotels",false,false,missing_meta_description|missing_canonical
/hotels/radha-regent-chennai/dining/radha-regent-chennai-radha-regent-chennai-restaurants-in-chennai-the-oriental-blossom,200,200,0,154,,"Radha Regent Chennai | Restaurants In Chennai | The Oriental Blossom | Radha Regent, Chennai | Sarovar Hotels",false,false,missing_meta_description|missing_canonical
/hotels/radisson-blu--bengaluru-outer-ring-road/dining/radisson-blu-bengaluru-outer-ring-road-europa-360-at-radisson-blu-bengaluru-outer-ring-road-by-the-radisson-hotel-group-managed-by-sarovar-hotels,200,200,0,153,,"Europa 360 at Radisson Blu - Bengaluru, Outer Ring Road, by the Radisson Hotel Group, managed by Sarovar Hotels | Radisson Blu Bengaluru Outer Ring Road | Sarovar Hotels",false,false,missing_meta_description|missing_canonical
/hotels/radisson-blu--bengaluru-outer-ring-road/dining/radisson-blu-bengaluru-outer-ring-road-malties-the-lobby-bar-at-radisson-blu-bengaluru-outer-ring-road-by-the-radisson-hotel-group-managed-by-sarovar-hotels,200,200,0,159,,"Malties – The Lobby Bar at Radisson Blu - Bengaluru, Outer Ring Road, by the Radisson Hotel Group, managed by Sarovar Hotels | Radisson Blu Bengaluru Outer Ring Road | Sarovar Hotels",false,false,missing_meta_description|missing_canonical
/hotels/radisson-blu--bengaluru-outer-ring-road/dining/radisson-blu-bengaluru-outer-ring-road-melange-at-radisson-blu-bengaluru-outer-ring-road-by-the-radisson-hotel-group-managed-by-sarovar-hotels,200,200,0,144,,"Melange at Radisson Blu - Bengaluru, Outer Ring Road, by the Radisson Hotel Group, managed by Sarovar Hotels | Radisson Blu Bengaluru Outer Ring Road | Sarovar Hotels",false,false,missing_meta_description|missing_canonical
/hotels/radisson-blu--bengaluru-outer-ring-road/dining/radisson-blu-bengaluru-outer-ring-road-marquis-at-radisson-blu-bengaluru-outer-ring-road-by-the-radisson-hotel-group-managed-by-sarovar-hotels,200,200,0,153,,"Marquis at Radisson Blu - Bengaluru, Outer Ring Road, by the Radisson Hotel Group, managed by Sarovar Hotels | Radisson Blu Bengaluru Outer Ring Road | Sarovar Hotels",false,false,missing_meta_description|missing_canonical
/hotels/radisson-blu--bengaluru-outer-ring-road/dining/radisson-blu-bengaluru-outer-ring-road-saffron-at-radisson-blu-bengaluru-outer-ring-road-by-the-radisson-hotel-group-managed-by-sarovar-hotels,200,200,0,129,,"Saffron at Radisson Blu - Bengaluru, Outer Ring Road, by the Radisson Hotel Group, managed by Sarovar Hotels | Radisson Blu Bengaluru Outer Ring Road | Sarovar Hotels",false,false,missing_meta_description|missing_canonical
/hotels/radisson-blu--bengaluru-outer-ring-road/dining/radisson-blu-bengaluru-outer-ring-road-shao-at-radisson-blu-bengaluru-outer-ring-road-by-the-radisson-hotel-group-managed-by-sarovar-hotels,200,200,0,125,,"Shao at Radisson Blu - Bengaluru, Outer Ring Road, by the Radisson Hotel Group, managed by Sarovar Hotels | Radisson Blu Bengaluru Outer Ring Road | Sarovar Hotels",false,false,missing_meta_description|missing_canonical
/hotels/radisson-hyderabad--hitec/dining/radisson-hyderabad-hitec-cascade-all-day-dining-restaurant-at-radisson-hyderabad-hitec-by-the-radisson-hotel-group-managed-by-sarovar-hotels,200,200,0,120,,"Cascade all day dining restaurant at Radisson Hyderabad - HITEC, by the Radisson Hotel Group, managed by Sarovar Hotels | Radisson HITEC, Hyderabad | Sarovar Hotels",false,false,missing_meta_description|missing_canonical
/hotels/radisson-hyderabad--hitec/dining/radisson-hyderabad-hitec-chama-gaucha-at-radisson-hyderabad-hitec-by-the-radisson-hotel-group-managed-by-sarovar-hotels,200,200,0,121,,"Chama Gaucha at Radisson Hyderabad - HITEC, by the Radisson Hotel Group, managed by Sarovar Hotels | Radisson HITEC, Hyderabad | Sarovar Hotels",false,false,missing_meta_description|missing_canonical
/hotels/radisson-hyderabad--hitec/dining/radisson-hyderabad-hitec-wai-kiki-polynesian-resto-bar-at-radisson-hyderabad-hitec-by-the-radisson-hotel-group-managed-by-sarovar-hotels,200,200,0,133,,"WAI-KIKI- Polynesian Resto Bar at Radisson Hyderabad - HITEC, by the Radisson Hotel Group, managed by Sarovar Hotels | Radisson HITEC, Hyderabad | Sarovar Hotels",false,false,missing_meta_description|missing_canonical
/hotels/radisson-hyderabad--hitec/dining/radisson-hyderabad-hitec-zyng-lounge-bar-at-radisson-hyderabad-hitec-by-the-radisson-hotel-group-managed-by-sarovar-hotels,200,200,0,134,,"Zyng Lounge Bar at Radisson Hyderabad - HITEC, by the Radisson Hotel Group, managed by Sarovar Hotels | Radisson HITEC, Hyderabad | Sarovar Hotels",false,false,missing_meta_description|missing_canonical
/hotels/radisson-mumbai-goregaon/dining/radisson-mumbai-goregaon-firin-restaurant-at-radisson-mumbai-goregaon,200,200,0,142,,"Firin Restaurant at Radisson Mumbai, Goregaon | Radisson Mumbai Goregaon | Sarovar Hotels",false,false,missing_meta_description|missing_canonical
/hotels/radisson-mumbai-goregaon/dining/radisson-mumbai-goregaon-goma-restaurant-at-radisson-mumbai-goregaon,200,200,0,135,,"Goma Restaurant at Radisson Mumbai, Goregaon | Radisson Mumbai Goregaon | Sarovar Hotels",false,false,missing_meta_description|missing_canonical
/hotels/radisson-mumbai-goregaon/dining/radisson-mumbai-goregaon-tipple-restaurant-at-radisson-mumbai-goregaon,200,200,0,133,,"Tipple Restaurant at Radisson Mumbai, Goregaon | Radisson Mumbai Goregaon | Sarovar Hotels",false,false,missing_meta_description|missing_canonical
/hotels/radisson-mumbai-goregaon/dining/radisson-mumbai-goregaon-meetha-sweet-parlour-at-radisson-mumbai-goregaon,200,200,0,143,,"Meetha Sweet Parlour at Radisson Mumbai, Goregaon | Radisson Mumbai Goregaon | Sarovar Hotels",false,false,missing_meta_description|missing_canonical
/hotels/radisson-mumbai-goregaon/dining/radisson-mumbai-goregaon-musaafer-restaurant-at-radisson-mumbai-goregaon,200,200,0,144,,Musaafer Restaurant at Radisson Mumbai Goregaon | Radisson Mumbai Goregaon | Sarovar Hotels,false,false,missing_meta_description|missing_canonical
/hotels/rbd-sarovar-portico-outer-ring-road-bengaluru/dining/rbd-sarovar-portico-outer-ring-road-bengaluru-brunchilly-at-rbd-sarovar-portico-outer-ring-road-bengaluru,200,200,0,138,,"Brunchilly At RBD Sarovar Portico Outer Ring Road, Bengaluru | RBD Sarovar Portico Outer Ring Road, Bengaluru | Sarovar Hotels",false,false,missing_meta_description|missing_canonical
/hotels/residency-sarovar-portico-mumbai/dining/residency-sarovar-portico-mumbai-tea-lounge-residency-sarovar-portico-hotels-in-goregaon,200,200,0,132,,"Tea Lounge | Residency Sarovar Portico | Hotels in Goregaon | Residency Sarovar Portico, Mumbai  | Sarovar Hotels",false,false,missing_meta_description|missing_canonical
/hotels/rivera-sarovar-portico-ahmedabad/dining/rivera-sarovar-portico-ahmedabad-liquor-shop-at-sarovar-portico-ahmedabad,200,200,0,127,,"Liquor Shop at Sarovar Portico, Ahmedabad | Rivera Sarovar Portico, Ahmedabad | Sarovar Hotels",false,false,missing_meta_description|missing_canonical
/hotels/riviera-sarovar-portico-pathankot/dining/riviera-sarovar-portico-pathankot-altura-sky-high-flavours-served-with-a-view,200,200,0,112,,"Altura: Sky-high Flavours, Served with a View | Riviera Sarovar Portico, Pathankot | Sarovar Hotels",false,false,missing_meta_description|missing_canonical
/hotels/rivera-sarovar-portico-ahmedabad/dining/rivera-sarovar-portico-ahmedabad-riverview-restaurant-at-rivera-sarovar-portico-ahmedabad,200,200,0,113,,"Riverview Restaurant at Rivera Sarovar Portico, Ahmedabad | Rivera Sarovar Portico, Ahmedabad | Sarovar Hotels",false,false,missing_meta_description|missing_canonical
/hotels/riviera-sarovar-portico-pathankot/dining/riviera-sarovar-portico-pathankot-flavours-all-day-dining-from-sunrise-to-supper,200,200,0,106,,"Flavours–All-day Dining: From Sunrise to Supper | Riviera Sarovar Portico, Pathankot | Sarovar Hotels",false,false,missing_meta_description|missing_canonical
/hotels/riviera-sarovar-portico-pathankot/dining/riviera-sarovar-portico-pathankot-raise-a-glass-at-zar-where-evenings-come-alive,200,200,0,113,,"Raise a Glass at ZAR – Where Evenings Come Alive | Riviera Sarovar Portico, Pathankot | Sarovar Hotels",false,false,missing_meta_description|missing_canonical
/hotels/rosefinch-sarovar-portico-bhimtal/dining/rosefinch-sarovar-portico-bhimtal-wild-oak-at-rosefinch-sarovar-portico-bhimtal,200,200,0,118,,"Wild Oak at Rosefinch Sarovar Portico, Bhimtal | Rosefinch Sarovar Portico,  Bhimtal | Sarovar Hotels",false,false,missing_meta_description|missing_canonical
/hotels/rosefinch-sarovar-portico-bhimtal/dining/rosefinch-sarovar-portico-bhimtal-lake-cafe-at-rosefinch-sarovar-portico-bhimtal,200,200,0,123,,"Lake Cafe at Rosefinch Sarovar Portico, Bhimtal | Rosefinch Sarovar Portico,  Bhimtal | Sarovar Hotels",false,false,missing_meta_description|missing_canonical
/hotels/royal-hometel-suites-dahisar-mumbai/dining/royal-hometel-suites-dahisar-mumbai-chill-lounge-bar-at-royal-hometel-suite-dahisar-mumbai,200,200,0,131,,"Chill Lounge Bar at Royal Hometel Suite, Dahisar-Mumbai | Royal Hometel Suites, Dahisar, Mumbai | Sarovar Hotels",false,false,missing_meta_description|missing_canonical
/hotels/royal-hometel-suites-dahisar-mumbai/dining/royal-hometel-suites-dahisar-mumbai-flavours-restaurant-at-royal-hometel-suite-dahisar-mumbai,200,200,0,134,,"Flavours Restaurant at Royal Hometel Suite, Dahisar-Mumbai | Royal Hometel Suites, Dahisar, Mumbai | Sarovar Hotels",false,false,missing_meta_description|missing_canonical
/hotels/royal-hometel-suites-dahisar-mumbai/dining/royal-hometel-suites-dahisar-mumbai-cafe365-at-royal-hometel-suite-dahisar-mumbai,200,200,0,143,,"Cafe365 at Royal Hometel Suite, Dahisar-Mumbai | Royal Hometel Suites, Dahisar, Mumbai | Sarovar Hotels",false,false,missing_meta_description|missing_canonical
/hotels/royal-kingdom-sarovar-portico-pilibhit/dining/royal-kingdom-sarovar-portico-pilibhit-alfresco,200,200,0,160,,"Alfresco | Royal Kingdom Sarovar Portico, Pilibhit | Sarovar Hotels",false,false,missing_meta_description|missing_canonical
/hotels/royal-kingdom-sarovar-portico-pilibhit/dining/royal-kingdom-sarovar-portico-pilibhit-bar,200,200,0,144,,"Bar | Royal Kingdom Sarovar Portico, Pilibhit | Sarovar Hotels",false,false,missing_meta_description|missing_canonical
/hotels/royal-kingdom-sarovar-portico-pilibhit/dining/royal-kingdom-sarovar-portico-pilibhit-coffee-house,200,200,0,144,,"Coffee House | Royal Kingdom Sarovar Portico, Pilibhit | Sarovar Hotels",false,false,missing_meta_description|missing_canonical
/hotels/royal-kingdom-sarovar-portico-pilibhit/dining/royal-kingdom-sarovar-portico-pilibhit-the-hunter-all-day-dining,200,200,0,144,,"The Hunter - All-day Dining | Royal Kingdom Sarovar Portico, Pilibhit | Sarovar Hotels",false,false,missing_meta_description|missing_canonical
/hotels/royal-sarovar-portico-siliguri/dining/royal-sarovar-portico-siliguri-chhai-bar-at-royal-sarovar-portico-siliguri,200,200,0,159,,"Chhai Bar at Royal Sarovar Portico, Siliguri | Royal Sarovar Portico, Siliguri | Sarovar Hotels",false,false,missing_meta_description|missing_canonical
/hotels/royal-tulip-chitwan/dining/royal-tulip-chitwan-forest-flame-authentic-north-asian-and-nepali-grilled-delights,200,200,0,147,,"Forest Flame: Authentic North Asian and Nepali Grilled Delights | Royal Tulip, Chitwan | Sarovar Hotels",false,false,missing_meta_description|missing_canonical
/hotels/royal-sarovar-portico-siliguri/dining/royal-sarovar-portico-siliguri-orchids-at-royal-sarovar-portico-siliguri,200,200,0,158,,"Orchids at Royal Sarovar Portico, Siliguri | Royal Sarovar Portico, Siliguri | Sarovar Hotels",false,false,missing_meta_description|missing_canonical
/hotels/royal-tulip-chitwan/dining/royal-tulip-chitwan-majhi-ghar-all-day-dining-global-flavours-local-delights,200,200,0,136,,"Majhi Ghar: All-day Dining - Global Flavours, Local Delights | Royal Tulip, Chitwan | Sarovar Hotels",false,false,missing_meta_description|missing_canonical
/hotels/royal-tulip-chitwan/dining/royal-tulip-chitwan-tanavi-bar-a-perfect-blend-of-drinks-and-serenity,200,200,0,138,,"Tanavi Bar: A Perfect Blend of Drinks and Serenity | Royal Tulip, Chitwan | Sarovar Hotels",false,false,missing_meta_description|missing_canonical
/hotels/royal-tulip-kathmandu-shivapuri-national-park/dining/royal-tulip-kathmandu-shivapuri-national-park-aairak-bar-your-relaxed-evening-destination,200,200,0,147,,Aairak Bar: Your Relaxed Evening Destination | Royal Tulip Shivapuri National Park - Kathmandu | Sarovar Hotels,false,false,missing_meta_description|missing_canonical
/hotels/royal-tulip-kathmandu-shivapuri-national-park/dining/royal-tulip-kathmandu-shivapuri-national-park-guras-all-day-dining-with-pool-views,200,200,0,143,,Guras: All-day Dining with Pool Views | Royal Tulip Shivapuri National Park - Kathmandu | Sarovar Hotels,false,false,missing_meta_description|missing_canonical
/hotels/royal-tulip-kathmandu/dining/royal-tulip-kathmandu-alpine-lounge-bar-sophisticated-sips-in-a-serene-setting,200,200,0,135,,Alpine Lounge & Bar – Sophisticated Sips in a Serene Setting | Royal Tulip Kathmandu  | Sarovar Hotels,false,false,missing_meta_description|missing_canonical
/hotels/royal-tulip-kathmandu/dining/royal-tulip-kathmandu-lalitpur-cafe-global-flavours-and-local-warmth-served-all-day,200,200,0,127,,"Lalitpur Cafe – Global Flavours and Local Warmth, Served All Day | Royal Tulip Kathmandu  | Sarovar Hotels",false,false,missing_meta_description|missing_canonical
/hotels/royale-sarovar-portico-agra/dining/royale-sarovar-portico-agra-bamboo-our-bar-in-agra,200,200,0,141,,"Bamboo - Our Bar in Agra | Royale Sarovar Portico, Agra | Sarovar Hotels",false,false,missing_meta_description|missing_canonical
/hotels/royale-sarovar-portico-agra/dining/royale-sarovar-portico-agra-hibiscus-serving-delicious-food-in-agra,200,200,0,122,,"Hibiscus - Serving Delicious Food in Agra | Royale Sarovar Portico, Agra | Sarovar Hotels",false,false,missing_meta_description|missing_canonical
/hotels/rs-sarovar-portico-palampur/dining/rs-sarovar-portico-palampur-360-degree-bar-restaurant-rs-sarovar-portico-hotel-in-palampur,200,200,0,122,,"360 Degree Bar & Restaurant | RS Sarovar Portico | Hotel in Palampur | RS Sarovar Portico, Palampur | Sarovar Hotels",false,false,missing_meta_description|missing_canonical
/hotels/rs-sarovar-portico-palampur/dining/rs-sarovar-portico-palampur-dining-rs-sarovar-portico-dharamshala-hotel,200,200,0,135,,"Dining | RS Sarovar Portico | Dharamshala Hotel | RS Sarovar Portico, Palampur | Sarovar Hotels",false,false,missing_meta_description|missing_canonical
/hotels/rs-sarovar-portico-palampur/dining/rs-sarovar-portico-palampur-the-terrace-rs-sarovar-portico-best-hotels-in-palampur,200,200,0,135,,"The Terrace | RS Sarovar Portico | Best Hotels in Palampur | RS Sarovar Portico, Palampur | Sarovar Hotels",false,false,missing_meta_description|missing_canonical
/hotels/sairafort-sarovar-portico-jaisalmer/dining/sairafort-sarovar-portico-jaisalmer-restaurant-at-sairafort-sarovar-portico-jaisalmer,200,200,0,135,,"Restaurant at Sairafort Sarovar Portico, Jaisalmer | Sairafort Sarovar Portico, Jaisalmer | Sarovar Hotels",false,false,missing_meta_description|missing_canonical
/hotels/sarovar-ahmedabad/dining/sarovar-ahmedabad-celebrations-our-pure-vegetarian-restaurant-in-ahmedabad,200,200,0,144,,"CELEBRATIONS - OUR PURE VEGETARIAN RESTAURANT IN AHMEDABAD | Sarovar Portico, Kalupur-Ahmedabad | Sarovar Hotels",false,false,missing_meta_description|missing_canonical
/hotels/sarovar-portico-ajmer/dining/sarovar-portico-ajmer-flavours-all-day-dining-offering-the-best-food-in-ajmer,200,200,0,131,,"Flavours–All-day Dining: Offering the Best Food in Ajmer | Sarovar Portico, Ajmer | Sarovar Hotels",false,false,missing_meta_description|missing_canonical
/hotels/sarovar-portico-badrinath-uttarakhand/dining/sarovar-portico-badrinath-uttarakhand-cafe-in-the-park-at-sarovar-portico-badrinath,200,200,0,123,,"Cafe in the Park at Sarovar Portico, Badrinath | Sarovar Portico, Badrinath | Sarovar Hotels",false,false,missing_meta_description|missing_canonical
/hotels/sarovar-portico-badrinath-uttarakhand/dining/sarovar-portico-badrinath-uttarakhand-sarovar-all-day-dining-at-sarovar-portico-badrinath,200,200,0,124,,"Sarovar - All Day Dining at Sarovar Portico, Badrinath | Sarovar Portico, Badrinath | Sarovar Hotels",false,false,missing_meta_description|missing_canonical
/hotels/sarovar-portico-bhubaneswar/dining/sarovar-portico-bhubaneswar-bar-lift-your-spirits-in-style,200,200,0,124,,"Bar: Lift Your Spirits in Style | Sarovar Portico, Bhubaneswar (Opening Soon) | Sarovar Hotels",false,false,missing_meta_description|missing_canonical
/hotels/sarovar-portico-bhubaneswar/dining/sarovar-portico-bhubaneswar-caffe-your-cosy-coffee-stop,200,200,0,134,,"Caffe: Your Cosy Coffee Stop | Sarovar Portico, Bhubaneswar (Opening Soon) | Sarovar Hotels",false,false,missing_meta_description|missing_canonical
/hotels/sarovar-portico-birgunj/dining/sarovar-portico-birgunj-nest-at-the-top,200,200,0,110,,"Nest at the Top | Sarovar Portico, Birgunj | Sarovar Hotels",false,false,missing_meta_description|missing_canonical
/hotels/sarovar-portico-bhubaneswar/dining/sarovar-portico-bhubaneswar-spice-brings-every-flavour-to-life,200,200,0,135,,"Spice: Brings Every Flavour to Life | Sarovar Portico, Bhubaneswar (Opening Soon) | Sarovar Hotels",false,false,missing_meta_description|missing_canonical
/hotels/sarovar-portico-birgunj/dining/sarovar-portico-birgunj-flavours-all-day-dining,200,200,0,123,,"Flavours All-day Dining | Sarovar Portico, Birgunj | Sarovar Hotels",false,false,missing_meta_description|missing_canonical
/hotels/sarovar-portico-dehradun/dining/sarovar-portico-dehradun-dining-at-sarovar-portico-dehradun,200,200,0,134,,"Dining At Sarovar Portico Dehradun | Sarovar Portico, Dehradun | Sarovar Hotels",false,false,missing_meta_description|missing_canonical
/hotels/sarovar-portico-gir/dining/sarovar-portico-gir-flavours-pure-vegetarian-kathiyawadi-cuisine,200,200,0,133,,Flavours – Pure Vegetarian Kathiyawadi Cuisine | Sarovar Portico Gir | Sarovar Hotels,false,false,missing_meta_description|missing_canonical
/hotels/sarovar-portico-hanumangarh/dining/sarovar-portico-hanumangarh-bern-raise-a-toast-in-style-at-our-bar,200,200,0,127,,"Bern: Raise a Toast in Style at Our Bar | Sarovar Portico, Hanumangarh | Sarovar Hotels",false,false,missing_meta_description|missing_canonical
/hotels/sarovar-portico-hanumangarh/dining/sarovar-portico-hanumangarh-bern-all-day-dining-global-flavours-with-local-warmth,200,200,0,129,,"Bern–All-day Dining: Global Flavours with Local Warmth | Sarovar Portico, Hanumangarh | Sarovar Hotels",false,false,missing_meta_description|missing_canonical
/hotels/sarovar-portico-jaipur/dining/sarovar-portico-jaipur-sunset-bar-sarovar-portico-best-hotels-in-jaipur-top-jaipur-hotels,200,200,0,130,,"Sunset Bar | Sarovar Portico | Best Hotels in Jaipur | Top Jaipur Hotels | Sarovar Portico, Jaipur | Sarovar Hotels",false,false,missing_meta_description|missing_canonical
/hotels/sarovar-portico-jaipur/dining/sarovar-portico-jaipur-the-pavillion-at-sarovar-portico-jaipur,200,200,0,127,,"The Pavillion at Sarovar Portico, Jaipur | Sarovar Portico, Jaipur | Sarovar Hotels",false,false,missing_meta_description|missing_canonical
/hotels/sarovar-portico-jalandhar/dining/sarovar-portico-jalandhar-cafe-181-sarovar-portico-jalandhar-restaurant-in-jalandhar,200,200,0,113,,"Cafe 181 | Sarovar Portico, Jalandhar | Restaurant in Jalandhar | Sarovar Portico, Jalandhar  | Sarovar Hotels",false,false,missing_meta_description|missing_canonical
/hotels/sarovar-portico-kolkata-rajarhat/dining/sarovar-portico-kolkata-rajarhat-golpo-all-day-dining,200,200,0,117,,"Golpo - All-day Dining | Sarovar Portico, Kolkata Rajarhat | Sarovar Hotels",false,false,missing_meta_description|missing_canonical
/hotels/sarovar-portico-jalandhar/dining/sarovar-portico-jalandhar-the-lounge-sarovar-portico-jalandhar-hotels-in-jalandhar,200,200,0,125,,"The Lounge | Sarovar Portico, Jalandhar | Hotels in Jalandhar | Sarovar Portico, Jalandhar  | Sarovar Hotels",false,false,missing_meta_description|missing_canonical
/hotels/sarovar-portico-morbi/dining/sarovar-portico-morbi-flavours-a-magical-multi-cuisine-restaurant-in-morbi,200,200,0,141,,"Flavours - A Magical Multi-Cuisine Restaurant in Morbi | Sarovar Portico, Morbi | Sarovar Hotels",false,false,missing_meta_description|missing_canonical
/hotels/sarovar-portico-naraina-new-delhi/dining/sarovar-portico-naraina-new-delhi-cafe-9-sarovar-portico-naraina-restaurants-in-naraina,200,200,0,123,,"Cafe 9 | Sarovar Portico Naraina | Restaurants in Naraina | Sarovar Portico Naraina, New Delhi | Sarovar Hotels",false,false,missing_meta_description|missing_canonical
/hotels/sarovar-portico-somnath/dining/sarovar-portico-somnath-dining-sarovar-portico-somnath-restaurants-in-somnath,200,200,0,135,,"Dining | Sarovar Portico Somnath | Restaurants in Somnath | Sarovar Portico, Somnath | Sarovar Hotels",false,false,missing_meta_description|missing_canonical
/hotels/sarovar-portico-somnath/dining/sarovar-portico-somnath-the-lounge-sarovar-portico-somnath-restaurants-in-somnath,200,200,0,115,,"The Lounge | Sarovar Portico Somnath | Restaurants in Somnath | Sarovar Portico, Somnath | Sarovar Hotels",false,false,missing_meta_description|missing_canonical
/hotels/sarovar-portico-sonipat/dining/sarovar-portico-sonipat-unwind-at-chill-bar-the-best-bar-in-sonipat,200,200,0,121,,"Unwind at Chill Bar – The Best Bar in Sonipat | Sarovar Portico, Sonipat | Sarovar Hotels",false,false,missing_meta_description|missing_canonical
/hotels/sarovar-portico-sonipat/dining/sarovar-portico-sonipat-fine-dining-at-flavours-our-restaurant-in-sonipat,200,200,0,129,,"Fine Dining at Flavours - Our Restaurant in Sonipat | Sarovar Portico, Sonipat | Sarovar Hotels",false,false,missing_meta_description|missing_canonical
/hotels/sarovar-portico-srinagar/dining/sarovar-portico-srinagar-tea-time-at-sarovar-portico-srinagar,200,200,0,112,,"Tea Time at Sarovar Portico, Srinagar | Sarovar Portico, Srinagar | Sarovar Hotels",false,false,missing_meta_description|missing_canonical
/hotels/sarovar-portico-srinagar/dining/sarovar-portico-srinagar-delectable-dining-at-our-multi-cuisine-restaurant-in-srinagar,200,200,0,122,,"Delectable Dining at Our Multi-cuisine Restaurant in Srinagar | Sarovar Portico, Srinagar | Sarovar Hotels",false,false,missing_meta_description|missing_canonical
/hotels/sarovar-portico-srinagar/dining/sarovar-portico-srinagar-relish-the-flavours-at-our-rooftop-restaurant-in-srinagar,200,200,0,124,,"Relish the Flavours at our Rooftop Restaurant in Srinagar | Sarovar Portico, Srinagar | Sarovar Hotels",false,false,missing_meta_description|missing_canonical
/hotels/sarovar-portico-sriperumbudur/dining/sarovar-portico-sriperumbudur-chola-lounge-bar-where-cocktails-meet-culture,200,200,0,132,,Chola Lounge Bar: Where Cocktails Meet Culture | Sarovar Portico Sriperumbudur | Sarovar Hotels,false,false,missing_meta_description|missing_canonical
/hotels/sarovar-portico-sriperumbudur/dining/sarovar-portico-sriperumbudur-spr-kitchen-multi-cuisine-dining-at-its-finest,200,200,0,133,,SPR Kitchen: Multi-cuisine Dining at Its Finest | Sarovar Portico Sriperumbudur | Sarovar Hotels,false,false,missing_meta_description|missing_canonical
/hotels/sarovar-portico-surajkund/dining/sarovar-portico-surajkund-on-the-rocks-a-bar-in-surajkund-at-sarovar-portico,200,200,0,136,,"On the Rocks - A bar in Surajkund, at Sarovar Portico | Sarovar Portico, Surajkund | Sarovar Hotels",false,false,missing_meta_description|missing_canonical
/hotels/sarovar-portico-surajkund/dining/sarovar-portico-surajkund-panoramic-restaurant-at-the-sarovar-portico-surajkund,200,200,0,141,,"Panoramic Restaurant at the Sarovar Portico, Surajkund | Sarovar Portico, Surajkund | Sarovar Hotels",false,false,missing_meta_description|missing_canonical
/hotels/sarovar-premiere-alwar/dining/sarovar-premiere-alwar-chill-bar-and-lounge-restobar-in-alwar,200,200,0,144,,Chill Bar and Lounge - Restobar in Alwar | Sarovar Premiere Alwar | Sarovar Hotels,false,false,missing_meta_description|missing_canonical
/hotels/sarovar-premiere-alwar/dining/sarovar-premiere-alwar-rajputana-all-day-dining-in-alwar,200,200,0,150,,Rajputana - All-day Dining in Alwar | Sarovar Premiere Alwar | Sarovar Hotels,false,false,missing_meta_description|missing_canonical
/hotels/sarovar-premiere-jaipur/dining/sarovar-premiere-jaipur-lattice-bar-at-sarovar-premiere-jaipur,200,200,0,132,,"Lattice Bar at Sarovar Premiere, Jaipur | Sarovar Premiere, Jaipur | Sarovar Hotels",false,false,missing_meta_description|missing_canonical
/hotels/sarovar-premiere-jaipur/dining/sarovar-premiere-jaipur-in-room-dining-at-sarovar-premiere-jaipur,200,200,0,138,,"In-Room Dining at Sarovar Premiere, Jaipur | Sarovar Premiere, Jaipur | Sarovar Hotels",false,false,missing_meta_description|missing_canonical
/hotels/sarovar-premiere-amritsar/dining/sarovar-premiere-amritsar-365-all-day-dining-offering-delicious-food-in-amritsar,200,200,0,146,,365 - All-day Dining - Offering Delicious Food in Amritsar | Sarovar Premiere Amritsar | Sarovar Hotels,false,false,missing_meta_description|missing_canonical
/hotels/sarovar-premiere-jaipur/dining/sarovar-premiere-jaipur-terrazzo-multi-cuisine-restaurant-at-sarovar-premiere-jaipur,200,200,0,133,,"Terrazzo- Multi Cuisine Restaurant at Sarovar Premiere, Jaipur | Sarovar Premiere, Jaipur | Sarovar Hotels",false,false,missing_meta_description|missing_canonical
/hotels/sarovar-premiere-srinagar/dining/sarovar-premiere-srinagar-sulaiman-the-best-rooftop-restaurant-in-srinagar,200,200,0,137,,"Sulaiman: The Best Rooftop Restaurant in Srinagar | Sarovar Premiere, Srinagar | Sarovar Hotels",false,false,missing_meta_description|missing_canonical
/hotels/sea-breeze-sarovar-portico-varca-goa/dining/sea-breeze-sarovar-portico-varca-goa-chill-the-bar,200,200,0,135,,"Chill - The Bar | Sea Breeze Sarovar Portico Varca, Goa | Sarovar Hotels",false,false,missing_meta_description|missing_canonical
/hotels/sea-breeze-sarovar-portico-varca-goa/dining/sea-breeze-sarovar-portico-varca-goa-flavours-all-day-dining,200,200,0,141,,"Flavours - All-day Dining | Sea Breeze Sarovar Portico Varca, Goa | Sarovar Hotels",false,false,missing_meta_description|missing_canonical
/hotels/serene-premiere-hargeisa/dining/serene-premiere-hargeisa-bake-brew-the-go-to-cafe-in-hargeisa,200,200,0,124,,Bake & Brew - The Go-To Cafe in Hargeisa | Serene Sarovar Premiere Hargeisa | Sarovar Hotels,false,false,missing_meta_description|missing_canonical
/hotels/serene-premiere-hargeisa/dining/serene-premiere-hargeisa-savour-flavours-under-the-open-sky-at-mottola,200,200,0,137,,Savour Flavours Under the Open Sky at Mottola | Serene Sarovar Premiere Hargeisa | Sarovar Hotels,false,false,missing_meta_description|missing_canonical
/hotels/serene-premiere-hargeisa/dining/serene-premiere-hargeisa-spa-bev-where-every-sip-is-a-step-toward-wellness,200,200,0,112,,Spa Bev: Where Every Sip Is a Step Toward Wellness | Serene Sarovar Premiere Hargeisa | Sarovar Hotels,false,false,missing_meta_description|missing_canonical
/hotels/serene-premiere-hargeisa/dining/serene-premiere-hargeisa-pdr-intimate-meals-lasting-memories,200,200,0,118,,PDR: Intimate Meals & Lasting Memories | Serene Sarovar Premiere Hargeisa | Sarovar Hotels,false,false,missing_meta_description|missing_canonical
/hotels/serene-premiere-hargeisa/dining/serene-premiere-hargeisa-vip-lounge-fine-dining-for-the-whole-family,200,200,0,115,,VIP Lounge - Fine Dining for the Whole Family | Serene Sarovar Premiere Hargeisa | Sarovar Hotels,false,false,missing_meta_description|missing_canonical
/hotels/serene-premiere-hargeisa/dining/serene-premiere-hargeisa-zataar-where-global-dishes-meet-local-delicacies,200,200,0,128,,Zataar - Where Global Dishes Meet Local Delicacies | Serene Sarovar Premiere Hargeisa | Sarovar Hotels,false,false,missing_meta_description|missing_canonical
/hotels/shravanthi-sarovar-portico-bengaluru/dining/shravanthi-sarovar-portico-bengaluru-flavours-the-coffee-shop-at-shravanthi-sarovar-portico-bengaluru,200,200,0,124,,"Flavours - The Coffee Shop At Shravanthi Sarovar Portico, Bengaluru | Shravanthi Sarovar Portico, Bengaluru | Sarovar Hotels",false,false,missing_meta_description|missing_canonical
/hotels/shravanthi-sarovar-portico-bengaluru/dining/shravanthi-sarovar-portico-bengaluru-turquoise-the-bar-for-every-occasion,200,200,0,121,,"Turquoise - The Bar For Every Occasion | Shravanthi Sarovar Portico, Bengaluru | Sarovar Hotels",false,false,missing_meta_description|missing_canonical
/hotels/shyama-sarovar-portico-orai/dining/shyama-sarovar-portico-orai-flavoursome-delicacies-at-our-restaurant-in-orai,200,200,0,117,,"Flavoursome Delicacies at Our Restaurant in Orai | Shyama Sarovar Portico, Orai | Sarovar Hotels",false,false,missing_meta_description|missing_canonical
/hotels/singhania-sarovar-portico-raipur/dining/singhania-sarovar-portico-raipur-flavours-all-day-dining-at-singhania-sarovar-portico-raipur,200,200,0,129,,"Flavours - All Day Dining at Singhania Sarovar Portico, Raipur | Singhania Sarovar Portico, Raipur | Sarovar Hotels",false,false,missing_meta_description|missing_canonical
/hotels/singhania-sarovar-portico-raipur/dining/singhania-sarovar-portico-raipur-geoffrey-s-the-pub-at-singhania-sarovar-portico-raipur,200,200,0,135,,"Geoffrey’s – The Pub at Singhania Sarovar Portico, Raipur | Singhania Sarovar Portico, Raipur | Sarovar Hotels",false,false,missing_meta_description|missing_canonical
/hotels/singhania-sarovar-portico-raipur/dining/singhania-sarovar-portico-raipur-in-room-dining-at-singhania-sarovar-portico-raipur,200,200,0,119,,"In Room Dining at Singhania Sarovar Portico, Raipur | Singhania Sarovar Portico, Raipur | Sarovar Hotels",false,false,missing_meta_description|missing_canonical
/hotels/skywings-sarovar-portico-mathura/dining/skywings-sarovar-portico-mathura-chill-bar-raise-a-glass-to-good-times,200,200,0,120,,"Chill Bar - Raise a Glass to Good Times | Skywings Sarovar Portico, Mathura | Sarovar Hotels",false,false,missing_meta_description|missing_canonical
/hotels/sobit-sarovar-portico-palolem-beach-hotel-goa/dining/sobit-sarovar-portico-palolem-beach-hotel-goa-sumptuous-dining-at-sobit-sarovar-portico-goa,200,200,0,119,,"Sumptuous Dining at Sobit Sarovar Portico, Goa | Sobit Sarovar Portico, Goa | Sarovar Hotels",false,false,missing_meta_description|missing_canonical
/hotels/skywings-sarovar-portico-mathura/dining/skywings-sarovar-portico-mathura-experience-dining-in-mathura-at-flavours,200,200,0,126,,"Experience Dining in Mathura at Flavours | Skywings Sarovar Portico, Mathura | Sarovar Hotels",false,false,missing_meta_description|missing_canonical
/hotels/taurus-hotel-mahipalpur-new-delhi/dining/taurus-hotel-mahipalpur-new-delhi-alfa-63-at-taurus-sarovar-portico-new-delhi,200,200,0,127,,"Alfa 63 at Taurus Sarovar Portico, New Delhi | Taurus Sarovar Portico, New Delhi | Sarovar Hotels",false,false,missing_meta_description|missing_canonical
/hotels/taurus-hotel-mahipalpur-new-delhi/dining/taurus-hotel-mahipalpur-new-delhi-delhi-barbeque-at-taurus-sarovar-portico-new-delhi-near-igi-airport,200,200,0,120,,"Delhi Barbeque at Taurus Sarovar Portico, New Delhi - Near IGI Airport | Taurus Sarovar Portico, New Delhi | Sarovar Hotels",false,false,missing_meta_description|missing_canonical
/hotels/the-ashtan-sarovar-portico-new-delhi/dining/the-ashtan-sarovar-portico-new-delhi-twenty-ten-fine-dining-restaurant-in-delhi-at-the-ashton-sarovar-portico,200,200,0,122,,"Twenty Ten Fine Dining Restaurant in Delhi at The Ashton Sarovar Portico |  The Ashtan Sarovar Portico, New Delhi  | Sarovar Hotels",false,false,missing_meta_description|missing_canonical
/hotels/the-gaurs-sarovar-premiere/dining/the-gaurs-sarovar-premiere-flavours-one-of-the-best-coffee-shops-in-greater-noida,200,200,0,135,,Flavours - One of the Best Coffee Shops in Greater Noida | The Gaurs Sarovar Premiere | Sarovar Hotels,false,false,missing_meta_description|missing_canonical
/hotels/the-gaurs-sarovar-premiere/dining/the-gaurs-sarovar-premiere-liiquidz-a-casual-bar-in-greater-noida,200,200,0,131,,Liiquidz – A Casual Bar in Greater Noida | The Gaurs Sarovar Premiere | Sarovar Hotels,false,false,missing_meta_description|missing_canonical
/hotels/the-gokulam-park-kochi/dining/the-gokulam-park-kochi-la-boulangerie-at-the-gokulam-park-kochi,200,200,0,119,,"La Boulangerie at The Gokulam Park, Kochi | The Gokulam Park, Kochi | Sarovar Hotels",false,false,missing_meta_description|missing_canonical
/hotels/the-gokulam-park-kochi/dining/the-gokulam-park-kochi-champs-bar-at-the-gokulam-park-kochi,200,200,0,135,,"Champs Bar at The Gokulam Park, Kochi | The Gokulam Park, Kochi | Sarovar Hotels",false,false,missing_meta_description|missing_canonical
/hotels/the-gokulam-park-kochi/dining/the-gokulam-park-kochi-periyar-restaurant-at-the-gokulam-park-kaloor-kochi,200,200,0,141,,"Periyar Restaurant at The Gokulam Park, Kaloor, Kochi | The Gokulam Park, Kochi | Sarovar Hotels",false,false,missing_meta_description|missing_canonical
/hotels/the-heron-portico-nairobi/dining/the-heron-portico-nairobi-bashasha-at-the-heron-by-sarovar-portico-india-nairobi,200,200,0,138,,"Bashasha at The Heron By Sarovar Portico India, Nairobi | The Heron By Sarovar Portico India, Nairobi | Sarovar Hotels",false,false,missing_meta_description|missing_canonical
/hotels/the-heron-portico-nairobi/dining/the-heron-portico-nairobi-casbah-steak-house-bar-at-the-heron-by-sarovar-portico-india-nairobi,200,200,0,143,,"Casbah Steak House & Bar at The Heron By Sarovar Portico India, Nairobi | The Heron By Sarovar Portico India, Nairobi | Sarovar Hotels",false,false,missing_meta_description|missing_canonical
/hotels/the-heron-portico-nairobi/dining/the-heron-portico-nairobi-sirocco-aqua-bar-at-the-heron-by-sarovar-portico-india-nairobi,200,200,0,137,,"Sirocco Aqua Bar at The Heron By Sarovar Portico India, Nairobi | The Heron By Sarovar Portico India, Nairobi | Sarovar Hotels",false,false,missing_meta_description|missing_canonical
/hotels/the-muse-sarovar-portico-nehru-place-new-delhi/dining/the-muse-sarovar-portico-nehru-place-new-delhi-restaurant-at-the-muse-sarovar-portico-nehru-place-new-delhi,200,200,0,147,,"Restaurant at The Muse Sarovar Portico, Nehru Place, New Delhi | The Muse Sarovar Portico, Nehru Place, New Delhi | Sarovar Hotels",false,false,missing_meta_description|missing_canonical
/hotels/the-promenade-pondicherry/dining/the-promenade-pondicherry-bay-of-buddha-rooftop-restaurant-in-pondicherry,200,200,0,145,,"Bay of Buddha - Rooftop Restaurant in Pondicherry | The Promenade, Pondicherry  | Sarovar Hotels",false,false,missing_meta_description|missing_canonical
/hotels/the-promenade-pondicherry/dining/the-promenade-pondicherry-risque-at-the-promenade-pondicherry,200,200,0,147,,"Risque at The Promenade, Pondicherry | The Promenade, Pondicherry  | Sarovar Hotels",false,false,missing_meta_description|missing_canonical
/hotels/the-promenade-pondicherry/dining/the-promenade-pondicherry-blueline-restaurant-at-the-promenade-pondicherry,200,200,0,131,,"Blueline Restaurant at The Promenade, Pondicherry | The Promenade, Pondicherry  | Sarovar Hotels",false,false,missing_meta_description|missing_canonical
/hotels/the-promenade-pondicherry/dining/the-promenade-pondicherry-the-storyteller-s-bar-a-uniquely-conceptualized-bar-in-pondicherry,200,200,0,137,,"The Storyteller's Bar - A Uniquely Conceptualized Bar in Pondicherry | The Promenade, Pondicherry  | Sarovar Hotels",false,false,missing_meta_description|missing_canonical
/hotels/tulip-inn-bhopal/dining/tulip-inn-bhopal-sip-and-unwind-at-l-atelier,200,200,0,127,,"Sip and Unwind at L’atelier | Tulip Inn, Bhopal | Sarovar Hotels",false,false,missing_meta_description|missing_canonical
/hotels/tulip-inn-bhopal/dining/tulip-inn-bhopal-dining-delights-await-at-our-restaurant-in-bhopal,200,200,0,125,,"Dining Delights Await at Our Restaurant in Bhopal | Tulip Inn, Bhopal | Sarovar Hotels",false,false,missing_meta_description|missing_canonical
/hotels/the-promenade-pondicherry/dining/the-promenade-pondicherry-wildfish-bistro-at-the-promenade-pondicherry,200,200,0,132,,"Wildfish Bistro at The Promenade, Pondicherry | The Promenade, Pondicherry  | Sarovar Hotels",false,false,missing_meta_description|missing_canonical
/hotels/tulip-inn-koramangala/dining/tulip-inn-koramangala-scrumptious-delicacies-at-altar-restaurant,200,200,0,127,,"Scrumptious Delicacies at Altar Restaurant | Tulip Inn, Koramangala | Sarovar Hotels",false,false,missing_meta_description|missing_canonical
/hotels/tulip-inn-koramangala/dining/tulip-inn-koramangala-a-diverse-range-of-concoctions-at-sage-bar,200,200,0,132,,"A Diverse Range of Concoctions at Sage Bar | Tulip Inn, Koramangala | Sarovar Hotels",false,false,missing_meta_description|missing_canonical
/hotels/tulip-inn-zirakpur/dining/tulip-inn-zirakpur-whistler-cafe-bar-the-best-restaurant-in-zirakpur,200,200,0,134,,Whistler Cafe & Bar: The Best Restaurant in Zirakpur | Tulip Inn Chandigarh-Zirakpur | Sarovar Hotels,false,false,missing_meta_description|missing_canonical
/hotels/v-sarovar-portico-mi-road-jaipur/dining/v-sarovar-portico-mi-road-jaipur-flavours-at-v-sarovar-portico-mi-road-jaipur,200,200,0,138,,"Flavours at V Sarovar Portico MI Road, Jaipur | V  Sarovar Portico, MI Road, Jaipur | Sarovar Hotels",false,false,missing_meta_description|missing_canonical
/hotels/v-sarovar-portico-mi-road-jaipur/dining/v-sarovar-portico-mi-road-jaipur-jharokha-at-v-sarovar-portico-mi-road-jaipur,200,200,0,130,,"Jharokha at V Sarovar Portico MI Road, Jaipur | V  Sarovar Portico, MI Road, Jaipur | Sarovar Hotels",false,false,missing_meta_description|missing_canonical
/hotels/vandhara-sarovar-premiere-patkote/dining/vandhara-sarovar-premiere-patkote-brahmkamal-relish-the-nuances-of-the-kumaoni-flavours,200,200,0,138,,"Brahmkamal: Relish the Nuances of the Kumaoni Flavours | Vandhara Sarovar Premiere, Jim Corbett - Patkote | Sarovar Hotels",false,false,missing_meta_description|missing_canonical
/hotels/venizia-sarovar-portico-in-new-delhi/dining/venizia-sarovar-portico-in-new-delhi-dining-at-flavours-our-in-house-restaurant-in-new-delhi,200,200,0,127,,"Dining at Flavours, Our In-house Restaurant in New Delhi | Venizia Sarovar Portico | Sarovar Hotels",false,false,missing_meta_description|missing_canonical
/hotels/viraj-sarovar-portico-jammu/dining/viraj-sarovar-portico-jammu-terrace-grill-at-the-viraj-sarovar-portico-jammu,200,200,0,140,,"TERRACE GRILL AT THE VIRAJ SAROVAR PORTICO, JAMMU | Viraj Sarovar Portico, Jammu | Sarovar Hotels",false,false,missing_meta_description|missing_canonical
/hotels/viraj-sarovar-portico-jammu/dining/viraj-sarovar-portico-jammu-flavours-coffee-shop-at-viraj-sarovar-portico-jammu,200,200,0,159,,"Flavours Coffee Shop at Viraj Sarovar Portico, Jammu | Viraj Sarovar Portico, Jammu | Sarovar Hotels",false,false,missing_meta_description|missing_canonical
/hotels/viraj-sarovar-portico-jammu/dining/viraj-sarovar-portico-jammu-zing-bar-at-the-viraj-sarovar-portico-jammu,200,200,0,152,,"ZING BAR AT THE VIRAJ SAROVAR PORTICO, JAMMU | Viraj Sarovar Portico, Jammu | Sarovar Hotels",false,false,missing_meta_description|missing_canonical
/hotels/sarovar-premiere-delhi/banquets/grand-ballroom-sarovar-premiere-delhi,200,200,0,159,,Grand Ballroom – Sarovar Premiere Delhi | Sarovar Premiere Delhi | Sarovar Hotels,true,false,missing_canonical
/hotels/sarovar-premiere-delhi/banquets/conference-hall-sarovar-premiere-delhi,200,200,0,167,,Conference Hall – Sarovar Premiere Delhi | Sarovar Premiere Delhi | Sarovar Hotels,true,false,missing_canonical
/hotels/sarovar-portico-jaipur/banquets/grand-ballroom-sarovar-portico-jaipur,200,200,0,156,,"Grand Ballroom – Sarovar Portico Jaipur | Sarovar Portico, Jaipur | Sarovar Hotels",true,false,missing_canonical
/hotels/sarovar-portico-jaipur/banquets/conference-hall-sarovar-portico-jaipur,200,200,0,165,,"Conference Hall – Sarovar Portico Jaipur | Sarovar Portico, Jaipur | Sarovar Hotels",true,false,missing_canonical
/hotels/sarovar-premiere-goa-beach-resort/banquets/conference-hall-sarovar-premiere-goa-beach-resort,200,200,0,150,,Conference Hall – Sarovar Premiere Goa Beach Resort | Sarovar Premiere Goa Beach Resort | Sarovar Hotels,true,false,missing_canonical
/hotels/sarovar-premiere-goa-beach-resort/banquets/grand-ballroom-sarovar-premiere-goa-beach-resort,200,200,0,167,,Grand Ballroom – Sarovar Premiere Goa Beach Resort | Sarovar Premiere Goa Beach Resort | Sarovar Hotels,true,false,missing_canonical
/hotels/sarovar-portico-mumbai/banquets/grand-ballroom-sarovar-portico-mumbai,200,200,0,155,,Grand Ballroom – Sarovar Portico Mumbai | Sarovar Portico Mumbai | Sarovar Hotels,true,false,missing_canonical
/hotels/sarovar-portico-mumbai/banquets/conference-hall-sarovar-portico-mumbai,200,200,0,140,,Conference Hall – Sarovar Portico Mumbai | Sarovar Portico Mumbai | Sarovar Hotels,true,false,missing_canonical
/hotels/sarovar-regency-shimla/banquets/grand-ballroom-sarovar-regency-shimla,200,200,0,145,,Grand Ballroom – Sarovar Regency Shimla | Sarovar Regency Shimla | Sarovar Hotels,true,false,missing_canonical
/hotels/sarovar-regency-shimla/banquets/conference-hall-sarovar-regency-shimla,200,200,0,139,,Conference Hall – Sarovar Regency Shimla | Sarovar Regency Shimla | Sarovar Hotels,true,false,missing_canonical
/hotels/sarovar-regency-rishikesh/banquets/grand-ballroom-sarovar-regency-rishikesh,200,200,0,149,,Grand Ballroom – Sarovar Regency Rishikesh | Sarovar Regency Rishikesh | Sarovar Hotels,true,false,missing_canonical
/hotels/sarovar-regency-rishikesh/banquets/conference-hall-sarovar-regency-rishikesh,200,200,0,140,,Conference Hall – Sarovar Regency Rishikesh | Sarovar Regency Rishikesh | Sarovar Hotels,true,false,missing_canonical
/hotels/sarovar-portico-delhi-aerocity/banquets/grand-ballroom-sarovar-portico-delhi-aerocity,200,200,0,151,,Grand Ballroom – Sarovar Portico Delhi Aerocity | Sarovar Portico Delhi Aerocity | Sarovar Hotels,true,false,missing_canonical
/hotels/sarovar-portico-delhi-aerocity/banquets/conference-hall-sarovar-portico-delhi-aerocity,200,200,0,167,,Conference Hall – Sarovar Portico Delhi Aerocity | Sarovar Portico Delhi Aerocity | Sarovar Hotels,true,false,missing_canonical
/hotels/sarovar-premiere-jaipur-heritage/banquets/grand-ballroom-sarovar-premiere-jaipur-heritage,200,200,0,149,,Grand Ballroom – Sarovar Premiere Jaipur Heritage | Sarovar Premiere Jaipur Heritage | Sarovar Hotels,true,false,missing_canonical
/hotels/sarovar-premiere-jaipur-heritage/banquets/conference-hall-sarovar-premiere-jaipur-heritage,200,200,0,152,,Conference Hall – Sarovar Premiere Jaipur Heritage | Sarovar Premiere Jaipur Heritage | Sarovar Hotels,true,false,missing_canonical
/hotels/abn-sarovar-portico-jim-corbett/banquets/abn-sarovar-portico-jim-corbett-clove,200,200,0,149,,"Clove | ABN Sarovar Portico, Jim Corbett | Sarovar Hotels",false,false,missing_meta_description|missing_canonical
/hotels/abn-sarovar-portico-jim-corbett/banquets/abn-sarovar-portico-jim-corbett-lawn,200,200,0,159,,"Lawn | ABN Sarovar Portico, Jim Corbett | Sarovar Hotels",false,false,missing_meta_description|missing_canonical
/hotels/ambar-sarovar-portico-gandhidham-hotel/banquets/ambar-sarovar-portico-gandhidham-hotel-meetings-events-at-ambar-sarovar-portico-gandhidham,200,200,0,148,,"Meetings & Events at Ambar Sarovar Portico, Gandhidham | Ambar Sarovar Portico, Gandhidham | Sarovar Hotels",false,false,missing_meta_description|missing_canonical
/hotels/abn-sarovar-portico-jim-corbett/banquets/abn-sarovar-portico-jim-corbett-saffron,200,200,0,159,,"Saffron | ABN Sarovar Portico, Jim Corbett | Sarovar Hotels",false,false,missing_meta_description|missing_canonical
/hotels/aditya-hometel-hyderabad/banquets/aditya-hometel-hyderabad-meetings-events-at-aditya-hometel-hyderabad,200,200,0,148,,"Meetings & Events at Aditya Hometel, Hyderabad | Aditya Hometel, Hyderabad | Sarovar Hotels",false,false,missing_meta_description|missing_canonical
/hotels/balaji-sarovar-premiere-solapur/banquets/balaji-sarovar-premiere-solapur-meetings-events-at-balaji-sarovar-premiere-solapur,200,200,0,135,,"Meetings & Events at Balaji Sarovar Premiere, Solapur |  Balaji Sarovar Premiere, Solapur | Sarovar Hotels",false,false,missing_meta_description|missing_canonical
/hotels/bamus-sarovar-portico-kampala/banquets/bamus-sarovar-portico-kampala-amber-a-space-for-focus-and-finesse,200,200,0,140,,"Amber: A Space for Focus and Finesse | Bamus Sarovar Portico, Kampala | Sarovar Hotels",false,false,missing_meta_description|missing_canonical
/hotels/bamus-sarovar-portico-kampala/banquets/bamus-sarovar-portico-kampala-emerald-focused-flawless-events-in-flexible-spaces,200,200,0,134,,"Emerald: Focused & Flawless Events in Flexible Spaces | Bamus Sarovar Portico, Kampala | Sarovar Hotels",false,false,missing_meta_description|missing_canonical
/hotels/bamus-sarovar-portico-kampala/banquets/bamus-sarovar-portico-kampala-opal-make-your-events-sparkle,200,200,0,132,,"Opal: Make Your Events Sparkle | Bamus Sarovar Portico, Kampala | Sarovar Hotels",false,false,missing_meta_description|missing_canonical
/hotels/bamus-sarovar-portico-kampala/banquets/bamus-sarovar-portico-kampala-ruby-a-sophisticated-space-for-gatherings-business,200,200,0,128,,"Ruby: A Sophisticated Space for Gatherings & Business | Bamus Sarovar Portico, Kampala | Sarovar Hotels",false,false,missing_meta_description|missing_canonical
/hotels/bamus-sarovar-portico-kampala/banquets/bamus-sarovar-portico-kampala-sapphire-versatility-meets-sophistication,200,200,0,134,,"Sapphire: Versatility Meets Sophistication | Bamus Sarovar Portico, Kampala | Sarovar Hotels",false,false,missing_meta_description|missing_canonical
/hotels/bamus-sarovar-portico-kampala/banquets/bamus-sarovar-portico-kampala-shine-bright-at-solitaire,200,200,0,121,,"Shine Bright at Solitaire | Bamus Sarovar Portico, Kampala | Sarovar Hotels",false,false,missing_meta_description|missing_canonical
/hotels/bamus-sarovar-portico-kampala/banquets/bamus-sarovar-portico-kampala-topaz-sophisticated-space-for-seamless-gatherings,200,200,0,122,,"Topaz: Sophisticated Space for Seamless Gatherings | Bamus Sarovar Portico, Kampala | Sarovar Hotels",false,false,missing_meta_description|missing_canonical
/hotels/classic-sarovar-portico-thiruvananthapuram/banquets/classic-sarovar-portico-thiruvananthapuram-meetings-events-at-classic-sarovar-portico-thiruvananthapuram,200,200,0,141,,"Meetings & Events at Classic Sarovar Portico, Thiruvananthapuram | Classic Sarovar Portico, Thiruvananthapuram | Sarovar Hotels",false,false,missing_meta_description|missing_canonical
/hotels/davanam-sarovar-portico-suites-bangalore/banquets/davanam-sarovar-portico-suites-bangalore-meetings-events-at-davanam-sarovar-portico-suites-bangalore,200,200,0,126,,"Meetings & Events at Davanam Sarovar Portico Suites, Bangalore | Davanam Sarovar Portico Suites, Bangalore | Sarovar Hotels",false,false,missing_meta_description|missing_canonical
/hotels/delite-sarovar-portico-faridabad/banquets/delite-sarovar-portico-faridabad-classic-hall-at-delite-sarovar-portico-faridabad,200,200,0,123,,"Classic Hall at Delite Sarovar Portico, Faridabad | Delite Sarovar Portico, Faridabad | Sarovar Hotels",false,false,missing_meta_description|missing_canonical
/hotels/delite-sarovar-portico-faridabad/banquets/delite-sarovar-portico-faridabad-imperial-hall-i-at-delite-sarovar-portico-faridabad,200,200,0,121,,"Imperial Hall - I at Delite Sarovar Portico, Faridabad | Delite Sarovar Portico, Faridabad | Sarovar Hotels",false,false,missing_meta_description|missing_canonical
/hotels/delite-sarovar-portico-faridabad/banquets/delite-sarovar-portico-faridabad-imperial-hall-ii-at-delite-sarovar-portico-faridabad,200,200,0,113,,"Imperial Hall - II at Delite Sarovar Portico, Faridabad | Delite Sarovar Portico, Faridabad | Sarovar Hotels",false,false,missing_meta_description|missing_canonical
/hotels/delite-sarovar-portico-faridabad/banquets/delite-sarovar-portico-faridabad-royal-hall-at-delite-sarovar-portico-faridabad,200,200,0,113,,"Royal Hall at Delite Sarovar Portico, Faridabad | Delite Sarovar Portico, Faridabad | Sarovar Hotels",false,false,missing_meta_description|missing_canonical
/hotels/deventure-sarovar-portico--kapashera-new-delhi/banquets/deventure-sarovar-portico-kapashera-new-delhi-meetings-events-at-deventure-sarovar-portico-kapashera-new-delhi,200,200,0,120,,"Meetings & Events at Deventure Sarovar Portico Kapashera, New Delhi | Deventure Sarovar Portico- Kapashera, New Delhi | Sarovar Hotels",false,false,missing_meta_description|missing_canonical
/hotels/estuary-sarovar-Premiere-poovar/banquets/estuary-sarovar-premiere-poovar-banquet-halls-at-estuary-sarovar-premiere-poovar-island,200,200,0,112,,"Banquet Halls at Estuary Sarovar Premiere, Poovar Island | Estuary Sarovar Premiere, Poovar Island | Sarovar Hotels",false,false,missing_meta_description|missing_canonical
/hotels/estuary-sarovar-Premiere-poovar/banquets/estuary-sarovar-premiere-poovar-board-rooms-at-estuary-sarovar-premiere-poovar-island,200,200,0,111,,"Board Rooms at Estuary Sarovar Premiere, Poovar Island | Estuary Sarovar Premiere, Poovar Island | Sarovar Hotels",false,false,missing_meta_description|missing_canonical
/hotels/geeta-sarovar-portico-hotels-panipat/banquets/geeta-sarovar-portico-hotels-panipat-crystal-a-banquet-hall-at-geeta-sarovar-portico-panipat,200,200,0,113,,"Crystal - A Banquet Hall at Geeta Sarovar Portico, Panipat | Geeta Sarovar Portico, Panipat | Sarovar Hotels",false,false,missing_meta_description|missing_canonical
/hotels/geeta-sarovar-portico-hotels-panipat/banquets/geeta-sarovar-portico-hotels-panipat-regal-a-banquet-hall-at-geeta-sarovar-portico-panipat,200,200,0,100,,"Regal - A Banquet Hall at Geeta Sarovar Portico, Panipat | Geeta Sarovar Portico, Panipat | Sarovar Hotels",false,false,missing_meta_description|missing_canonical
/hotels/geeta-sarovar-portico-hotels-panipat/banquets/geeta-sarovar-portico-hotels-panipat-imperial-a-banquet-hall-at-geeta-sarovar-portico-panipat,200,200,0,111,,"Imperial - A Banquet Hall at Geeta Sarovar Portico, Panipat | Geeta Sarovar Portico, Panipat | Sarovar Hotels",false,false,missing_meta_description|missing_canonical
/hotels/golden-sarovar-portico-amritsar/banquets/golden-sarovar-portico-amritsar-meetings-events-at-golden-sarovar-portico-amritsar,200,200,0,114,,"Meetings & Events at Golden Sarovar Portico, Amritsar | Golden Sarovar Portico, Amritsar  | Sarovar Hotels",false,false,missing_meta_description|missing_canonical
/hotels/golden-tulip-agra/banquets/golden-tulip-agra-royale-ballroom-an-elegant-and-versatile-ballroom-in-agra,200,200,0,116,,"Royale Ballroom: An Elegant and Versatile Ballroom in Agra |  Golden Tulip, Agra | Sarovar Hotels",false,false,missing_meta_description|missing_canonical
/hotels/golden-tulip-agra/banquets/golden-tulip-agra-elevate-your-meetings-and-intimate-gatherings-at-royale-house,200,200,0,121,,"Elevate Your Meetings and Intimate Gatherings at Royale House |  Golden Tulip, Agra | Sarovar Hotels",false,false,missing_meta_description|missing_canonical
/hotels/golden-tulip-agra/banquets/golden-tulip-agra-royale-park-the-perfect-open-air-lawn-for-your-elegant-events-in-agra,200,200,0,125,,"Royale Park: The Perfect Open-air Lawn for Your Elegant Events in Agra |  Golden Tulip, Agra | Sarovar Hotels",false,false,missing_meta_description|missing_canonical
/hotels/golden-tulip-candolim-goa/banquets/golden-tulip-candolim-goa-senate-i-crafted-for-celebrations-of-every-scale,200,200,0,115,,"Senate I - Crafted for Celebrations of Every Scale | Golden Tulip, Candolim, Goa | Sarovar Hotels",false,false,missing_meta_description|missing_canonical
/hotels/golden-tulip-bhopal/banquets/golden-tulip-bhopal-summit-cherish-your-celebrations,200,200,0,120,,"Summit - Cherish Your Celebrations | Golden Tulip, Bhopal | Sarovar Hotels",false,false,missing_meta_description|missing_canonical
/hotels/golden-tulip-candolim-goa/banquets/golden-tulip-candolim-goa-senate-ii-smartly-sized-fully-equipped,200,200,0,119,,"Senate II: Smartly Sized & Fully Equipped | Golden Tulip, Candolim, Goa | Sarovar Hotels",false,false,missing_meta_description|missing_canonical
/hotels/golden-tulip-goa-mandrem/banquets/golden-tulip-goa-mandrem-the-grandeur-where-celebrations-shine-brighter,200,200,0,118,,"The Grandeur: Where Celebrations Shine Brighter | Golden Tulip Goa, Mandrem Beach | Sarovar Hotels",false,false,missing_meta_description|missing_canonical
/hotels/golden-tulip-hari-nagar/banquets/golden-tulip-hari-nagar-board-room-i,200,200,0,121,,"Board Room I | Golden Tulip New Delhi, Hari Nagar | Sarovar Hotels",false,false,missing_meta_description|missing_canonical
/hotels/golden-tulip-hari-nagar/banquets/golden-tulip-hari-nagar-board-room-ii,200,200,0,136,,"Board Room II | Golden Tulip New Delhi, Hari Nagar | Sarovar Hotels",false,false,missing_meta_description|missing_canonical
/hotels/golden-tulip-hari-nagar/banquets/golden-tulip-hari-nagar-imperial-i,200,200,0,128,,"Imperial I | Golden Tulip New Delhi, Hari Nagar | Sarovar Hotels",false,false,missing_meta_description|missing_canonical
/hotels/golden-tulip-hari-nagar/banquets/golden-tulip-hari-nagar-imperial-iii,200,200,0,148,,"Imperial III | Golden Tulip New Delhi, Hari Nagar | Sarovar Hotels",false,false,missing_meta_description|missing_canonical
/hotels/golden-tulip-hari-nagar/banquets/golden-tulip-hari-nagar-imperial-iv,200,200,0,116,,"Imperial IV | Golden Tulip New Delhi, Hari Nagar | Sarovar Hotels",false,false,missing_meta_description|missing_canonical
/hotels/golden-tulip-hari-nagar/banquets/golden-tulip-hari-nagar-imperial-ii,200,200,0,129,,"Imperial II | Golden Tulip New Delhi, Hari Nagar | Sarovar Hotels",false,false,missing_meta_description|missing_canonical
/hotels/golden-tulip-hari-nagar/banquets/golden-tulip-hari-nagar-imperial-v,200,200,0,131,,"Imperial V | Golden Tulip New Delhi, Hari Nagar | Sarovar Hotels",false,false,missing_meta_description|missing_canonical
/hotels/golden-tulip-hotel-in-jaipur/banquets/golden-tulip-hotel-in-jaipur-durbar-hall-at-golden-tulip-jaipur-city-center,200,200,0,118,,Durbar Hall at Golden Tulip Jaipur City Center | Golden Tulip Jaipur City Center | Sarovar Hotels,false,false,missing_meta_description|missing_canonical
/hotels/golden-tulip-hotel-in-jaipur/banquets/golden-tulip-hotel-in-jaipur-meeting-room-at-golden-tulip-jaipur-city-center,200,200,0,137,,Meeting Room at Golden Tulip Jaipur City Center | Golden Tulip Jaipur City Center | Sarovar Hotels,false,false,missing_meta_description|missing_canonical
/hotels/golden-tulip-hotel-in-jaipur/banquets/golden-tulip-hotel-in-jaipur-maharaja-hall-at-golden-tulip-jaipur-city-center,200,200,0,138,,Maharaja Hall at Golden Tulip Jaipur City Center | Golden Tulip Jaipur City Center | Sarovar Hotels,false,false,missing_meta_description|missing_canonical
/hotels/golden-tulip-hotel-in-jaipur/banquets/golden-tulip-hotel-in-jaipur-maharani-hall-at-golden-tulip-jaipur-city-center,200,200,0,124,,Maharani Hall at Golden Tulip Jaipur City Center | Golden Tulip Jaipur City Center | Sarovar Hotels,false,false,missing_meta_description|missing_canonical
/hotels/golden-tulip-hotel-in-jaipur/banquets/golden-tulip-hotel-in-jaipur-mehfil-hall-at-golden-tulip-jaipur-city-center,200,200,0,124,,Mehfil Hall at Golden Tulip Jaipur City Center | Golden Tulip Jaipur City Center | Sarovar Hotels,false,false,missing_meta_description|missing_canonical
/hotels/golden-tulip-hotel-in-jaipur/banquets/golden-tulip-hotel-in-jaipur-rajputana-hall-at-golden-tulip-jaipur-city-center,200,200,0,146,,Rajputana Hall at Golden Tulip Jaipur City Center | Golden Tulip Jaipur City Center | Sarovar Hotels,false,false,missing_meta_description|missing_canonical
/hotels/golden-tulip-hotel-in-jaipur/banquets/golden-tulip-hotel-in-jaipur-training-room-at-golden-tulip-jaipur-city-center,200,200,0,147,,Training Room at Golden Tulip Jaipur City Center | Golden Tulip Jaipur City Center | Sarovar Hotels,false,false,missing_meta_description|missing_canonical
/hotels/golden-tulip-jalandhar/banquets/golden-tulip-jalandhar-celebrate-your-achievements-in-style,200,200,0,139,,"Celebrate Your Achievements in Style | Golden Tulip, Jalandhar  | Sarovar Hotels",false,false,missing_meta_description|missing_canonical
/hotels/golden-tulip-jalandhar/banquets/golden-tulip-jalandhar-create-indelible-memories-in-our-party-halls,200,200,0,149,,"Create Indelible Memories in our Party Halls | Golden Tulip, Jalandhar  | Sarovar Hotels",false,false,missing_meta_description|missing_canonical
/hotels/golden-tulip-jalandhar/banquets/golden-tulip-jalandhar-memorable-celebrations-befitting-memorable-milestones,200,200,0,139,,"Memorable Celebrations Befitting Memorable Milestones | Golden Tulip, Jalandhar  | Sarovar Hotels",false,false,missing_meta_description|missing_canonical
/hotels/golden-tulip-jalandhar/banquets/golden-tulip-jalandhar-seminars-and-conferences-in-jalandhar,200,200,0,140,,"Seminars and Conferences in Jalandhar | Golden Tulip, Jalandhar  | Sarovar Hotels",false,false,missing_meta_description|missing_canonical
/hotels/golden-tulip-jalandhar/banquets/golden-tulip-jalandhar-unforgettable-weddings-in-jalandhar,200,200,0,138,,"Unforgettable Weddings in Jalandhar | Golden Tulip, Jalandhar  | Sarovar Hotels",false,false,missing_meta_description|missing_canonical
/hotels/golden-tulip-kukas-jaipur/banquets/golden-tulip-kukas-jaipur-boardroom-professional-space-for-executive-discussions,200,200,0,140,,"Boardroom: Professional Space for Executive Discussions | Golden Tulip Jaipur, Kukas | Sarovar Hotels",false,false,missing_meta_description|missing_canonical
/hotels/golden-tulip-kukas-jaipur/banquets/golden-tulip-kukas-jaipur-grand-ballroom-a-flexible-venue-for-every-occasion,200,200,0,139,,"Grand Ballroom: A Flexible Venue for Every Occasion | Golden Tulip Jaipur, Kukas | Sarovar Hotels",false,false,missing_meta_description|missing_canonical
/hotels/golden-tulip-kukas-jaipur/banquets/golden-tulip-kukas-jaipur-lawn-celebrate-under-open-skies,200,200,0,142,,"Lawn: Celebrate Under Open Skies | Golden Tulip Jaipur, Kukas | Sarovar Hotels",false,false,missing_meta_description|missing_canonical
/hotels/golden-tulip-kukas-jaipur/banquets/golden-tulip-kukas-jaipur-royal-ballroom-where-large-celebrations-come-together,200,200,0,130,,"Royal Ballroom: Where Large Celebrations Come Together | Golden Tulip Jaipur, Kukas | Sarovar Hotels",false,false,missing_meta_description|missing_canonical
/hotels/golden-tulip-lucknow/banquets/golden-tulip-lucknow-meetings-events-at-golden-tulip-lucknow,200,200,0,112,,"Meetings & Events At Golden Tulip, Lucknow | Golden Tulip, Lucknow | Sarovar Hotels",false,false,missing_meta_description|missing_canonical
/hotels/golden-tulip-tirupati/banquets/golden-tulip-tirupati-grand-ball-room-cherish-celebrations,200,200,0,109,,"Grand Ball Room - Cherish Celebrations | Golden Tulip, Tirupati  | Sarovar Hotels",false,false,missing_meta_description|missing_canonical
/hotels/golden-tulip-srinagar/banquets/golden-tulip-srinagar-meetings-events-at-golden-tulip-srinagar,200,200,0,116,,"Meetings & Events at Golden Tulip, Srinagar | Golden Tulip, Srinagar (formerly RK Sarovar Portico, Srinagar) | Sarovar Hotels",false,false,missing_meta_description|missing_canonical
/hotels/golden-tulip-udaipur/banquets/golden-tulip-udaipur-ballroom-the-perfect-event-venue-in-udaipur,200,200,0,116,,"Ballroom: The Perfect Event Venue in Udaipur | Golden Tulip, Udaipur | Sarovar Hotels",false,false,missing_meta_description|missing_canonical
/hotels/golden-tulip-udaipur/banquets/golden-tulip-udaipur-gardens-an-expansive-outdoor-event-venue-in-udaipur,200,200,0,115,,"Gardens: An Expansive Outdoor Event Venue in Udaipur | Golden Tulip, Udaipur | Sarovar Hotels",false,false,missing_meta_description|missing_canonical
/hotels/golden-tulip-udaipur/banquets/golden-tulip-udaipur-silver-room-a-versatile-party-hall-in-udaipur,200,200,0,115,,"Silver Room: A Versatile Party Hall in Udaipur | Golden Tulip, Udaipur | Sarovar Hotels",false,false,missing_meta_description|missing_canonical
/hotels/grand-continent-anjuna/banquets/grand-continent-anjuna-meetings-events-at-grand-continent-anjuna-a-sarovar-portico-affiliate-hotel,200,200,0,119,,"Meetings & Events at Grand Continent, Anjuna - A Sarovar Portico Affiliate Hotel | Grand Continent, Anjuna - A Sarovar Portico Affiliate Hotel | Sarovar Hotels",false,false,missing_meta_description|missing_canonical
/hotels/grand-continent-hosur/banquets/grand-continent-hosur-memorable-events-at-grand-continental-hosur,200,200,0,125,,"MEMORABLE EVENTS AT GRAND CONTINENTAL, HOSUR | Grand Continent, Hosur A Sarovar Portico hotel | Sarovar Hotels",false,false,missing_meta_description|missing_canonical
/hotels/grand-continent-mahabalipuram/banquets/grand-continent-mahabalipuram-boardroom-in-mahabalipuram,200,200,0,119,,"Boardroom in Mahabalipuram | Grand Continent, Mahabalipuram - A Sarovar Premiere Affiliate Hotel | Sarovar Hotels",false,false,missing_meta_description|missing_canonical
/hotels/grand-continent-mahabalipuram/banquets/grand-continent-mahabalipuram-mandapa-the-ballroom-banquet-hall-in-mahabalipuram,200,200,0,130,,"Mandapa - The Ballroom: Banquet Hall in Mahabalipuram | Grand Continent, Mahabalipuram - A Sarovar Premiere Affiliate Hotel | Sarovar Hotels",false,false,missing_meta_description|missing_canonical
/hotels/grand-continent-malleshwaram-bangalore/banquets/grand-continent-malleshwaram-bangalore-a-grand-banquet-hall-in-malleshwaram,200,200,0,119,,"A Grand Banquet Hall in Malleshwaram | Grand Continent, Malleshwaram - A Sarovar Portico Affiliate Hotel | Sarovar Hotels",false,false,missing_meta_description|missing_canonical
/hotels/grand-continent-mahabalipuram/banquets/grand-continent-mahabalipuram-rathas-the-open-lawn-outdoor-event-venue-in-mahabalipuram,200,200,0,126,,"Rathas - The Open Lawn: Outdoor Event Venue in Mahabalipuram | Grand Continent, Mahabalipuram - A Sarovar Premiere Affiliate Hotel | Sarovar Hotels",false,false,missing_meta_description|missing_canonical
/hotels/grand-portico-hotel-in-latur/banquets/grand-portico-hotel-in-latur-meetings-events-at-grand-sarovar-portico-latur,200,200,0,123,,"Meetings & Events at Grand Sarovar Portico, Latur | Grand Sarovar Portico, Latur | Sarovar Hotels",false,false,missing_meta_description|missing_canonical
/hotels/hometel-chandigarh/banquets/hometel-chandigarh-wedding-packages-at-hometel-chandigarh,200,200,0,110,,"Wedding Packages at Hometel Chandigarh | Hometel, Chandigarh | Sarovar Hotels",false,false,missing_meta_description|missing_canonical
/hotels/hometel-chandigarh/banquets/hometel-chandigarh-meetings-events-at-hometel-chandigarh,200,200,0,116,,"Meetings & Events at Hometel Chandigarh | Hometel, Chandigarh | Sarovar Hotels",false,false,missing_meta_description|missing_canonical
/hotels/hrj-sarovar-portico-indore/banquets/hrj-sarovar-portico-indore-host-majestic-events-in-indore-at-sarovar-portico,200,200,0,129,,"Host Majestic Events in Indore at Sarovar Portico | HRJ Sarovar Portico, Indore (A Unit of HRJ International Hotels LLP) | Sarovar Hotels",false,false,missing_meta_description|missing_canonical
/hotels/iris-sarovar-portico-gurugram/banquets/iris-sarovar-portico-gurugram-elevate-your-celebrations-at-senate,200,200,0,122,,"Elevate Your Celebrations at Senate | Iris Sarovar Portico, Gurugram | Sarovar Hotels",false,false,missing_meta_description|missing_canonical
/hotels/ishaan-sarovar-portico-deoghar/banquets/ishaan-sarovar-portico-deoghar-aamantran-banquet-hall-in-deoghar,200,200,0,134,,"Aamantran Banquet Hall in Deoghar | Ishaan Sarovar Portico, Deoghar | Sarovar Hotels",false,false,missing_meta_description|missing_canonical
/hotels/ishaan-sarovar-portico-deoghar/banquets/ishaan-sarovar-portico-deoghar-aarambh-party-hall-in-deoghar,200,200,0,147,,"Aarambh Party Hall in Deoghar | Ishaan Sarovar Portico, Deoghar | Sarovar Hotels",false,false,missing_meta_description|missing_canonical
/hotels/ishaan-sarovar-portico-deoghar/banquets/ishaan-sarovar-portico-deoghar-abhinandan-marriage-hall-in-deoghar,200,200,0,125,,"Abhinandan Marriage Hall in Deoghar | Ishaan Sarovar Portico, Deoghar | Sarovar Hotels",false,false,missing_meta_description|missing_canonical
/hotels/kpg-sarovar-portico-raj-nagar-extension-ghaziabad/banquets/kpg-sarovar-portico-raj-nagar-extension-ghaziabad-sapphire-ballroom-designed-for-conferences-and-celebrations-alike,200,200,0,108,,"Sapphire Ballroom: Designed for Conferences and Celebrations Alike | KPG Sarovar Portico, Raj Nagar Extension, Ghaziabad | Sarovar Hotels",false,false,missing_meta_description|missing_canonical
/hotels/kpg-sarovar-portico-raj-nagar-extension-ghaziabad/banquets/kpg-sarovar-portico-raj-nagar-extension-ghaziabad-solitaire-host-elegant-events-in-a-scenic-setting,200,200,0,108,,"Solitaire: Host Elegant Events in a Scenic Setting | KPG Sarovar Portico, Raj Nagar Extension, Ghaziabad | Sarovar Hotels",false,false,missing_meta_description|missing_canonical
/hotels/kpg-sarovar-portico-raj-nagar-extension-ghaziabad/banquets/kpg-sarovar-portico-raj-nagar-extension-ghaziabad-emerald-a-creative-conference-room-for-inspired-gatherings,200,200,0,118,,"Emerald: A Creative Conference Room for Inspired Gatherings | KPG Sarovar Portico, Raj Nagar Extension, Ghaziabad | Sarovar Hotels",false,false,missing_meta_description|missing_canonical
/hotels/la-place-sarovar-portico-lucknow/banquets/la-place-sarovar-portico-lucknow-meetings-events-at-la-place-sarovar-portico-lucknow,200,200,0,122,,"Meetings & Events at La Place Sarovar Portico, Lucknow | La Place Sarovar Portico, Lucknow | Sarovar Hotels",false,false,missing_meta_description|missing_canonical
/hotels/madhuban-sarovar-portico-mussorie/banquets/madhuban-sarovar-portico-mussorie-meetings-events-at-hotel-madhubhan-sarovar-portico-mussoorie,200,200,0,126,,"Meetings & Events at Hotel Madhubhan Sarovar Portico, Mussoorie | Madhuban Sarovar Portico, Mussoorie | Sarovar Hotels",false,false,missing_meta_description|missing_canonical
/hotels/mahagun-sarovar-portico-suites-vaishali/banquets/mahagun-sarovar-portico-suites-vaishali-meetings-events-at-mahagun-sarovar-portico-suites-vaishali,200,200,0,111,,"Meetings & Events at Mahagun Sarovar Portico Suites, Vaishali | Mahagun Sarovar Portico Suites, Vaishali | Sarovar Hotels",false,false,missing_meta_description|missing_canonical
/hotels/majestic-court-sarovar-portico-navi-mumbai/banquets/majestic-court-sarovar-portico-navi-mumbai-banquet-and-conference-hall-in-navi-mumbai,200,200,0,121,,"Banquet and conference hall in Navi Mumbai | Majestic Court Sarovar Portico, Navi Mumbai | Sarovar Hotels",false,false,missing_meta_description|missing_canonical
/hotels/marasa-sarovar-premiere-tirupati-hotels/banquets/marasa-sarovar-premiere-tirupati-hotels-meetings-events-at-marasa-sarovar-premiere-a-5-star-hotel-in-tirupati,200,200,0,126,,"Meetings & Events at Marasa Sarovar Premiere - A 5 Star Hotel in Tirupati |  Marasa Sarovar Premiere, Tirupati | Sarovar Hotels",false,false,missing_meta_description|missing_canonical
/hotels/marigold-sarovar-portico-mashobra-shimla/banquets/marigold-sarovar-portico-mashobra-shimla-meetings-and-banquet-halls-in-mashobra-at-marigold-sarovar-portico,200,200,0,118,,"Meetings and Banquet Halls in Mashobra at Marigold Sarovar Portico | Marigold Sarovar Portico, Mashobra-Shimla | Sarovar Hotels",false,false,missing_meta_description|missing_canonical
/hotels/marine-plaza-mumbai/banquets/marine-plaza-mumbai-meetings-events-at-hotel-marine-plaza-mumbai,200,200,0,122,,"Meetings & Events at Hotel Marine Plaza, Mumbai | Hotel Marine Plaza, Mumbai | Sarovar Hotels",false,false,missing_meta_description|missing_canonical
/hotels/mj-sarovar-portico-haridwar/banquets/mj-sarovar-portico-haridwar-sampark-your-go-to-venue-for-cosy-celebrations,200,200,0,123,,"Sampark: Your Go-to Venue for Cosy Celebrations | MJ Sarovar Portico, Haridwar | Sarovar Hotels",false,false,missing_meta_description|missing_canonical
/hotels/mj-sarovar-portico-haridwar/banquets/mj-sarovar-portico-haridwar-sanjog-elevate-your-events-in-haridwar-to-new-heights,200,200,0,133,,"Sanjog: Elevate Your Events in Haridwar to New Heights | MJ Sarovar Portico, Haridwar | Sarovar Hotels",false,false,missing_meta_description|missing_canonical
/hotels/mj-sarovar-portico-haridwar/banquets/mj-sarovar-portico-haridwar-sangeet-the-ideal-destination-for-grand-events-in-haridwar,200,200,0,139,,"Sangeet : The Ideal Destination for Grand Events in Haridwar | MJ Sarovar Portico, Haridwar | Sarovar Hotels",false,false,missing_meta_description|missing_canonical
/hotels/mj-sarovar-portico-haridwar/banquets/mj-sarovar-portico-haridwar-sargam-where-grand-indoors-meet-open-skies,200,200,0,138,,"Sargam: Where Grand Indoors Meet Open Skies | MJ Sarovar Portico, Haridwar | Sarovar Hotels",false,false,missing_meta_description|missing_canonical
/hotels/mukundra-sarovar-premiere-kota/banquets/mukundra-sarovar-premiere-kota-aangan-courtyard-mandap-for-your-forever-promises,200,200,0,136,,"Aangan Courtyard & Mandap for Your Forever Promises | Mukundra Sarovar Premiere, Kota | Sarovar Hotels",false,false,missing_meta_description|missing_canonical
/hotels/mukundra-sarovar-premiere-kota/banquets/mukundra-sarovar-premiere-kota-darbar-refined-boardroom-for-impactful-meetings,200,200,0,150,,"Darbar: Refined Boardroom for Impactful Meetings | Mukundra Sarovar Premiere, Kota | Sarovar Hotels",false,false,missing_meta_description|missing_canonical
/hotels/mukundra-sarovar-premiere-kota/banquets/mukundra-sarovar-premiere-kota-gajanand-vanah-special-lawn-for-joyful-social-gatherings,200,200,0,135,,"Gajanand Vanah: Special Lawn for Joyful Social Gatherings | Mukundra Sarovar Premiere, Kota | Sarovar Hotels",false,false,missing_meta_description|missing_canonical
/hotels/mukundra-sarovar-premiere-kota/banquets/mukundra-sarovar-premiere-kota-neelkanth-vatika-grand-open-air-lawn-for-spectacular-celebrations,200,200,0,124,,"Neelkanth Vatika: Grand Open-air Lawn for Spectacular Celebrations | Mukundra Sarovar Premiere, Kota | Sarovar Hotels",false,false,missing_meta_description|missing_canonical
/hotels/mukundra-sarovar-premiere-kota/banquets/mukundra-sarovar-premiere-kota-rajwada-versatile-banquet-space-for-every-occasion,200,200,0,115,,"Rajwada: Versatile Banquet Space for Every Occasion | Mukundra Sarovar Premiere, Kota | Sarovar Hotels",false,false,missing_meta_description|missing_canonical
/hotels/mukundra-sarovar-premiere-kota/banquets/mukundra-sarovar-premiere-kota-utsav-contemporary-indoor-venue-for-seamless-conferences,200,200,0,111,,"Utsav: Contemporary Indoor Venue for Seamless Conferences | Mukundra Sarovar Premiere, Kota | Sarovar Hotels",false,false,missing_meta_description|missing_canonical
/hotels/mukundra-sarovar-premiere-kota/banquets/mukundra-sarovar-premiere-kota-virasat-banquet-hall-inspired-by-heritage-for-intimate-celebrations,200,200,0,127,,"Virasat Banquet Hall: Inspired by Heritage for Intimate Celebrations | Mukundra Sarovar Premiere, Kota | Sarovar Hotels",false,false,missing_meta_description|missing_canonical
/hotels/naturevilas-portico-manali/banquets/naturevilas-portico-manali-plan-sophisticated-meetings-events-in-manali,200,200,0,116,,"Plan Sophisticated Meetings & Events in Manali | NatureVilas Sarovar Portico, Manali | Sarovar Hotels",false,false,missing_meta_description|missing_canonical
/hotels/neelkanth-sarovar-premiere-lusaka/banquets/neelkanth-sarovar-premiere-lusaka-banquets-conferences-at-neelkanth-sarovar-premiere-lusaka,200,200,0,115,,"Banquets & Conferences at Neelkanth Sarovar Premiere, Lusaka | Neelkanth Sarovar Premiere, Lusaka | Sarovar Hotels",false,false,missing_meta_description|missing_canonical
/hotels/nidhivan-sarovar-portico-vrindavan/banquets/nidhivan-sarovar-portico-vrindavan-meetings-events-at-nidhivan-sarovar-portico-vrindavan,200,200,0,114,,"Meetings & Events at Nidhivan Sarovar Portico, Vrindavan | Nidhivan Sarovar Portico, Vrindavan | Sarovar Hotels",false,false,missing_meta_description|missing_canonical
/hotels/nirwana-hometel-jaipur-sarovar/banquets/nirwana-hometel-jaipur-sarovar-meetings-events-at-nirwana-hometel-best-banqquet-halls-in-jaipur,200,200,0,123,,"Meetings & Events at Nirwana Hometel - Best Banqquet Halls in Jaipur | Nirwana Hometel, Jaipur | Sarovar Hotels",false,false,missing_meta_description|missing_canonical
/hotels/park-inn-gurgaon/banquets/park-inn-gurgaon-meetings-events-at-park-inn-gurgaon-banquet-halls-in-gurgaon,200,200,0,124,,"Meetings & Events at Park Inn, Gurgaon - Banquet Halls in Gurgaon | Park Inn, Gurgaon | Sarovar Hotels",false,false,missing_meta_description|missing_canonical
/hotels/park-plaza-faridabad/banquets/park-plaza-faridabad-meetings-events-at-park-plaza-faridabad-by-the-radisson-hotel-group-managed-by-sarovar-hotels,200,200,0,133,,"Meetings & Events at Park Plaza, Faridabad, by the Radisson Hotel Group, managed by Sarovar Hotels | Park Plaza, Faridabad | Sarovar Hotels",false,false,missing_meta_description|missing_canonical
/hotels/park-plaza-jalandhar/banquets/park-plaza-jalandhar-imperial-i-party-hall-in-jalandhar,200,200,0,122,,"Imperial I Party Hall in Jalandhar | Park Plaza, Jalandhar | Sarovar Hotels",false,false,missing_meta_description|missing_canonical
/hotels/park-plaza-jalandhar/banquets/park-plaza-jalandhar-imperial-ii-event-venue-in-jalandhar,200,200,0,115,,"Imperial II Event Venue in Jalandhar | Park Plaza, Jalandhar | Sarovar Hotels",false,false,missing_meta_description|missing_canonical
/hotels/park-plaza-jalandhar/banquets/park-plaza-jalandhar-imperial-banquet-hall-in-jalandhar,200,200,0,138,,"Imperial Banquet Hall in Jalandhar | Park Plaza, Jalandhar | Sarovar Hotels",false,false,missing_meta_description|missing_canonical
/hotels/park-plaza-jalandhar/banquets/park-plaza-jalandhar-senate-meeting-room-in-jalandhar,200,200,0,123,,"Senate Meeting Room in Jalandhar | Park Plaza, Jalandhar | Sarovar Hotels",false,false,missing_meta_description|missing_canonical
/hotels/park-plaza-jodhpur/banquets/park-plaza-jodhpur-meetings-events-at-park-plaza-jodhpur-by-the-radisson-hotel-group-managed-by-sarovar-hotels,200,200,0,120,,"Meetings & Events at Park Plaza, Jodhpur by the Radisson Hotel Group, managed by Sarovar Hotels | Park Plaza, Jodhpur | Sarovar Hotels",false,false,missing_meta_description|missing_canonical
/hotels/park-plaza-ludhiana/banquets/park-plaza-ludhiana-meetings-events-at-park-plaza-ludhiana-by-the-radisson-hotel-group-managed-by-sarovar-hotels,200,200,0,120,,"Meetings & Events at Park Plaza, Ludhiana, by the Radisson Hotel Group, managed by Sarovar Hotels. | Park Plaza, Ludhiana | Sarovar Hotels",false,false,missing_meta_description|missing_canonical
/hotels/park-plaza-shahadra--east-delhi/banquets/park-plaza-shahadra-east-delhi-meetings-events-at-park-plaza-shahadra-east-delhi-radisson-hotel-group-managed-by-sarovar-hotels,200,200,0,118,,"Meetings & Events at Park Plaza, Shahadra - East Delhi - Radisson Hotel Group Managed by Sarovar Hotels | Park Plaza Shahadra, East Delhi | Sarovar Hotels",false,false,missing_meta_description|missing_canonical
/hotels/prachi-sarovar-premiere-bhubaneswar/banquets/prachi-sarovar-premiere-bhubaneswar-crystal-ballroom-i-sparkling-spaces-for-spectacular-gatherings,200,200,0,115,,"Crystal Ballroom I: Sparkling Spaces for Spectacular Gatherings | Prachi Sarovar Premiere, Bhubaneswar | Sarovar Hotels",false,false,missing_meta_description|missing_canonical
/hotels/prachi-sarovar-premiere-bhubaneswar/banquets/prachi-sarovar-premiere-bhubaneswar-crystal-ballroom-where-grand-events-unfold,200,200,0,135,,"Crystal Ballroom: Where Grand Events Unfold | Prachi Sarovar Premiere, Bhubaneswar | Sarovar Hotels",false,false,missing_meta_description|missing_canonical
/hotels/prachi-sarovar-premiere-bhubaneswar/banquets/prachi-sarovar-premiere-bhubaneswar-crystal-ballroom-ii-polished-spaces-for-picture-perfect-gatherings,200,200,0,130,,"Crystal Ballroom II: Polished Spaces for Picture-perfect Gatherings | Prachi Sarovar Premiere, Bhubaneswar | Sarovar Hotels",false,false,missing_meta_description|missing_canonical
/hotels/prachi-sarovar-premiere-bhubaneswar/banquets/prachi-sarovar-premiere-bhubaneswar-crystal-lawn-ii-your-perfectly-celebratory-outdoor-lawn,200,200,0,132,,"Crystal Lawn II: Your Perfectly Celebratory Outdoor Lawn | Prachi Sarovar Premiere, Bhubaneswar | Sarovar Hotels",false,false,missing_meta_description|missing_canonical
/hotels/prachi-sarovar-premiere-bhubaneswar/banquets/prachi-sarovar-premiere-bhubaneswar-crystal-lawn-i-charm-meets-the-open-air-lawn,200,200,0,140,,"Crystal Lawn I: Charm Meets the Open-Air Lawn | Prachi Sarovar Premiere, Bhubaneswar | Sarovar Hotels",false,false,missing_meta_description|missing_canonical
/hotels/prachi-sarovar-premiere-bhubaneswar/banquets/prachi-sarovar-premiere-bhubaneswar-crystal-lawn-event-lawn-where-the-sky-joins-in,200,200,0,127,,"Crystal Lawn: Event Lawn Where the Sky Joins In | Prachi Sarovar Premiere, Bhubaneswar | Sarovar Hotels",false,false,missing_meta_description|missing_canonical
/hotels/radha-hometel-bangalore/banquets/radha-hometel-bangalore-meetings-events-at-radha-hometel-bangalore,200,200,0,122,,"Meetings & Events at Radha Hometel, Bangalore | Radha Hometel, Bangalore | Sarovar Hotels",false,false,missing_meta_description|missing_canonical
/hotels/pushkara-portico-hotel-in-dibrugarh/banquets/pushkara-portico-hotel-in-dibrugarh-banquets-conferences-at-pushkara-sarovar-portico,200,200,0,127,,"Banquets & Conferences at Pushkara Sarovar Portico | Pushkara Sarovar Portico, Dibrugarh | Sarovar Hotels",false,false,missing_meta_description|missing_canonical
/hotels/prachi-sarovar-premiere-bhubaneswar/banquets/prachi-sarovar-premiere-bhubaneswar-crystal-room-where-decisions-are-made,200,200,0,134,,"Crystal Room: Where Decisions Are Made | Prachi Sarovar Premiere, Bhubaneswar | Sarovar Hotels",false,false,missing_meta_description|missing_canonical
/hotels/radisson-hyderabad--hitec/banquets/radisson-hyderabad-hitec-meetings-events-at-radisson-hyderabad-hitec-by-the-radisson-hotel-group-managed-by-sarovar-hotels,200,200,0,134,,"Meetings & Events at Radisson Hyderabad - HITEC, by the Radisson Hotel Group, managed by Sarovar Hotels, | Radisson HITEC, Hyderabad | Sarovar Hotels",false,false,missing_meta_description|missing_canonical
/hotels/radisson-mumbai-goregaon/banquets/radisson-mumbai-goregaon-meetings-events-at-radisson-mumbai-goregaon-by-the-radisson-hotel-group-managed-by-sarovar-hotels,200,200,0,138,,"Meetings & Events at Radisson Mumbai Goregaon by the Radisson Hotel Group, managed by Sarovar Hotels | Radisson Mumbai Goregaon | Sarovar Hotels",false,false,missing_meta_description|missing_canonical
/hotels/rbd-sarovar-portico-outer-ring-road-bengaluru/banquets/rbd-sarovar-portico-outer-ring-road-bengaluru-crystal-palace-at-rbd-sarovar-portico-outer-ring-road-bengaluru,200,200,0,131,,"Crystal Palace at RBD Sarovar Portico Outer Ring Road, Bengaluru | RBD Sarovar Portico Outer Ring Road, Bengaluru | Sarovar Hotels",false,false,missing_meta_description|missing_canonical
/hotels/riviera-sarovar-portico-pathankot/banquets/riviera-sarovar-portico-pathankot-sapphire-i-versatile-mid-sized-venue-for-gatherings,200,200,0,126,,"Sapphire I: Versatile Mid-sized Venue for Gatherings | Riviera Sarovar Portico, Pathankot | Sarovar Hotels",false,false,missing_meta_description|missing_canonical
/hotels/riviera-sarovar-portico-pathankot/banquets/riviera-sarovar-portico-pathankot-sapphire-ii-elegant-space-for-social-corporate-events,200,200,0,117,,"Sapphire II: Elegant Space for Social & Corporate Events | Riviera Sarovar Portico, Pathankot | Sarovar Hotels",false,false,missing_meta_description|missing_canonical
/hotels/riviera-sarovar-portico-pathankot/banquets/riviera-sarovar-portico-pathankot-sapphire-where-grand-celebrations-take-centre-stage,200,200,0,119,,"Sapphire: Where Grand Celebrations Take Centre Stage | Riviera Sarovar Portico, Pathankot | Sarovar Hotels",false,false,missing_meta_description|missing_canonical
/hotels/royal-hometel-suites-dahisar-mumbai/banquets/royal-hometel-suites-dahisar-mumbai-meetings-events-at-royal-hometel-suites,200,200,0,120,,"Meetings & Events at Royal Hometel Suites | Royal Hometel Suites, Dahisar, Mumbai | Sarovar Hotels",false,false,missing_meta_description|missing_canonical
/hotels/royal-kingdom-sarovar-portico-pilibhit/banquets/royal-kingdom-sarovar-portico-pilibhit-victoria-hall,200,200,0,118,,"Victoria Hall | Royal Kingdom Sarovar Portico, Pilibhit | Sarovar Hotels",false,false,missing_meta_description|missing_canonical
/hotels/royal-kingdom-sarovar-portico-pilibhit/banquets/royal-kingdom-sarovar-portico-pilibhit-kitty-hall,200,200,0,127,,"Kitty Hall | Royal Kingdom Sarovar Portico, Pilibhit | Sarovar Hotels",false,false,missing_meta_description|missing_canonical
/hotels/royal-sarovar-portico-siliguri/banquets/royal-sarovar-portico-siliguri-meetings-events-at-royal-sarovar-portico-siliguri,200,200,0,136,,"Meetings & Events at Royal Sarovar Portico, Siliguri | Royal Sarovar Portico, Siliguri | Sarovar Hotels",false,false,missing_meta_description|missing_canonical
/hotels/royal-tulip-chitwan/banquets/royal-tulip-chitwan-dhyan-sadan-state-of-the-art-boardroom-for-productive-meetings,200,200,0,128,,"Dhyan Sadan: State-of-the-Art Boardroom for Productive Meetings | Royal Tulip, Chitwan | Sarovar Hotels",false,false,missing_meta_description|missing_canonical
/hotels/royal-tulip-chitwan/banquets/royal-tulip-chitwan-gyan-sadan-your-ideal-venue-for-meetings-and-events,200,200,0,134,,"Gyan Sadan: Your Ideal Venue for Meetings and Events | Royal Tulip, Chitwan | Sarovar Hotels",false,false,missing_meta_description|missing_canonical
/hotels/royal-tulip-kathmandu-shivapuri-national-park/banquets/royal-tulip-kathmandu-shivapuri-national-park-daphne-garden-i-open-air-elegance-amid-lush-greenery,200,200,0,128,,Daphne Garden I: Open-air Elegance Amid Lush Greenery | Royal Tulip Shivapuri National Park - Kathmandu | Sarovar Hotels,false,false,missing_meta_description|missing_canonical
/hotels/royal-tulip-chitwan/banquets/royal-tulip-chitwan-veda-sadan-versatile-banquet-hall-for-weddings-corporate-events-and-mice-gatherings,200,200,0,120,,"Veda Sadan: Versatile Banquet Hall for Weddings, Corporate Events, and MICE Gatherings | Royal Tulip, Chitwan | Sarovar Hotels",false,false,missing_meta_description|missing_canonical
/hotels/royal-tulip-kathmandu-shivapuri-national-park/banquets/royal-tulip-kathmandu-shivapuri-national-park-daphne-garden-ii-our-elegant-outdoor-event-venue-in-kathmandu,200,200,0,119,,Daphne Garden II: Our Elegant Outdoor Event Venue in Kathmandu | Royal Tulip Shivapuri National Park - Kathmandu | Sarovar Hotels,false,false,missing_meta_description|missing_canonical
/hotels/royal-tulip-kathmandu-shivapuri-national-park/banquets/royal-tulip-kathmandu-shivapuri-national-park-royal-arena-amphitheatre-tiered-seating-amid-scenic-views,200,200,0,128,,Royal Arena Amphitheatre: Tiered Seating Amid Scenic Views | Royal Tulip Shivapuri National Park - Kathmandu | Sarovar Hotels,false,false,missing_meta_description|missing_canonical
/hotels/royal-tulip-kathmandu-shivapuri-national-park/banquets/royal-tulip-kathmandu-shivapuri-national-park-shivpuri-hall-host-events-with-luxurious-indoors-open-air-charm,200,200,0,116,,Shivpuri Hall: Host Events with Luxurious Indoors & Open-Air Charm | Royal Tulip Shivapuri National Park - Kathmandu | Sarovar Hotels,false,false,missing_meta_description|missing_canonical
/hotels/royal-tulip-kathmandu/banquets/royal-tulip-kathmandu-dhaulagiri-for-focused-conversations-that-matter,200,200,0,122,,Dhaulagiri – For Focused Conversations That Matter | Royal Tulip Kathmandu  | Sarovar Hotels,false,false,missing_meta_description|missing_canonical
/hotels/royal-tulip-kathmandu/banquets/royal-tulip-kathmandu-gaurishankar-elevate-every-event-with-a-view,200,200,0,125,,Gaurishankar – Elevate Every Event with a View | Royal Tulip Kathmandu  | Sarovar Hotels,false,false,missing_meta_description|missing_canonical
/hotels/royal-tulip-kathmandu/banquets/royal-tulip-kathmandu-kanchenjunga-versatile-venue-for-inspired-exchange,200,200,0,124,,Kanchenjunga – Versatile Venue for Inspired Exchange | Royal Tulip Kathmandu  | Sarovar Hotels,false,false,missing_meta_description|missing_canonical
/hotels/royal-tulip-kathmandu/banquets/royal-tulip-kathmandu-langtang-where-collaboration-comes-naturally,200,200,0,131,,Langtang – Where Collaboration Comes Naturally | Royal Tulip Kathmandu  | Sarovar Hotels,false,false,missing_meta_description|missing_canonical
/hotels/royal-tulip-kathmandu/banquets/royal-tulip-kathmandu-lhotse-where-grand-gatherings-take-shape,200,200,0,132,,Lhotse – Where Grand Gatherings Take Shape | Royal Tulip Kathmandu  | Sarovar Hotels,false,false,missing_meta_description|missing_canonical
/hotels/royal-tulip-kathmandu/banquets/royal-tulip-kathmandu-makalu-a-smart-space-for-small-group-synergy,200,200,0,120,,Makalu – A Smart Space for Small Group Synergy | Royal Tulip Kathmandu  | Sarovar Hotels,false,false,missing_meta_description|missing_canonical
/hotels/royal-tulip-kathmandu/banquets/royal-tulip-kathmandu-manaslu-practicality-meets-professionalism,200,200,0,111,,Manaslu – Practicality Meets Professionalism | Royal Tulip Kathmandu  | Sarovar Hotels,false,false,missing_meta_description|missing_canonical
/hotels/royal-tulip-kathmandu/banquets/royal-tulip-kathmandu-nilgiri-a-quiet-space-for-clear-thinking,200,200,0,119,,Nilgiri – A Quiet Space for Clear Thinking | Royal Tulip Kathmandu  | Sarovar Hotels,false,false,missing_meta_description|missing_canonical
/hotels/royal-tulip-kathmandu/banquets/royal-tulip-kathmandu-nuptse-a-social-space-that-blends-seamlessly,200,200,0,122,,Nuptse – A Social Space That Blends Seamlessly | Royal Tulip Kathmandu  | Sarovar Hotels,false,false,missing_meta_description|missing_canonical
/hotels/royal-tulip-kathmandu/banquets/royal-tulip-kathmandu-sagarmatha-the-crown-jewel-of-kathmandu-events,200,200,0,123,,Sagarmatha – The Crown Jewel of Kathmandu Events | Royal Tulip Kathmandu  | Sarovar Hotels,false,false,missing_meta_description|missing_canonical
/hotels/sairafort-sarovar-portico-jaisalmer/banquets/sairafort-sarovar-portico-jaisalmer-meetings-events-at-sairafort-sarovar-portico-jaisalmer,200,200,0,119,,"Meetings & Events at Sairafort Sarovar Portico, Jaisalmer | Sairafort Sarovar Portico, Jaisalmer | Sarovar Hotels",false,false,missing_meta_description|missing_canonical
/hotels/sairafort-sarovar-portico-jaisalmer/banquets/sairafort-sarovar-portico-jaisalmer-lawns-at-sairafort-sarovar-portico-jaisalmer,200,200,0,124,,"Lawns at Sairafort Sarovar Portico, Jaisalmer | Sairafort Sarovar Portico, Jaisalmer | Sarovar Hotels",false,false,missing_meta_description|missing_canonical
/hotels/sarovar-ahmedabad/banquets/sarovar-ahmedabad-chancellor-court-a-contemporary-banquet-hall-in-ahmedabad,200,200,0,127,,"CHANCELLOR COURT - A CONTEMPORARY BANQUET HALL IN AHMEDABAD | Sarovar Portico, Kalupur-Ahmedabad | Sarovar Hotels",false,false,missing_meta_description|missing_canonical
/hotels/sarovar-portico-ajmer/banquets/sarovar-portico-ajmer-ruby-where-every-meeting-leaves-a-mark,200,200,0,134,,"Ruby: Where Every Meeting Leaves a Mark | Sarovar Portico, Ajmer | Sarovar Hotels",false,false,missing_meta_description|missing_canonical
/hotels/sarovar-portico-ajmer/banquets/sarovar-portico-ajmer-sapphire-i-party-with-a-view-in-the-heart-of-ajmer,200,200,0,138,,"Sapphire I: Party with a View in the Heart of Ajmer | Sarovar Portico, Ajmer | Sarovar Hotels",false,false,missing_meta_description|missing_canonical
/hotels/sarovar-portico-bhubaneswar/banquets/sarovar-portico-bhubaneswar-drive-productivity-at-the-forum,200,200,0,126,,"Drive Productivity at The Forum | Sarovar Portico, Bhubaneswar (Opening Soon) | Sarovar Hotels",false,false,missing_meta_description|missing_canonical
/hotels/sarovar-portico-ajmer/banquets/sarovar-portico-ajmer-sapphire-ii-where-city-views-meet-perfect-celebrations,200,200,0,132,,"Sapphire II: Where City Views Meet Perfect Celebrations | Sarovar Portico, Ajmer | Sarovar Hotels",false,false,missing_meta_description|missing_canonical
/hotels/sarovar-portico-bhubaneswar/banquets/sarovar-portico-bhubaneswar-celebrate-big-at-the-pavilion-garden-venue,200,200,0,132,,"Celebrate Big at The Pavilion Garden Venue | Sarovar Portico, Bhubaneswar (Opening Soon) | Sarovar Hotels",false,false,missing_meta_description|missing_canonical
/hotels/sarovar-portico-bhubaneswar/banquets/sarovar-portico-bhubaneswar-the-regal-designed-to-fit-every-occasion,200,200,0,131,,"The Regal: Designed to Fit Every Occasion | Sarovar Portico, Bhubaneswar (Opening Soon) | Sarovar Hotels",false,false,missing_meta_description|missing_canonical
/hotels/sarovar-portico-bhubaneswar/banquets/sarovar-portico-bhubaneswar-the-regency-your-venue-your-way,200,200,0,126,,"The Regency: Your Venue, Your Way | Sarovar Portico, Bhubaneswar (Opening Soon) | Sarovar Hotels",false,false,missing_meta_description|missing_canonical
/hotels/sarovar-portico-bhubaneswar/banquets/sarovar-portico-bhubaneswar-water-lilli-celebrate-by-the-pool,200,200,0,131,,"Water Lilli: Celebrate by the Pool | Sarovar Portico, Bhubaneswar (Opening Soon) | Sarovar Hotels",false,false,missing_meta_description|missing_canonical
/hotels/sarovar-portico-birgunj/banquets/sarovar-portico-birgunj-annapurna-i,200,200,0,134,,"Annapurna I | Sarovar Portico, Birgunj | Sarovar Hotels",false,false,missing_meta_description|missing_canonical
/hotels/sarovar-portico-birgunj/banquets/sarovar-portico-birgunj-annapurna-ii,200,200,0,135,,"Annapurna II | Sarovar Portico, Birgunj | Sarovar Hotels",false,false,missing_meta_description|missing_canonical
/hotels/sarovar-portico-birgunj/banquets/sarovar-portico-birgunj-aura,200,200,0,130,,"Aura | Sarovar Portico, Birgunj | Sarovar Hotels",false,false,missing_meta_description|missing_canonical
/hotels/sarovar-portico-birgunj/banquets/sarovar-portico-birgunj-everest,200,200,0,114,,"Everest | Sarovar Portico, Birgunj | Sarovar Hotels",false,false,missing_meta_description|missing_canonical
/hotels/sarovar-portico-birgunj/banquets/sarovar-portico-birgunj-the-aura-terrace,200,200,0,114,,"The Aura Terrace | Sarovar Portico, Birgunj | Sarovar Hotels",false,false,missing_meta_description|missing_canonical
/hotels/sarovar-portico-dehradun/banquets/sarovar-portico-dehradun-meetings-events-at-sarovar-portico-dehradun,200,200,0,126,,"Meetings & Events at Sarovar Portico Dehradun | Sarovar Portico, Dehradun | Sarovar Hotels",false,false,missing_meta_description|missing_canonical
/hotels/sarovar-portico-hanumangarh/banquets/sarovar-portico-hanumangarh-lawn-a-grand-setting-for-celebrations-under-the-sky,200,200,0,117,,"Lawn: A Grand Setting for Celebrations Under the Sky | Sarovar Portico, Hanumangarh | Sarovar Hotels",false,false,missing_meta_description|missing_canonical
/hotels/sarovar-portico-sonipat/banquets/sarovar-portico-sonipat-garnet,200,200,0,114,,"Garnet | Sarovar Portico, Sonipat | Sarovar Hotels",false,false,missing_meta_description|missing_canonical
/hotels/sarovar-portico-hanumangarh/banquets/sarovar-portico-hanumangarh-sapphire-where-celebrations-take-centre-stage,200,200,0,127,,"Sapphire: Where Celebrations Take Centre Stage | Sarovar Portico, Hanumangarh | Sarovar Hotels",false,false,missing_meta_description|missing_canonical
/hotels/sarovar-portico-sonipat/banquets/sarovar-portico-sonipat-grand-crystal,200,200,0,126,,"Grand Crystal | Sarovar Portico, Sonipat | Sarovar Hotels",false,false,missing_meta_description|missing_canonical
/hotels/sarovar-portico-sonipat/banquets/sarovar-portico-sonipat-opal,200,200,0,142,,"Opal | Sarovar Portico, Sonipat | Sarovar Hotels",false,false,missing_meta_description|missing_canonical
/hotels/sarovar-portico-sriperumbudur/banquets/sarovar-portico-sriperumbudur-boardroom-private-space-for-executive-meetings-team-discussions,200,200,0,137,,Boardroom: Private Space for Executive Meetings & Team Discussions | Sarovar Portico Sriperumbudur | Sarovar Hotels,false,false,missing_meta_description|missing_canonical
/hotels/sarovar-portico-sriperumbudur/banquets/sarovar-portico-sriperumbudur-crescent-private-meeting-room-for-focused-business-sessions,200,200,0,130,,Crescent: Private Meeting Room for Focused Business Sessions | Sarovar Portico Sriperumbudur | Sarovar Hotels,false,false,missing_meta_description|missing_canonical
/hotels/sarovar-portico-sriperumbudur/banquets/sarovar-portico-sriperumbudur-summit-grand-venue-for-celebrations-conferences,200,200,0,136,,Summit: Grand Venue for Celebrations & Conferences | Sarovar Portico Sriperumbudur | Sarovar Hotels,false,false,missing_meta_description|missing_canonical
/hotels/sarovar-portico-sriperumbudur/banquets/sarovar-portico-sriperumbudur-senate-versatile-venue-for-mid-sized-corporate-social-events,200,200,0,139,,Senate: Versatile Venue for Mid-sized Corporate & Social Events | Sarovar Portico Sriperumbudur | Sarovar Hotels,false,false,missing_meta_description|missing_canonical
/hotels/sarovar-premiere-alwar/banquets/sarovar-premiere-alwar-maharaja-a-premium-event-venue-in-alwar,200,200,0,130,,Maharaja - A Premium Event Venue in Alwar | Sarovar Premiere Alwar | Sarovar Hotels,false,false,missing_meta_description|missing_canonical
/hotels/sarovar-portico-surajkund/banquets/sarovar-portico-surajkund-banquets-conferences-at-sarovar-portico-surajkund,200,200,0,139,,"Banquets & Conferences at Sarovar Portico, Surajkund | Sarovar Portico, Surajkund | Sarovar Hotels",false,false,missing_meta_description|missing_canonical
/hotels/sarovar-premiere-alwar/banquets/sarovar-premiere-alwar-maharani-2-a-refined-event-space-in-alwar,200,200,0,137,,Maharani-2 - A Refined Event Space in Alwar | Sarovar Premiere Alwar | Sarovar Hotels,false,false,missing_meta_description|missing_canonical
/hotels/sarovar-premiere-alwar/banquets/sarovar-premiere-alwar-maharani-1-an-elegant-banquet-hall-in-alwar,200,200,0,148,,Maharani-1 - An Elegant Banquet Hall in Alwar | Sarovar Premiere Alwar | Sarovar Hotels,false,false,missing_meta_description|missing_canonical
/hotels/sarovar-premiere-amritsar/banquets/sarovar-premiere-amritsar-banquet-lawns-redefining-wedding-lawns-in-amritsar,200,200,0,142,,Banquet Lawns: Redefining Wedding Lawns in Amritsar | Sarovar Premiere Amritsar | Sarovar Hotels,false,false,missing_meta_description|missing_canonical
/hotels/sarovar-premiere-amritsar/banquets/sarovar-premiere-amritsar-pearl-for-your-gleaming-celebrations-in-amritsar,200,200,0,140,,Pearl: For Your Gleaming Celebrations in Amritsar | Sarovar Premiere Amritsar | Sarovar Hotels,false,false,missing_meta_description|missing_canonical
/hotels/sarovar-premiere-amritsar/banquets/sarovar-premiere-amritsar-royal-ballroom-for-seamless-social-and-corporate-gatherings,200,200,0,129,,Royal Ballroom: For Seamless Social and Corporate Gatherings | Sarovar Premiere Amritsar | Sarovar Hotels,false,false,missing_meta_description|missing_canonical
/hotels/sarovar-premiere-srinagar/banquets/sarovar-premiere-srinagar-habba-khatoon-banquet-hall-in-srinagar,200,200,0,136,,"Habba Khatoon Banquet Hall in Srinagar | Sarovar Premiere, Srinagar | Sarovar Hotels",false,false,missing_meta_description|missing_canonical
/hotels/sea-breeze-sarovar-portico-varca-goa/banquets/sea-breeze-sarovar-portico-varca-goa-tempest-at-sea-breeze-sarovar-portico-varca-goa,200,200,0,130,,"Tempest at Sea Breeze Sarovar Portico Varca, Goa | Sea Breeze Sarovar Portico Varca, Goa | Sarovar Hotels",false,false,missing_meta_description|missing_canonical
/hotels/sea-breeze-sarovar-portico-varca-goa/banquets/sea-breeze-sarovar-portico-varca-goa-aqua-at-sea-breeze-sarovar-portico-varca-goa,200,200,0,142,,"Aqua at Sea Breeze Sarovar Portico Varca, Goa | Sea Breeze Sarovar Portico Varca, Goa | Sarovar Hotels",false,false,missing_meta_description|missing_canonical
/hotels/sea-breeze-sarovar-portico-varca-goa/banquets/sea-breeze-sarovar-portico-varca-goa-tide-at-sea-breeze-sarovar-portico-varca-goa,200,200,0,137,,"Tide at Sea Breeze Sarovar Portico Varca, Goa | Sea Breeze Sarovar Portico Varca, Goa | Sarovar Hotels",false,false,missing_meta_description|missing_canonical
/hotels/serene-premiere-hargeisa/banquets/serene-premiere-hargeisa-bander-wanaag-a-hall-as-big-as-your-event,200,200,0,137,,Bander-Wanaag - A Hall as Big as Your Event | Serene Sarovar Premiere Hargeisa | Sarovar Hotels,false,false,missing_meta_description|missing_canonical
/hotels/serene-premiere-hargeisa/banquets/serene-premiere-hargeisa-business-centre-built-for-business-travellers-on-the-go,200,200,0,135,,Business Centre - Built for Business Travellers on the Go | Serene Sarovar Premiere Hargeisa | Sarovar Hotels,false,false,missing_meta_description|missing_canonical
/hotels/serene-premiere-hargeisa/banquets/serene-premiere-hargeisa-meeting-room-1-where-business-meets-success,200,200,0,144,,Meeting Room 1 - Where Business Meets Success | Serene Sarovar Premiere Hargeisa | Sarovar Hotels,false,false,missing_meta_description|missing_canonical
/hotels/serene-premiere-hargeisa/banquets/serene-premiere-hargeisa-meeting-room-2-designed-for-success-comfort,200,200,0,144,,Meeting Room 2 - Designed for Success & Comfort | Serene Sarovar Premiere Hargeisa | Sarovar Hotels,false,false,missing_meta_description|missing_canonical
/hotels/serene-premiere-hargeisa/banquets/serene-premiere-hargeisa-meeting-room-3-high-end-boardroom-for-key-discussions,200,200,0,144,,Meeting Room 3 - High-End Boardroom for Key Discussions | Serene Sarovar Premiere Hargeisa | Sarovar Hotels,false,false,missing_meta_description|missing_canonical
/hotels/serene-premiere-hargeisa/banquets/serene-premiere-hargeisa-ramad-cosy-equipped-and-ready-for-you,200,200,0,144,,"Ramad - Cosy, Equipped, and Ready for You | Serene Sarovar Premiere Hargeisa | Sarovar Hotels",false,false,missing_meta_description|missing_canonical
/hotels/serene-premiere-hargeisa/banquets/serene-premiere-hargeisa-rental-offices-private-cabins-a-high-tech-boardroom,200,200,0,142,,Rental Offices: Private Cabins & A High-tech Boardroom | Serene Sarovar Premiere Hargeisa | Sarovar Hotels,false,false,missing_meta_description|missing_canonical
/hotels/shyama-sarovar-portico-orai/banquets/shyama-sarovar-portico-orai-daffodil,200,200,0,136,,"Daffodil | Shyama Sarovar Portico, Orai | Sarovar Hotels",false,false,missing_meta_description|missing_canonical
/hotels/shyama-sarovar-portico-orai/banquets/shyama-sarovar-portico-orai-hibiscus,200,200,0,116,,"Hibiscus | Shyama Sarovar Portico, Orai | Sarovar Hotels",false,false,missing_meta_description|missing_canonical
/hotels/shyama-sarovar-portico-orai/banquets/shyama-sarovar-portico-orai-euphorbia,200,200,0,123,,"Euphorbia | Shyama Sarovar Portico, Orai | Sarovar Hotels",false,false,missing_meta_description|missing_canonical
/hotels/shyama-sarovar-portico-orai/banquets/shyama-sarovar-portico-orai-lotus-garden,200,200,0,127,,"Lotus Garden | Shyama Sarovar Portico, Orai | Sarovar Hotels",false,false,missing_meta_description|missing_canonical
/hotels/shyama-sarovar-portico-orai/banquets/shyama-sarovar-portico-orai-lotus,200,200,0,121,,"Lotus | Shyama Sarovar Portico, Orai | Sarovar Hotels",false,false,missing_meta_description|missing_canonical
/hotels/shyama-sarovar-portico-orai/banquets/shyama-sarovar-portico-orai-poolside,200,200,0,123,,"Poolside | Shyama Sarovar Portico, Orai | Sarovar Hotels",false,false,missing_meta_description|missing_canonical
/hotels/singhania-sarovar-portico-raipur/banquets/singhania-sarovar-portico-raipur-chambers-meeting-halls-at-singhania-sarovar-portico-raipur,200,200,0,132,,"Chambers - Meeting Halls at Singhania Sarovar Portico, Raipur | Singhania Sarovar Portico, Raipur | Sarovar Hotels",false,false,missing_meta_description|missing_canonical
/hotels/skywings-sarovar-portico-mathura/banquets/skywings-sarovar-portico-mathura-aanandam-i-your-ideal-banquet-space-in-mathura,200,200,0,118,,"Aanandam I - Your Ideal Banquet Space in Mathura | Skywings Sarovar Portico, Mathura | Sarovar Hotels",false,false,missing_meta_description|missing_canonical
/hotels/skywings-sarovar-portico-mathura/banquets/skywings-sarovar-portico-mathura-aanandam-ii-an-elegant-space-for-intimate-gatherings,200,200,0,119,,"Aanandam II - An Elegant Space for Intimate Gatherings | Skywings Sarovar Portico, Mathura | Sarovar Hotels",false,false,missing_meta_description|missing_canonical
/hotels/skywings-sarovar-portico-mathura/banquets/skywings-sarovar-portico-mathura-anandam-the-perfect-banquet-hall-in-mathura,200,200,0,123,,"Anandam – The Perfect Banquet Hall in Mathura | Skywings Sarovar Portico, Mathura | Sarovar Hotels",false,false,missing_meta_description|missing_canonical
/hotels/skywings-sarovar-portico-mathura/banquets/skywings-sarovar-portico-mathura-sanskriti-plan-your-next-meeting-at-our-boardroom-in-mathura,200,200,0,129,,"Sanskriti - Plan Your Next Meeting at our Boardroom in Mathura | Skywings Sarovar Portico, Mathura | Sarovar Hotels",false,false,missing_meta_description|missing_canonical
/hotels/sobit-sarovar-portico-palolem-beach-hotel-goa/banquets/sobit-sarovar-portico-palolem-beach-hotel-goa-meetings-events-at-sobit-sarovar-portico-goa,200,200,0,129,,"Meetings & Events at Sobit Sarovar Portico, Goa | Sobit Sarovar Portico, Goa | Sarovar Hotels",false,false,missing_meta_description|missing_canonical
/hotels/taurus-hotel-mahipalpur-new-delhi/banquets/taurus-hotel-mahipalpur-new-delhi-meetings-events-at-taurus-sarovar-portico-new-delhi-near-igi-airport,200,200,0,136,,"Meetings & Events at Taurus Sarovar Portico, New Delhi - Near IGI Airport | Taurus Sarovar Portico, New Delhi | Sarovar Hotels",false,false,missing_meta_description|missing_canonical
/hotels/the-gaurs-sarovar-premiere/banquets/the-gaurs-sarovar-premiere-the-best-banquet-halls-in-greater-noida,200,200,0,131,,The Best Banquet Halls in Greater Noida | The Gaurs Sarovar Premiere | Sarovar Hotels,false,false,missing_meta_description|missing_canonical
/hotels/the-gokulam-park-kochi/banquets/the-gokulam-park-kochi-meetings-events-at-the-gokulam-park-kochi,200,200,0,133,,"Meetings & Events at The Gokulam Park, Kochi | The Gokulam Park, Kochi | Sarovar Hotels",false,false,missing_meta_description|missing_canonical
/hotels/the-muse-sarovar-portico-nehru-place-new-delhi/banquets/the-muse-sarovar-portico-nehru-place-new-delhi-meetings-events-at-the-muse-sarovar-portico-nehru-place-new-delhi,200,200,0,150,,"Meetings & Events at The Muse Sarovar Portico, Nehru Place, New Delhi | The Muse Sarovar Portico, Nehru Place, New Delhi | Sarovar Hotels",false,false,missing_meta_description|missing_canonical
/hotels/tulip-inn-bhopal/banquets/tulip-inn-bhopal-host-your-events-in-style-at-emerald,200,200,0,133,,"Host Your Events in Style at Emerald | Tulip Inn, Bhopal | Sarovar Hotels",false,false,missing_meta_description|missing_canonical
/hotels/tulip-inn-bhopal/banquets/tulip-inn-bhopal-palm-court-your-perfect-event-space,200,200,0,129,,"Palm Court - Your Perfect Event Space | Tulip Inn, Bhopal | Sarovar Hotels",false,false,missing_meta_description|missing_canonical
/hotels/tulip-inn-bhopal/banquets/tulip-inn-bhopal-royal-court-where-events-shine,200,200,0,131,,"Royal Court - Where Events Shine | Tulip Inn, Bhopal | Sarovar Hotels",false,false,missing_meta_description|missing_canonical
/hotels/tulip-inn-gurugram-near-medanta/banquets/tulip-inn-gurugram-near-medanta-emerald-a-our-sophisticated-space-for-gatherings-business,200,200,0,114,,Emerald A: Our Sophisticated Space for Gatherings & Business | Tulip Inn Gurugram (5 Minutes from Medanta - The Medicity) | Sarovar Hotels,false,false,missing_meta_description|missing_canonical
/hotels/tulip-inn-bhopal/banquets/tulip-inn-bhopal-unleash-the-potential-of-every-event-at-sapphire,200,200,0,127,,"Unleash the Potential of Every Event at Sapphire | Tulip Inn, Bhopal | Sarovar Hotels",false,false,missing_meta_description|missing_canonical
/hotels/tulip-inn-gurugram-near-medanta/banquets/tulip-inn-gurugram-near-medanta-emerald-b-where-every-event-comes-together,200,200,0,116,,Emerald B: Where Every Event Comes Together | Tulip Inn Gurugram (5 Minutes from Medanta - The Medicity) | Sarovar Hotels,false,false,missing_meta_description|missing_canonical
/hotels/tulip-inn-gurugram-near-medanta/banquets/tulip-inn-gurugram-near-medanta-terrace-intimate-events-under-the-open-sky,200,200,0,110,,Terrace: Intimate Events Under the Open Sky | Tulip Inn Gurugram (5 Minutes from Medanta - The Medicity) | Sarovar Hotels,false,false,missing_meta_description|missing_canonical
/hotels/tulip-inn-koramangala/banquets/tulip-inn-koramangala-celebrate-your-occassions-in-grandeur-at-tulip-inn,200,200,0,116,,"Celebrate Your Occassions in Grandeur at Tulip Inn | Tulip Inn, Koramangala | Sarovar Hotels",false,false,missing_meta_description|missing_canonical
/hotels/tulip-inn-shravasti/banquets/tulip-inn-shravasti-boardroom,200,200,0,105,,"Boardroom | Tulip Inn, Shravasti | Sarovar Hotels",false,false,missing_meta_description|missing_canonical
/hotels/tulip-inn-shravasti/banquets/tulip-inn-shravasti-hall-1-banquet-hall-in-shravasti,200,200,0,122,,"Hall 1 - Banquet Hall in Shravasti | Tulip Inn, Shravasti | Sarovar Hotels",false,false,missing_meta_description|missing_canonical
/hotels/tulip-inn-shravasti/banquets/tulip-inn-shravasti-lawn-area,200,200,0,115,,"Lawn Area | Tulip Inn, Shravasti | Sarovar Hotels",false,false,missing_meta_description|missing_canonical
/hotels/tulip-inn-zirakpur/banquets/tulip-inn-zirakpur-mystic-a-banquet-hall-that-adapts-to-your-needs,200,200,0,112,,Mystic: A Banquet Hall That Adapts to Your Needs | Tulip Inn Chandigarh-Zirakpur | Sarovar Hotels,false,false,missing_meta_description|missing_canonical
/hotels/tulip-inn-zirakpur/banquets/tulip-inn-zirakpur-zurich-a-chic-conference-hall-in-zirakpur,200,200,0,128,,Zurich: A Chic Conference Hall in Zirakpur | Tulip Inn Chandigarh-Zirakpur | Sarovar Hotels,false,false,missing_meta_description|missing_canonical
/hotels/v-sarovar-portico-mi-road-jaipur/banquets/v-sarovar-portico-mi-road-jaipur-boardroom-i-at-v-sarovar-portico-mi-road-jaipur,200,200,0,116,,"Boardroom I at V Sarovar Portico MI Road, Jaipur | V  Sarovar Portico, MI Road, Jaipur | Sarovar Hotels",false,false,missing_meta_description|missing_canonical
/hotels/v-sarovar-portico-mi-road-jaipur/banquets/v-sarovar-portico-mi-road-jaipur-boardroom-ii-at-v-sarovar-portico-mi-road-jaipur,200,200,0,112,,"Boardroom II at V Sarovar Portico MI Road, Jaipur | V  Sarovar Portico, MI Road, Jaipur | Sarovar Hotels",false,false,missing_meta_description|missing_canonical
/hotels/v-sarovar-portico-mi-road-jaipur/banquets/v-sarovar-portico-mi-road-jaipur-regal-i-at-v-sarovar-portico-mi-road-jaipur,200,200,0,118,,"Regal I at V Sarovar Portico MI Road, Jaipur | V  Sarovar Portico, MI Road, Jaipur | Sarovar Hotels",false,false,missing_meta_description|missing_canonical
/hotels/v-sarovar-portico-mi-road-jaipur/banquets/v-sarovar-portico-mi-road-jaipur-regal-ii-at-v-sarovar-portico-mi-road-jaipur,200,200,0,129,,"Regal II at V Sarovar Portico MI Road, Jaipur | V  Sarovar Portico, MI Road, Jaipur | Sarovar Hotels",false,false,missing_meta_description|missing_canonical
/hotels/vaishnodevi-portico-katra/banquets/vaishnodevi-portico-katra-meetings-events-at-the-vaishnodevi-sarovar-portico-katra,200,200,0,131,,"Meetings & Events at The Vaishnodevi Sarovar Portico, Katra | The Vaishnodevi Sarovar Portico, Katra | Sarovar Hotels",false,false,missing_meta_description|missing_canonical
/hotels/vandhara-sarovar-premiere-patkote/banquets/vandhara-sarovar-premiere-patkote-nakshatra-hall-i-a-stellar-stage-for-your-celebrations,200,200,0,130,,"Nakshatra Hall I: A Stellar Stage for Your Celebrations | Vandhara Sarovar Premiere, Jim Corbett - Patkote | Sarovar Hotels",false,false,missing_meta_description|missing_canonical
/hotels/vandhara-sarovar-premiere-patkote/banquets/vandhara-sarovar-premiere-patkote-nakshatra-hall-ii-elevate-your-meetings-intimate-gatherings,200,200,0,119,,"Nakshatra Hall II: Elevate Your Meetings & Intimate Gatherings | Vandhara Sarovar Premiere, Jim Corbett - Patkote | Sarovar Hotels",false,false,missing_meta_description|missing_canonical
/hotels/vandhara-sarovar-premiere-patkote/banquets/vandhara-sarovar-premiere-patkote-nakshatra-lawn-celebrate-like-a-star,200,200,0,121,,"Nakshatra Lawn: Celebrate Like a Star | Vandhara Sarovar Premiere, Jim Corbett - Patkote | Sarovar Hotels",false,false,missing_meta_description|missing_canonical
/hotels/venizia-sarovar-portico-in-new-delhi/banquets/venizia-sarovar-portico-in-new-delhi-meetings-events-at-venizia-sarovar-portico-new-delhi,200,200,0,116,,"Meetings & Events at Venizia Sarovar Portico, New Delhi | Venizia Sarovar Portico | Sarovar Hotels",false,false,missing_meta_description|missing_canonical
/hotels/viraj-sarovar-portico-jammu/banquets/viraj-sarovar-portico-jammu-board-room-at-viraj-sarovar-portico-jammu,200,200,0,118,,"BOARD ROOM AT VIRAJ SAROVAR PORTICO, JAMMU | Viraj Sarovar Portico, Jammu | Sarovar Hotels",false,false,missing_meta_description|missing_canonical
/hotels/viraj-sarovar-portico-jammu/banquets/viraj-sarovar-portico-jammu-coral-banquet-hall-at-viraj-sarovar-portico-jammu,200,200,0,118,,"CORAL BANQUET HALL AT VIRAJ SAROVAR PORTICO, JAMMU | Viraj Sarovar Portico, Jammu | Sarovar Hotels",false,false,missing_meta_description|missing_canonical
/hotels/viraj-sarovar-portico-jammu/banquets/viraj-sarovar-portico-jammu-emerald-2-hall-at-viraj-sarovar-portico-jammu,200,200,0,118,,"EMERALD- 2 HALL AT VIRAJ SAROVAR PORTICO, JAMMU | Viraj Sarovar Portico, Jammu | Sarovar Hotels",false,false,missing_meta_description|missing_canonical
/hotels/viraj-sarovar-portico-jammu/banquets/viraj-sarovar-portico-jammu-emerald-hall-at-viraj-sarovar-portico-jammu,200,200,0,129,,"EMERALD HALL AT VIRAJ SAROVAR PORTICO,JAMMU | Viraj Sarovar Portico, Jammu | Sarovar Hotels",false,false,missing_meta_description|missing_canonical
/hotels/viraj-sarovar-portico-jammu/banquets/viraj-sarovar-portico-jammu-sapphire-hall-at-viraj-sarovar-portico-jammu,200,200,0,134,,"SAPPHIRE HALL AT VIRAJ SAROVAR PORTICO, JAMMU | Viraj Sarovar Portico, Jammu | Sarovar Hotels",false,false,missing_meta_description|missing_canonical
/hotels/viraj-sarovar-portico-jammu/banquets/viraj-sarovar-portico-jammu-the-grand-lawns-at-viraj-sarovar-portico-jammu,200,200,0,125,,"THE GRAND LAWNS AT VIRAJ SAROVAR PORTICO, JAMMU | Viraj Sarovar Portico, Jammu | Sarovar Hotels",false,false,missing_meta_description|missing_canonical
/hotels/golden-tulip-hotel-in-jaipur/banquets/golden-tulip-hotel-in-jaipur-meeting-room,200,200,0,127,,Meeting Room at Golden Tulip Jaipur City Center | Golden Tulip Jaipur City Center | Sarovar Hotels,false,false,missing_meta_description|missing_canonical
/hotels/aditya-hometel-hyderabad/nearby/aditya-hometel-hyderabad-tourist-places-in-hyderabad-explore-the-entrancing-city,200,200,0,121,,"Must Visit Tourist Places in Hyderabad | Aditya Hometel, Hyderabad | Sarovar Hotels",false,false,missing_meta_description|missing_canonical
/hotels/ambar-sarovar-portico-gandhidham-hotel/nearby/ambar-sarovar-portico-gandhidham-hotel-explore-gandhidham-top-tourist-places-in-gandhidham,200,200,0,119,,"Top 4 Must Visit Places in Gandhidham | Ambar Sarovar Portico, Gandhidham | Sarovar Hotels",false,false,missing_meta_description|missing_canonical
/hotels/aditya-park-hyderabad/nearby/aditya-park-hyderabad-explore-hyderabad,200,200,0,117,,"Experience The Splendour Of The City Of Nizams - Things To Do In Hyderabad |  Aditya Park, Hyderabad | Sarovar Hotels",false,false,missing_meta_description|missing_canonical
/hotels/ambrosia-sarovar-portico-haridwar/nearby/ambrosia-sarovar-portico-haridwar-explore-haridwar,200,200,0,97,,"Explore Haridwar | Ambrosia Sarovar Portico, Haridwar | Sarovar Hotels",false,false,missing_meta_description|missing_canonical
/hotels/balaji-sarovar-premiere-solapur/nearby/balaji-sarovar-premiere-solapur-explore-solapur,200,200,0,95,,"Top 3 Places To visit in Solapur |  Balaji Sarovar Premiere, Solapur | Sarovar Hotels",false,false,missing_meta_description|missing_canonical
/hotels/bellevue-sarovar-premiere-junagadh/nearby/bellevue-sarovar-premiere-junagadh-visit-tourist-places-as-you-stay-in-our-junagadh-hotel,200,200,0,95,,"6 Popular Tourist Places In Junagadh | Bellevue Sarovar Premiere, Junagadh | Sarovar Hotels",false,false,missing_meta_description|missing_canonical
/hotels/classic-sarovar-portico-thiruvananthapuram/nearby/classic-sarovar-portico-thiruvananthapuram-things-to-do-in-thiruvananthapuram,200,200,0,87,,"Things to do in Thiruvananthapuram | Classic Sarovar Portico, Thiruvananthapuram | Sarovar Hotels",false,false,missing_meta_description|missing_canonical
/hotels/davanam-sarovar-portico-suites-bangalore/nearby/davanam-sarovar-portico-suites-bangalore-explore-bangalore-well-known-tourist-places-in-bangalore,200,200,0,76,,"Explore Bangalore | Davanam Sarovar Portico Suites | Bangalore hotels | Davanam Sarovar Portico Suites, Bangalore | Sarovar Hotels",false,false,missing_meta_description|missing_canonical
/hotels/efcee-sarovar-portico-bhavnagar/nearby/efcee-sarovar-portico-bhavnagar-explore-bhavnagar,200,200,0,66,,"Explore Bhavnagar | Efcee Sarovar Premiere | Hotels in Bhavnagar | Efcee Sarovar Premiere, Bhavnagar - A 5-star Hotel | Sarovar Hotels",false,false,missing_meta_description|missing_canonical
/hotels/deventure-sarovar-portico--kapashera-new-delhi/nearby/deventure-sarovar-portico-kapashera-new-delhi-things-to-do-in-delhi,200,200,0,76,,"Things to do in Delhi | Deventure Sarovar Portico- Kapashera, New Delhi | Sarovar Hotels",false,false,missing_meta_description|missing_canonical
/hotels/golden-sarovar-portico-amritsar/nearby/golden-sarovar-portico-amritsar-explore-amritsar,200,200,0,155,,"Explore Amritsar | Golden Sarovar Portico, Amritsar  | Sarovar Hotels",false,false,missing_meta_description|missing_canonical
/hotels/golden-tulip-essential-jaipur/nearby/golden-tulip-essential-jaipur-explore-jaipur,200,200,0,168,,"Places to see in Jaipur| Golden Tulip Essential, Jaipur | Golden Tulip Essential, Jaipur | Sarovar Hotels",false,false,missing_meta_description|missing_canonical
/hotels/golden-tulip-lucknow/nearby/golden-tulip-lucknow-explore-lucknow-cuisines,200,200,0,168,,"Popular Delicacies Of Lucknow | Golden Tulip, Lucknow | Sarovar Hotels",false,false,missing_meta_description|missing_canonical
/hotels/golden-tulip-srinagar/nearby/golden-tulip-srinagar-things-to-do-in-srinagar,200,200,0,174,,"Things to do in Srinagar | Golden Tulip, Srinagar (formerly RK Sarovar Portico, Srinagar) | Sarovar Hotels",false,false,missing_meta_description|missing_canonical
/hotels/grand-continent-malleshwaram-bangalore/nearby/grand-continent-malleshwaram-bangalore-explore-bangalore,200,200,0,176,,"Places to Visit in Bangalore | Grand Continent, Malleshwaram - A Sarovar Portico Affiliate Hotel | Sarovar Hotels",false,false,missing_meta_description|missing_canonical
/hotels/hometel-chandigarh/nearby/hometel-chandigarh-explore-the-best-of-chandigarh,200,200,0,177,,"4 Places to Visit in Chandigarh | Hometel, Chandigarh | Sarovar Hotels",false,false,missing_meta_description|missing_canonical
/hotels/hometel-roorkee/nearby/hometel-roorkee-explore-roorkee,200,200,0,182,,Explore Roorkee | Hometel Roorkee | Sarovar Hotels,false,false,missing_meta_description|missing_canonical
/hotels/la-place-sarovar-portico-lucknow/nearby/la-place-sarovar-portico-lucknow-explore-lucknow,200,200,0,175,,"Top 3 places to visit in Lucknow | La Place Sarovar Portico, Lucknow | Sarovar Hotels",false,false,missing_meta_description|missing_canonical
/hotels/le-dupleix-pondicherry/nearby/le-dupleix-pondicherry-activities,200,200,0,176,,"Activities And Things To Do In Pondicherry | Le Dupleix, Pondicherry | Sarovar Hotels",false,false,missing_meta_description|missing_canonical
/hotels/le-dupleix-pondicherry/nearby/le-dupleix-pondicherry-heritage,200,200,0,186,,"Discovering Pondicherry's French Heritage | Le Dupleix, Pondicherry | Sarovar Hotels",false,false,missing_meta_description|missing_canonical
/hotels/le-dupleix-pondicherry/nearby/le-dupleix-pondicherry-shopping,200,200,0,156,,"Shopping in Pondicherry | Le Dupleix, Pondicherry | Sarovar Hotels",false,false,missing_meta_description|missing_canonical
/hotels/legend-sarovar-portico/nearby/legend-sarovar-portico-explore-baddi,200,200,0,142,,"Explore Baddi | Legend Sarovar Portico| Business Hotels in Baddi | Legend Sarovar Portico, Baddi | Sarovar Hotels",false,false,missing_meta_description|missing_canonical
/hotels/le-lac-sarovar-ranchi/nearby/le-lac-sarovar-ranchi-explore-ranchi,200,200,0,149,,"Explore Ranchi - The City of Waterfalls | Le Lac Sarovar Portico, Ranchi | Sarovar Hotels",false,false,missing_meta_description|missing_canonical
/hotels/mahagun-sarovar-portico-suites-vaishali/nearby/mahagun-sarovar-portico-suites-vaishali-explore-vaishali,200,200,0,144,,"Places to visit in Vaishali | Mahagun Sarovar Portico Suites, Vaishali | Sarovar Hotels",false,false,missing_meta_description|missing_canonical
/hotels/majestic-court-sarovar-portico-navi-mumbai/nearby/majestic-court-sarovar-portico-navi-mumbai-things-to-do-in-mumbai,200,200,0,140,,"Things to do in Mumbai | Majestic Court Sarovar Portico, Navi Mumbai | Sarovar Hotels",false,false,missing_meta_description|missing_canonical
/hotels/marasa-sarovar-portico-rajkot/nearby/marasa-sarovar-portico-rajkot-explore-rajkot,200,200,0,141,,"Explore Rajkot's Beautiful Surroundings | Marasa Sarovar Portico, Rajkot | Sarovar Hotels",false,false,missing_meta_description|missing_canonical
/hotels/marasa-sarovar-premiere-bodhgaya/nearby/marasa-sarovar-premiere-bodhgaya-explore-bodhgaya,200,200,0,132,,"Popular Tourist Places in Bodhgaya | Marasa Sarovar Premiere, Bodhgaya | Sarovar Hotels",false,false,missing_meta_description|missing_canonical
/hotels/marasa-sarovar-premiere-tirupati-hotels/nearby/marasa-sarovar-premiere-tirupati-hotels-4-must-visit-temples-in-tirupati,200,200,0,140,,"4 Must Visit Temples in Tirupati |  Marasa Sarovar Premiere, Tirupati | Sarovar Hotels",false,false,missing_meta_description|missing_canonical
/hotels/marigold-sarovar-portico-mashobra-shimla/nearby/marigold-sarovar-portico-mashobra-shimla-explore-shimla,200,200,0,139,,"Places To Visit In Shimla Near Mashobra | Marigold Sarovar Portico, Mashobra-Shimla | Sarovar Hotels",false,false,missing_meta_description|missing_canonical
/hotels/marine-plaza-mumbai/nearby/marine-plaza-mumbai-explore-mumbai,200,200,0,128,,"4 Must-Try Street Foods in Mumbai | Hotel Marine Plaza, Mumbai | Sarovar Hotels",false,false,missing_meta_description|missing_canonical
/hotels/neelkanth-sarovar-premiere-lusaka/nearby/neelkanth-sarovar-premiere-lusaka-explore-lusaka,200,200,0,157,,"Things to do in Lusaka | Neelkanth Sarovar Premiere, Lusaka | Sarovar Hotels",false,false,missing_meta_description|missing_canonical
/hotels/nidhivan-sarovar-portico-vrindavan/nearby/nidhivan-sarovar-portico-vrindavan-explore-vrindavan,200,200,0,161,,"Holy Places In Vrindavan | Nidhivan Sarovar Portico, Vrindavan | Sarovar Hotels",false,false,missing_meta_description|missing_canonical
/hotels/nirvana-sarovar-portico-gorakhpur/nearby/nirvana-sarovar-portico-gorakhpur-a-tryst-with-food,200,200,0,161,,"A Tryst With Food | Nirvana Sarovar Portico, Gorakhpur | Sarovar Hotels",false,false,missing_meta_description|missing_canonical
/hotels/nirvana-sarovar-portico-gorakhpur/nearby/nirvana-sarovar-portico-gorakhpur-explore-gorakhpur,200,200,0,160,,"Explore Gorakhpur | Nirvana Sarovar Portico, Gorakhpur | Sarovar Hotels",false,false,missing_meta_description|missing_canonical
/hotels/nirwana-hometel-jaipur-sarovar/nearby/nirwana-hometel-jaipur-sarovar-things-to-do-in-jaipur,200,200,0,161,,"Things to do in Jaipur | Nirwana Hometel, Jaipur | Sarovar Hotels",false,false,missing_meta_description|missing_canonical
/hotels/paradigm-sarovar-kakinada/nearby/paradigm-sarovar-kakinada-explore-kakinada,200,200,0,160,,"Explore Kakinada|Paradigm Sarovar Portico|Places to Visit in Kakinada | Paradigm Sarovar Portico, Kakinada | Sarovar Hotels",false,false,missing_meta_description|missing_canonical
/hotels/Park-Inn-Radisson-Goa-Candolim/nearby/park-inn-radisson-goa-candolim-explore-goa,200,200,0,148,,"Explore Goa | Park Inn by Radisson Goa Candolim | Best Hotels In Goa | Park Inn by Radisson Candolim, Goa | Sarovar Hotels",false,false,missing_meta_description|missing_canonical
/hotels/park-inn-gurgaon/nearby/park-inn-gurgaon-explore-gurgaon,200,200,0,165,,"Must visit places in Gurgaon | Park Inn, Gurgaon | Sarovar Hotels",false,false,missing_meta_description|missing_canonical
/hotels/park-plaza-faridabad/nearby/park-plaza-faridabad-surajkund-mela,200,200,0,158,,"Surajkund Mela near Park Plaza, Faridabad - A Carlson Brand Managed by Sarovar Hotels | Park Plaza, Faridabad | Sarovar Hotels",false,false,missing_meta_description|missing_canonical
/hotels/park-plaza-jodhpur/nearby/park-plaza-jodhpur-top-places-to-visit-in-jodhpur,200,200,0,160,,"Top Places to Visit in Jodhpur | Park Plaza, Jodhpur | Sarovar Hotels",false,false,missing_meta_description|missing_canonical
/hotels/park-plaza-shahadra--east-delhi/nearby/park-plaza-shahadra-east-delhi-places-to-visit-in-delhi,200,200,0,149,,"Places to visit in Delhi | Park Plaza Shahadra, East Delhi | Sarovar Hotels",false,false,missing_meta_description|missing_canonical
/hotels/park-plaza-ludhiana/nearby/park-plaza-ludhiana-things-to-do-in-ludhiana,200,200,0,161,,"Things to do in Ludhiana | Park Plaza, Ludhiana | Sarovar Hotels",false,false,missing_meta_description|missing_canonical
/hotels/park-plaza-zirakpur/nearby/park-plaza-zirakpur-explore-zirakpur,200,200,0,157,,"4 Must-Visit Places Around Park Plaza, Zirakpur | Park Plaza, Zirakpur | Sarovar Hotels",false,false,missing_meta_description|missing_canonical
/hotels/radha-hometel-bangalore/nearby/radha-hometel-bangalore-major-tech-hubs-in-bangalore,200,200,0,159,,"Major Tech Hubs in Bangalore | Radha Hometel, Bangalore | Sarovar Hotels",false,false,missing_meta_description|missing_canonical
/hotels/radisson-blu--bengaluru-outer-ring-road/nearby/radisson-blu-bengaluru-outer-ring-road-explore-bangalore,200,200,0,161,,Explore Bangalore | Radisson Blu | Bangalore Hotels | Radisson Blu Bengaluru Outer Ring Road | Sarovar Hotels,false,false,missing_meta_description|missing_canonical
/hotels/radha-regent-chennai/nearby/radha-regent-chennai-explore-chennai-best-tourist-places-in-chennai,200,200,0,166,,"Hotel Radha Regent Chennai | Business Hotels In Chennai | Explore Chennai | Radha Regent, Chennai | Sarovar Hotels",false,false,missing_meta_description|missing_canonical
/hotels/radisson-hyderabad--hitec/nearby/radisson-hyderabad-hitec-major-tech-hubs-in-hyderabad,200,200,0,162,,"Major Tech Hubs in Hyderabad | Radisson HITEC, Hyderabad | Sarovar Hotels",false,false,missing_meta_description|missing_canonical
/hotels/radisson-mumbai-goregaon/nearby/radisson-mumbai-goregaon-4-things-to-do-in-mumbai,200,200,0,164,,Things to do in Mumbai | Radisson Mumbai Goregaon | Sarovar Hotels,false,false,missing_meta_description|missing_canonical
/hotels/rbd-sarovar-portico-outer-ring-road-bengaluru/nearby/rbd-sarovar-portico-outer-ring-road-bengaluru-explore-bengaluru,200,200,0,172,,"Explore Bengaluru | RBD Sarovar Portico Outer Ring Road, Bengaluru | Sarovar Hotels",false,false,missing_meta_description|missing_canonical
/hotels/residency-sarovar-portico-mumbai/nearby/residency-sarovar-portico-mumbai-explore-mumbai,200,200,0,168,,"Explore Mumbai |Residency Sarovar Portico |Places to visit in Mumbai | Residency Sarovar Portico, Mumbai  | Sarovar Hotels",false,false,missing_meta_description|missing_canonical
/hotels/rivera-sarovar-portico-ahmedabad/nearby/rivera-sarovar-portico-ahmedabad-explore-ahmedabad,200,200,0,133,,"Explore Ahmedabad | Rivera Sarovar Portico, Ahmedabad | Sarovar Hotels",false,false,missing_meta_description|missing_canonical
/hotels/royal-sarovar-portico-siliguri/nearby/royal-sarovar-portico-siliguri-explore-siliguri,200,200,0,136,,"Top 3 Places to Visit in Siliguri | Royal Sarovar Portico, Siliguri | Sarovar Hotels",false,false,missing_meta_description|missing_canonical
/hotels/royal-hometel-suites-dahisar-mumbai/nearby/royal-hometel-suites-dahisar-mumbai-explore-dahisar-mumbai,200,200,0,133,,"Major tourist attractions at Dahisar-Mumbai | Royal Hometel Suites, Dahisar, Mumbai | Sarovar Hotels",false,false,missing_meta_description|missing_canonical
/hotels/rs-sarovar-portico-palampur/nearby/rs-sarovar-portico-palampur-explore-palampur,200,200,0,129,,"Explore Palampur | RS Sarovar Portico, Palampur | Sarovar Hotels",false,false,missing_meta_description|missing_canonical
/hotels/sairafort-sarovar-portico-jaisalmer/nearby/sairafort-sarovar-portico-jaisalmer-explore-jaisalmer,200,200,0,132,,"Explore Jaisalmer | Sairafort Sarovar Portico, Jaisalmer | Sarovar Hotels",false,false,missing_meta_description|missing_canonical
/hotels/sarovar-portico-badrinath-uttarakhand/nearby/sarovar-portico-badrinath-uttarakhand-explore-badrinath,200,200,0,128,,"In And Around Badrinath | Sarovar Portico, Badrinath | Sarovar Hotels",false,false,missing_meta_description|missing_canonical
/hotels/sarovar-ahmedabad/nearby/sarovar-ahmedabad-explore-ahmedabad,200,200,0,137,,"Places to see in Ahmedabad! | Sarovar Portico, Kalupur-Ahmedabad | Sarovar Hotels",false,false,missing_meta_description|missing_canonical
/hotels/sarovar-portico-dehradun/nearby/sarovar-portico-dehradun-explore-dehradun,200,200,0,129,,"Explore Dehradun | Sarovar Portico, Dehradun | Sarovar Hotels",false,false,missing_meta_description|missing_canonical
/hotels/sarovar-portico-jaipur/nearby/sarovar-portico-jaipur-explore-jaipur,200,200,0,121,,"Explore Jaipur | Sarovar Portico | Hotels in Jaipur | Sarovar Portico, Jaipur | Sarovar Hotels",false,false,missing_meta_description|missing_canonical
/hotels/sarovar-portico-jalandhar/nearby/sarovar-portico-jalandhar-explore-jalandhar,200,200,0,125,,"Explore the fascinating city of Jalandhar | Sarovar Portico, Jalandhar  | Sarovar Hotels",false,false,missing_meta_description|missing_canonical
/hotels/sarovar-portico-morbi/nearby/sarovar-portico-morbi-places-to-visit-in-morbi,200,200,0,140,,"Places to Visit in Morbi | Sarovar Portico, Morbi | Sarovar Hotels",false,false,missing_meta_description|missing_canonical
/hotels/sarovar-portico-naraina-new-delhi/nearby/sarovar-portico-naraina-new-delhi-4-must-visit-historical-monuments,200,200,0,136,,"4 Must-Visit Historical Monuments | Sarovar Portico Naraina, New Delhi | Sarovar Portico Naraina, New Delhi | Sarovar Hotels",false,false,missing_meta_description|missing_canonical
/hotels/sarovar-portico-somnath/nearby/sarovar-portico-somnath-explore-somnath,200,200,0,138,,"Explore Somnath | Sarovar Portico, Somnath | Sarovar Hotels",false,false,missing_meta_description|missing_canonical
/hotels/sarovar-portico-surajkund/nearby/sarovar-portico-surajkund-must-visit-places-in-surajkund,200,200,0,144,,"Must Visit Places in Surajkund | Sarovar Portico, Surajkund | Sarovar Hotels",false,false,missing_meta_description|missing_canonical
/hotels/sarovar-premiere-jaipur/nearby/sarovar-premiere-jaipur-explore-jaipur,200,200,0,138,,"Explore The Pink City | Sarovar Premiere, Jaipur | Sarovar Hotels",false,false,missing_meta_description|missing_canonical
/hotels/shravanthi-sarovar-portico-bengaluru/nearby/shravanthi-sarovar-portico-bengaluru-explore-bengaluru,200,200,0,138,,"Explore Bengaluru | Shravanthi Sarovar Portico, Bengaluru | Sarovar Hotels",false,false,missing_meta_description|missing_canonical
/hotels/singhania-sarovar-portico-raipur/nearby/singhania-sarovar-portico-raipur-explore-raipur,200,200,0,148,,"Explore The Beauty Of Raipur | Singhania Sarovar Portico, Raipur | Sarovar Hotels",false,false,missing_meta_description|missing_canonical
/hotels/taurus-hotel-mahipalpur-new-delhi/nearby/taurus-hotel-mahipalpur-new-delhi-must-visit-places-in-delhi,200,200,0,147,,"Must visit places in Delhi | Taurus Sarovar Portico, New Delhi | Sarovar Hotels",false,false,missing_meta_description|missing_canonical
/hotels/the-ashtan-sarovar-portico-new-delhi/nearby/the-ashtan-sarovar-portico-new-delhi-top-tourist-attractions-in-new-delhi,200,200,0,143,,"Top Tourist Attractions in New Delhi |  The Ashtan Sarovar Portico, New Delhi  | Sarovar Hotels",false,false,missing_meta_description|missing_canonical
/hotels/the-gaurs-sarovar-premiere/nearby/the-gaurs-sarovar-premiere-places-to-visit-in-greater-noida,200,200,0,147,,Explore Greater Noida with Us | The Gaurs Sarovar Premiere | Sarovar Hotels,false,false,missing_meta_description|missing_canonical
/hotels/the-gokulam-park-kochi/nearby/the-gokulam-park-kochi-explore-kochi,200,200,0,129,,"4 Must Visit Places in Kochi | The Gokulam Park, Kochi | Sarovar Hotels",false,false,missing_meta_description|missing_canonical
/hotels/the-heron-portico-nairobi/nearby/the-heron-portico-nairobi-explore-nairobi,200,200,0,129,,"Explore The Stupefying Beauty Of Nairobi | The Heron By Sarovar Portico India, Nairobi | Sarovar Hotels",false,false,missing_meta_description|missing_canonical
/hotels/the-muse-sarovar-portico-nehru-place-new-delhi/nearby/the-muse-sarovar-portico-nehru-place-new-delhi-things-to-in-new-delhi,200,200,0,129,,"Things to do in New Delhi | The Muse Sarovar Portico, Nehru Place, New Delhi | Sarovar Hotels",false,false,missing_meta_description|missing_canonical
/hotels/the-promenade-pondicherry/nearby/the-promenade-pondicherry-activities,200,200,0,128,,"Activities And Things To Do In Pondicherry | The Promenade, Pondicherry  | Sarovar Hotels",false,false,missing_meta_description|missing_canonical
/hotels/the-promenade-pondicherry/nearby/the-promenade-pondicherry-heritage,200,200,0,141,,"Discovering Pondicherry's French Heritage | The Promenade, Pondicherry  | Sarovar Hotels",false,false,missing_meta_description|missing_canonical
/hotels/the-promenade-pondicherry/nearby/the-promenade-pondicherry-shopping,200,200,0,142,,"Shopping in Pondicherry | The Promenade, Pondicherry  | Sarovar Hotels",false,false,missing_meta_description|missing_canonical
/hotels/viraj-sarovar-portico-jammu/nearby/viraj-sarovar-portico-jammu-explore-jammu,200,200,0,130,,"Hotel in Jammu | Explore Jammu | Viraj Sarovar Portico | Viraj Sarovar Portico, Jammu | Sarovar Hotels",false,false,missing_meta_description|missing_canonical
/destinations/delhi,200,200,0,131,,Delhi | Sarovar Hotels,true,false,missing_canonical
/destinations/jaipur,200,200,0,136,,Jaipur | Sarovar Hotels,true,false,missing_canonical
/destinations/goa,200,200,0,153,,Goa | Sarovar Hotels,true,false,missing_canonical
/destinations/mumbai,200,200,0,141,,Mumbai | Sarovar Hotels,true,false,missing_canonical
/destinations/shimla,200,200,0,142,,Shimla | Sarovar Hotels,true,false,missing_canonical
/destinations/rishikesh,200,200,0,142,,Rishikesh | Sarovar Hotels,true,false,missing_canonical
/destinations/jim-corbett,200,200,0,140,,Jim Corbett | Sarovar Hotels,false,false,missing_meta_description|missing_canonical
/destinations/ahmedabad,200,200,0,139,,Ahmedabad | Sarovar Hotels,false,false,missing_meta_description|missing_canonical
/destinations/faridabad,200,200,0,133,,Faridabad | Sarovar Hotels,false,false,missing_meta_description|missing_canonical
/destinations/dibrugarh,200,200,0,141,,Dibrugarh | Sarovar Hotels,false,false,missing_meta_description|missing_canonical
/destinations/agra,200,200,0,145,,Agra | Sarovar Hotels,false,false,missing_meta_description|missing_canonical
/destinations/ghaziabad-vaishali,200,200,0,134,,Ghaziabad  Vaishali | Sarovar Hotels,false,false,missing_meta_description|missing_canonical
/destinations/gandhidham,200,200,0,133,,Gandhidham | Sarovar Hotels,false,false,missing_meta_description|missing_canonical
/destinations/gorakhpur,200,200,0,134,,Gorakhpur | Sarovar Hotels,false,false,missing_meta_description|missing_canonical
/destinations/hanumangarh,200,200,0,134,,Hanumangarh | Sarovar Hotels,false,false,missing_meta_description|missing_canonical
/destinations/gurugram,200,200,0,138,,Gurugram | Sarovar Hotels,false,false,missing_meta_description|missing_canonical
/destinations/hargeisa,200,200,0,134,,Hargeisa | Sarovar Hotels,false,false,missing_meta_description|missing_canonical
/destinations/haridwar,200,200,0,123,,Haridwar | Sarovar Hotels,false,false,missing_meta_description|missing_canonical
/destinations/indore,200,200,0,122,,Indore | Sarovar Hotels,false,false,missing_meta_description|missing_canonical
/destinations/hyderabad,200,200,0,128,,Hyderabad | Sarovar Hotels,false,false,missing_meta_description|missing_canonical
/destinations/jalandhar,200,200,0,126,,Jalandhar | Sarovar Hotels,false,false,missing_meta_description|missing_canonical
/destinations/jaisalmer,200,200,0,134,,Jaisalmer | Sarovar Hotels,false,false,missing_meta_description|missing_canonical
/destinations/jammu,200,200,0,123,,Jammu | Sarovar Hotels,false,false,missing_meta_description|missing_canonical
/destinations/jhansi,200,200,0,105,,Jhansi | Sarovar Hotels,false,false,missing_meta_description|missing_canonical
/destinations/jodhpur,200,200,0,109,,Jodhpur | Sarovar Hotels,false,false,missing_meta_description|missing_canonical
/destinations/junagadh,200,200,0,113,,Junagadh | Sarovar Hotels,false,false,missing_meta_description|missing_canonical
/destinations/kathmandu,200,200,0,117,,Kathmandu | Sarovar Hotels,false,false,missing_meta_description|missing_canonical
/destinations/katra,200,200,0,116,,Katra | Sarovar Hotels,false,false,missing_meta_description|missing_canonical
/destinations/kampala,200,200,0,123,,Kampala | Sarovar Hotels,false,false,missing_meta_description|missing_canonical
/destinations/kochi,200,200,0,121,,Kochi | Sarovar Hotels,false,false,missing_meta_description|missing_canonical
/destinations/kolkata,200,200,0,128,,Kolkata | Sarovar Hotels,false,false,missing_meta_description|missing_canonical
/destinations/kota,200,200,0,134,,Kota | Sarovar Hotels,false,false,missing_meta_description|missing_canonical
/destinations/lucknow,200,200,0,131,,Lucknow | Sarovar Hotels,false,false,missing_meta_description|missing_canonical
/destinations/latur,200,200,0,156,,Latur | Sarovar Hotels,false,false,missing_meta_description|missing_canonical
/destinations/ludhiana,200,200,0,161,,Ludhiana | Sarovar Hotels,false,false,missing_meta_description|missing_canonical
/destinations/manali,200,200,0,160,,Manali | Sarovar Hotels,false,false,missing_meta_description|missing_canonical
/destinations/lusaka-zambia,200,200,0,155,,Lusaka   Zambia | Sarovar Hotels,false,false,missing_meta_description|missing_canonical
/destinations/mathura-vrindavan,200,200,0,152,,Mathura   Vrindavan | Sarovar Hotels,false,false,missing_meta_description|missing_canonical
/destinations/mashobra-shimla,200,200,0,152,,Mashobra Shimla | Sarovar Hotels,false,false,missing_meta_description|missing_canonical
/destinations/morbi,200,200,0,153,,Morbi | Sarovar Hotels,false,false,missing_meta_description|missing_canonical
/destinations/mussoorie,200,200,0,157,,Mussoorie | Sarovar Hotels,false,false,missing_meta_description|missing_canonical
/destinations/mysore,200,200,0,148,,Mysore | Sarovar Hotels,false,false,missing_meta_description|missing_canonical
/destinations/nairobi-kenya,200,200,0,151,,Nairobi Kenya | Sarovar Hotels,false,false,missing_meta_description|missing_canonical
/destinations/new-delhi,200,200,0,144,,New Delhi | Sarovar Hotels,false,false,missing_meta_description|missing_canonical
/destinations/noida,200,200,0,139,,Noida | Sarovar Hotels,false,false,missing_meta_description|missing_canonical
/destinations/orai,200,200,0,136,,Orai | Sarovar Hotels,false,false,missing_meta_description|missing_canonical
/destinations/pahalgam,200,200,0,134,,Pahalgam | Sarovar Hotels,false,false,missing_meta_description|missing_canonical
/destinations/panipat,200,200,0,133,,Panipat | Sarovar Hotels,false,false,missing_meta_description|missing_canonical
/destinations/palampur,200,200,0,140,,Palampur | Sarovar Hotels,false,false,missing_meta_description|missing_canonical
/destinations/patkote,200,200,0,136,,Patkote | Sarovar Hotels,false,false,missing_meta_description|missing_canonical
/destinations/pondicherry,200,200,0,117,,Pondicherry | Sarovar Hotels,false,false,missing_meta_description|missing_canonical
/destinations/pathankot,200,200,0,125,,Pathankot | Sarovar Hotels,false,false,missing_meta_description|missing_canonical
/destinations/pilibhit,200,200,0,118,,Pilibhit | Sarovar Hotels,false,false,missing_meta_description|missing_canonical
/destinations/raipur,200,200,0,100,,Raipur | Sarovar Hotels,false,false,missing_meta_description|missing_canonical
/destinations/poovar-island-kerala,200,200,0,111,,Poovar Island   Kerala | Sarovar Hotels,false,false,missing_meta_description|missing_canonical
/destinations/ranchi,200,200,0,113,,Ranchi | Sarovar Hotels,false,false,missing_meta_description|missing_canonical
/destinations/rajkot,200,200,0,126,,Rajkot | Sarovar Hotels,false,false,missing_meta_description|missing_canonical
/destinations/roorkee,200,200,0,126,,Roorkee | Sarovar Hotels,false,false,missing_meta_description|missing_canonical
/destinations/saharanpur,200,200,0,128,,Saharanpur | Sarovar Hotels,false,false,missing_meta_description|missing_canonical
/destinations/secunderabad,200,200,0,129,,Secunderabad | Sarovar Hotels,false,false,missing_meta_description|missing_canonical
/destinations/shrawasti,200,200,0,128,,Shrawasti | Sarovar Hotels,false,false,missing_meta_description|missing_canonical
/destinations/siliguri,200,200,0,133,,Siliguri | Sarovar Hotels,false,false,missing_meta_description|missing_canonical
/destinations/sindhudurg,200,200,0,156,,Sindhudurg | Sarovar Hotels,false,false,missing_meta_description|missing_canonical
/destinations/solapur,200,200,0,190,,Solapur | Sarovar Hotels,false,false,missing_meta_description|missing_canonical
/destinations/somnath,200,200,0,185,,Somnath | Sarovar Hotels,false,false,missing_meta_description|missing_canonical
/destinations/sonipat,200,200,0,179,,Sonipat | Sarovar Hotels,false,false,missing_meta_description|missing_canonical
/destinations/srinagar,200,200,0,169,,Srinagar | Sarovar Hotels,false,false,missing_meta_description|missing_canonical
/destinations/sriperumbudur,200,200,0,172,,Sriperumbudur | Sarovar Hotels,false,false,missing_meta_description|missing_canonical
/destinations/thiruvananthapuram,200,200,0,169,,Thiruvananthapuram | Sarovar Hotels,false,false,missing_meta_description|missing_canonical
/destinations/udaipur,200,200,0,168,,Udaipur | Sarovar Hotels,false,false,missing_meta_description|missing_canonical
/destinations/alwar,200,200,0,161,,Alwar | Sarovar Hotels,false,false,missing_meta_description|missing_canonical
/destinations/mahabalipuram,200,200,0,171,,Mahabalipuram | Sarovar Hotels,false,false,missing_meta_description|missing_canonical
/destinations/ajmer,200,200,0,161,,Ajmer | Sarovar Hotels,false,false,missing_meta_description|missing_canonical
/destinations/amritsar,200,200,0,140,,Amritsar | Sarovar Hotels,false,false,missing_meta_description|missing_canonical
/destinations/ayodhya,200,200,0,144,,Ayodhya | Sarovar Hotels,false,false,missing_meta_description|missing_canonical
/destinations/badrinath,200,200,0,136,,Badrinath | Sarovar Hotels,false,false,missing_meta_description|missing_canonical
/destinations/baddi,200,200,0,144,,Baddi | Sarovar Hotels,false,false,missing_meta_description|missing_canonical
/destinations/bangalore-bengaluru,200,200,0,137,,Bangalore Bengaluru | Sarovar Hotels,false,false,missing_meta_description|missing_canonical
/destinations/bhiwadi,200,200,0,130,,Bhiwadi | Sarovar Hotels,false,false,missing_meta_description|missing_canonical
/destinations/bhavnagar,200,200,0,137,,Bhavnagar | Sarovar Hotels,false,false,missing_meta_description|missing_canonical
/destinations/bhubaneswar,200,200,0,129,,Bhubaneswar | Sarovar Hotels,false,false,missing_meta_description|missing_canonical
/destinations/bhimtal,200,200,0,136,,Bhimtal | Sarovar Hotels,false,false,missing_meta_description|missing_canonical
/destinations/bhopal,200,200,0,118,,Bhopal | Sarovar Hotels,false,false,missing_meta_description|missing_canonical
/destinations/birgunj-nepal,200,200,0,130,,Birgunj Nepal | Sarovar Hotels,false,false,missing_meta_description|missing_canonical
/destinations/bodhgaya,200,200,0,130,,Bodhgaya | Sarovar Hotels,false,false,missing_meta_description|missing_canonical
/destinations/chandigarh,200,200,0,126,,Chandigarh | Sarovar Hotels,false,false,missing_meta_description|missing_canonical
/destinations/dalhousie,200,200,0,121,,Dalhousie | Sarovar Hotels,false,false,missing_meta_description|missing_canonical
/destinations/chitwan-nepal,200,200,0,128,,Chitwan Nepal | Sarovar Hotels,false,false,missing_meta_description|missing_canonical
/destinations/chennai,200,200,0,138,,Chennai | Sarovar Hotels,false,false,missing_meta_description|missing_canonical
/destinations/dehradun,200,200,0,124,,Dehradun | Sarovar Hotels,false,false,missing_meta_description|missing_canonical
/destinations/deoghar,200,200,0,130,,Deoghar | Sarovar Hotels,false,false,missing_meta_description|missing_canonical
/destinations/hosur,200,200,0,140,,Hosur | Sarovar Hotels,false,false,missing_meta_description|missing_canonical
/destinations/kakinada,200,200,0,126,,Kakinada | Sarovar Hotels,false,false,missing_meta_description|missing_canonical
/destinations/navi-mumbai,200,200,0,134,,Navi Mumbai | Sarovar Hotels,false,false,missing_meta_description|missing_canonical
/destinations/sasan-gir,200,200,0,127,,Sasan Gir | Sarovar Hotels,false,false,missing_meta_description|missing_canonical
/destinations/tirupati,200,200,0,146,,Tirupati | Sarovar Hotels,false,false,missing_meta_description|missing_canonical
/offers/early-bird-getaway,200,200,0,149,,Early Bird Getaway | Sarovar Hotels,true,false,missing_canonical
/offers/weekend-staycation-special,200,200,0,149,,Weekend Staycation Special | Sarovar Hotels,true,false,missing_canonical
/offers/honeymoon-bliss-package,200,200,0,156,,Honeymoon Bliss Package | Sarovar Hotels,true,false,missing_canonical
/offers/mice-season-special,200,200,0,153,,MICE Season Special | Sarovar Hotels,true,false,missing_canonical
/offers/aditya-hometel-hyderabad-book-direct-special-offer,200,200,0,154,,"Book Direct to Enjoy Special Benefits - Exclusive Website Offer At Aditya Hometel, Hyderabad | Sarovar Hotels",false,false,missing_meta_description|missing_canonical
/offers/aditya-park-hyderabad-book-direct-offer,200,200,0,140,,"Book Direct to Enjoy Special Benefits - Exclusive Website Offer at Aditya Park, Hyderabad | Sarovar Hotels",false,false,missing_meta_description|missing_canonical
/offers/ambar-sarovar-portico-gandhidham-hotel-book-direct-special-offer,200,200,0,148,,"Book Direct to Enjoy Special Benefits - Exclusive Website Offer At Ambar Sarovar Portico, Gandhidham | Sarovar Hotels",false,false,missing_meta_description|missing_canonical
/offers/ambar-sarovar-portico-gandhidham-hotel-flexi-check-in-and-check-out,200,200,0,157,,"Flexi Check-In and Check-Out At Ambar Sarovar Portico, Gandhidham | Sarovar Hotels",false,false,missing_meta_description|missing_canonical
/offers/ambar-sarovar-portico-gandhidham-hotel-chef-made-my-breakfast-my-way,200,200,0,168,,"Chef Made My Breakfast My Way At Ambar Sarovar Portico, Gandhidham | Sarovar Hotels",false,false,missing_meta_description|missing_canonical
/offers/ambar-sarovar-portico-gandhidham-hotel-take-away-breakfast-with-early-checkout,200,200,0,149,,Take Away Breakfast With Early Checkout | Sarovar Hotels,false,false,missing_meta_description|missing_canonical
/offers/ambar-sarovar-portico-gandhidham-hotel-high-speed-browsing-at-no-charge,200,200,0,146,,"High Speed Browsing At No Charge When You Stay At Ambar Sarovar Portico, Gandhidham | Sarovar Hotels",false,false,missing_meta_description|missing_canonical
/offers/balaji-sarovar-premiere-solapur-free-wi-fi,200,200,0,147,,"Free Wi-Fi at Balaji Sarovar Premiere, Solapur | Sarovar Hotels",false,false,missing_meta_description|missing_canonical
/offers/bellevue-sarovar-premiere-junagadh-promotions,200,200,0,154,,"Complimentary Wi-Fi at Bellevue Sarovar Premiere, Junagadh | Sarovar Hotels",false,false,missing_meta_description|missing_canonical
/offers/ambrosia-sarovar-portico-haridwar-book-direct-special-offer,200,200,0,166,,"Book Direct to Enjoy Special Benefits - Exclusive Website Offer At Ambrosia Sarovar Portico, Haridwar | Sarovar Hotels",false,false,missing_meta_description|missing_canonical
/offers/classic-sarovar-portico-thiruvananthapuram-free-wi-fi,200,200,0,158,,"Free Wi-Fi at Classic Sarovar Portico, Thiruvananthapuram | Sarovar Hotels",false,false,missing_meta_description|missing_canonical
/offers/davanam-sarovar-portico-suites-bangalore-book-direct-special-offer,200,200,0,158,,"Book Direct to Enjoy Special Benefits - Exclusive Website Offer at Davanam Sarovar Portico Suites, Bangalore | Sarovar Hotels",false,false,missing_meta_description|missing_canonical
/offers/deventure-sarovar-portico-kapashera-new-delhi-free-wi-fi,200,200,0,147,,"Free Wi-Fi at Deventure Sarovar Portico Kapashera, New Delhi | Sarovar Hotels",false,false,missing_meta_description|missing_canonical
/offers/efcee-sarovar-portico-bhavnagar-book-direct-special-offer,200,200,0,132,,"Book Direct Offer - Exclusive Website Offer at Efcee Sarovar Premiere, Bhavnagar | Sarovar Hotels",false,false,missing_meta_description|missing_canonical
/offers/golden-sarovar-portico-amritsar-book-direct-special-offer,200,200,0,133,,"Book Direct to Enjoy Special Benefits - Exclusive Website Offer at Golden Sarovar Portico, Amritsar | Sarovar Hotels",false,false,missing_meta_description|missing_canonical
/offers/golden-sarovar-portico-amritsar-chef-made-my-breakfast-my-way,200,200,0,127,,"Exclusively Customised Breakfast At Golden Sarovar Portico, Amritsar | Sarovar Hotels",false,false,missing_meta_description|missing_canonical
/offers/golden-sarovar-portico-amritsar-flexi-check-in-check-out,200,200,0,128,,"Flexi Check-In Check-Out at Golden Sarovar Portico, Amritsar | Sarovar Hotels",false,false,missing_meta_description|missing_canonical
/offers/golden-sarovar-portico-amritsar-high-speed-browsing-at-no-charge,200,200,0,127,,"High-Speed Browsing At Golden Sarovar Portico, Amritsar | Sarovar Hotels",false,false,missing_meta_description|missing_canonical
/offers/golden-sarovar-portico-amritsar-take-away-breakfast-with-early-check-out,200,200,0,118,,"Take Away Breakfast With Early Check-Out At Golden Sarovar Portico, Amritsar | Sarovar Hotels",false,false,missing_meta_description|missing_canonical
/offers/golden-tulip-candolim-goa-flat-30-discount,200,200,0,119,,Flat 30% Discount on Direct Website Booking | Sarovar Hotels,false,false,missing_meta_description|missing_canonical
/offers/golden-tulip-candolim-goa-10-members-only-discount,200,200,0,125,,Exclusive 10% Members-only Discount | Sarovar Hotels,false,false,missing_meta_description|missing_canonical
/offers/golden-tulip-goa-mandrem-corporate-group-package-with-all-inclusive-35-rooms-70-guest,200,200,0,125,,Page does not exist | Sarovar Hotels,false,false,missing_meta_description|missing_canonical
/offers/golden-tulip-goa-mandrem-destination-wedding-exclusive-buyout-package-for-108-guest-with-all-inclusive,200,200,0,126,,DESTINATION WEDDING EXCLUSIVE BUYOUT PACKAGE FOR 108 GUEST WITH ALL INCLUSIVE | Sarovar Hotels,false,false,missing_meta_description|missing_canonical
/offers/golden-tulip-goa-mandrem-monsoon-bonanza,200,200,0,119,,Monsoon Bonanza | Sarovar Hotels,false,false,missing_meta_description|missing_canonical
/offers/golden-tulip-lucknow-ayodhya-tour-package,200,200,0,120,,Ayodhya Spiritual Getaway: Exclusive Lucknow to Ayodhya Tour Package | Sarovar Hotels,false,false,missing_meta_description|missing_canonical
/offers/golden-tulip-lucknow-book-direct-offer,200,200,0,130,,"Book Direct to Enjoy Special Benefits - Exclusive Website Offer at Golden Tulip, Lucknow | Sarovar Hotels",false,false,missing_meta_description|missing_canonical
/offers/golden-tulip-lucknow-flexi-check-in-check-out,200,200,0,122,,"Flexi Check-In Check-Out at Golden Golden Tulip Portico, Amritsar | Sarovar Hotels",false,false,missing_meta_description|missing_canonical
/offers/golden-tulip-lucknow-chef-made-my-breakfast-my-way,200,200,0,132,,"Exclusively Customised Breakfast At Golden Tulip, Lucknow | Sarovar Hotels",false,false,missing_meta_description|missing_canonical
/offers/golden-tulip-lucknow-free-wi-fi,200,200,0,125,,"Free Wi-Fi At Golden Tulip, Lucknow | Sarovar Hotels",false,false,missing_meta_description|missing_canonical
/offers/golden-tulip-lucknow-high-speed-browsing-at-no-charge,200,200,0,121,,"High-Speed Browsing At Golden Tulip, Lucknow | Sarovar Hotels",false,false,missing_meta_description|missing_canonical
/offers/golden-tulip-lucknow-take-away-breakfast-with-early-check-out,200,200,0,120,,"Take Away Breakfast With Early Check-Out At Golden Tulip, Lucknow | Sarovar Hotels",false,false,missing_meta_description|missing_canonical
/offers/grand-continent-anjuna-flat-30-discount,200,200,0,118,,Flat 30% Discount on Direct Website Booking | Sarovar Hotels,false,false,missing_meta_description|missing_canonical
/offers/hometel-chandigarh-book-direct-special-offer,200,200,0,117,,Book Direct to Enjoy Special Benefits - Exclusive Website Offer at Hometel Chandigarh | Sarovar Hotels,false,false,missing_meta_description|missing_canonical
/offers/hometel-chandigarh-diamond-packages-rs2199-taxes,200,200,0,122,,Diamond Packages at Hometel Chandigarh | Sarovar Hotels,false,false,missing_meta_description|missing_canonical
/offers/hometel-chandigarh-platinum-packages-2499-taxes,200,200,0,129,,"Platinum Package at Hometel, Chandigarh | Sarovar Hotels",false,false,missing_meta_description|missing_canonical
/offers/hometel-chandigarh-silver-packages-rs1799-taxes,200,200,0,127,,Silver Packages at Hometel Chandigarh | Sarovar Hotels,false,false,missing_meta_description|missing_canonical
/offers/hometel-roorkee-free-wi-fi,200,200,0,128,,Free Wi-Fi at Hometel Roorkee | Sarovar Hotels,false,false,missing_meta_description|missing_canonical
/offers/la-place-sarovar-portico-lucknow-free-wi-fi-at-la-place-sarovar-portico-lucknow,200,200,0,127,,"Free Wi-Fi at La Place Sarovar Portico, Lucknow | Sarovar Hotels",false,false,missing_meta_description|missing_canonical
/offers/le-dupleix-pondicherry-lobster-nights-at-le-dupleix,200,200,0,127,,Lobster Nights at Le Dupleix | Sarovar Hotels,false,false,missing_meta_description|missing_canonical
/offers/le-lac-sarovar-ranchi-free-wi-fi,200,200,0,127,,"Free Wi-Fi at Le Lac Sarovar Portico, Ranchi | Sarovar Hotels",false,false,missing_meta_description|missing_canonical
/offers/mahagun-sarovar-portico-suites-vaishali-book-direct-special-offer,200,200,0,124,,"Book Direct to Enjoy Special Benefits - Exclusive Website Offer at Mahagun Sarovar Portico Suites, Vaishali | Sarovar Hotels",false,false,missing_meta_description|missing_canonical
/offers/legend-sarovar-portico-book-direct-special-offer,200,200,0,129,,"Book Direct to Enjoy Special Benefits - Exclusive Website Offer at Legend Sarovar Portico, Baddi | Sarovar Hotels",false,false,missing_meta_description|missing_canonical
/offers/mahagun-sarovar-portico-suites-vaishali-free-wi-fi-at-mahagun-sarovar-portico-suites-vaishali,200,200,0,137,,Free Wi-Fi | Mahagun Sarovar Portico | Hotels in Ghaziabad | Sarovar Hotels,false,false,missing_meta_description|missing_canonical
/offers/majestic-court-sarovar-portico-navi-mumbai-free-wi-fi,200,200,0,123,,"Free Wi-Fi at Majestic Court Sarovar Portico, Navi Mumbai | Sarovar Hotels",false,false,missing_meta_description|missing_canonical
/offers/marasa-sarovar-portico-rajkot-free-wi-fi,200,200,0,118,,Free wifi! | Marasa Sarovar Portico | Best Hotels in Rajkot | Sarovar Hotels,false,false,missing_meta_description|missing_canonical
/offers/marasa-sarovar-premiere-tirupati-hotels-complimentary-wi-fi,200,200,0,115,,"Complimentary Wi-Fi at Marasa Sarovar Premiere, Tirupati | Sarovar Hotels",false,false,missing_meta_description|missing_canonical
/offers/marigold-sarovar-portico-mashobra-shimla-book-direct-special-offer,200,200,0,116,,"Book Direct to Enjoy Special Benefits - Exclusive Website Offer At Marigold Sarovar Portico, Mashobra | Sarovar Hotels",false,false,missing_meta_description|missing_canonical
/offers/marigold-sarovar-portico-mashobra-shimla-weekend-weekdays-offer,200,200,0,118,,Happy Weekend & Weekday Offers @ Sarovar | Sarovar Hotels,false,false,missing_meta_description|missing_canonical
/offers/nataraj-sarovar-portico-jhansi-complimentary-wi-fi,200,200,0,117,,Complimentary Wi-Fi at Nataraj Sarovar Portico Jhansi | Sarovar Hotels,false,false,missing_meta_description|missing_canonical
/offers/marine-plaza-mumbai-complimentary-wi-fi,200,200,0,123,,"Complimentary Wi-Fi at Hotel Marine Plaza, Mumbai | Sarovar Hotels",false,false,missing_meta_description|missing_canonical
/offers/nirvana-sarovar-portico-gorakhpur-book-direct-special-offer,200,200,0,120,,WHY BOOK DIRECT? | Sarovar Hotels,false,false,missing_meta_description|missing_canonical
/offers/paradigm-sarovar-kakinada-free-wi-fi,200,200,0,122,,Free WiFi! | Paradigm Sarovar Portico | Hotels in Kakinada | Sarovar Hotels,false,false,missing_meta_description|missing_canonical
/offers/park-inn-gurgaon-free-wi-fi,200,200,0,118,,"Free Wi-Fi at Park Inn, Gurgaon - A Radisson Brand Managed by Sarovar Hotels | Sarovar Hotels",false,false,missing_meta_description|missing_canonical
/offers/park-inn-radisson-goa-candolim-free-wi-fi,200,200,0,129,,"Free Wi-Fi at Park Inn by Radisson Goa Candolim, by the Radisson Hotel Group, managed by Sarovar Hotels | Sarovar Hotels",false,false,missing_meta_description|missing_canonical
/offers/park-plaza-faridabad-free-wi-fi,200,200,0,126,,"Free Wi-Fi at Park Plaza, Faridabad, by the Radisson Hotel Group, managed by Sarovar Hotels | Sarovar Hotels",false,false,missing_meta_description|missing_canonical
/offers/park-plaza-jodhpur-free-wi-fi,200,200,0,121,,"Free Wi-Fi at Park Plaza, Jodhpur by the Radisson Hotel Group, managed by Sarovar Hotels | Sarovar Hotels",false,false,missing_meta_description|missing_canonical
/offers/park-plaza-ludhiana-orient-blade-chinese-and-asian-cuisine,200,200,0,122,,"Orient Blade at Park Plaza, Ludhiana, by the Radisson Hotel Group, managed by Sarovar Hotels. | Sarovar Hotels",false,false,missing_meta_description|missing_canonical
/offers/park-plaza-ludhiana-panorama,200,200,0,125,,"Panorama Restaurant at Park Plaza, Ludhiana, by the Radisson Hotel Group, managed by Sarovar Hotels | Sarovar Hotels",false,false,missing_meta_description|missing_canonical
/offers/park-plaza-zirakpur-free-wi-fi,200,200,0,124,,"Free Wi-Fi ! | Park Plaza, Zirakpur | Best Hotel in Chandigarh | Sarovar Hotels",false,false,missing_meta_description|missing_canonical
/offers/park-plaza-ludhiana-passion-lounge-bar,200,200,0,144,,"Passion Lounge Bar at Park Plaza, Ludhiana, by the Radisson Hotel Group, managed by Sarovar Hotels. | Sarovar Hotels",false,false,missing_meta_description|missing_canonical
/offers/park-plaza-shahadra-east-delhi-free-wi-fi,200,200,0,143,,"Free Wi-Fi at Park Plaza, Shahadra - East Delhi - Radisson Hotel Group Managed by Sarovar Hotels | Sarovar Hotels",false,false,missing_meta_description|missing_canonical
/offers/radha-hometel-bangalore-book-direct-special-offer,200,200,0,137,,"Book Direct to Enjoy Special Benefits - Exclusive Website Offer at Radha Hometel, Bangalore | Sarovar Hotels",false,false,missing_meta_description|missing_canonical
/offers/radha-hometel-bangalore-complimentary-breakfast-offer,200,200,0,132,,"Complimentary Breakfast at Radha Hometel, Bangalore | Sarovar Hotels",false,false,missing_meta_description|missing_canonical
/offers/radisson-hyderabad-hitec-free-wi-fi,200,200,0,105,,"Free Wi-Fi at Radisson Hyderabad - HITEC, by the Radisson Hotel Group, managed by Sarovar Hotels | Sarovar Hotels",false,false,missing_meta_description|missing_canonical
/offers/radha-regent-chennai-book-direct-offer,200,200,0,112,,"Book Direct to Enjoy Special Benefits - Exclusive Website Offer at Radha Regent, Chennai | Sarovar Hotels",false,false,missing_meta_description|missing_canonical
/offers/radisson-mumbai-goregaon-free-wi-fi,200,200,0,109,,"Free Wi-Fi at Radisson Mumbai Goregaon by the Radisson Hotel Group, managed by Sarovar Hotels | Sarovar Hotels",false,false,missing_meta_description|missing_canonical
/offers/rbd-sarovar-portico-outer-ring-road-bengaluru-book-direct-special-offer,200,200,0,115,,Book Direct to Enjoy Special Benefits - Exclusive Website Offer | Sarovar Hotels,false,false,missing_meta_description|missing_canonical
/offers/residency-sarovar-portico-mumbai-free-wifi,200,200,0,112,,Free Wifi | Residency Sarovar Portico| Mumbai Hotels with Wifi | Sarovar Hotels,false,false,missing_meta_description|missing_canonical
/offers/rivera-sarovar-portico-ahmedabad-book-direct-special-offer,200,200,0,119,,"Book Direct to Enjoy Special Benefits - Exclusive Website Offer at Rivera Sarovar Portico, Ahmedabad | Sarovar Hotels",false,false,missing_meta_description|missing_canonical
/offers/sarovar-portico-badrinath-uttarakhand-book-direct-special-offer,200,200,0,107,,"Book Direct to Enjoy Special Benefits - Exclusive Website Offer at Sarovar Portico, Badrinath | Sarovar Hotels",false,false,missing_meta_description|missing_canonical
/offers/royal-sarovar-portico-siliguri-free-wi-fi,200,200,0,113,,Free Wi-Fi | Royal Sarovar Portico | Business Hotels in Siliguri | Sarovar Hotels,false,false,missing_meta_description|missing_canonical
/offers/sarovar-portico-dehradun-high-speed-browsing-at-no-charge,200,200,0,127,,High Speed Browsing At No Charge | Sarovar Hotels,false,false,missing_meta_description|missing_canonical
/offers/sarovar-portico-hanumangarh-direct-booking-offer,200,200,0,143,,Direct Booking Offer - 15% Discount | Sarovar Hotels,false,false,missing_meta_description|missing_canonical
/offers/sarovar-portico-jalandhar-free-wi-fi,200,200,0,144,,"Free Wi-Fi at Sarovar Portico, Jalandhar! | Sarovar Hotels",false,false,missing_meta_description|missing_canonical
/offers/sarovar-portico-jaipur-free-wifi,200,200,0,152,,Free WiFi! | Sarovar Portico | Jaipur Hotels | Resorts in Jaipur | Sarovar Hotels,false,false,missing_meta_description|missing_canonical
/offers/sarovar-portico-naraina-new-delhi-free-wi-fi,200,200,0,147,,Free Wi-Fi | Sarovar Portico Naraina | Delhi Hotels with Wi-Fi | Sarovar Hotels,false,false,missing_meta_description|missing_canonical
/offers/sarovar-portico-surajkund-book-direct-special-offer,200,200,0,149,,WHY BOOK DIRECT? | Sarovar Hotels,false,false,missing_meta_description|missing_canonical
/offers/sarovar-portico-somnath-book-direct,200,200,0,156,,Book Direct to Enjoy Special Benefits - Exclusive Website Offer at Sarovar Portico Somnath | Sarovar Hotels,false,false,missing_meta_description|missing_canonical
/offers/sarovar-premiere-jaipur-day-conference-package,200,200,0,140,,"Day Conference Package at Sarovar Premiere, Jaipur | Sarovar Hotels",false,false,missing_meta_description|missing_canonical
/offers/sarovar-premiere-jaipur-free-wi-fi,200,200,0,141,,"Free Wi-Fi at Sarovar Premiere, Jaipur! | Sarovar Hotels",false,false,missing_meta_description|missing_canonical
/offers/singhania-sarovar-portico-raipur-free-wi-fi,200,200,0,141,,"Free Wi-Fi at Singhania Sarovar Portico, Raipur | Sarovar Hotels",false,false,missing_meta_description|missing_canonical
/offers/skywings-sarovar-portico-mathura-winter-package,200,200,0,140,,Winter Package for 2 Nights and 3 Days | Sarovar Hotels,false,false,missing_meta_description|missing_canonical
/offers/sobit-sarovar-portico-palolem-beach-hotel-goa-book-direct-exclusive-website-offer,200,200,0,135,,"Book Direct - Exclusive Website Offer at Sobit Sarovar Portico, Goa | Sarovar Hotels",false,false,missing_meta_description|missing_canonical
/offers/sobit-sarovar-portico-palolem-beach-hotel-goa-travel-local-stay-local-live-the-new-normal,200,200,0,141,,"TRAVEL LOCAL, STAY LOCAL, LIVE THE NEW NORMAL! | Sarovar Hotels",false,false,missing_meta_description|missing_canonical
/offers/taurus-hotel-mahipalpur-new-delhi-free-wi-fi,200,200,0,149,,"Free Wi-Fi at Taurus Sarovar Portico, New Delhi | Sarovar Hotels",false,false,missing_meta_description|missing_canonical
/offers/the-ashtan-sarovar-portico-new-delhi-free-wifi,200,200,0,148,,Free WiFi|The Ashtan Sarovar Portico|Hotel near Green Park Delhi | Sarovar Hotels,false,false,missing_meta_description|missing_canonical
/offers/the-gokulam-park-kochi-free-wi-fi,200,200,0,137,,"Free Wi-Fi at The Gokulam Park, Kochi | Sarovar Hotels",false,false,missing_meta_description|missing_canonical
/offers/the-gaurs-sarovar-premiere-book-direct-offer,200,200,0,144,,Book Direct to Enjoy Special Benefits | Sarovar Hotels,false,false,missing_meta_description|missing_canonical
/blogs.html,200,200,0,132,https://www.sarovarhotels.com/blogs.html,Blogs | Sarovar Hotels - India's Leading Hotel Chain | Sarovar Hotels,false,false,missing_meta_description
/offers/tulip-inn-gurugram-near-medanta-medanta-care-stay-package,200,200,0,137,,Medanta Care Stay Package | Sarovar Hotels,false,false,missing_meta_description|missing_canonical
/offers/the-muse-sarovar-portico-nehru-place-new-delhi-free-wi-fi,200,200,0,144,,"Free Wi-Fi at The Muse Sarovar Portico, Nehru Place, New Delhi | Sarovar Hotels",false,false,missing_meta_description|missing_canonical
/our-destinations.html,200,200,0,126,https://www.sarovarhotels.com/our-destinations.html,Destinations | Sarovar Hotels - India's Leading Hotel Chain | Sarovar Hotels,false,false,missing_meta_description
/about-us.html,200,200,0,132,https://www.sarovarhotels.com/about-us.html,Discover | Sarovar Hotels | Top Chain of Hotels in India | Sarovar Hotels,false,false,missing_meta_description
/about-us/discover.html,200,200,0,127,https://www.sarovarhotels.com/about-us/discover.html,Discover | Sarovar Hotels | India's Leading Hotel Chain | Sarovar Hotels,false,false,missing_meta_description
/about-us/our-brands.html,200,200,0,130,https://www.sarovarhotels.com/about-us/our-brands.html,Our Brands | Sarovar Hotels | Top hotels in India | Sarovar Hotels,false,false,missing_meta_description
/about-us/our-team.html,200,200,0,130,https://www.sarovarhotels.com/about-us/our-team.html,Our Team | Sarovar Hotels Private Limited - India's Leading Hotel Chain | Sarovar Hotels,false,false,missing_meta_description
/careers.html,200,200,0,131,https://www.sarovarhotels.com/careers.html,Careers | Sarovar Hotels | Leading Hotels in India | Sarovar Hotels,false,false,missing_meta_description
/careers/careers.html,200,200,0,131,https://www.sarovarhotels.com/careers/careers.html,Careers | Sarovar Hotels | Top leisure hotels in India | Sarovar Hotels,false,false,missing_meta_description
/contact-us/contact-sarovar-hotels.html,200,200,0,134,https://www.sarovarhotels.com/contact-us/contact-sarovar-hotels.html,Contact Sarovar Hotels | Sarovar Hotels | India's Leading Hotel Chain | Sarovar Hotels,false,false,missing_meta_description
/events/meetings-and-events.html,200,200,0,135,https://www.sarovarhotels.com/events/meetings-and-events.html,Meetings and Events | Sarovar Hotels | Luxury hotels in India | Sarovar Hotels,false,false,missing_meta_description
/hotel-directory/hotel-directory.html,200,200,0,136,https://www.sarovarhotels.com/hotel-directory/hotel-directory.html,Hotel Directory | Sarovar Hotels | Top corporate hotels in India | Sarovar Hotels,false,false,missing_meta_description
/amex-offer-terms-and-conditions.html,200,200,0,129,https://www.sarovarhotels.com/amex-offer-terms-and-conditions.html,AMEX Offer Terms and Conditions | Sarovar Hotels Private Limited | Sarovar Hotels,false,false,missing_meta_description
/disclaimer.html,200,200,0,123,https://www.sarovarhotels.com/disclaimer.html,Disclaimer | Sarovar Hotels - India's Leading Hotel Chain | Sarovar Hotels,false,false,missing_meta_description
/elder-stay-package.html,200,200,0,118,https://www.sarovarhotels.com/elder-stay-package.html,Elder stay package | Sarovar Hotels - India's Leading Hotel Chain | Sarovar Hotels,false,false,missing_meta_description
/foodgully.html,200,200,0,117,,Page does not exist | Sarovar Hotels,false,false,missing_meta_description|missing_canonical
/golden-tulip.html,200,200,0,122,https://www.sarovarhotels.com/golden-tulip.html,Golden Tulip | Sarovar Hotels - India's Leading Hotel Chain | Sarovar Hotels,false,false,missing_meta_description
/happiness-sarovar.html,200,200,0,110,https://www.sarovarhotels.com/happiness-sarovar.html,Happiness @ Sarovar | Sarovar Hotels | Leading Hotels in India | Sarovar Hotels,false,false,missing_meta_description
/manage-booking.html,200,200,0,118,https://www.sarovarhotels.com/manage-booking.html,Manage Booking | Sarovar Hotels & Resorts | Sarovar Hotels,false,false,missing_meta_description
/offers.html,200,200,0,108,https://www.sarovarhotels.com/offers.html,Exclusive Offers at Sarovar Hotels | Sarovar Hotels,false,false,missing_meta_description
/mountain-destinations.html,200,200,0,113,https://www.sarovarhotels.com/mountain-destinations.html,Mountain Destinations | Sarovar Hotels - India's Leading Hotel Chain | Sarovar Hotels,false,false,missing_meta_description
/opening-soon.html,200,200,0,110,https://www.sarovarhotels.com/opening-soon.html,Opening Soon | Sarovar Hotels Private Limited - India's Leading Hotel Chain | Sarovar Hotels,false,false,missing_meta_description
/secretarial.html,200,200,0,110,https://www.sarovarhotels.com/secretarial.html,Secretarial | Sarovar Hotels Private Limited - India's Leading Hotel Chain | Sarovar Hotels,false,false,missing_meta_description
/sitemap.html,200,200,0,106,https://www.sarovarhotels.com/sitemap.html,Sitemap | Sarovar Hotels | Leading Hotels Chain in India | Sarovar Hotels,false,false,missing_meta_description
/weddings.html,200,200,0,104,https://www.sarovarhotels.com/weddings.html,Weddings | Sarovar Hotels Private Limited - India's Leading Hotel Chain | Sarovar Hotels,false,false,missing_meta_description
/awards/awards.html,200,200,0,105,https://www.sarovarhotels.com/awards/awards.html,Awards | Sarovar Hotels | Leading Hotels in India | Sarovar Hotels,false,false,missing_meta_description
/beyond-consultancy/beyond-consultancy.html,200,200,0,108,https://www.sarovarhotels.com/beyond-consultancy/beyond-consultancy.html,Institutional Hospitality | Sarovar Hotels | Top Hotels in India | Sarovar Hotels,false,false,missing_meta_description
/experiences/business-hotels.html,200,200,0,108,https://www.sarovarhotels.com/experiences/business-hotels.html,Business Hotels | Sarovar Hotels | Leading Hotels in India | Sarovar Hotels,false,false,missing_meta_description
/experiences/pilgrimage-hotels.html,200,200,0,109,https://www.sarovarhotels.com/experiences/pilgrimage-hotels.html,Pilgrimage Hotels | Sarovar Hotels - India's Leading Hotel Chain | Sarovar Hotels,false,false,missing_meta_description
/experiences/leisure-hotels.html,200,200,0,113,https://www.sarovarhotels.com/experiences/leisure-hotels.html,Leisure Hotels | Sarovar Hotels | India's Leading Hotel Chain | Sarovar Hotels,false,false,missing_meta_description
/flash-sale/flash-sale.html,200,200,0,110,https://www.sarovarhotels.com/flash-sale/flash-sale.html,Flash Sale | Sarovar Hotels - India's Leading Hotel Chain | Sarovar Hotels,false,false,missing_meta_description
/happiness-sarovar/get-the-best-weekend-weekdays-offer-at-our-mashobra-hotel.html,200,200,0,111,https://www.sarovarhotels.com/happiness-sarovar/get-the-best-weekend-weekdays-offer-at-our-mashobra-hotel.html,Poetree Sarovar Portico | Sarovar Hotels | Leading Hotel Chain | Sarovar Hotels,false,false,missing_meta_description
/happiness-sarovar/rs-sarovar-portico---summer-holiday-offers.html,200,200,0,110,https://www.sarovarhotels.com/happiness-sarovar/rs-sarovar-portico---summer-holiday-offers.html,RS Sarovar Portico | Sarovar Hotels | India's Leading Hotel Chain | Sarovar Hotels,false,false,missing_meta_description
/home-delivery/home-delivery.html,200,200,0,107,https://www.sarovarhotels.com/home-delivery/home-delivery.html,Home Delivery | Sarovar Hotels - India's Leading Hotel Chain | Sarovar Hotels,false,false,missing_meta_description
/lywwh/city-package.html,200,200,0,115,https://www.sarovarhotels.com/lywwh/city-package.html,City Package | Sarovar Hotels - India's Leading Hotel Chain | Sarovar Hotels,false,false,missing_meta_description
/lywwh/estuary-sarovar-premiere-poovar.html,200,200,0,103,https://www.sarovarhotels.com/lywwh/estuary-sarovar-premiere-poovar.html,"Estuary Sarovar Premiere, Poovar | Sarovar Hotels - India's Leading Hotel Chain | Sarovar Hotels",false,false,missing_meta_description
/newsletter/newsletter.html,200,200,0,99,https://www.sarovarhotels.com/newsletter/newsletter.html,Newsletter | Sarovar Hotels | Leading Hotel Chain in India | Sarovar Hotels,false,false,missing_meta_description
/newsroom/newsroom.html,200,200,0,104,https://www.sarovarhotels.com/newsroom/newsroom.html,Newsroom | Sarovar Hotels | Leading chain of hotels in India | Sarovar Hotels,false,false,missing_meta_description
/offers/mice-offers.html,404,404,0,97,,,false,false,bad_status:404
/offers/sarovar-hotels-x-fly91.html,404,404,0,96,,,false,false,bad_status:404
/offers/why-book-direct.html,404,404,0,96,,,false,false,bad_status:404
/partner-with-us/corporate-travel-agents.html,200,200,0,99,https://www.sarovarhotels.com/partner-with-us/corporate-travel-agents.html,Corporate & Travel Agents | Sarovar Hotels Private Limited - India's Leading Hotel Chain | Sarovar Hotels,false,false,missing_meta_description
/partner-with-us/hotel-partner.html,200,200,0,104,https://www.sarovarhotels.com/partner-with-us/hotel-partner.html,Partner With Us | Sarovar Hotels | 3 star Hotels in India | Sarovar Hotels,false,false,missing_meta_description
/privacy-policy/privacy-policy.html,200,200,0,106,https://www.sarovarhotels.com/privacy-policy/privacy-policy.html,Privacy Policy | Sarovar Hotels | Best Hotels in India | Sarovar Hotels,false,false,missing_meta_description
/partner-with-us/vendors-and-suppliers.html,200,200,0,115,https://www.sarovarhotels.com/partner-with-us/vendors-and-suppliers.html,Vendors and Suppliers | Sarovar Hotels | Partner With Us | Sarovar Hotels,false,false,missing_meta_description
/spin-and-win/spin-and-win.html,200,200,0,115,https://www.sarovarhotels.com/spin-and-win/spin-and-win.html,Spin and Win | Sarovar Hotels Private Limited - India's Leading Hotel Chain | | Sarovar Hotels,false,false,missing_meta_description
/terms-and-conditions/terms-and-conditions.html,200,200,0,115,https://www.sarovarhotels.com/terms-and-conditions/terms-and-conditions.html,Terms and Conditions | Sarovar Hotels Private Limited - India's Leading Hotel Chain | | Sarovar Hotels,false,false,missing_meta_description
/weddings/terms-conditions-of-wedding-packages.html,200,200,0,116,https://www.sarovarhotels.com/weddings/terms-conditions-of-wedding-packages.html,Wedding Packages in India | Sarovar Hotels Private Limited - India's Leading Hotel Chain | Sarovar Hotels,false,false,missing_meta_description
/summer-offer/special-summer-offer.html,200,200,0,122,https://www.sarovarhotels.com/summer-offer/special-summer-offer.html,Summer Offer | Sarovar Hotels | Weekend Getaway | Sarovar Hotels,false,false,missing_meta_description
/blog/blogs-an-escape-to-poovar-island,200,200,0,121,,A Wonderful Trip to Poovar Island | Sarovar Hotels | Sarovar Hotels,false,false,missing_meta_description|missing_canonical
/blog/blogs-beautiful-locations-to-get-married-in-this-summer,200,200,0,132,,Beautiful Summer Locations To Get Married In | Wedding Destinations in india | Sarovar Hotels,false,false,missing_meta_description|missing_canonical
/blog/blogs-best-beaches-to-visit-in-goa,200,200,0,126,,Best Beaches To Visit In Goa | Sarovar Hotels | Goa Hotels | Sarovar Hotels,false,false,missing_meta_description|missing_canonical
/blog/blogs-best-destinations-for-drivable-holidays-over-long-weekends,200,200,0,122,,Best Destinations for Holidays over Long Weekends|Sarovar | Sarovar Hotels,false,false,missing_meta_description|missing_canonical
/blog/blogs-best-places-to-visit-in-agra,200,200,0,113,,Best places to visit in Agra | Sarovar Hotels - India's Leading Hotel Chain | Sarovar Hotels,false,false,missing_meta_description|missing_canonical
/blog/blogs-best-summer-destinations-in-india,200,200,0,103,,Best Summer Destinations in India | Hill Stations of North India | Sarovar Hotels,false,false,missing_meta_description|missing_canonical
/blog/blogs-enjoy-divine-experience-in-mathura,200,200,0,105,,Enjoy Divine Experience in Mathura | Sarovar Hotels - India's Leading Hotel Chain | Sarovar Hotels,false,false,missing_meta_description|missing_canonical
/blog/blogs-easter-recipe,200,200,0,114,,Easter Recipe | Sarovar Hotels - India's Leading Hotel Chain | Sarovar Hotels,false,false,missing_meta_description|missing_canonical
/blog/blogs-experience-chandigarh-culture-food-architecture,200,200,0,110,,Experience Chandigarh | Sarovar Hotels |India's Leading Hotel Chain | Sarovar Hotels,false,false,missing_meta_description|missing_canonical
/blog/blogs-experience-mashobra-with-marigold-sarovar-portico,200,200,0,118,,Experience Mashobra with Marigold Sarovar Portico |Resorts in Mashobra | Sarovar Hotels,false,false,missing_meta_description|missing_canonical
/blog/blogs-experience-the-best-attractions-of-kerala,200,200,0,118,,Sarovar Hotels in Kerala | Best Places to Visit In Kerala | Sarovar Hotels,false,false,missing_meta_description|missing_canonical
/blog/blogs-experience-the-glorious-past-of-agra-with-sarovar-hotels,200,200,0,114,,Agra Hotels | Royale Sarovar Portico | Best Agra Hotels | Sarovar Hotels,false,false,missing_meta_description|missing_canonical
/blog/blogs-explore-the-beauty-of-jaisalmer,200,200,0,114,,Explore The Beauty of Jaisalmer | Sarovar Hotels - India's Leading Hotel Chain | Sarovar Hotels,false,false,missing_meta_description|missing_canonical
/blog/blogs-experiential-things-to-do-in-bhimtal,200,200,0,119,,Experiential Things to Do in Bhimtal | Bhimtal Lake | Sarovar Hotels,false,false,missing_meta_description|missing_canonical
/blog/blogs-explore-the-best-of-palampur,200,200,0,117,,Explore The Best Of Palampur | Sarovar Hotels | Best Hotels in Palampur | Sarovar Hotels,false,false,missing_meta_description|missing_canonical
/blog/blogs-explore-the-city-of-jhansi,200,200,0,111,,Explore the City of Jhansi | Sarovar Hotels - India's Leading Hotel Chain | Sarovar Hotels,false,false,missing_meta_description|missing_canonical
/blog/blogs-explore-the-rich-heritage-of-pondicherry-with-sarovar-hotels,200,200,0,110,,Explore Pondicherry | Sarovar Hotels | Hotels in Pondicherry | Sarovar Hotels,false,false,missing_meta_description|missing_canonical
/blog/blogs-explore-the-royal-capital-of-rajasthan,200,200,0,110,,Explore the Royal Capital of Rajasthan | Sarovar Hotels - India's Leading Hotel Chain | Sarovar Hotels,false,false,missing_meta_description|missing_canonical
/blog/blogs-following-the-food-trail-in-gujarat,200,200,0,110,,Following the Food Trail in Gujarat | Gujarati Food | Sarovar Hotels | Sarovar Hotels,false,false,missing_meta_description|missing_canonical
/blog/blogs-food-trail-through-north-east-india,200,200,0,107,,Food Trail Through North East India | Food of North East India | Sarovar Hotels,false,false,missing_meta_description|missing_canonical
/blog/blogs-hidden-gems-of-andhra-pradesh-that-you-must-visit,200,200,0,108,,Hidden Gems of Andhra Pradesh | Weekend Getaways in Andhra Pradesh | Sarovar Hotels,false,false,missing_meta_description|missing_canonical
/blog/blogs-india-during-monsoons,200,200,0,108,,India During Monsoons | Sarovar Hotels - India's Leading Hotel Chain | Sarovar Hotels,false,false,missing_meta_description|missing_canonical
/blog/blogs-hidden-gems-sasan-gir-junagadh-jaisalmer-and-south-goa,200,200,0,114,,Sasan Gir | Junagadh | Colva Beach | Jaisalmer Fort | Hidden Gems | Sarovar Hotels,false,false,missing_meta_description|missing_canonical
/blog/blogs-mashobra-a-safe-place-to-travel-to,200,200,0,111,,Marvel at the Monsoon in Mashobra | Sarovar Hotels - India's Leading Hotel Chain | Sarovar Hotels,false,false,missing_meta_description|missing_canonical
/blog/blogs-most-popular-places-to-visit-in-jaipur,200,200,0,115,,Most Popular Places to Visit in Jaipur | Sarovar Hotels - India's Leading Hotel Chain | Sarovar Hotels,false,false,missing_meta_description|missing_canonical
/blog/blogs-nutritious-homemade-meals-with-sarovars-ghar-ka-khana,200,200,0,113,,Ghar Ka Khana | Benefits of Homemade Food | Sarovar Hotels,false,false,missing_meta_description|missing_canonical
/blog/blogs-places-to-visit-in-maharashtra-this-monsoon,200,200,0,112,,Places to Visit in Maharashtra This Monsoon | Vacation in Maharashtra | Sarovar Hotels,false,false,missing_meta_description|missing_canonical
/blog/blogs-rajasthan-a-unique-summer-destination-in-india,200,200,0,113,,Rajasthan - A Unique Summer Destination in India | Sarovar Hotels | Sarovar Hotels,false,false,missing_meta_description|missing_canonical
/blog/blogs-rediscover-india-delhi-ncr,200,200,0,109,,Rediscover India - Delhi & NCR | Sarovar Hotels - India's Leading Hotel Chain | Sarovar Hotels,false,false,missing_meta_description|missing_canonical
/blog/blogs-rediscover-india-dibrugarh,200,200,0,108,,Rediscover India - Dibrugarh | Trip to Assam | Visit to Assam | Sarovar Hotels,false,false,missing_meta_description|missing_canonical
/blog/blogs-rediscover-india-bodhgaya,200,200,0,124,,Rediscover India - Bodhgaya | Sarovar Hotels - India's Leading Hotel Chain | Sarovar Hotels,false,false,missing_meta_description|missing_canonical
/blog/blogs-rediscover-india-jaisalmer,200,200,0,102,,Rediscover India - Jaisalmer | Sarovar Hotels - India's Leading Hotel Chain | Sarovar Hotels,false,false,missing_meta_description|missing_canonical
/blog/blogs-rediscover-india-mussoorie,200,200,0,106,,Rediscover India - Mussoorie | Sarovar Hotels - India's Leading Hotel Chain | Sarovar Hotels,false,false,missing_meta_description|missing_canonical
/blog/blogs-rediscover-india-palampur,200,200,0,105,,Rediscover India - Palampur | Things to do in Palampur | Palampur Attractions | Sarovar Hotels,false,false,missing_meta_description|missing_canonical
/blog/blogs-rejoice-amid-the-ethereal-vistas-of-shimla,200,200,0,118,,Rejoice amid the ethereal vistas of Shimla | Sarovar Hotels - India's Leading Hotel Chain | Sarovar Hotels,false,false,missing_meta_description|missing_canonical
/blog/blogs-revel-in-the-mesmerizing-beauty-of-gangtok,200,200,0,109,,Revel in the mesmerizing beauty of Gangtok | Sarovar Hotels - India's Leading Hotel Chain | Sarovar Hotels,false,false,missing_meta_description|missing_canonical
/blog/blogs-romantic-things-to-do-during-valentines-day,200,200,0,122,,Romantic Things to do this Valentine's Day | Sarovar Hotels - India's Leading Hotel Chain | Sarovar Hotels,false,false,missing_meta_description|missing_canonical
/blog/blogs-take-your-life-on-a-holiday-drive-down-kerala-getaway-awaits,200,200,0,120,,Car-cation through Kerala! | Sarovar Hotels - India's Leading Hotel Chain | Sarovar Hotels,false,false,missing_meta_description|missing_canonical
/blog/blogs-the-alluring-poovar-island,200,200,0,119,,The Alluring Poovar Island | Things to Do in Trivandrum | Sarovar Hotels,false,false,missing_meta_description|missing_canonical
/blog/blogs-things-to-do-in-vaishali-corporate-business-hubs,200,200,0,112,,Things to do in Vaishali | Sarovar Hotels - India's Leading Hotel Chain | Sarovar Hotels,false,false,missing_meta_description|missing_canonical
/blog/blogs-the-mountains-beckon-this-january,200,200,0,120,,The Mountains Beackon this January | Sarovar Hotels - India's Leading Hotel Chain | Sarovar Hotels,false,false,missing_meta_description|missing_canonical
/blog/blogs-top-5-places-to-explore-in-mashobra,200,200,0,114,,Top 5 Places To Explore In Mashobra | Sarovar Hotels - India's Leading Hotel Chain | Sarovar Hotels,false,false,missing_meta_description|missing_canonical
/blog/blogs-top-5-places-to-visit-in-kerala-with-sarovar-hotels,200,200,0,122,,Top 5 Places to Visit In Kerala | Sarovar Hotels | Hotels in Kerala | Sarovar Hotels,false,false,missing_meta_description|missing_canonical
/blog/blogs-tourists-guide-and-top-attractions-in-new-delhi,200,200,0,123,,Tourist's guide and top attractions in New Delhi | Sarovar Hotels - India's Leading Hotel Chain | Sarovar Hotels,false,false,missing_meta_description|missing_canonical
/blog/blogs-travel-restrictions-across-india,200,200,0,112,,Travel Restrictions Across India | Sarovar Hotels - India's Leading Hotel Chain | Sarovar Hotels,false,false,missing_meta_description|missing_canonical
/blog/blogs-workation-destinations-in-india,200,200,0,118,,Workation Destinations in India | Sarovar Workations | Sarovar Hotels,false,false,missing_meta_description|missing_canonical
/offers,200,200,0,117,,Offers & Packages | Sarovar Hotels,true,false,missing_canonical
/,200,200,0,135,,Sarovar Hotels — Where Every Stay Feels Personal,true,false,missing_canonical
/blog,200,200,0,131,,Blog & Travel Guides | Sarovar Hotels,true,false,missing_canonical
/destinations,200,200,0,141,,Destinations | Sarovar Hotels,true,false,missing_canonical
/weddings-events,200,200,0,144,,Weddings & Events | Sarovar Hotels,true,false,missing_canonical
/hotels,200,200,0,182,,Hotels | Sarovar Hotels,true,false,missing_canonical
