source_path,new_path,status,notes
/destinations/delhi,/hotels-in-delhi,200,
/destinations/jaipur,/hotels-in-jaipur,200,
/our-destinations/hotels-in-jaipur.html,/hotels-in-jaipur,308->200,redirected to /hotels-in-jaipur
/destinations/goa,/hotels-in-goa,200,
/our-destinations/hotels-in-goa.html,/hotels-in-goa,308->200,redirected to /hotels-in-goa
/destinations/mumbai,/hotels-in-mumbai,200,
/our-destinations/hotels-in-mumbai.html,/hotels-in-mumbai,308->200,redirected to /hotels-in-mumbai
/destinations/shimla,/hotels-in-shimla,200,
/destinations/rishikesh,/hotels-in-rishikesh,200,
/destinations/jim-corbett,/hotels-in-jim-corbett,200,
/our-destinations/hotels-in-jim-corbett.html,/hotels-in-jim-corbett,308->200,redirected to /hotels-in-jim-corbett
/destinations/ahmedabad,/hotels-in-ahmedabad,200,
/our-destinations/hotels-in-ahmedabad.html,/hotels-in-ahmedabad,308->200,redirected to /hotels-in-ahmedabad
/destinations/agra,/hotels-in-agra,200,
/our-destinations/hotels-in-agra.html,/hotels-in-agra,308->200,redirected to /hotels-in-agra
/destinations/dibrugarh,/hotels-in-dibrugarh,200,
/our-destinations/hotels-in-dibrugarh.html,/hotels-in-dibrugarh,308->200,redirected to /hotels-in-dibrugarh
/destinations/faridabad,/hotels-in-faridabad,200,
/our-destinations/hotels-in-faridabad.html,/hotels-in-faridabad,308->200,redirected to /hotels-in-faridabad
/destinations/ghaziabad-vaishali,/hotels-in-ghaziabad-vaishali,200,
/our-destinations/hotels-in-ghaziabad--vaishali.html,/hotels-in-ghaziabad-vaishali,308->200,redirected to /hotels-in-ghaziabad-vaishali
/destinations/gandhidham,/hotels-in-gandhidham,200,
/our-destinations/hotels-in-gandhidham.html,/hotels-in-gandhidham,308->200,redirected to /hotels-in-gandhidham
/destinations/gorakhpur,/hotels-in-gorakhpur,200,
/our-destinations/hotels-in-gorakhpur.html,/hotels-in-gorakhpur,308->200,redirected to /hotels-in-gorakhpur
/destinations/hanumangarh,/hotels-in-hanumangarh,200,
/our-destinations/hotels-in-hanumangarh.html,/hotels-in-hanumangarh,308->200,redirected to /hotels-in-hanumangarh
/destinations/gurugram,/hotels-in-gurugram,200,
/our-destinations/hotels-in-gurugram.html,/hotels-in-gurugram,308->200,redirected to /hotels-in-gurugram
/destinations/hargeisa,/hotels-in-hargeisa,200,
/our-destinations/hotels-in-hargeisa.html,/hotels-in-hargeisa,308->200,redirected to /hotels-in-hargeisa
/destinations/haridwar,/hotels-in-haridwar,200,
/our-destinations/hotels-in-haridwar.html,/hotels-in-haridwar,308->200,redirected to /hotels-in-haridwar
/destinations/hyderabad,/hotels-in-hyderabad,200,
/our-destinations/hotels-in-hyderabad.html,/hotels-in-hyderabad,308->200,redirected to /hotels-in-hyderabad
/destinations/indore,/hotels-in-indore,200,
/our-destinations/hotels-in-indore.html,/hotels-in-indore,308->200,redirected to /hotels-in-indore
/destinations/jalandhar,/hotels-in-jalandhar,200,
/our-destinations/hotels-in-jalandhar.html,/hotels-in-jalandhar,308->200,redirected to /hotels-in-jalandhar
/destinations/jaisalmer,/hotels-in-jaisalmer,200,
/our-destinations/hotels-in-jaisalmer.html,/hotels-in-jaisalmer,308->200,redirected to /hotels-in-jaisalmer
/destinations/jammu,/hotels-in-jammu,200,
/our-destinations/hotels-in-jammu.html,/hotels-in-jammu,308->200,redirected to /hotels-in-jammu
/destinations/jhansi,/hotels-in-jhansi,200,
/our-destinations/hotels-in-jhansi.html,/hotels-in-jhansi,308->200,redirected to /hotels-in-jhansi
/destinations/jodhpur,/hotels-in-jodhpur,200,
/our-destinations/hotels-in-jodhpur.html,/hotels-in-jodhpur,308->200,redirected to /hotels-in-jodhpur
/destinations/junagadh,/hotels-in-junagadh,200,
/our-destinations/hotels-in-junagadh.html,/hotels-in-junagadh,308->200,redirected to /hotels-in-junagadh
/destinations/kathmandu,/hotels-in-kathmandu,200,
/our-destinations/hotels-in-kathmandu.html,/hotels-in-kathmandu,308->200,redirected to /hotels-in-kathmandu
/destinations/kampala,/hotels-in-kampala,200,
/our-destinations/hotels-in-kampala.html,/hotels-in-kampala,308->200,redirected to /hotels-in-kampala
/destinations/katra,/hotels-in-katra,200,
/our-destinations/hotels-in-katra.html,/hotels-in-katra,308->200,redirected to /hotels-in-katra
/destinations/kochi,/hotels-in-kochi,200,
/our-destinations/hotels-in-kochi.html,/hotels-in-kochi,308->200,redirected to /hotels-in-kochi
/destinations/kolkata,/hotels-in-kolkata,200,
/our-destinations/hotels-in-kolkata.html,/hotels-in-kolkata,308->200,redirected to /hotels-in-kolkata
/destinations/kota,/hotels-in-kota,200,
/our-destinations/hotels-in-kota.html,/hotels-in-kota,308->200,redirected to /hotels-in-kota
/destinations/lucknow,/hotels-in-lucknow,200,
/our-destinations/hotels-in-lucknow.html,/hotels-in-lucknow,308->200,redirected to /hotels-in-lucknow
/destinations/latur,/hotels-in-latur,200,
/our-destinations/hotels-in-latur.html,/hotels-in-latur,308->200,redirected to /hotels-in-latur
/destinations/ludhiana,/hotels-in-ludhiana,200,
/our-destinations/hotels-in-ludhiana.html,/hotels-in-ludhiana,308->200,redirected to /hotels-in-ludhiana
/destinations/manali,/hotels-in-manali,200,
/our-destinations/hotels-in-manali.html,/hotels-in-manali,308->200,redirected to /hotels-in-manali
/destinations/lusaka-zambia,/hotels-in-lusaka-zambia,200,
/our-destinations/hotels-in-lusaka---zambia.html,/hotels-in-lusaka-zambia,308->200,redirected to /hotels-in-lusaka-zambia
/destinations/mathura-vrindavan,/hotels-in-mathura-vrindavan,200,
/our-destinations/hotels-in-mathura---vrindavan.html,/hotels-in-mathura-vrindavan,308->200,redirected to /hotels-in-mathura-vrindavan
/destinations/mashobra-shimla,/hotels-in-mashobra-shimla,200,
/our-destinations/hotels-in-mashobra-shimla.html,/hotels-in-mashobra-shimla,308->200,redirected to /hotels-in-mashobra-shimla
/destinations/morbi,/hotels-in-morbi,200,
/our-destinations/hotels-in-morbi.html,/hotels-in-morbi,308->200,redirected to /hotels-in-morbi
/destinations/mussoorie,/hotels-in-mussoorie,200,
/our-destinations/hotels-in-mussoorie.html,/hotels-in-mussoorie,308->200,redirected to /hotels-in-mussoorie
/destinations/mysore,/hotels-in-mysore,200,
/our-destinations/hotels-in-mysore.html,/hotels-in-mysore,308->200,redirected to /hotels-in-mysore
/destinations/nairobi-kenya,/hotels-in-nairobi-kenya,200,
/our-destinations/hotels-in-nairobi-kenya.html,/hotels-in-nairobi-kenya,308->200,redirected to /hotels-in-nairobi-kenya
/destinations/new-delhi,/hotels-in-new-delhi,200,
/our-destinations/hotels-in-new-delhi.html,/hotels-in-new-delhi,308->200,redirected to /hotels-in-new-delhi
/destinations/noida,/hotels-in-noida,200,
/our-destinations/hotels-in-noida.html,/hotels-in-noida,308->200,redirected to /hotels-in-noida
/destinations/orai,/hotels-in-orai,200,
/our-destinations/hotels-in-orai.html,/hotels-in-orai,308->200,redirected to /hotels-in-orai
/destinations/pahalgam,/hotels-in-pahalgam,200,
/our-destinations/hotels-in-pahalgam.html,/hotels-in-pahalgam,308->200,redirected to /hotels-in-pahalgam
/destinations/panipat,/hotels-in-panipat,200,
/our-destinations/hotels-in-panipat.html,/hotels-in-panipat,308->200,redirected to /hotels-in-panipat
/destinations/palampur,/hotels-in-palampur,200,
/our-destinations/hotels-in-palampur.html,/hotels-in-palampur,308->200,redirected to /hotels-in-palampur
/destinations/patkote,/hotels-in-patkote,200,
/our-destinations/hotels-in-patkote.html,/hotels-in-patkote,308->200,redirected to /hotels-in-patkote
/destinations/pathankot,/hotels-in-pathankot,200,
/our-destinations/hotels-in-pathankot.html,/hotels-in-pathankot,308->200,redirected to /hotels-in-pathankot
/destinations/pondicherry,/hotels-in-pondicherry,200,
/our-destinations/hotels-in-pondicherry.html,/hotels-in-pondicherry,308->200,redirected to /hotels-in-pondicherry
/destinations/pilibhit,/hotels-in-pilibhit,200,
/our-destinations/hotels-in-pilibhit.html,/hotels-in-pilibhit,308->200,redirected to /hotels-in-pilibhit
/destinations/raipur,/hotels-in-raipur,200,
/our-destinations/hotels-in-raipur.html,/hotels-in-raipur,308->200,redirected to /hotels-in-raipur
/destinations/poovar-island-kerala,/hotels-in-poovar-island-kerala,200,
/our-destinations/hotels-in-poovar-island---kerala.html,/hotels-in-poovar-island-kerala,308->200,redirected to /hotels-in-poovar-island-kerala
/destinations/ranchi,/hotels-in-ranchi,200,
/our-destinations/hotels-in-ranchi.html,/hotels-in-ranchi,308->200,redirected to /hotels-in-ranchi
/destinations/rajkot,/hotels-in-rajkot,200,
/our-destinations/hotels-in-rajkot.html,/hotels-in-rajkot,308->200,redirected to /hotels-in-rajkot
/destinations/roorkee,/hotels-in-roorkee,200,
/our-destinations/hotels-in-roorkee.html,/hotels-in-roorkee,308->200,redirected to /hotels-in-roorkee
/destinations/saharanpur,/hotels-in-saharanpur,200,
/our-destinations/hotels-in-saharanpur.html,/hotels-in-saharanpur,308->200,redirected to /hotels-in-saharanpur
/destinations/secunderabad,/hotels-in-secunderabad,200,
/our-destinations/hotels-in-secunderabad.html,/hotels-in-secunderabad,308->200,redirected to /hotels-in-secunderabad
/destinations/shrawasti,/hotels-in-shrawasti,200,
/our-destinations/hotels-in-shrawasti.html,/hotels-in-shrawasti,308->200,redirected to /hotels-in-shrawasti
/destinations/siliguri,/hotels-in-siliguri,200,
/our-destinations/hotels-in-siliguri.html,/hotels-in-siliguri,308->200,redirected to /hotels-in-siliguri
/destinations/sindhudurg,/hotels-in-sindhudurg,200,
/our-destinations/hotels-in-sindhudurg.html,/hotels-in-sindhudurg,308->200,redirected to /hotels-in-sindhudurg
/destinations/solapur,/hotels-in-solapur,200,
/our-destinations/hotels-in-solapur.html,/hotels-in-solapur,308->200,redirected to /hotels-in-solapur
/destinations/somnath,/hotels-in-somnath,200,
/our-destinations/hotels-in-somnath.html,/hotels-in-somnath,308->200,redirected to /hotels-in-somnath
/destinations/sonipat,/hotels-in-sonipat,200,
/our-destinations/hotels-in-sonipat.html,/hotels-in-sonipat,308->200,redirected to /hotels-in-sonipat
/destinations/srinagar,/hotels-in-srinagar,200,
/our-destinations/hotels-in-srinagar.html,/hotels-in-srinagar,308->200,redirected to /hotels-in-srinagar
/destinations/sriperumbudur,/hotels-in-sriperumbudur,200,
/our-destinations/hotels-in-sriperumbudur.html,/hotels-in-sriperumbudur,308->200,redirected to /hotels-in-sriperumbudur
/destinations/thiruvananthapuram,/hotels-in-thiruvananthapuram,200,
/our-destinations/hotels-in-thiruvananthapuram.html,/hotels-in-thiruvananthapuram,308->200,redirected to /hotels-in-thiruvananthapuram
/destinations/udaipur,/hotels-in-udaipur,200,
/our-destinations/hotels-in-udaipur.html,/hotels-in-udaipur,308->200,redirected to /hotels-in-udaipur
/destinations/mahabalipuram,/hotels-in-mahabalipuram,200,
/our-destinations/hotel-in-mahabalipuram.html,/hotels-in-mahabalipuram,308->200,redirected to /hotels-in-mahabalipuram
/destinations/alwar,/hotels-in-alwar,200,
/our-destinations/hotels-in-alwar.html,/hotels-in-alwar,308->200,redirected to /hotels-in-alwar
/destinations/ajmer,/hotels-in-ajmer,200,
/our-destinations/hotels-in-ajmer.html,/hotels-in-ajmer,308->200,redirected to /hotels-in-ajmer
/destinations/amritsar,/hotels-in-amritsar,200,
/our-destinations/hotels-in-amritsar.html,/hotels-in-amritsar,308->200,redirected to /hotels-in-amritsar
/destinations/ayodhya,/hotels-in-ayodhya,200,
/our-destinations/hotels-in-ayodhya.html,/hotels-in-ayodhya,308->200,redirected to /hotels-in-ayodhya
/destinations/baddi,/hotels-in-baddi,200,
/our-destinations/hotels-in-baddi.html,/hotels-in-baddi,308->200,redirected to /hotels-in-baddi
/destinations/badrinath,/hotels-in-badrinath,200,
/our-destinations/hotels-in-badrinath.html,/hotels-in-badrinath,308->200,redirected to /hotels-in-badrinath
/destinations/bangalore-bengaluru,/hotels-in-bangalore-bengaluru,200,
/our-destinations/hotels-in-bangalore-bengaluru.html,/hotels-in-bangalore-bengaluru,308->200,redirected to /hotels-in-bangalore-bengaluru
/destinations/bhavnagar,/hotels-in-bhavnagar,200,
/our-destinations/hotels-in-bhavnagar.html,/hotels-in-bhavnagar,308->200,redirected to /hotels-in-bhavnagar
/destinations/bhiwadi,/hotels-in-bhiwadi,200,
/our-destinations/hotels-in-bhiwadi.html,/hotels-in-bhiwadi,308->200,redirected to /hotels-in-bhiwadi
/destinations/bhimtal,/hotels-in-bhimtal,200,
/our-destinations/hotels-in-bhimtal.html,/hotels-in-bhimtal,308->200,redirected to /hotels-in-bhimtal
/destinations/bhubaneswar,/hotels-in-bhubaneswar,200,
/our-destinations/hotels-in-bhubaneswar.html,/hotels-in-bhubaneswar,308->200,redirected to /hotels-in-bhubaneswar
/destinations/bhopal,/hotels-in-bhopal,200,
/our-destinations/hotels-in-bhopal.html,/hotels-in-bhopal,308->200,redirected to /hotels-in-bhopal
/destinations/birgunj-nepal,/hotels-in-birgunj-nepal,200,
/our-destinations/hotels-in-birgunj-nepal.html,/hotels-in-birgunj-nepal,308->200,redirected to /hotels-in-birgunj-nepal
/destinations/bodhgaya,/hotels-in-bodhgaya,200,
/our-destinations/hotels-in-bodhgaya.html,/hotels-in-bodhgaya,308->200,redirected to /hotels-in-bodhgaya
/destinations/chennai,/hotels-in-chennai,200,
/our-destinations/hotels-in-chennai.html,/hotels-in-chennai,308->200,redirected to /hotels-in-chennai
/destinations/chandigarh,/hotels-in-chandigarh,200,
/our-destinations/hotels-in-chandigarh.html,/hotels-in-chandigarh,308->200,redirected to /hotels-in-chandigarh
/destinations/chitwan-nepal,/hotels-in-chitwan-nepal,200,
/our-destinations/hotels-in-chitwan-nepal.html,/hotels-in-chitwan-nepal,308->200,redirected to /hotels-in-chitwan-nepal
/destinations/dalhousie,/hotels-in-dalhousie,200,
/our-destinations/hotels-in-dalhousie.html,/hotels-in-dalhousie,308->200,redirected to /hotels-in-dalhousie
/destinations/deoghar,/hotels-in-deoghar,200,
/our-destinations/hotels-in-deoghar.html,/hotels-in-deoghar,308->200,redirected to /hotels-in-deoghar
/destinations/dehradun,/hotels-in-dehradun,200,
/our-destinations/hotels-in-dehradun.html,/hotels-in-dehradun,308->200,redirected to /hotels-in-dehradun
/destinations/hosur,/hotels-in-hosur,200,
/our-destinations/hotels-in-hosur.html,/hotels-in-hosur,308->200,redirected to /hotels-in-hosur
/destinations/kakinada,/hotels-in-kakinada,200,
/our-destinations/hotels-in-kakinada.html,/hotels-in-kakinada,308->200,redirected to /hotels-in-kakinada
/destinations/navi-mumbai,/hotels-in-navi-mumbai,200,
/our-destinations/hotels-in-navi-mumbai.html,/hotels-in-navi-mumbai,308->200,redirected to /hotels-in-navi-mumbai
/destinations/sasan-gir,/hotels-in-sasan-gir,200,
/our-destinations/hotels-in-sasan-gir.html,/hotels-in-sasan-gir,308->200,redirected to /hotels-in-sasan-gir
/destinations/tirupati,/hotels-in-tirupati,200,
/our-destinations/hotels-in-tirupati.html,/hotels-in-tirupati,308->200,redirected to /hotels-in-tirupati
/hotels/sarovar-premiere-delhi,/hotels-in-delhi/sarovar-premiere-delhi,200,
/hotels/sarovar-portico-jaipur,/hotels-in-jaipur/sarovar-portico-jaipur,200,
/sarovar-portico-jaipur/,/hotels-in-jaipur/sarovar-portico-jaipur,308->404,"redirected to /sarovar-portico-jaipur, which itself failed"
/hotels/sarovar-premiere-goa-beach-resort,/hotels-in-goa/sarovar-premiere-goa-beach-resort,200,
/hotels/sarovar-portico-mumbai,/hotels-in-mumbai/sarovar-portico-mumbai,200,
/hotels/sarovar-regency-shimla,/hotels-in-shimla/sarovar-regency-shimla,200,
/hotels/sarovar-regency-rishikesh,/hotels-in-rishikesh/sarovar-regency-rishikesh,200,
/hotels/sarovar-portico-delhi-aerocity,/hotels-in-delhi/sarovar-portico-delhi-aerocity,200,
/hotels/sarovar-premiere-jaipur-heritage,/hotels-in-jaipur/sarovar-premiere-jaipur-heritage,200,
/hotels/abn-sarovar-portico-jim-corbett,/hotels-in-jim-corbett/abn-sarovar-portico-jim-corbett,200,
/abn-sarovar-portico-jim-corbett/,/hotels-in-jim-corbett/abn-sarovar-portico-jim-corbett,308->404,"redirected to /abn-sarovar-portico-jim-corbett, which itself failed"
/hotels/marigold-sarovar-portico-mashobra-shimla,/hotels-in-mashobra-shimla/marigold-sarovar-portico-mashobra-shimla,200,
/marigold-sarovar-portico-mashobra-shimla/,/hotels-in-mashobra-shimla/marigold-sarovar-portico-mashobra-shimla,308->404,"redirected to /marigold-sarovar-portico-mashobra-shimla, which itself failed"
/hotels/vandhara-sarovar-premiere-patkote,/hotels-in-patkote/vandhara-sarovar-premiere-patkote,200,
/vandhara-sarovar-premiere-patkote/,/hotels-in-patkote/vandhara-sarovar-premiere-patkote,308->404,"redirected to /vandhara-sarovar-premiere-patkote, which itself failed"
/hotels/aditya-hometel-hyderabad,/hotels-in-hyderabad/aditya-hometel-hyderabad,200,
/aditya-hometel-hyderabad/,/hotels-in-hyderabad/aditya-hometel-hyderabad,308->404,"redirected to /aditya-hometel-hyderabad, which itself failed"
/hotels/aditya-park-hyderabad,/hotels-in-hyderabad/aditya-park-hyderabad,200,
/aditya-park-hyderabad/,/hotels-in-hyderabad/aditya-park-hyderabad,308->404,"redirected to /aditya-park-hyderabad, which itself failed"
/hotels/ambrosia-sarovar-portico-haridwar,/hotels-in-haridwar/ambrosia-sarovar-portico-haridwar,200,
/ambrosia-sarovar-portico-haridwar/,/hotels-in-haridwar/ambrosia-sarovar-portico-haridwar,308->404,"redirected to /ambrosia-sarovar-portico-haridwar, which itself failed"
/hotels/ambar-sarovar-portico-gandhidham-hotel,/hotels-in-gandhidham/ambar-sarovar-portico-gandhidham-hotel,200,
/ambar-sarovar-portico-gandhidham-hotel/,/hotels-in-gandhidham/ambar-sarovar-portico-gandhidham-hotel,308->404,"redirected to /ambar-sarovar-portico-gandhidham-hotel, which itself failed"
/hotels/balaji-sarovar-premiere-solapur,/hotels-in-solapur/balaji-sarovar-premiere-solapur,200,
/balaji-sarovar-premiere-solapur/,/hotels-in-solapur/balaji-sarovar-premiere-solapur,308->404,"redirected to /balaji-sarovar-premiere-solapur, which itself failed"
/hotels/bamus-sarovar-portico-kampala,/hotels-in-kampala/bamus-sarovar-portico-kampala,200,
/bamus-sarovar-portico-kampala/,/hotels-in-kampala/bamus-sarovar-portico-kampala,308->404,"redirected to /bamus-sarovar-portico-kampala, which itself failed"
/hotels/bellevue-sarovar-premiere-junagadh,/hotels-in-junagadh/bellevue-sarovar-premiere-junagadh,200,
/bellevue-sarovar-premiere-junagadh/,/hotels-in-junagadh/bellevue-sarovar-premiere-junagadh,308->404,"redirected to /bellevue-sarovar-premiere-junagadh, which itself failed"
/hotels/classic-sarovar-portico-thiruvananthapuram,/hotels-in-thiruvananthapuram/classic-sarovar-portico-thiruvananthapuram,200,
/classic-sarovar-portico-thiruvananthapuram/,/hotels-in-thiruvananthapuram/classic-sarovar-portico-thiruvananthapuram,308->404,"redirected to /classic-sarovar-portico-thiruvananthapuram, which itself failed"
/hotels/delite-sarovar-portico-faridabad,/hotels-in-faridabad/delite-sarovar-portico-faridabad,200,
/delite-sarovar-portico-faridabad/,/hotels-in-faridabad/delite-sarovar-portico-faridabad,308->404,"redirected to /delite-sarovar-portico-faridabad, which itself failed"
/hotels/deventure-sarovar-portico--kapashera-new-delhi,/hotels-in-delhi/deventure-sarovar-portico--kapashera-new-delhi,200,
/deventure-sarovar-portico--kapashera-new-delhi/,/hotels-in-delhi/deventure-sarovar-portico--kapashera-new-delhi,308->404,"redirected to /deventure-sarovar-portico--kapashera-new-delhi, which itself failed"
/hotels/geeta-sarovar-portico-hotels-panipat,/hotels-in-panipat/geeta-sarovar-portico-hotels-panipat,200,
/geeta-sarovar-portico-hotels-panipat/,/hotels-in-panipat/geeta-sarovar-portico-hotels-panipat,308->404,"redirected to /geeta-sarovar-portico-hotels-panipat, which itself failed"
/hotels/golden-tulip-agra,/hotels-in-agra/golden-tulip-agra,200,
/golden-tulip-agra/,/hotels-in-agra/golden-tulip-agra,308->404,"redirected to /golden-tulip-agra, which itself failed"
/hotels/golden-tulip-jalandhar,/hotels-in-jalandhar/golden-tulip-jalandhar,200,
/golden-tulip-jalandhar/,/hotels-in-jalandhar/golden-tulip-jalandhar,308->404,"redirected to /golden-tulip-jalandhar, which itself failed"
/hotels/golden-tulip-lucknow,/hotels-in-lucknow/golden-tulip-lucknow,200,
/golden-tulip-lucknow/,/hotels-in-lucknow/golden-tulip-lucknow,308->404,"redirected to /golden-tulip-lucknow, which itself failed"
/hotels/golden-tulip-sector-80-gurugram,/hotels-in-gurugram/golden-tulip-sector-80-gurugram,200,
/golden-tulip-sector-80-gurugram/,/hotels-in-gurugram/golden-tulip-sector-80-gurugram,308->404,"redirected to /golden-tulip-sector-80-gurugram, which itself failed"
/hotels/golden-tulip-srinagar,/hotels-in-srinagar/golden-tulip-srinagar,200,
/golden-tulip-srinagar/,/hotels-in-srinagar/golden-tulip-srinagar,308->404,"redirected to /golden-tulip-srinagar, which itself failed"
/hotels/royal-sarovar-portico-siliguri,/hotels-in-siliguri/royal-sarovar-portico-siliguri,200,
/royal-sarovar-portico-siliguri/,/hotels-in-siliguri/royal-sarovar-portico-siliguri,308->404,"redirected to /royal-sarovar-portico-siliguri, which itself failed"
/hotels/royal-tulip-kathmandu-shivapuri-national-park,/hotels-in-kathmandu/royal-tulip-kathmandu-shivapuri-national-park,200,
/royal-tulip-kathmandu-shivapuri-national-park/,/hotels-in-kathmandu/royal-tulip-kathmandu-shivapuri-national-park,308->404,"redirected to /royal-tulip-kathmandu-shivapuri-national-park, which itself failed"
/hotels/royal-tulip-kathmandu,/hotels-in-kathmandu/royal-tulip-kathmandu,200,
/royal-tulip-kathmandu/,/hotels-in-kathmandu/royal-tulip-kathmandu,308->404,"redirected to /royal-tulip-kathmandu, which itself failed"
/hotels/royale-sarovar-portico-agra,/hotels-in-agra/royale-sarovar-portico-agra,200,
/royale-sarovar-portico-agra/,/hotels-in-agra/royale-sarovar-portico-agra,308->404,"redirected to /royale-sarovar-portico-agra, which itself failed"
/hotels/rs-sarovar-portico-palampur,/hotels-in-palampur/rs-sarovar-portico-palampur,200,
/rs-sarovar-portico-palampur/,/hotels-in-palampur/rs-sarovar-portico-palampur,308->404,"redirected to /rs-sarovar-portico-palampur, which itself failed"
/hotels/sairafort-sarovar-portico-jaisalmer,/hotels-in-jaisalmer/sairafort-sarovar-portico-jaisalmer,200,
/sairafort-sarovar-portico-jaisalmer/,/hotels-in-jaisalmer/sairafort-sarovar-portico-jaisalmer,308->404,"redirected to /sairafort-sarovar-portico-jaisalmer, which itself failed"
/hotels/sarovar-ahmedabad,/hotels-in-ahmedabad/sarovar-ahmedabad,200,
/sarovar-ahmedabad/,/hotels-in-ahmedabad/sarovar-ahmedabad,308->404,"redirected to /sarovar-ahmedabad, which itself failed"
/hotels/sarovar-portico-hanumangarh,/hotels-in-hanumangarh/sarovar-portico-hanumangarh,200,
/sarovar-portico-hanumangarh/,/hotels-in-hanumangarh/sarovar-portico-hanumangarh,308->404,"redirected to /sarovar-portico-hanumangarh, which itself failed"
/hotels/sarovar-portico-jalandhar,/hotels-in-jalandhar/sarovar-portico-jalandhar,200,
/sarovar-portico-jalandhar/,/hotels-in-jalandhar/sarovar-portico-jalandhar,308->404,"redirected to /sarovar-portico-jalandhar, which itself failed"
/hotels/sarovar-portico-kolkata-rajarhat,/hotels-in-kolkata/sarovar-portico-kolkata-rajarhat,200,
/sarovar-portico-kolkata-rajarhat/,/hotels-in-kolkata/sarovar-portico-kolkata-rajarhat,308->404,"redirected to /sarovar-portico-kolkata-rajarhat, which itself failed"
/hotels/sarovar-portico-morbi,/hotels-in-morbi/sarovar-portico-morbi,200,
/sarovar-portico-morbi/,/hotels-in-morbi/sarovar-portico-morbi,308->404,"redirected to /sarovar-portico-morbi, which itself failed"
/hotels/sarovar-portico-naraina-new-delhi,/hotels-in-delhi/sarovar-portico-naraina-new-delhi,200,
/sarovar-portico-naraina-new-delhi/,/hotels-in-delhi/sarovar-portico-naraina-new-delhi,308->404,"redirected to /sarovar-portico-naraina-new-delhi, which itself failed"
/hotels/sarovar-portico-saharanpur,/hotels-in-saharanpur/sarovar-portico-saharanpur,200,
/sarovar-portico-saharanpur/,/hotels-in-saharanpur/sarovar-portico-saharanpur,308->404,"redirected to /sarovar-portico-saharanpur, which itself failed"
/hotels/sarovar-portico-somnath,/hotels-in-somnath/sarovar-portico-somnath,200,
/sarovar-portico-somnath/,/hotels-in-somnath/sarovar-portico-somnath,308->404,"redirected to /sarovar-portico-somnath, which itself failed"
/hotels/sarovar-portico-sonipat,/hotels-in-sonipat/sarovar-portico-sonipat,200,
/sarovar-portico-sonipat/,/hotels-in-sonipat/sarovar-portico-sonipat,308->404,"redirected to /sarovar-portico-sonipat, which itself failed"
/hotels/sarovar-portico-srinagar,/hotels-in-srinagar/sarovar-portico-srinagar,200,
/sarovar-portico-srinagar/,/hotels-in-srinagar/sarovar-portico-srinagar,308->404,"redirected to /sarovar-portico-srinagar, which itself failed"
/hotels/sarovar-premiere-srinagar,/hotels-in-srinagar/sarovar-premiere-srinagar,200,
/sarovar-premiere-srinagar/,/hotels-in-srinagar/sarovar-premiere-srinagar,308->404,"redirected to /sarovar-premiere-srinagar, which itself failed"
/hotels/serene-premiere-hargeisa,/hotels-in-hargeisa/serene-premiere-hargeisa,200,
/serene-premiere-hargeisa/,/hotels-in-hargeisa/serene-premiere-hargeisa,308->404,"redirected to /serene-premiere-hargeisa, which itself failed"
/hotels/shyama-sarovar-portico-orai,/hotels-in-orai/shyama-sarovar-portico-orai,200,
/shyama-sarovar-portico-orai/,/hotels-in-orai/shyama-sarovar-portico-orai,308->404,"redirected to /shyama-sarovar-portico-orai, which itself failed"
/hotels/singhania-sarovar-portico-raipur,/hotels-in-raipur/singhania-sarovar-portico-raipur,200,
/singhania-sarovar-portico-raipur/,/hotels-in-raipur/singhania-sarovar-portico-raipur,308->404,"redirected to /singhania-sarovar-portico-raipur, which itself failed"
/hotels/taurus-hotel-mahipalpur-new-delhi,/hotels-in-delhi/taurus-hotel-mahipalpur-new-delhi,200,
/taurus-hotel-mahipalpur-new-delhi/,/hotels-in-delhi/taurus-hotel-mahipalpur-new-delhi,308->404,"redirected to /taurus-hotel-mahipalpur-new-delhi, which itself failed"
/hotels/the-ashtan-sarovar-portico-new-delhi,/hotels-in-delhi/the-ashtan-sarovar-portico-new-delhi,200,
/the-ashtan-sarovar-portico-new-delhi/,/hotels-in-delhi/the-ashtan-sarovar-portico-new-delhi,308->404,"redirected to /the-ashtan-sarovar-portico-new-delhi, which itself failed"
/hotels/the-gokulam-park-kochi,/hotels-in-kochi/the-gokulam-park-kochi,200,
/the-gokulam-park-kochi/,/hotels-in-kochi/the-gokulam-park-kochi,308->404,"redirected to /the-gokulam-park-kochi, which itself failed"
/hotels/the-muse-sarovar-portico-nehru-place-new-delhi,/hotels-in-delhi/the-muse-sarovar-portico-nehru-place-new-delhi,200,
/the-muse-sarovar-portico-nehru-place-new-delhi/,/hotels-in-delhi/the-muse-sarovar-portico-nehru-place-new-delhi,308->404,"redirected to /the-muse-sarovar-portico-nehru-place-new-delhi, which itself failed"
/hotels/the-promenade-pondicherry,/hotels-in-pondicherry/the-promenade-pondicherry,200,
/the-promenade-pondicherry/,/hotels-in-pondicherry/the-promenade-pondicherry,308->404,"redirected to /the-promenade-pondicherry, which itself failed"
/hotels/tulip-inn-gurugram-near-medanta,/hotels-in-gurugram/tulip-inn-gurugram-near-medanta,200,
/tulip-inn-gurugram-near-medanta/,/hotels-in-gurugram/tulip-inn-gurugram-near-medanta,308->404,"redirected to /tulip-inn-gurugram-near-medanta, which itself failed"
/hotels/vaishnodevi-portico-katra,/hotels-in-katra/vaishnodevi-portico-katra,200,
/vaishnodevi-portico-katra/,/hotels-in-katra/vaishnodevi-portico-katra,308->404,"redirected to /vaishnodevi-portico-katra, which itself failed"
/hotels/venizia-sarovar-portico-in-new-delhi,/hotels-in-delhi/venizia-sarovar-portico-in-new-delhi,200,
/venizia-sarovar-portico-in-new-delhi/,/hotels-in-delhi/venizia-sarovar-portico-in-new-delhi,308->404,"redirected to /venizia-sarovar-portico-in-new-delhi, which itself failed"
/hotels/viraj-sarovar-portico-jammu,/hotels-in-jammu/viraj-sarovar-portico-jammu,200,
/viraj-sarovar-portico-jammu/,/hotels-in-jammu/viraj-sarovar-portico-jammu,308->404,"redirected to /viraj-sarovar-portico-jammu, which itself failed"
/hotels/golden-tulip-udaipur,/hotels-in-udaipur/golden-tulip-udaipur,200,
/golden-tulip-udaipur/,/hotels-in-udaipur/golden-tulip-udaipur,308->404,"redirected to /golden-tulip-udaipur, which itself failed"
/hotels/golden-tulip-tirupati,/hotels-in-tirupati/golden-tulip-tirupati,200,
/golden-tulip-tirupati/,/hotels-in-tirupati/golden-tulip-tirupati,308->404,"redirected to /golden-tulip-tirupati, which itself failed"
/hotels/grand-continent-hosur,/hotels-in-hosur/grand-continent-hosur,200,
/grand-continent-hosur/,/hotels-in-hosur/grand-continent-hosur,308->404,"redirected to /grand-continent-hosur, which itself failed"
/hotels/grand-continent-mahabalipuram,/hotels-in-mahabalipuram/grand-continent-mahabalipuram,200,
/grand-continent-mahabalipuram/,/hotels-in-mahabalipuram/grand-continent-mahabalipuram,308->404,"redirected to /grand-continent-mahabalipuram, which itself failed"
/hotels/grand-continent-mysore,/hotels-in-mysore/grand-continent-mysore,200,
/grand-continent-mysore/,/hotels-in-mysore/grand-continent-mysore,308->404,"redirected to /grand-continent-mysore, which itself failed"
/hotels/grand-continent-secunderabad,/hotels-in-secunderabad/grand-continent-secunderabad,200,
/grand-continent-secunderabad/,/hotels-in-secunderabad/grand-continent-secunderabad,308->404,"redirected to /grand-continent-secunderabad, which itself failed"
/hotels/grand-portico-hotel-in-latur,/hotels-in-latur/grand-portico-hotel-in-latur,200,
/grand-portico-hotel-in-latur/,/hotels-in-latur/grand-portico-hotel-in-latur,308->404,"redirected to /grand-portico-hotel-in-latur, which itself failed"
/hotels/highland-sarovar-portico-sindhudurg,/hotels-in-sindhudurg/highland-sarovar-portico-sindhudurg,200,
/highland-sarovar-portico-sindhudurg/,/hotels-in-sindhudurg/highland-sarovar-portico-sindhudurg,308->404,"redirected to /highland-sarovar-portico-sindhudurg, which itself failed"
/hotels/hometel-alambagh-lucknow,/hotels-in-lucknow/hometel-alambagh-lucknow,200,
/hometel-alambagh-lucknow/,/hotels-in-lucknow/hometel-alambagh-lucknow,308->404,"redirected to /hometel-alambagh-lucknow, which itself failed"
/hotels/hometel-roorkee,/hotels-in-roorkee/hometel-roorkee,200,
/hometel-roorkee/,/hotels-in-roorkee/hometel-roorkee,308->404,"redirected to /hometel-roorkee, which itself failed"
/hotels/hometel-chandigarh,/hotels-in-chandigarh/hometel-chandigarh,200,
/hometel-chandigarh/,/hotels-in-chandigarh/hometel-chandigarh,308->404,"redirected to /hometel-chandigarh, which itself failed"
/hotels/hrj-sarovar-portico-indore,/hotels-in-indore/hrj-sarovar-portico-indore,200,
/hrj-sarovar-portico-indore/,/hotels-in-indore/hrj-sarovar-portico-indore,308->404,"redirected to /hrj-sarovar-portico-indore, which itself failed"
/hotels/iris-sarovar-portico-gurugram,/hotels-in-gurugram/iris-sarovar-portico-gurugram,200,
/iris-sarovar-portico-gurugram/,/hotels-in-gurugram/iris-sarovar-portico-gurugram,308->404,"redirected to /iris-sarovar-portico-gurugram, which itself failed"
/hotels/ishaan-sarovar-portico-deoghar,/hotels-in-deoghar/ishaan-sarovar-portico-deoghar,200,
/ishaan-sarovar-portico-deoghar/,/hotels-in-deoghar/ishaan-sarovar-portico-deoghar,308->404,"redirected to /ishaan-sarovar-portico-deoghar, which itself failed"
/hotels/lagoon-sarovar-premiere-pondicherry,/hotels-in-pondicherry/lagoon-sarovar-premiere-pondicherry,200,
/lagoon-sarovar-premiere-pondicherry/,/hotels-in-pondicherry/lagoon-sarovar-premiere-pondicherry,308->404,"redirected to /lagoon-sarovar-premiere-pondicherry, which itself failed"
/hotels/la-place-sarovar-portico-lucknow,/hotels-in-lucknow/la-place-sarovar-portico-lucknow,200,
/la-place-sarovar-portico-lucknow/,/hotels-in-lucknow/la-place-sarovar-portico-lucknow,308->404,"redirected to /la-place-sarovar-portico-lucknow, which itself failed"
/hotels/le-dupleix-pondicherry,/hotels-in-pondicherry/le-dupleix-pondicherry,200,
/le-dupleix-pondicherry/,/hotels-in-pondicherry/le-dupleix-pondicherry,308->404,"redirected to /le-dupleix-pondicherry, which itself failed"
/hotels/le-lac-sarovar-ranchi,/hotels-in-ranchi/le-lac-sarovar-ranchi,200,
/le-lac-sarovar-ranchi/,/hotels-in-ranchi/le-lac-sarovar-ranchi,308->404,"redirected to /le-lac-sarovar-ranchi, which itself failed"
/hotels/majestic-court-sarovar-portico-navi-mumbai,/hotels-in-navi-mumbai/majestic-court-sarovar-portico-navi-mumbai,200,
/majestic-court-sarovar-portico-navi-mumbai/,/hotels-in-navi-mumbai/majestic-court-sarovar-portico-navi-mumbai,308->404,"redirected to /majestic-court-sarovar-portico-navi-mumbai, which itself failed"
/hotels/marasa-sarovar-portico-rajkot,/hotels-in-rajkot/marasa-sarovar-portico-rajkot,200,
/marasa-sarovar-portico-rajkot/,/hotels-in-rajkot/marasa-sarovar-portico-rajkot,308->404,"redirected to /marasa-sarovar-portico-rajkot, which itself failed"
/hotels/marasa-sarovar-premiere-bodhgaya,/hotels-in-bodhgaya/marasa-sarovar-premiere-bodhgaya,200,
/marasa-sarovar-premiere-bodhgaya/,/hotels-in-bodhgaya/marasa-sarovar-premiere-bodhgaya,308->404,"redirected to /marasa-sarovar-premiere-bodhgaya, which itself failed"
/hotels/marasa-sarovar-premiere-tirupati-hotels,/hotels-in-tirupati/marasa-sarovar-premiere-tirupati-hotels,200,
/marasa-sarovar-premiere-tirupati-hotels/,/hotels-in-tirupati/marasa-sarovar-premiere-tirupati-hotels,308->404,"redirected to /marasa-sarovar-premiere-tirupati-hotels, which itself failed"
/hotels/mj-sarovar-portico-haridwar,/hotels-in-haridwar/mj-sarovar-portico-haridwar,200,
/mj-sarovar-portico-haridwar/,/hotels-in-haridwar/mj-sarovar-portico-haridwar,308->404,"redirected to /mj-sarovar-portico-haridwar, which itself failed"
/hotels/marine-plaza-mumbai,/hotels-in-mumbai/marine-plaza-mumbai,200,
/marine-plaza-mumbai/,/hotels-in-mumbai/marine-plaza-mumbai,308->404,"redirected to /marine-plaza-mumbai, which itself failed"
/hotels/mountnoor-sarovar-premiere-pahalgam,/hotels-in-pahalgam/mountnoor-sarovar-premiere-pahalgam,200,
/mountnoor-sarovar-premiere-pahalgam/,/hotels-in-pahalgam/mountnoor-sarovar-premiere-pahalgam,308->404,"redirected to /mountnoor-sarovar-premiere-pahalgam, which itself failed"
/hotels/mukundra-sarovar-premiere-kota,/hotels-in-kota/mukundra-sarovar-premiere-kota,200,
/mukundra-sarovar-premiere-kota/,/hotels-in-kota/mukundra-sarovar-premiere-kota,308->404,"redirected to /mukundra-sarovar-premiere-kota, which itself failed"
/hotels/nataraj-sarovar-portico-jhansi,/hotels-in-jhansi/nataraj-sarovar-portico-jhansi,200,
/nataraj-sarovar-portico-jhansi/,/hotels-in-jhansi/nataraj-sarovar-portico-jhansi,308->404,"redirected to /nataraj-sarovar-portico-jhansi, which itself failed"
/hotels/naturevilas-portico-manali,/hotels-in-manali/naturevilas-portico-manali,200,
/naturevilas-portico-manali/,/hotels-in-manali/naturevilas-portico-manali,308->404,"redirected to /naturevilas-portico-manali, which itself failed"
/hotels/nirvana-sarovar-portico-gorakhpur,/hotels-in-gorakhpur/nirvana-sarovar-portico-gorakhpur,200,
/nirvana-sarovar-portico-gorakhpur/,/hotels-in-gorakhpur/nirvana-sarovar-portico-gorakhpur,308->404,"redirected to /nirvana-sarovar-portico-gorakhpur, which itself failed"
/hotels/nirwana-hometel-jaipur-sarovar,/hotels-in-jaipur/nirwana-hometel-jaipur-sarovar,200,
/nirwana-hometel-jaipur-sarovar/,/hotels-in-jaipur/nirwana-hometel-jaipur-sarovar,308->404,"redirected to /nirwana-hometel-jaipur-sarovar, which itself failed"
/hotels/paradigm-sarovar-kakinada,/hotels-in-kakinada/paradigm-sarovar-kakinada,200,
/paradigm-sarovar-kakinada/,/hotels-in-kakinada/paradigm-sarovar-kakinada,308->404,"redirected to /paradigm-sarovar-kakinada, which itself failed"
/hotels/park-inn-by-radisson-ayodhya,/hotels-in-ayodhya/park-inn-by-radisson-ayodhya,200,
/park-inn-by-radisson-ayodhya/,/hotels-in-ayodhya/park-inn-by-radisson-ayodhya,308->404,"redirected to /park-inn-by-radisson-ayodhya, which itself failed"
/hotels/park-plaza-faridabad,/hotels-in-faridabad/park-plaza-faridabad,200,
/park-plaza-faridabad/,/hotels-in-faridabad/park-plaza-faridabad,308->404,"redirected to /park-plaza-faridabad, which itself failed"
/hotels/park-plaza-jodhpur,/hotels-in-jodhpur/park-plaza-jodhpur,200,
/park-plaza-jodhpur/,/hotels-in-jodhpur/park-plaza-jodhpur,308->404,"redirected to /park-plaza-jodhpur, which itself failed"
/hotels/park-plaza-jalandhar,/hotels-in-jalandhar/park-plaza-jalandhar,200,
/park-plaza-jalandhar/,/hotels-in-jalandhar/park-plaza-jalandhar,308->404,"redirected to /park-plaza-jalandhar, which itself failed"
/hotels/park-plaza-ludhiana,/hotels-in-ludhiana/park-plaza-ludhiana,200,
/park-plaza-ludhiana/,/hotels-in-ludhiana/park-plaza-ludhiana,308->404,"redirected to /park-plaza-ludhiana, which itself failed"
/hotels/prachi-sarovar-premiere-bhubaneswar,/hotels-in-bhubaneswar/prachi-sarovar-premiere-bhubaneswar,200,
/prachi-sarovar-premiere-bhubaneswar/,/hotels-in-bhubaneswar/prachi-sarovar-premiere-bhubaneswar,308->404,"redirected to /prachi-sarovar-premiere-bhubaneswar, which itself failed"
/hotels/pushkara-portico-hotel-in-dibrugarh,/hotels-in-dibrugarh/pushkara-portico-hotel-in-dibrugarh,200,
/pushkara-portico-hotel-in-dibrugarh/,/hotels-in-dibrugarh/pushkara-portico-hotel-in-dibrugarh,308->404,"redirected to /pushkara-portico-hotel-in-dibrugarh, which itself failed"
/hotels/presidium-sarovar-premiere-dalhousie,/hotels-in-dalhousie/presidium-sarovar-premiere-dalhousie,200,
/presidium-sarovar-premiere-dalhousie/,/hotels-in-dalhousie/presidium-sarovar-premiere-dalhousie,308->404,"redirected to /presidium-sarovar-premiere-dalhousie, which itself failed"
/hotels/radha-regent-chennai,/hotels-in-chennai/radha-regent-chennai,200,
/radha-regent-chennai/,/hotels-in-chennai/radha-regent-chennai,308->404,"redirected to /radha-regent-chennai, which itself failed"
/hotels/radisson-hyderabad--hitec,/hotels-in-hyderabad/radisson-hyderabad--hitec,200,
/radisson-hyderabad--hitec/,/hotels-in-hyderabad/radisson-hyderabad--hitec,308->404,"redirected to /radisson-hyderabad--hitec, which itself failed"
/hotels/radisson-mumbai-goregaon,/hotels-in-mumbai/radisson-mumbai-goregaon,200,
/radisson-mumbai-goregaon/,/hotels-in-mumbai/radisson-mumbai-goregaon,308->404,"redirected to /radisson-mumbai-goregaon, which itself failed"
/hotels/rivera-sarovar-portico-ahmedabad,/hotels-in-ahmedabad/rivera-sarovar-portico-ahmedabad,200,
/rivera-sarovar-portico-ahmedabad/,/hotels-in-ahmedabad/rivera-sarovar-portico-ahmedabad,308->404,"redirected to /rivera-sarovar-portico-ahmedabad, which itself failed"
/hotels/residency-sarovar-portico-mumbai,/hotels-in-mumbai/residency-sarovar-portico-mumbai,200,
/residency-sarovar-portico-mumbai/,/hotels-in-mumbai/residency-sarovar-portico-mumbai,308->404,"redirected to /residency-sarovar-portico-mumbai, which itself failed"
/hotels/rosefinch-sarovar-portico-bhimtal,/hotels-in-bhimtal/rosefinch-sarovar-portico-bhimtal,200,
/rosefinch-sarovar-portico-bhimtal/,/hotels-in-bhimtal/rosefinch-sarovar-portico-bhimtal,308->404,"redirected to /rosefinch-sarovar-portico-bhimtal, which itself failed"
/hotels/riviera-sarovar-portico-pathankot,/hotels-in-pathankot/riviera-sarovar-portico-pathankot,200,
/riviera-sarovar-portico-pathankot/,/hotels-in-pathankot/riviera-sarovar-portico-pathankot,308->404,"redirected to /riviera-sarovar-portico-pathankot, which itself failed"
/hotels/royal-kingdom-sarovar-portico-pilibhit,/hotels-in-pilibhit/royal-kingdom-sarovar-portico-pilibhit,200,
/royal-kingdom-sarovar-portico-pilibhit/,/hotels-in-pilibhit/royal-kingdom-sarovar-portico-pilibhit,308->404,"redirected to /royal-kingdom-sarovar-portico-pilibhit, which itself failed"
/hotels/sarovar-portico-sriperumbudur,/hotels-in-sriperumbudur/sarovar-portico-sriperumbudur,200,
/sarovar-portico-sriperumbudur/,/hotels-in-sriperumbudur/sarovar-portico-sriperumbudur,308->404,"redirected to /sarovar-portico-sriperumbudur, which itself failed"
/aditya-hometel-hyderabad/rooms.html,/hotels-in-hyderabad/aditya-hometel-hyderabad/rooms,308->200,redirected to /hotels-in-hyderabad/aditya-hometel-hyderabad/rooms
/abn-sarovar-portico-jim-corbett/rooms.html,/hotels-in-jim-corbett/abn-sarovar-portico-jim-corbett/rooms,308->200,redirected to /hotels-in-jim-corbett/abn-sarovar-portico-jim-corbett/rooms
/aditya-park-hyderabad/rooms.html,/hotels-in-hyderabad/aditya-park-hyderabad/rooms,308->200,redirected to /hotels-in-hyderabad/aditya-park-hyderabad/rooms
/ambar-sarovar-portico-gandhidham-hotel/rooms.html,/hotels-in-gandhidham/ambar-sarovar-portico-gandhidham-hotel/rooms,308->200,redirected to /hotels-in-gandhidham/ambar-sarovar-portico-gandhidham-hotel/rooms
/ambrosia-sarovar-portico-haridwar/rooms.html,/hotels-in-haridwar/ambrosia-sarovar-portico-haridwar/rooms,308->200,redirected to /hotels-in-haridwar/ambrosia-sarovar-portico-haridwar/rooms
/balaji-sarovar-premiere-solapur/rooms.html,/hotels-in-solapur/balaji-sarovar-premiere-solapur/rooms,308->200,redirected to /hotels-in-solapur/balaji-sarovar-premiere-solapur/rooms
/bamus-sarovar-portico-kampala/rooms.html,/hotels-in-kampala/bamus-sarovar-portico-kampala/rooms,308->200,redirected to /hotels-in-kampala/bamus-sarovar-portico-kampala/rooms
/bellevue-sarovar-premiere-junagadh/rooms.html,/hotels-in-junagadh/bellevue-sarovar-premiere-junagadh/rooms,308->200,redirected to /hotels-in-junagadh/bellevue-sarovar-premiere-junagadh/rooms
/classic-sarovar-portico-thiruvananthapuram/rooms.html,/hotels-in-thiruvananthapuram/classic-sarovar-portico-thiruvananthapuram/rooms,308->200,redirected to /hotels-in-thiruvananthapuram/classic-sarovar-portico-thiruvananthapuram/rooms
/delite-sarovar-portico-faridabad/rooms.html,/hotels-in-faridabad/delite-sarovar-portico-faridabad/rooms,308->200,redirected to /hotels-in-faridabad/delite-sarovar-portico-faridabad/rooms
/deventure-sarovar-portico--kapashera-new-delhi/rooms.html,/hotels-in-delhi/deventure-sarovar-portico--kapashera-new-delhi/rooms,308->200,redirected to /hotels-in-delhi/deventure-sarovar-portico--kapashera-new-delhi/rooms
/geeta-sarovar-portico-hotels-panipat/rooms.html,/hotels-in-panipat/geeta-sarovar-portico-hotels-panipat/rooms,308->200,redirected to /hotels-in-panipat/geeta-sarovar-portico-hotels-panipat/rooms
/golden-tulip-agra/rooms.html,/hotels-in-agra/golden-tulip-agra/rooms,308->200,redirected to /hotels-in-agra/golden-tulip-agra/rooms
/golden-tulip-jalandhar/rooms.html,/hotels-in-jalandhar/golden-tulip-jalandhar/rooms,308->200,redirected to /hotels-in-jalandhar/golden-tulip-jalandhar/rooms
/golden-tulip-lucknow/rooms.html,/hotels-in-lucknow/golden-tulip-lucknow/rooms,308->200,redirected to /hotels-in-lucknow/golden-tulip-lucknow/rooms
/golden-tulip-sector-80-gurugram/rooms.html,/hotels-in-gurugram/golden-tulip-sector-80-gurugram/rooms,308->200,redirected to /hotels-in-gurugram/golden-tulip-sector-80-gurugram/rooms
/golden-tulip-srinagar/rooms.html,/hotels-in-srinagar/golden-tulip-srinagar/rooms,308->200,redirected to /hotels-in-srinagar/golden-tulip-srinagar/rooms
/golden-tulip-tirupati/rooms.html,/hotels-in-tirupati/golden-tulip-tirupati/rooms,308->200,redirected to /hotels-in-tirupati/golden-tulip-tirupati/rooms
/golden-tulip-udaipur/rooms.html,/hotels-in-udaipur/golden-tulip-udaipur/rooms,308->200,redirected to /hotels-in-udaipur/golden-tulip-udaipur/rooms
/grand-continent-mahabalipuram/rooms.html,/hotels-in-mahabalipuram/grand-continent-mahabalipuram/rooms,308->200,redirected to /hotels-in-mahabalipuram/grand-continent-mahabalipuram/rooms
/grand-continent-mysore/rooms.html,/hotels-in-mysore/grand-continent-mysore/rooms,308->200,redirected to /hotels-in-mysore/grand-continent-mysore/rooms
/grand-continent-secunderabad/rooms.html,/hotels-in-secunderabad/grand-continent-secunderabad/rooms,308->200,redirected to /hotels-in-secunderabad/grand-continent-secunderabad/rooms
/grand-portico-hotel-in-latur/rooms.html,/hotels-in-latur/grand-portico-hotel-in-latur/rooms,308->200,redirected to /hotels-in-latur/grand-portico-hotel-in-latur/rooms
/highland-sarovar-portico-sindhudurg/rooms.html,/hotels-in-sindhudurg/highland-sarovar-portico-sindhudurg/rooms,308->200,redirected to /hotels-in-sindhudurg/highland-sarovar-portico-sindhudurg/rooms
/hometel-alambagh-lucknow/rooms.html,/hotels-in-lucknow/hometel-alambagh-lucknow/rooms,308->200,redirected to /hotels-in-lucknow/hometel-alambagh-lucknow/rooms
/hometel-chandigarh/rooms.html,/hotels-in-chandigarh/hometel-chandigarh/rooms,308->200,redirected to /hotels-in-chandigarh/hometel-chandigarh/rooms
/hometel-roorkee/rooms.html,/hotels-in-roorkee/hometel-roorkee/rooms,308->200,redirected to /hotels-in-roorkee/hometel-roorkee/rooms
/hrj-sarovar-portico-indore/rooms.html,/hotels-in-indore/hrj-sarovar-portico-indore/rooms,308->200,redirected to /hotels-in-indore/hrj-sarovar-portico-indore/rooms
/iris-sarovar-portico-gurugram/rooms.html,/hotels-in-gurugram/iris-sarovar-portico-gurugram/rooms,308->200,redirected to /hotels-in-gurugram/iris-sarovar-portico-gurugram/rooms
/ishaan-sarovar-portico-deoghar/rooms.html,/hotels-in-deoghar/ishaan-sarovar-portico-deoghar/rooms,308->200,redirected to /hotels-in-deoghar/ishaan-sarovar-portico-deoghar/rooms
/la-place-sarovar-portico-lucknow/rooms.html,/hotels-in-lucknow/la-place-sarovar-portico-lucknow/rooms,308->200,redirected to /hotels-in-lucknow/la-place-sarovar-portico-lucknow/rooms
/lagoon-sarovar-premiere-pondicherry/rooms.html,/hotels-in-pondicherry/lagoon-sarovar-premiere-pondicherry/rooms,308->200,redirected to /hotels-in-pondicherry/lagoon-sarovar-premiere-pondicherry/rooms
/le-lac-sarovar-ranchi/rooms.html,/hotels-in-ranchi/le-lac-sarovar-ranchi/rooms,308->200,redirected to /hotels-in-ranchi/le-lac-sarovar-ranchi/rooms
/marasa-sarovar-portico-rajkot/rooms.html,/hotels-in-rajkot/marasa-sarovar-portico-rajkot/rooms,308->200,redirected to /hotels-in-rajkot/marasa-sarovar-portico-rajkot/rooms
/marasa-sarovar-premiere-bodhgaya/rooms.html,/hotels-in-bodhgaya/marasa-sarovar-premiere-bodhgaya/rooms,308->200,redirected to /hotels-in-bodhgaya/marasa-sarovar-premiere-bodhgaya/rooms
/marine-plaza-mumbai/rooms.html,/hotels-in-mumbai/marine-plaza-mumbai/rooms,308->200,redirected to /hotels-in-mumbai/marine-plaza-mumbai/rooms
/mj-sarovar-portico-haridwar/rooms.html,/hotels-in-haridwar/mj-sarovar-portico-haridwar/rooms,308->200,redirected to /hotels-in-haridwar/mj-sarovar-portico-haridwar/rooms
/mountnoor-sarovar-premiere-pahalgam/rooms.html,/hotels-in-pahalgam/mountnoor-sarovar-premiere-pahalgam/rooms,308->200,redirected to /hotels-in-pahalgam/mountnoor-sarovar-premiere-pahalgam/rooms
/mukundra-sarovar-premiere-kota/rooms.html,/hotels-in-kota/mukundra-sarovar-premiere-kota/rooms,308->200,redirected to /hotels-in-kota/mukundra-sarovar-premiere-kota/rooms
/nataraj-sarovar-portico-jhansi/rooms.html,/hotels-in-jhansi/nataraj-sarovar-portico-jhansi/rooms,308->200,redirected to /hotels-in-jhansi/nataraj-sarovar-portico-jhansi/rooms
/naturevilas-portico-manali/rooms.html,/hotels-in-manali/naturevilas-portico-manali/rooms,308->200,redirected to /hotels-in-manali/naturevilas-portico-manali/rooms
/nirvana-sarovar-portico-gorakhpur/rooms.html,/hotels-in-gorakhpur/nirvana-sarovar-portico-gorakhpur/rooms,308->200,redirected to /hotels-in-gorakhpur/nirvana-sarovar-portico-gorakhpur/rooms
/nirwana-hometel-jaipur-sarovar/rooms.html,/hotels-in-jaipur/nirwana-hometel-jaipur-sarovar/rooms,308->200,redirected to /hotels-in-jaipur/nirwana-hometel-jaipur-sarovar/rooms
/paradigm-sarovar-kakinada/rooms.html,/hotels-in-kakinada/paradigm-sarovar-kakinada/rooms,308->200,redirected to /hotels-in-kakinada/paradigm-sarovar-kakinada/rooms
/park-inn-by-radisson-ayodhya/rooms.html,/hotels-in-ayodhya/park-inn-by-radisson-ayodhya/rooms,308->200,redirected to /hotels-in-ayodhya/park-inn-by-radisson-ayodhya/rooms
/park-plaza-jalandhar/rooms.html,/hotels-in-jalandhar/park-plaza-jalandhar/rooms,308->200,redirected to /hotels-in-jalandhar/park-plaza-jalandhar/rooms
/park-plaza-jodhpur/rooms.html,/hotels-in-jodhpur/park-plaza-jodhpur/rooms,308->200,redirected to /hotels-in-jodhpur/park-plaza-jodhpur/rooms
/prachi-sarovar-premiere-bhubaneswar/rooms.html,/hotels-in-bhubaneswar/prachi-sarovar-premiere-bhubaneswar/rooms,308->200,redirected to /hotels-in-bhubaneswar/prachi-sarovar-premiere-bhubaneswar/rooms
/presidium-sarovar-premiere-dalhousie/rooms.html,/hotels-in-dalhousie/presidium-sarovar-premiere-dalhousie/rooms,308->200,redirected to /hotels-in-dalhousie/presidium-sarovar-premiere-dalhousie/rooms
/pushkara-portico-hotel-in-dibrugarh/rooms.html,/hotels-in-dibrugarh/pushkara-portico-hotel-in-dibrugarh/rooms,308->200,redirected to /hotels-in-dibrugarh/pushkara-portico-hotel-in-dibrugarh/rooms
/radha-regent-chennai/rooms.html,/hotels-in-chennai/radha-regent-chennai/rooms,308->200,redirected to /hotels-in-chennai/radha-regent-chennai/rooms
/residency-sarovar-portico-mumbai/rooms.html,/hotels-in-mumbai/residency-sarovar-portico-mumbai/rooms,308->200,redirected to /hotels-in-mumbai/residency-sarovar-portico-mumbai/rooms
/rivera-sarovar-portico-ahmedabad/rooms.html,/hotels-in-ahmedabad/rivera-sarovar-portico-ahmedabad/rooms,308->200,redirected to /hotels-in-ahmedabad/rivera-sarovar-portico-ahmedabad/rooms
/riviera-sarovar-portico-pathankot/rooms.html,/hotels-in-pathankot/riviera-sarovar-portico-pathankot/rooms,308->200,redirected to /hotels-in-pathankot/riviera-sarovar-portico-pathankot/rooms
/rosefinch-sarovar-portico-bhimtal/rooms.html,/hotels-in-bhimtal/rosefinch-sarovar-portico-bhimtal/rooms,308->200,redirected to /hotels-in-bhimtal/rosefinch-sarovar-portico-bhimtal/rooms
/royal-kingdom-sarovar-portico-pilibhit/rooms.html,/hotels-in-pilibhit/royal-kingdom-sarovar-portico-pilibhit/rooms,308->200,redirected to /hotels-in-pilibhit/royal-kingdom-sarovar-portico-pilibhit/rooms
/royal-sarovar-portico-siliguri/rooms.html,/hotels-in-siliguri/royal-sarovar-portico-siliguri/rooms,308->200,redirected to /hotels-in-siliguri/royal-sarovar-portico-siliguri/rooms
/royal-tulip-kathmandu-shivapuri-national-park/rooms.html,/hotels-in-kathmandu/royal-tulip-kathmandu-shivapuri-national-park/rooms,308->200,redirected to /hotels-in-kathmandu/royal-tulip-kathmandu-shivapuri-national-park/rooms
/royal-tulip-kathmandu/rooms.html,/hotels-in-kathmandu/royal-tulip-kathmandu/rooms,308->200,redirected to /hotels-in-kathmandu/royal-tulip-kathmandu/rooms
/royale-sarovar-portico-agra/rooms.html,/hotels-in-agra/royale-sarovar-portico-agra/rooms,308->200,redirected to /hotels-in-agra/royale-sarovar-portico-agra/rooms
/rs-sarovar-portico-palampur/rooms.html,/hotels-in-palampur/rs-sarovar-portico-palampur/rooms,308->200,redirected to /hotels-in-palampur/rs-sarovar-portico-palampur/rooms
/sairafort-sarovar-portico-jaisalmer/rooms.html,/hotels-in-jaisalmer/sairafort-sarovar-portico-jaisalmer/rooms,308->200,redirected to /hotels-in-jaisalmer/sairafort-sarovar-portico-jaisalmer/rooms
/sarovar-ahmedabad/rooms.html,/hotels-in-ahmedabad/sarovar-ahmedabad/rooms,308->200,redirected to /hotels-in-ahmedabad/sarovar-ahmedabad/rooms
/sarovar-portico-hanumangarh/rooms.html,/hotels-in-hanumangarh/sarovar-portico-hanumangarh/rooms,308->200,redirected to /hotels-in-hanumangarh/sarovar-portico-hanumangarh/rooms
/sarovar-portico-jaipur/rooms.html,/hotels-in-jaipur/sarovar-portico-jaipur/rooms,308->200,redirected to /hotels-in-jaipur/sarovar-portico-jaipur/rooms
/sarovar-portico-jalandhar/rooms.html,/hotels-in-jalandhar/sarovar-portico-jalandhar/rooms,308->200,redirected to /hotels-in-jalandhar/sarovar-portico-jalandhar/rooms
/sarovar-portico-kolkata-rajarhat/rooms.html,/hotels-in-kolkata/sarovar-portico-kolkata-rajarhat/rooms,308->200,redirected to /hotels-in-kolkata/sarovar-portico-kolkata-rajarhat/rooms
/sarovar-portico-morbi/rooms.html,/hotels-in-morbi/sarovar-portico-morbi/rooms,308->200,redirected to /hotels-in-morbi/sarovar-portico-morbi/rooms
/sarovar-portico-naraina-new-delhi/rooms.html,/hotels-in-delhi/sarovar-portico-naraina-new-delhi/rooms,308->200,redirected to /hotels-in-delhi/sarovar-portico-naraina-new-delhi/rooms
/sarovar-portico-saharanpur/rooms.html,/hotels-in-saharanpur/sarovar-portico-saharanpur/rooms,308->200,redirected to /hotels-in-saharanpur/sarovar-portico-saharanpur/rooms
/sarovar-portico-somnath/rooms.html,/hotels-in-somnath/sarovar-portico-somnath/rooms,308->200,redirected to /hotels-in-somnath/sarovar-portico-somnath/rooms
/sarovar-portico-sonipat/rooms.html,/hotels-in-sonipat/sarovar-portico-sonipat/rooms,308->200,redirected to /hotels-in-sonipat/sarovar-portico-sonipat/rooms
/sarovar-portico-srinagar/rooms.html,/hotels-in-srinagar/sarovar-portico-srinagar/rooms,308->200,redirected to /hotels-in-srinagar/sarovar-portico-srinagar/rooms
/sarovar-premiere-srinagar/rooms.html,/hotels-in-srinagar/sarovar-premiere-srinagar/rooms,308->200,redirected to /hotels-in-srinagar/sarovar-premiere-srinagar/rooms
/serene-premiere-hargeisa/rooms.html,/hotels-in-hargeisa/serene-premiere-hargeisa/rooms,308->200,redirected to /hotels-in-hargeisa/serene-premiere-hargeisa/rooms
/singhania-sarovar-portico-raipur/rooms.html,/hotels-in-raipur/singhania-sarovar-portico-raipur/rooms,308->200,redirected to /hotels-in-raipur/singhania-sarovar-portico-raipur/rooms
/taurus-hotel-mahipalpur-new-delhi/rooms.html,/hotels-in-delhi/taurus-hotel-mahipalpur-new-delhi/rooms,308->200,redirected to /hotels-in-delhi/taurus-hotel-mahipalpur-new-delhi/rooms
/the-gokulam-park-kochi/rooms.html,/hotels-in-kochi/the-gokulam-park-kochi/rooms,308->200,redirected to /hotels-in-kochi/the-gokulam-park-kochi/rooms
/the-muse-sarovar-portico-nehru-place-new-delhi/rooms.html,/hotels-in-delhi/the-muse-sarovar-portico-nehru-place-new-delhi/rooms,308->200,redirected to /hotels-in-delhi/the-muse-sarovar-portico-nehru-place-new-delhi/rooms
/the-promenade-pondicherry/rooms.html,/hotels-in-pondicherry/the-promenade-pondicherry/rooms,308->200,redirected to /hotels-in-pondicherry/the-promenade-pondicherry/rooms
/tulip-inn-gurugram-near-medanta/rooms.html,/hotels-in-gurugram/tulip-inn-gurugram-near-medanta/rooms,308->200,redirected to /hotels-in-gurugram/tulip-inn-gurugram-near-medanta/rooms
/vaishnodevi-portico-katra/rooms.html,/hotels-in-katra/vaishnodevi-portico-katra/rooms,308->200,redirected to /hotels-in-katra/vaishnodevi-portico-katra/rooms
/vandhara-sarovar-premiere-patkote/rooms.html,/hotels-in-patkote/vandhara-sarovar-premiere-patkote/rooms,308->200,redirected to /hotels-in-patkote/vandhara-sarovar-premiere-patkote/rooms
/venizia-sarovar-portico-in-new-delhi/rooms.html,/hotels-in-delhi/venizia-sarovar-portico-in-new-delhi/rooms,308->200,redirected to /hotels-in-delhi/venizia-sarovar-portico-in-new-delhi/rooms
/viraj-sarovar-portico-jammu/rooms.html,/hotels-in-jammu/viraj-sarovar-portico-jammu/rooms,308->200,redirected to /hotels-in-jammu/viraj-sarovar-portico-jammu/rooms
/abn-sarovar-portico-jim-corbett/dining.html,/hotels-in-jim-corbett/abn-sarovar-portico-jim-corbett/dining,308->200,redirected to /hotels-in-jim-corbett/abn-sarovar-portico-jim-corbett/dining
/aditya-park-hyderabad/dining.html,/hotels-in-hyderabad/aditya-park-hyderabad/dining,308->200,redirected to /hotels-in-hyderabad/aditya-park-hyderabad/dining
/ambrosia-sarovar-portico-haridwar/dining.html,/hotels-in-haridwar/ambrosia-sarovar-portico-haridwar/dining,308->200,redirected to /hotels-in-haridwar/ambrosia-sarovar-portico-haridwar/dining
/balaji-sarovar-premiere-solapur/dining.html,/hotels-in-solapur/balaji-sarovar-premiere-solapur/dining,308->200,redirected to /hotels-in-solapur/balaji-sarovar-premiere-solapur/dining
/bamus-sarovar-portico-kampala/dining.html,/hotels-in-kampala/bamus-sarovar-portico-kampala/dining,308->200,redirected to /hotels-in-kampala/bamus-sarovar-portico-kampala/dining
/bellevue-sarovar-premiere-junagadh/dining.html,/hotels-in-junagadh/bellevue-sarovar-premiere-junagadh/dining,308->200,redirected to /hotels-in-junagadh/bellevue-sarovar-premiere-junagadh/dining
/classic-sarovar-portico-thiruvananthapuram/dining.html,/hotels-in-thiruvananthapuram/classic-sarovar-portico-thiruvananthapuram/dining,308->200,redirected to /hotels-in-thiruvananthapuram/classic-sarovar-portico-thiruvananthapuram/dining
/deventure-sarovar-portico--kapashera-new-delhi/dining.html,/hotels-in-delhi/deventure-sarovar-portico--kapashera-new-delhi/dining,308->200,redirected to /hotels-in-delhi/deventure-sarovar-portico--kapashera-new-delhi/dining
/golden-tulip-agra/dining.html,/hotels-in-agra/golden-tulip-agra/dining,308->200,redirected to /hotels-in-agra/golden-tulip-agra/dining
/golden-tulip-jalandhar/dining.html,/hotels-in-jalandhar/golden-tulip-jalandhar/dining,308->200,redirected to /hotels-in-jalandhar/golden-tulip-jalandhar/dining
/golden-tulip-lucknow/dining.html,/hotels-in-lucknow/golden-tulip-lucknow/dining,308->200,redirected to /hotels-in-lucknow/golden-tulip-lucknow/dining
/golden-tulip-sector-80-gurugram/dining.html,/hotels-in-gurugram/golden-tulip-sector-80-gurugram/dining,308->200,redirected to /hotels-in-gurugram/golden-tulip-sector-80-gurugram/dining
/golden-tulip-udaipur/dining.html,/hotels-in-udaipur/golden-tulip-udaipur/dining,308->200,redirected to /hotels-in-udaipur/golden-tulip-udaipur/dining
/grand-continent-mahabalipuram/dining.html,/hotels-in-mahabalipuram/grand-continent-mahabalipuram/dining,308->200,redirected to /hotels-in-mahabalipuram/grand-continent-mahabalipuram/dining
/grand-continent-secunderabad/dining.html,/hotels-in-secunderabad/grand-continent-secunderabad/dining,308->200,redirected to /hotels-in-secunderabad/grand-continent-secunderabad/dining
/grand-portico-hotel-in-latur/dining.html,/hotels-in-latur/grand-portico-hotel-in-latur/dining,308->200,redirected to /hotels-in-latur/grand-portico-hotel-in-latur/dining
/hometel-alambagh-lucknow/dining.html,/hotels-in-lucknow/hometel-alambagh-lucknow/dining,308->200,redirected to /hotels-in-lucknow/hometel-alambagh-lucknow/dining
/hometel-chandigarh/dining.html,/hotels-in-chandigarh/hometel-chandigarh/dining,308->200,redirected to /hotels-in-chandigarh/hometel-chandigarh/dining
/hometel-roorkee/dining.html,/hotels-in-roorkee/hometel-roorkee/dining,308->200,redirected to /hotels-in-roorkee/hometel-roorkee/dining
/hrj-sarovar-portico-indore/dining.html,/hotels-in-indore/hrj-sarovar-portico-indore/dining,308->200,redirected to /hotels-in-indore/hrj-sarovar-portico-indore/dining
/iris-sarovar-portico-gurugram/dining.html,/hotels-in-gurugram/iris-sarovar-portico-gurugram/dining,308->200,redirected to /hotels-in-gurugram/iris-sarovar-portico-gurugram/dining
/ishaan-sarovar-portico-deoghar/dining.html,/hotels-in-deoghar/ishaan-sarovar-portico-deoghar/dining,308->200,redirected to /hotels-in-deoghar/ishaan-sarovar-portico-deoghar/dining
/la-place-sarovar-portico-lucknow/dining.html,/hotels-in-lucknow/la-place-sarovar-portico-lucknow/dining,308->200,redirected to /hotels-in-lucknow/la-place-sarovar-portico-lucknow/dining
/lagoon-sarovar-premiere-pondicherry/dining.html,/hotels-in-pondicherry/lagoon-sarovar-premiere-pondicherry/dining,308->200,redirected to /hotels-in-pondicherry/lagoon-sarovar-premiere-pondicherry/dining
/le-dupleix-pondicherry/dining.html,/hotels-in-pondicherry/le-dupleix-pondicherry/dining,308->200,redirected to /hotels-in-pondicherry/le-dupleix-pondicherry/dining
/le-lac-sarovar-ranchi/dining.html,/hotels-in-ranchi/le-lac-sarovar-ranchi/dining,308->200,redirected to /hotels-in-ranchi/le-lac-sarovar-ranchi/dining
/marasa-sarovar-portico-rajkot/dining.html,/hotels-in-rajkot/marasa-sarovar-portico-rajkot/dining,308->200,redirected to /hotels-in-rajkot/marasa-sarovar-portico-rajkot/dining
/grand-continent-hosur/rooms.html,/hotels-in-hosur/grand-continent-hosur/rooms,308->200,redirected to /hotels-in-hosur/grand-continent-hosur/rooms
/le-dupleix-pondicherry/rooms.html,/hotels-in-pondicherry/le-dupleix-pondicherry/rooms,308->200,redirected to /hotels-in-pondicherry/le-dupleix-pondicherry/rooms
/marasa-sarovar-premiere-tirupati-hotels/rooms.html,/hotels-in-tirupati/marasa-sarovar-premiere-tirupati-hotels/rooms,308->200,redirected to /hotels-in-tirupati/marasa-sarovar-premiere-tirupati-hotels/rooms
/majestic-court-sarovar-portico-navi-mumbai/rooms.html,/hotels-in-navi-mumbai/majestic-court-sarovar-portico-navi-mumbai/rooms,308->200,redirected to /hotels-in-navi-mumbai/majestic-court-sarovar-portico-navi-mumbai/rooms
/marigold-sarovar-portico-mashobra-shimla/rooms.html,/hotels-in-mashobra-shimla/marigold-sarovar-portico-mashobra-shimla/rooms,308->200,redirected to /hotels-in-mashobra-shimla/marigold-sarovar-portico-mashobra-shimla/rooms
/sarovar-portico-sriperumbudur/rooms.html,/hotels-in-sriperumbudur/sarovar-portico-sriperumbudur/rooms,308->200,redirected to /hotels-in-sriperumbudur/sarovar-portico-sriperumbudur/rooms
/shyama-sarovar-portico-orai/rooms.html,/hotels-in-orai/shyama-sarovar-portico-orai/rooms,308->200,redirected to /hotels-in-orai/shyama-sarovar-portico-orai/rooms
/the-ashtan-sarovar-portico-new-delhi/rooms.html,/hotels-in-delhi/the-ashtan-sarovar-portico-new-delhi/rooms,308->200,redirected to /hotels-in-delhi/the-ashtan-sarovar-portico-new-delhi/rooms
/golden-tulip-srinagar/dining.html,/hotels-in-srinagar/golden-tulip-srinagar/dining,308->200,redirected to /hotels-in-srinagar/golden-tulip-srinagar/dining
/marasa-sarovar-premiere-bodhgaya/dining.html,/hotels-in-bodhgaya/marasa-sarovar-premiere-bodhgaya/dining,308->200,redirected to /hotels-in-bodhgaya/marasa-sarovar-premiere-bodhgaya/dining
/marasa-sarovar-premiere-tirupati-hotels/dining.html,/hotels-in-tirupati/marasa-sarovar-premiere-tirupati-hotels/dining,308->200,redirected to /hotels-in-tirupati/marasa-sarovar-premiere-tirupati-hotels/dining
/marine-plaza-mumbai/dining.html,/hotels-in-mumbai/marine-plaza-mumbai/dining,308->200,redirected to /hotels-in-mumbai/marine-plaza-mumbai/dining
/mountnoor-sarovar-premiere-pahalgam/dining.html,/hotels-in-pahalgam/mountnoor-sarovar-premiere-pahalgam/dining,308->200,redirected to /hotels-in-pahalgam/mountnoor-sarovar-premiere-pahalgam/dining
/mukundra-sarovar-premiere-kota/dining.html,/hotels-in-kota/mukundra-sarovar-premiere-kota/dining,308->200,redirected to /hotels-in-kota/mukundra-sarovar-premiere-kota/dining
/nataraj-sarovar-portico-jhansi/dining.html,/hotels-in-jhansi/nataraj-sarovar-portico-jhansi/dining,308->200,redirected to /hotels-in-jhansi/nataraj-sarovar-portico-jhansi/dining
/nirwana-hometel-jaipur-sarovar/dining.html,/hotels-in-jaipur/nirwana-hometel-jaipur-sarovar/dining,308->200,redirected to /hotels-in-jaipur/nirwana-hometel-jaipur-sarovar/dining
/paradigm-sarovar-kakinada/dining.html,/hotels-in-kakinada/paradigm-sarovar-kakinada/dining,308->200,redirected to /hotels-in-kakinada/paradigm-sarovar-kakinada/dining
/park-inn-by-radisson-ayodhya/dining.html,/hotels-in-ayodhya/park-inn-by-radisson-ayodhya/dining,308->200,redirected to /hotels-in-ayodhya/park-inn-by-radisson-ayodhya/dining
/park-plaza-faridabad/dining.html,/hotels-in-faridabad/park-plaza-faridabad/dining,308->200,redirected to /hotels-in-faridabad/park-plaza-faridabad/dining
/park-plaza-jalandhar/dining.html,/hotels-in-jalandhar/park-plaza-jalandhar/dining,308->200,redirected to /hotels-in-jalandhar/park-plaza-jalandhar/dining
/park-plaza-jodhpur/dining.html,/hotels-in-jodhpur/park-plaza-jodhpur/dining,308->200,redirected to /hotels-in-jodhpur/park-plaza-jodhpur/dining
/park-plaza-ludhiana/dining.html,/hotels-in-ludhiana/park-plaza-ludhiana/dining,308->200,redirected to /hotels-in-ludhiana/park-plaza-ludhiana/dining
/prachi-sarovar-premiere-bhubaneswar/dining.html,/hotels-in-bhubaneswar/prachi-sarovar-premiere-bhubaneswar/dining,308->200,redirected to /hotels-in-bhubaneswar/prachi-sarovar-premiere-bhubaneswar/dining
/presidium-sarovar-premiere-dalhousie/dining.html,/hotels-in-dalhousie/presidium-sarovar-premiere-dalhousie/dining,308->200,redirected to /hotels-in-dalhousie/presidium-sarovar-premiere-dalhousie/dining
/pushkara-portico-hotel-in-dibrugarh/dining.html,/hotels-in-dibrugarh/pushkara-portico-hotel-in-dibrugarh/dining,308->200,redirected to /hotels-in-dibrugarh/pushkara-portico-hotel-in-dibrugarh/dining
/radha-regent-chennai/dining.html,/hotels-in-chennai/radha-regent-chennai/dining,308->200,redirected to /hotels-in-chennai/radha-regent-chennai/dining
/radisson-hyderabad--hitec/dining.html,/hotels-in-hyderabad/radisson-hyderabad--hitec/dining,308->200,redirected to /hotels-in-hyderabad/radisson-hyderabad--hitec/dining
/radisson-mumbai-goregaon/dining.html,/hotels-in-mumbai/radisson-mumbai-goregaon/dining,308->200,redirected to /hotels-in-mumbai/radisson-mumbai-goregaon/dining
/rivera-sarovar-portico-ahmedabad/dining.html,/hotels-in-ahmedabad/rivera-sarovar-portico-ahmedabad/dining,308->200,redirected to /hotels-in-ahmedabad/rivera-sarovar-portico-ahmedabad/dining
/riviera-sarovar-portico-pathankot/dining.html,/hotels-in-pathankot/riviera-sarovar-portico-pathankot/dining,308->200,redirected to /hotels-in-pathankot/riviera-sarovar-portico-pathankot/dining
/rosefinch-sarovar-portico-bhimtal/dining.html,/hotels-in-bhimtal/rosefinch-sarovar-portico-bhimtal/dining,308->200,redirected to /hotels-in-bhimtal/rosefinch-sarovar-portico-bhimtal/dining
/royal-sarovar-portico-siliguri/dining.html,/hotels-in-siliguri/royal-sarovar-portico-siliguri/dining,308->200,redirected to /hotels-in-siliguri/royal-sarovar-portico-siliguri/dining
/royal-tulip-kathmandu-shivapuri-national-park/dining.html,/hotels-in-kathmandu/royal-tulip-kathmandu-shivapuri-national-park/dining,308->200,redirected to /hotels-in-kathmandu/royal-tulip-kathmandu-shivapuri-national-park/dining
/royal-tulip-kathmandu/dining.html,/hotels-in-kathmandu/royal-tulip-kathmandu/dining,308->200,redirected to /hotels-in-kathmandu/royal-tulip-kathmandu/dining
/royale-sarovar-portico-agra/dining.html,/hotels-in-agra/royale-sarovar-portico-agra/dining,308->200,redirected to /hotels-in-agra/royale-sarovar-portico-agra/dining
/rs-sarovar-portico-palampur/dining.html,/hotels-in-palampur/rs-sarovar-portico-palampur/dining,308->200,redirected to /hotels-in-palampur/rs-sarovar-portico-palampur/dining
/sarovar-portico-hanumangarh/dining.html,/hotels-in-hanumangarh/sarovar-portico-hanumangarh/dining,308->200,redirected to /hotels-in-hanumangarh/sarovar-portico-hanumangarh/dining
/sarovar-portico-jaipur/dining.html,/hotels-in-jaipur/sarovar-portico-jaipur/dining,308->200,redirected to /hotels-in-jaipur/sarovar-portico-jaipur/dining
/sarovar-portico-jalandhar/dining.html,/hotels-in-jalandhar/sarovar-portico-jalandhar/dining,308->200,redirected to /hotels-in-jalandhar/sarovar-portico-jalandhar/dining
/sarovar-portico-saharanpur/dining.html,/hotels-in-saharanpur/sarovar-portico-saharanpur/dining,308->200,redirected to /hotels-in-saharanpur/sarovar-portico-saharanpur/dining
/sarovar-portico-somnath/dining.html,/hotels-in-somnath/sarovar-portico-somnath/dining,308->200,redirected to /hotels-in-somnath/sarovar-portico-somnath/dining
/sarovar-portico-sonipat/dining.html,/hotels-in-sonipat/sarovar-portico-sonipat/dining,308->200,redirected to /hotels-in-sonipat/sarovar-portico-sonipat/dining
/sarovar-portico-srinagar/dining.html,/hotels-in-srinagar/sarovar-portico-srinagar/dining,308->200,redirected to /hotels-in-srinagar/sarovar-portico-srinagar/dining
/sarovar-portico-sriperumbudur/dining.html,/hotels-in-sriperumbudur/sarovar-portico-sriperumbudur/dining,308->200,redirected to /hotels-in-sriperumbudur/sarovar-portico-sriperumbudur/dining
/serene-premiere-hargeisa/dining.html,/hotels-in-hargeisa/serene-premiere-hargeisa/dining,308->200,redirected to /hotels-in-hargeisa/serene-premiere-hargeisa/dining
/vandhara-sarovar-premiere-patkote/dining.html,/hotels-in-patkote/vandhara-sarovar-premiere-patkote/dining,308->200,redirected to /hotels-in-patkote/vandhara-sarovar-premiere-patkote/dining
/marigold-sarovar-portico-mashobra-shimla/dining.html,/hotels-in-mashobra-shimla/marigold-sarovar-portico-mashobra-shimla/dining,308->200,redirected to /hotels-in-mashobra-shimla/marigold-sarovar-portico-mashobra-shimla/dining
/singhania-sarovar-portico-raipur/dining.html,/hotels-in-raipur/singhania-sarovar-portico-raipur/dining,308->200,redirected to /hotels-in-raipur/singhania-sarovar-portico-raipur/dining
/taurus-hotel-mahipalpur-new-delhi/dining.html,/hotels-in-delhi/taurus-hotel-mahipalpur-new-delhi/dining,308->200,redirected to /hotels-in-delhi/taurus-hotel-mahipalpur-new-delhi/dining
/the-gokulam-park-kochi/dining.html,/hotels-in-kochi/the-gokulam-park-kochi/dining,308->200,redirected to /hotels-in-kochi/the-gokulam-park-kochi/dining
/the-promenade-pondicherry/dining.html,/hotels-in-pondicherry/the-promenade-pondicherry/dining,308->200,redirected to /hotels-in-pondicherry/the-promenade-pondicherry/dining
/tulip-inn-gurugram-near-medanta/dining.html,/hotels-in-gurugram/tulip-inn-gurugram-near-medanta/dining,308->200,redirected to /hotels-in-gurugram/tulip-inn-gurugram-near-medanta/dining
/abn-sarovar-portico-jim-corbett/banquets-conferences.html,/hotels-in-jim-corbett/abn-sarovar-portico-jim-corbett/meetings,308->200,redirected to /hotels-in-jim-corbett/abn-sarovar-portico-jim-corbett/meetings
/bamus-sarovar-portico-kampala/banquets-conferences.html,/hotels-in-kampala/bamus-sarovar-portico-kampala/meetings,308->200,redirected to /hotels-in-kampala/bamus-sarovar-portico-kampala/meetings
/geeta-sarovar-portico-hotels-panipat/meetings-events.html,/hotels-in-panipat/geeta-sarovar-portico-hotels-panipat/meetings/meetings-events,308->404,"redirected to /hotels-in-panipat/geeta-sarovar-portico-hotels-panipat/meetings/meetings-events, which itself failed"
/golden-tulip-agra/banquets-conferences.html,/hotels-in-agra/golden-tulip-agra/meetings,308->200,redirected to /hotels-in-agra/golden-tulip-agra/meetings
/golden-tulip-jalandhar/meetings-events.html,/hotels-in-jalandhar/golden-tulip-jalandhar/meetings/meetings-events,308->404,"redirected to /hotels-in-jalandhar/golden-tulip-jalandhar/meetings/meetings-events, which itself failed"
/golden-tulip-udaipur/banquets-conferences.html,/hotels-in-udaipur/golden-tulip-udaipur/meetings,308->200,redirected to /hotels-in-udaipur/golden-tulip-udaipur/meetings
/grand-continent-mahabalipuram/banquets-conferences.html,/hotels-in-mahabalipuram/grand-continent-mahabalipuram/meetings,308->200,redirected to /hotels-in-mahabalipuram/grand-continent-mahabalipuram/meetings
/grand-continent-secunderabad/banquets-conferences.html,/hotels-in-secunderabad/grand-continent-secunderabad/meetings,308->200,redirected to /hotels-in-secunderabad/grand-continent-secunderabad/meetings
/hometel-alambagh-lucknow/meetings-events.html,/hotels-in-lucknow/hometel-alambagh-lucknow/meetings/meetings-events,308->404,"redirected to /hotels-in-lucknow/hometel-alambagh-lucknow/meetings/meetings-events, which itself failed"
/ishaan-sarovar-portico-deoghar/banquets-conferences.html,/hotels-in-deoghar/ishaan-sarovar-portico-deoghar/meetings,308->200,redirected to /hotels-in-deoghar/ishaan-sarovar-portico-deoghar/meetings
/mj-sarovar-portico-haridwar/banquets-conferences.html,/hotels-in-haridwar/mj-sarovar-portico-haridwar/meetings,308->200,redirected to /hotels-in-haridwar/mj-sarovar-portico-haridwar/meetings
/mukundra-sarovar-premiere-kota/banquets-conferences.html,/hotels-in-kota/mukundra-sarovar-premiere-kota/meetings,308->200,redirected to /hotels-in-kota/mukundra-sarovar-premiere-kota/meetings
/park-inn-by-radisson-ayodhya/meetings-events.html,/hotels-in-ayodhya/park-inn-by-radisson-ayodhya/meetings/meetings-events,308->404,"redirected to /hotels-in-ayodhya/park-inn-by-radisson-ayodhya/meetings/meetings-events, which itself failed"
/park-plaza-jalandhar/banquets-conferences.html,/hotels-in-jalandhar/park-plaza-jalandhar/meetings,308->200,redirected to /hotels-in-jalandhar/park-plaza-jalandhar/meetings
/prachi-sarovar-premiere-bhubaneswar/banquets-conferences.html,/hotels-in-bhubaneswar/prachi-sarovar-premiere-bhubaneswar/meetings,308->200,redirected to /hotels-in-bhubaneswar/prachi-sarovar-premiere-bhubaneswar/meetings
/riviera-sarovar-portico-pathankot/banquets-conferences.html,/hotels-in-pathankot/riviera-sarovar-portico-pathankot/meetings,308->200,redirected to /hotels-in-pathankot/riviera-sarovar-portico-pathankot/meetings
/royal-tulip-kathmandu-shivapuri-national-park/banquets-conferences.html,/hotels-in-kathmandu/royal-tulip-kathmandu-shivapuri-national-park/meetings,308->200,redirected to /hotels-in-kathmandu/royal-tulip-kathmandu-shivapuri-national-park/meetings
/royal-tulip-kathmandu/banquets-conferences.html,/hotels-in-kathmandu/royal-tulip-kathmandu/meetings,308->200,redirected to /hotels-in-kathmandu/royal-tulip-kathmandu/meetings
/sairafort-sarovar-portico-jaisalmer/banquets-conferences.html,/hotels-in-jaisalmer/sairafort-sarovar-portico-jaisalmer/meetings,308->200,redirected to /hotels-in-jaisalmer/sairafort-sarovar-portico-jaisalmer/meetings
/sarovar-portico-hanumangarh/banquets-conferences.html,/hotels-in-hanumangarh/sarovar-portico-hanumangarh/meetings,308->200,redirected to /hotels-in-hanumangarh/sarovar-portico-hanumangarh/meetings
/sarovar-portico-saharanpur/banquets-conferences.html,/hotels-in-saharanpur/sarovar-portico-saharanpur/meetings,308->200,redirected to /hotels-in-saharanpur/sarovar-portico-saharanpur/meetings
/sarovar-portico-sonipat/meetings-events.html,/hotels-in-sonipat/sarovar-portico-sonipat/meetings/meetings-events,308->404,"redirected to /hotels-in-sonipat/sarovar-portico-sonipat/meetings/meetings-events, which itself failed"
/sarovar-portico-sriperumbudur/banquets-conferences.html,/hotels-in-sriperumbudur/sarovar-portico-sriperumbudur/meetings,308->200,redirected to /hotels-in-sriperumbudur/sarovar-portico-sriperumbudur/meetings
/serene-premiere-hargeisa/banquets-conferences.html,/hotels-in-hargeisa/serene-premiere-hargeisa/meetings,308->200,redirected to /hotels-in-hargeisa/serene-premiere-hargeisa/meetings
/shyama-sarovar-portico-orai/meetings-events.html,/hotels-in-orai/shyama-sarovar-portico-orai/meetings/meetings-events,308->404,"redirected to /hotels-in-orai/shyama-sarovar-portico-orai/meetings/meetings-events, which itself failed"
/tulip-inn-gurugram-near-medanta/banquets-conferences.html,/hotels-in-gurugram/tulip-inn-gurugram-near-medanta/meetings,308->200,redirected to /hotels-in-gurugram/tulip-inn-gurugram-near-medanta/meetings
/vandhara-sarovar-premiere-patkote/banquets-conferences.html,/hotels-in-patkote/vandhara-sarovar-premiere-patkote/meetings,308->200,redirected to /hotels-in-patkote/vandhara-sarovar-premiere-patkote/meetings
/abn-sarovar-portico-jim-corbett/location.html,/hotels-in-jim-corbett/abn-sarovar-portico-jim-corbett/location,308->200,redirected to /hotels-in-jim-corbett/abn-sarovar-portico-jim-corbett/location
/aditya-hometel-hyderabad/location.html,/hotels-in-hyderabad/aditya-hometel-hyderabad/location,308->200,redirected to /hotels-in-hyderabad/aditya-hometel-hyderabad/location
/aditya-park-hyderabad/location.html,/hotels-in-hyderabad/aditya-park-hyderabad/location,308->200,redirected to /hotels-in-hyderabad/aditya-park-hyderabad/location
/ambar-sarovar-portico-gandhidham-hotel/location.html,/hotels-in-gandhidham/ambar-sarovar-portico-gandhidham-hotel/location,308->200,redirected to /hotels-in-gandhidham/ambar-sarovar-portico-gandhidham-hotel/location
/ambrosia-sarovar-portico-haridwar/location.html,/hotels-in-haridwar/ambrosia-sarovar-portico-haridwar/location,308->200,redirected to /hotels-in-haridwar/ambrosia-sarovar-portico-haridwar/location
/bamus-sarovar-portico-kampala/location.html,/hotels-in-kampala/bamus-sarovar-portico-kampala/location,308->200,redirected to /hotels-in-kampala/bamus-sarovar-portico-kampala/location
/balaji-sarovar-premiere-solapur/location.html,/hotels-in-solapur/balaji-sarovar-premiere-solapur/location,308->200,redirected to /hotels-in-solapur/balaji-sarovar-premiere-solapur/location
/bellevue-sarovar-premiere-junagadh/location.html,/hotels-in-junagadh/bellevue-sarovar-premiere-junagadh/location,308->200,redirected to /hotels-in-junagadh/bellevue-sarovar-premiere-junagadh/location
/classic-sarovar-portico-thiruvananthapuram/location.html,/hotels-in-thiruvananthapuram/classic-sarovar-portico-thiruvananthapuram/location,308->200,redirected to /hotels-in-thiruvananthapuram/classic-sarovar-portico-thiruvananthapuram/location
/delite-sarovar-portico-faridabad/location.html,/hotels-in-faridabad/delite-sarovar-portico-faridabad/location,308->200,redirected to /hotels-in-faridabad/delite-sarovar-portico-faridabad/location
/deventure-sarovar-portico--kapashera-new-delhi/location.html,/hotels-in-delhi/deventure-sarovar-portico--kapashera-new-delhi/location,308->200,redirected to /hotels-in-delhi/deventure-sarovar-portico--kapashera-new-delhi/location
/geeta-sarovar-portico-hotels-panipat/location.html,/hotels-in-panipat/geeta-sarovar-portico-hotels-panipat/location,308->200,redirected to /hotels-in-panipat/geeta-sarovar-portico-hotels-panipat/location
/golden-tulip-agra/location.html,/hotels-in-agra/golden-tulip-agra/location,308->200,redirected to /hotels-in-agra/golden-tulip-agra/location
/golden-tulip-jalandhar/location.html,/hotels-in-jalandhar/golden-tulip-jalandhar/location,308->200,redirected to /hotels-in-jalandhar/golden-tulip-jalandhar/location
/golden-tulip-lucknow/location.html,/hotels-in-lucknow/golden-tulip-lucknow/location,308->200,redirected to /hotels-in-lucknow/golden-tulip-lucknow/location
/golden-tulip-sector-80-gurugram/location.html,/hotels-in-gurugram/golden-tulip-sector-80-gurugram/location,308->200,redirected to /hotels-in-gurugram/golden-tulip-sector-80-gurugram/location
/golden-tulip-srinagar/location.html,/hotels-in-srinagar/golden-tulip-srinagar/location,308->200,redirected to /hotels-in-srinagar/golden-tulip-srinagar/location
/golden-tulip-tirupati/location.html,/hotels-in-tirupati/golden-tulip-tirupati/location,308->200,redirected to /hotels-in-tirupati/golden-tulip-tirupati/location
/golden-tulip-udaipur/location.html,/hotels-in-udaipur/golden-tulip-udaipur/location,308->200,redirected to /hotels-in-udaipur/golden-tulip-udaipur/location
/grand-continent-hosur/location.html,/hotels-in-hosur/grand-continent-hosur/location,308->200,redirected to /hotels-in-hosur/grand-continent-hosur/location
/grand-continent-mahabalipuram/location.html,/hotels-in-mahabalipuram/grand-continent-mahabalipuram/location,308->200,redirected to /hotels-in-mahabalipuram/grand-continent-mahabalipuram/location
/grand-continent-mysore/location.html,/hotels-in-mysore/grand-continent-mysore/location,308->200,redirected to /hotels-in-mysore/grand-continent-mysore/location
/grand-continent-secunderabad/location.html,/hotels-in-secunderabad/grand-continent-secunderabad/location,308->200,redirected to /hotels-in-secunderabad/grand-continent-secunderabad/location
/grand-portico-hotel-in-latur/location.html,/hotels-in-latur/grand-portico-hotel-in-latur/location,308->200,redirected to /hotels-in-latur/grand-portico-hotel-in-latur/location
/highland-sarovar-portico-sindhudurg/location.html,/hotels-in-sindhudurg/highland-sarovar-portico-sindhudurg/location,308->200,redirected to /hotels-in-sindhudurg/highland-sarovar-portico-sindhudurg/location
/hometel-alambagh-lucknow/location.html,/hotels-in-lucknow/hometel-alambagh-lucknow/location,308->200,redirected to /hotels-in-lucknow/hometel-alambagh-lucknow/location
/hometel-chandigarh/location.html,/hotels-in-chandigarh/hometel-chandigarh/location,308->200,redirected to /hotels-in-chandigarh/hometel-chandigarh/location
/hometel-roorkee/location.html,/hotels-in-roorkee/hometel-roorkee/location,308->200,redirected to /hotels-in-roorkee/hometel-roorkee/location
/hrj-sarovar-portico-indore/location.html,/hotels-in-indore/hrj-sarovar-portico-indore/location,308->200,redirected to /hotels-in-indore/hrj-sarovar-portico-indore/location
/iris-sarovar-portico-gurugram/location.html,/hotels-in-gurugram/iris-sarovar-portico-gurugram/location,308->200,redirected to /hotels-in-gurugram/iris-sarovar-portico-gurugram/location
/ishaan-sarovar-portico-deoghar/location.html,/hotels-in-deoghar/ishaan-sarovar-portico-deoghar/location,308->200,redirected to /hotels-in-deoghar/ishaan-sarovar-portico-deoghar/location
/la-place-sarovar-portico-lucknow/location.html,/hotels-in-lucknow/la-place-sarovar-portico-lucknow/location,308->200,redirected to /hotels-in-lucknow/la-place-sarovar-portico-lucknow/location
/lagoon-sarovar-premiere-pondicherry/location.html,/hotels-in-pondicherry/lagoon-sarovar-premiere-pondicherry/location,308->200,redirected to /hotels-in-pondicherry/lagoon-sarovar-premiere-pondicherry/location
/le-dupleix-pondicherry/location.html,/hotels-in-pondicherry/le-dupleix-pondicherry/location,308->200,redirected to /hotels-in-pondicherry/le-dupleix-pondicherry/location
/le-lac-sarovar-ranchi/location.html,/hotels-in-ranchi/le-lac-sarovar-ranchi/location,308->200,redirected to /hotels-in-ranchi/le-lac-sarovar-ranchi/location
/majestic-court-sarovar-portico-navi-mumbai/location.html,/hotels-in-navi-mumbai/majestic-court-sarovar-portico-navi-mumbai/location,308->200,redirected to /hotels-in-navi-mumbai/majestic-court-sarovar-portico-navi-mumbai/location
/marasa-sarovar-portico-rajkot/location.html,/hotels-in-rajkot/marasa-sarovar-portico-rajkot/location,308->200,redirected to /hotels-in-rajkot/marasa-sarovar-portico-rajkot/location
/marasa-sarovar-premiere-bodhgaya/location.html,/hotels-in-bodhgaya/marasa-sarovar-premiere-bodhgaya/location,308->200,redirected to /hotels-in-bodhgaya/marasa-sarovar-premiere-bodhgaya/location
/marasa-sarovar-premiere-tirupati-hotels/location.html,/hotels-in-tirupati/marasa-sarovar-premiere-tirupati-hotels/location,308->200,redirected to /hotels-in-tirupati/marasa-sarovar-premiere-tirupati-hotels/location
/marigold-sarovar-portico-mashobra-shimla/location.html,/hotels-in-mashobra-shimla/marigold-sarovar-portico-mashobra-shimla/location,308->200,redirected to /hotels-in-mashobra-shimla/marigold-sarovar-portico-mashobra-shimla/location
/marine-plaza-mumbai/location.html,/hotels-in-mumbai/marine-plaza-mumbai/location,308->200,redirected to /hotels-in-mumbai/marine-plaza-mumbai/location
/mj-sarovar-portico-haridwar/location.html,/hotels-in-haridwar/mj-sarovar-portico-haridwar/location,308->200,redirected to /hotels-in-haridwar/mj-sarovar-portico-haridwar/location
/mountnoor-sarovar-premiere-pahalgam/location.html,/hotels-in-pahalgam/mountnoor-sarovar-premiere-pahalgam/location,308->200,redirected to /hotels-in-pahalgam/mountnoor-sarovar-premiere-pahalgam/location
/mukundra-sarovar-premiere-kota/location.html,/hotels-in-kota/mukundra-sarovar-premiere-kota/location,308->200,redirected to /hotels-in-kota/mukundra-sarovar-premiere-kota/location
/nataraj-sarovar-portico-jhansi/location.html,/hotels-in-jhansi/nataraj-sarovar-portico-jhansi/location,308->200,redirected to /hotels-in-jhansi/nataraj-sarovar-portico-jhansi/location
/naturevilas-portico-manali/location.html,/hotels-in-manali/naturevilas-portico-manali/location,308->200,redirected to /hotels-in-manali/naturevilas-portico-manali/location
/nirvana-sarovar-portico-gorakhpur/location.html,/hotels-in-gorakhpur/nirvana-sarovar-portico-gorakhpur/location,308->200,redirected to /hotels-in-gorakhpur/nirvana-sarovar-portico-gorakhpur/location
/nirwana-hometel-jaipur-sarovar/location.html,/hotels-in-jaipur/nirwana-hometel-jaipur-sarovar/location,308->200,redirected to /hotels-in-jaipur/nirwana-hometel-jaipur-sarovar/location
/paradigm-sarovar-kakinada/location.html,/hotels-in-kakinada/paradigm-sarovar-kakinada/location,308->200,redirected to /hotels-in-kakinada/paradigm-sarovar-kakinada/location
/park-inn-by-radisson-ayodhya/location.html,/hotels-in-ayodhya/park-inn-by-radisson-ayodhya/location,308->200,redirected to /hotels-in-ayodhya/park-inn-by-radisson-ayodhya/location
/park-plaza-faridabad/location.html,/hotels-in-faridabad/park-plaza-faridabad/location,308->200,redirected to /hotels-in-faridabad/park-plaza-faridabad/location
/park-plaza-jalandhar/location.html,/hotels-in-jalandhar/park-plaza-jalandhar/location,308->200,redirected to /hotels-in-jalandhar/park-plaza-jalandhar/location
/park-plaza-jodhpur/location.html,/hotels-in-jodhpur/park-plaza-jodhpur/location,308->200,redirected to /hotels-in-jodhpur/park-plaza-jodhpur/location
/park-plaza-ludhiana/location.html,/hotels-in-ludhiana/park-plaza-ludhiana/location,308->200,redirected to /hotels-in-ludhiana/park-plaza-ludhiana/location
/prachi-sarovar-premiere-bhubaneswar/location.html,/hotels-in-bhubaneswar/prachi-sarovar-premiere-bhubaneswar/location,308->200,redirected to /hotels-in-bhubaneswar/prachi-sarovar-premiere-bhubaneswar/location
/presidium-sarovar-premiere-dalhousie/location.html,/hotels-in-dalhousie/presidium-sarovar-premiere-dalhousie/location,308->200,redirected to /hotels-in-dalhousie/presidium-sarovar-premiere-dalhousie/location
/pushkara-portico-hotel-in-dibrugarh/location.html,/hotels-in-dibrugarh/pushkara-portico-hotel-in-dibrugarh/location,308->200,redirected to /hotels-in-dibrugarh/pushkara-portico-hotel-in-dibrugarh/location
/radha-regent-chennai/location.html,/hotels-in-chennai/radha-regent-chennai/location,308->200,redirected to /hotels-in-chennai/radha-regent-chennai/location
/radisson-hyderabad--hitec/location.html,/hotels-in-hyderabad/radisson-hyderabad--hitec/location,308->200,redirected to /hotels-in-hyderabad/radisson-hyderabad--hitec/location
/radisson-mumbai-goregaon/location.html,/hotels-in-mumbai/radisson-mumbai-goregaon/location,308->200,redirected to /hotels-in-mumbai/radisson-mumbai-goregaon/location
/residency-sarovar-portico-mumbai/location.html,/hotels-in-mumbai/residency-sarovar-portico-mumbai/location,308->200,redirected to /hotels-in-mumbai/residency-sarovar-portico-mumbai/location
/rivera-sarovar-portico-ahmedabad/location.html,/hotels-in-ahmedabad/rivera-sarovar-portico-ahmedabad/location,308->200,redirected to /hotels-in-ahmedabad/rivera-sarovar-portico-ahmedabad/location
/riviera-sarovar-portico-pathankot/location.html,/hotels-in-pathankot/riviera-sarovar-portico-pathankot/location,308->200,redirected to /hotels-in-pathankot/riviera-sarovar-portico-pathankot/location
/rosefinch-sarovar-portico-bhimtal/location.html,/hotels-in-bhimtal/rosefinch-sarovar-portico-bhimtal/location,308->200,redirected to /hotels-in-bhimtal/rosefinch-sarovar-portico-bhimtal/location
/royal-kingdom-sarovar-portico-pilibhit/location.html,/hotels-in-pilibhit/royal-kingdom-sarovar-portico-pilibhit/location,308->200,redirected to /hotels-in-pilibhit/royal-kingdom-sarovar-portico-pilibhit/location
/royal-sarovar-portico-siliguri/location.html,/hotels-in-siliguri/royal-sarovar-portico-siliguri/location,308->200,redirected to /hotels-in-siliguri/royal-sarovar-portico-siliguri/location
/royal-tulip-kathmandu-shivapuri-national-park/location.html,/hotels-in-kathmandu/royal-tulip-kathmandu-shivapuri-national-park/location,308->200,redirected to /hotels-in-kathmandu/royal-tulip-kathmandu-shivapuri-national-park/location
/royal-tulip-kathmandu/location.html,/hotels-in-kathmandu/royal-tulip-kathmandu/location,308->200,redirected to /hotels-in-kathmandu/royal-tulip-kathmandu/location
/royale-sarovar-portico-agra/location.html,/hotels-in-agra/royale-sarovar-portico-agra/location,308->200,redirected to /hotels-in-agra/royale-sarovar-portico-agra/location
/rs-sarovar-portico-palampur/location.html,/hotels-in-palampur/rs-sarovar-portico-palampur/location,308->200,redirected to /hotels-in-palampur/rs-sarovar-portico-palampur/location
/sairafort-sarovar-portico-jaisalmer/location.html,/hotels-in-jaisalmer/sairafort-sarovar-portico-jaisalmer/location,308->200,redirected to /hotels-in-jaisalmer/sairafort-sarovar-portico-jaisalmer/location
/sarovar-ahmedabad/location.html,/hotels-in-ahmedabad/sarovar-ahmedabad/location,308->200,redirected to /hotels-in-ahmedabad/sarovar-ahmedabad/location
/sarovar-portico-hanumangarh/location.html,/hotels-in-hanumangarh/sarovar-portico-hanumangarh/location,308->200,redirected to /hotels-in-hanumangarh/sarovar-portico-hanumangarh/location
/sarovar-portico-jaipur/location.html,/hotels-in-jaipur/sarovar-portico-jaipur/location,308->200,redirected to /hotels-in-jaipur/sarovar-portico-jaipur/location
/sarovar-portico-jalandhar/location.html,/hotels-in-jalandhar/sarovar-portico-jalandhar/location,308->200,redirected to /hotels-in-jalandhar/sarovar-portico-jalandhar/location
/sarovar-portico-kolkata-rajarhat/location.html,/hotels-in-kolkata/sarovar-portico-kolkata-rajarhat/location,308->200,redirected to /hotels-in-kolkata/sarovar-portico-kolkata-rajarhat/location
/sarovar-portico-morbi/location.html,/hotels-in-morbi/sarovar-portico-morbi/location,308->200,redirected to /hotels-in-morbi/sarovar-portico-morbi/location
/sarovar-portico-naraina-new-delhi/location.html,/hotels-in-delhi/sarovar-portico-naraina-new-delhi/location,308->200,redirected to /hotels-in-delhi/sarovar-portico-naraina-new-delhi/location
/sarovar-portico-saharanpur/location.html,/hotels-in-saharanpur/sarovar-portico-saharanpur/location,308->200,redirected to /hotels-in-saharanpur/sarovar-portico-saharanpur/location
/sarovar-portico-somnath/location.html,/hotels-in-somnath/sarovar-portico-somnath/location,308->200,redirected to /hotels-in-somnath/sarovar-portico-somnath/location
/sarovar-portico-sonipat/location.html,/hotels-in-sonipat/sarovar-portico-sonipat/location,308->200,redirected to /hotels-in-sonipat/sarovar-portico-sonipat/location
/sarovar-portico-srinagar/location.html,/hotels-in-srinagar/sarovar-portico-srinagar/location,308->200,redirected to /hotels-in-srinagar/sarovar-portico-srinagar/location
/sarovar-portico-sriperumbudur/location.html,/hotels-in-sriperumbudur/sarovar-portico-sriperumbudur/location,308->200,redirected to /hotels-in-sriperumbudur/sarovar-portico-sriperumbudur/location
/sarovar-premiere-srinagar/location.html,/hotels-in-srinagar/sarovar-premiere-srinagar/location,308->200,redirected to /hotels-in-srinagar/sarovar-premiere-srinagar/location
/serene-premiere-hargeisa/location.html,/hotels-in-hargeisa/serene-premiere-hargeisa/location,308->200,redirected to /hotels-in-hargeisa/serene-premiere-hargeisa/location
/shyama-sarovar-portico-orai/location.html,/hotels-in-orai/shyama-sarovar-portico-orai/location,308->200,redirected to /hotels-in-orai/shyama-sarovar-portico-orai/location
/singhania-sarovar-portico-raipur/location.html,/hotels-in-raipur/singhania-sarovar-portico-raipur/location,308->200,redirected to /hotels-in-raipur/singhania-sarovar-portico-raipur/location
/taurus-hotel-mahipalpur-new-delhi/location.html,/hotels-in-delhi/taurus-hotel-mahipalpur-new-delhi/location,308->200,redirected to /hotels-in-delhi/taurus-hotel-mahipalpur-new-delhi/location
/the-ashtan-sarovar-portico-new-delhi/location.html,/hotels-in-delhi/the-ashtan-sarovar-portico-new-delhi/location,308->200,redirected to /hotels-in-delhi/the-ashtan-sarovar-portico-new-delhi/location
/the-gokulam-park-kochi/location.html,/hotels-in-kochi/the-gokulam-park-kochi/location,308->200,redirected to /hotels-in-kochi/the-gokulam-park-kochi/location
/the-muse-sarovar-portico-nehru-place-new-delhi/location.html,/hotels-in-delhi/the-muse-sarovar-portico-nehru-place-new-delhi/location,308->200,redirected to /hotels-in-delhi/the-muse-sarovar-portico-nehru-place-new-delhi/location
/the-promenade-pondicherry/location.html,/hotels-in-pondicherry/the-promenade-pondicherry/location,308->200,redirected to /hotels-in-pondicherry/the-promenade-pondicherry/location
/tulip-inn-gurugram-near-medanta/location.html,/hotels-in-gurugram/tulip-inn-gurugram-near-medanta/location,308->200,redirected to /hotels-in-gurugram/tulip-inn-gurugram-near-medanta/location
/vaishnodevi-portico-katra/location.html,/hotels-in-katra/vaishnodevi-portico-katra/location,308->200,redirected to /hotels-in-katra/vaishnodevi-portico-katra/location
/vandhara-sarovar-premiere-patkote/location.html,/hotels-in-patkote/vandhara-sarovar-premiere-patkote/location,308->200,redirected to /hotels-in-patkote/vandhara-sarovar-premiere-patkote/location
/venizia-sarovar-portico-in-new-delhi/location.html,/hotels-in-delhi/venizia-sarovar-portico-in-new-delhi/location,308->200,redirected to /hotels-in-delhi/venizia-sarovar-portico-in-new-delhi/location
/viraj-sarovar-portico-jammu/location.html,/hotels-in-jammu/viraj-sarovar-portico-jammu/location,308->200,redirected to /hotels-in-jammu/viraj-sarovar-portico-jammu/location
/abn-sarovar-portico-jim-corbett/facilities.html,/hotels-in-jim-corbett/abn-sarovar-portico-jim-corbett/amenities,308->200,redirected to /hotels-in-jim-corbett/abn-sarovar-portico-jim-corbett/amenities
/aditya-hometel-hyderabad/facilities/facilities.html,/hotels-in-hyderabad/aditya-hometel-hyderabad/amenities,308->200,redirected to /hotels-in-hyderabad/aditya-hometel-hyderabad/amenities
/aditya-park-hyderabad/facilities/facilities.html,/hotels-in-hyderabad/aditya-park-hyderabad/amenities,308->200,redirected to /hotels-in-hyderabad/aditya-park-hyderabad/amenities
/ambar-sarovar-portico-gandhidham-hotel/facilities/facilities.html,/hotels-in-gandhidham/ambar-sarovar-portico-gandhidham-hotel/amenities,308->200,redirected to /hotels-in-gandhidham/ambar-sarovar-portico-gandhidham-hotel/amenities
/ambrosia-sarovar-portico-haridwar/facilities/facilities.html,/hotels-in-haridwar/ambrosia-sarovar-portico-haridwar/amenities,308->200,redirected to /hotels-in-haridwar/ambrosia-sarovar-portico-haridwar/amenities
/balaji-sarovar-premiere-solapur/facilities/facilities.html,/hotels-in-solapur/balaji-sarovar-premiere-solapur/amenities,308->200,redirected to /hotels-in-solapur/balaji-sarovar-premiere-solapur/amenities
/bamus-sarovar-portico-kampala/facilities.html,/hotels-in-kampala/bamus-sarovar-portico-kampala/amenities,308->200,redirected to /hotels-in-kampala/bamus-sarovar-portico-kampala/amenities
/bellevue-sarovar-premiere-junagadh/facilities/facilities.html,/hotels-in-junagadh/bellevue-sarovar-premiere-junagadh/amenities,308->200,redirected to /hotels-in-junagadh/bellevue-sarovar-premiere-junagadh/amenities
/classic-sarovar-portico-thiruvananthapuram/facilities/facilities.html,/hotels-in-thiruvananthapuram/classic-sarovar-portico-thiruvananthapuram/amenities,308->200,redirected to /hotels-in-thiruvananthapuram/classic-sarovar-portico-thiruvananthapuram/amenities
/delite-sarovar-portico-faridabad/facilities/facilities.html,/hotels-in-faridabad/delite-sarovar-portico-faridabad/amenities,308->200,redirected to /hotels-in-faridabad/delite-sarovar-portico-faridabad/amenities
/deventure-sarovar-portico--kapashera-new-delhi/facilities/facilities.html,/hotels-in-delhi/deventure-sarovar-portico--kapashera-new-delhi/amenities,308->200,redirected to /hotels-in-delhi/deventure-sarovar-portico--kapashera-new-delhi/amenities
/geeta-sarovar-portico-hotels-panipat/facilities/facilities.html,/hotels-in-panipat/geeta-sarovar-portico-hotels-panipat/amenities,308->200,redirected to /hotels-in-panipat/geeta-sarovar-portico-hotels-panipat/amenities
/golden-tulip-agra/facilities/facilities.html,/hotels-in-agra/golden-tulip-agra/amenities,308->200,redirected to /hotels-in-agra/golden-tulip-agra/amenities
/golden-tulip-jalandhar/facilities/facilities.html,/hotels-in-jalandhar/golden-tulip-jalandhar/amenities,308->200,redirected to /hotels-in-jalandhar/golden-tulip-jalandhar/amenities
/golden-tulip-lucknow/facilities/facilities.html,/hotels-in-lucknow/golden-tulip-lucknow/amenities,308->200,redirected to /hotels-in-lucknow/golden-tulip-lucknow/amenities
/golden-tulip-sector-80-gurugram/facilities.html,/hotels-in-gurugram/golden-tulip-sector-80-gurugram/amenities,308->200,redirected to /hotels-in-gurugram/golden-tulip-sector-80-gurugram/amenities
/golden-tulip-srinagar/facilities/facilities.html,/hotels-in-srinagar/golden-tulip-srinagar/amenities,308->200,redirected to /hotels-in-srinagar/golden-tulip-srinagar/amenities
/golden-tulip-tirupati/facilities/facilities.html,/hotels-in-tirupati/golden-tulip-tirupati/amenities,308->200,redirected to /hotels-in-tirupati/golden-tulip-tirupati/amenities
/golden-tulip-udaipur/facilities.html,/hotels-in-udaipur/golden-tulip-udaipur/amenities,308->200,redirected to /hotels-in-udaipur/golden-tulip-udaipur/amenities
/grand-continent-hosur/facilities/facilities.html,/hotels-in-hosur/grand-continent-hosur/amenities,308->200,redirected to /hotels-in-hosur/grand-continent-hosur/amenities
/grand-continent-mahabalipuram/facilities/facilities.html,/hotels-in-mahabalipuram/grand-continent-mahabalipuram/amenities,308->200,redirected to /hotels-in-mahabalipuram/grand-continent-mahabalipuram/amenities
/grand-continent-mysore/facilities/facilities.html,/hotels-in-mysore/grand-continent-mysore/amenities,308->200,redirected to /hotels-in-mysore/grand-continent-mysore/amenities
/grand-continent-secunderabad/facilities.html,/hotels-in-secunderabad/grand-continent-secunderabad/amenities,308->200,redirected to /hotels-in-secunderabad/grand-continent-secunderabad/amenities
/grand-portico-hotel-in-latur/facilities/facilities.html,/hotels-in-latur/grand-portico-hotel-in-latur/amenities,308->200,redirected to /hotels-in-latur/grand-portico-hotel-in-latur/amenities
/highland-sarovar-portico-sindhudurg/facilities.html,/hotels-in-sindhudurg/highland-sarovar-portico-sindhudurg/amenities,308->200,redirected to /hotels-in-sindhudurg/highland-sarovar-portico-sindhudurg/amenities
/hometel-alambagh-lucknow/facilities.html,/hotels-in-lucknow/hometel-alambagh-lucknow/amenities,308->200,redirected to /hotels-in-lucknow/hometel-alambagh-lucknow/amenities
/hometel-chandigarh/facilities/facilities.html,/hotels-in-chandigarh/hometel-chandigarh/amenities,308->200,redirected to /hotels-in-chandigarh/hometel-chandigarh/amenities
/hometel-roorkee/facilities/facilities.html,/hotels-in-roorkee/hometel-roorkee/amenities,308->200,redirected to /hotels-in-roorkee/hometel-roorkee/amenities
/hrj-sarovar-portico-indore/facilities/facilities.html,/hotels-in-indore/hrj-sarovar-portico-indore/amenities,308->200,redirected to /hotels-in-indore/hrj-sarovar-portico-indore/amenities
/iris-sarovar-portico-gurugram/facilities/facilities.html,/hotels-in-gurugram/iris-sarovar-portico-gurugram/amenities,308->200,redirected to /hotels-in-gurugram/iris-sarovar-portico-gurugram/amenities
/ishaan-sarovar-portico-deoghar/facilities.html,/hotels-in-deoghar/ishaan-sarovar-portico-deoghar/amenities,308->200,redirected to /hotels-in-deoghar/ishaan-sarovar-portico-deoghar/amenities
/la-place-sarovar-portico-lucknow/facilities/facilities.html,/hotels-in-lucknow/la-place-sarovar-portico-lucknow/amenities,308->200,redirected to /hotels-in-lucknow/la-place-sarovar-portico-lucknow/amenities
/le-dupleix-pondicherry/facilities/facilities.html,/hotels-in-pondicherry/le-dupleix-pondicherry/amenities,308->200,redirected to /hotels-in-pondicherry/le-dupleix-pondicherry/amenities
/le-lac-sarovar-ranchi/facilities/facilities.html,/hotels-in-ranchi/le-lac-sarovar-ranchi/amenities,308->200,redirected to /hotels-in-ranchi/le-lac-sarovar-ranchi/amenities
/majestic-court-sarovar-portico-navi-mumbai/facilities/facilities.html,/hotels-in-navi-mumbai/majestic-court-sarovar-portico-navi-mumbai/amenities,308->200,redirected to /hotels-in-navi-mumbai/majestic-court-sarovar-portico-navi-mumbai/amenities
/marasa-sarovar-portico-rajkot/facilities/facilities.html,/hotels-in-rajkot/marasa-sarovar-portico-rajkot/amenities,308->200,redirected to /hotels-in-rajkot/marasa-sarovar-portico-rajkot/amenities
/marasa-sarovar-premiere-bodhgaya/facilities/facilities.html,/hotels-in-bodhgaya/marasa-sarovar-premiere-bodhgaya/amenities,308->200,redirected to /hotels-in-bodhgaya/marasa-sarovar-premiere-bodhgaya/amenities
/marasa-sarovar-premiere-tirupati-hotels/facilities/facilities.html,/hotels-in-tirupati/marasa-sarovar-premiere-tirupati-hotels/amenities,308->200,redirected to /hotels-in-tirupati/marasa-sarovar-premiere-tirupati-hotels/amenities
/marigold-sarovar-portico-mashobra-shimla/facilities/facilities.html,/hotels-in-mashobra-shimla/marigold-sarovar-portico-mashobra-shimla/amenities,308->200,redirected to /hotels-in-mashobra-shimla/marigold-sarovar-portico-mashobra-shimla/amenities
/marine-plaza-mumbai/facilities/facilities.html,/hotels-in-mumbai/marine-plaza-mumbai/amenities,308->200,redirected to /hotels-in-mumbai/marine-plaza-mumbai/amenities
/mj-sarovar-portico-haridwar/facilities.html,/hotels-in-haridwar/mj-sarovar-portico-haridwar/amenities,308->200,redirected to /hotels-in-haridwar/mj-sarovar-portico-haridwar/amenities
/mountnoor-sarovar-premiere-pahalgam/facilities.html,/hotels-in-pahalgam/mountnoor-sarovar-premiere-pahalgam/amenities,308->200,redirected to /hotels-in-pahalgam/mountnoor-sarovar-premiere-pahalgam/amenities
/mukundra-sarovar-premiere-kota/facilities.html,/hotels-in-kota/mukundra-sarovar-premiere-kota/amenities,308->200,redirected to /hotels-in-kota/mukundra-sarovar-premiere-kota/amenities
/nataraj-sarovar-portico-jhansi/facilities/facilities.html,/hotels-in-jhansi/nataraj-sarovar-portico-jhansi/amenities,308->200,redirected to /hotels-in-jhansi/nataraj-sarovar-portico-jhansi/amenities
/naturevilas-portico-manali/facilities/facilities.html,/hotels-in-manali/naturevilas-portico-manali/amenities,308->200,redirected to /hotels-in-manali/naturevilas-portico-manali/amenities
/nirvana-sarovar-portico-gorakhpur/facilities/facilities.html,/hotels-in-gorakhpur/nirvana-sarovar-portico-gorakhpur/amenities,308->200,redirected to /hotels-in-gorakhpur/nirvana-sarovar-portico-gorakhpur/amenities
/nirwana-hometel-jaipur-sarovar/facilities/facilities.html,/hotels-in-jaipur/nirwana-hometel-jaipur-sarovar/amenities,308->200,redirected to /hotels-in-jaipur/nirwana-hometel-jaipur-sarovar/amenities
/paradigm-sarovar-kakinada/facilities/facilities.html,/hotels-in-kakinada/paradigm-sarovar-kakinada/amenities,308->200,redirected to /hotels-in-kakinada/paradigm-sarovar-kakinada/amenities
/park-inn-by-radisson-ayodhya/facilities.html,/hotels-in-ayodhya/park-inn-by-radisson-ayodhya/amenities,308->200,redirected to /hotels-in-ayodhya/park-inn-by-radisson-ayodhya/amenities
/park-plaza-faridabad/facilities/facilities.html,/hotels-in-faridabad/park-plaza-faridabad/amenities,308->200,redirected to /hotels-in-faridabad/park-plaza-faridabad/amenities
/park-plaza-jalandhar/facilities/facilities.html,/hotels-in-jalandhar/park-plaza-jalandhar/amenities,308->200,redirected to /hotels-in-jalandhar/park-plaza-jalandhar/amenities
/park-plaza-jodhpur/facilities/facilities.html,/hotels-in-jodhpur/park-plaza-jodhpur/amenities,308->200,redirected to /hotels-in-jodhpur/park-plaza-jodhpur/amenities
/park-plaza-ludhiana/facilities/facilities.html,/hotels-in-ludhiana/park-plaza-ludhiana/amenities,308->200,redirected to /hotels-in-ludhiana/park-plaza-ludhiana/amenities
/prachi-sarovar-premiere-bhubaneswar/facilities.html,/hotels-in-bhubaneswar/prachi-sarovar-premiere-bhubaneswar/amenities,308->200,redirected to /hotels-in-bhubaneswar/prachi-sarovar-premiere-bhubaneswar/amenities
/presidium-sarovar-premiere-dalhousie/facilities.html,/hotels-in-dalhousie/presidium-sarovar-premiere-dalhousie/amenities,308->200,redirected to /hotels-in-dalhousie/presidium-sarovar-premiere-dalhousie/amenities
/pushkara-portico-hotel-in-dibrugarh/facilities/facilities.html,/hotels-in-dibrugarh/pushkara-portico-hotel-in-dibrugarh/amenities,308->200,redirected to /hotels-in-dibrugarh/pushkara-portico-hotel-in-dibrugarh/amenities
/radha-regent-chennai/facilities/facilities.html,/hotels-in-chennai/radha-regent-chennai/amenities,308->200,redirected to /hotels-in-chennai/radha-regent-chennai/amenities
/radisson-hyderabad--hitec/facilities/facilities.html,/hotels-in-hyderabad/radisson-hyderabad--hitec/amenities,308->200,redirected to /hotels-in-hyderabad/radisson-hyderabad--hitec/amenities
/radisson-mumbai-goregaon/facilities/facilities.html,/hotels-in-mumbai/radisson-mumbai-goregaon/amenities,308->200,redirected to /hotels-in-mumbai/radisson-mumbai-goregaon/amenities
/residency-sarovar-portico-mumbai/facilities/facilities.html,/hotels-in-mumbai/residency-sarovar-portico-mumbai/amenities,308->200,redirected to /hotels-in-mumbai/residency-sarovar-portico-mumbai/amenities
/rivera-sarovar-portico-ahmedabad/facilities/facilities.html,/hotels-in-ahmedabad/rivera-sarovar-portico-ahmedabad/amenities,308->200,redirected to /hotels-in-ahmedabad/rivera-sarovar-portico-ahmedabad/amenities
/riviera-sarovar-portico-pathankot/facilities.html,/hotels-in-pathankot/riviera-sarovar-portico-pathankot/amenities,308->200,redirected to /hotels-in-pathankot/riviera-sarovar-portico-pathankot/amenities
/rosefinch-sarovar-portico-bhimtal/facilities/facilities.html,/hotels-in-bhimtal/rosefinch-sarovar-portico-bhimtal/amenities,308->200,redirected to /hotels-in-bhimtal/rosefinch-sarovar-portico-bhimtal/amenities
/royal-kingdom-sarovar-portico-pilibhit/facilities.html,/hotels-in-pilibhit/royal-kingdom-sarovar-portico-pilibhit/amenities,308->200,redirected to /hotels-in-pilibhit/royal-kingdom-sarovar-portico-pilibhit/amenities
/royal-sarovar-portico-siliguri/facilities/facilities.html,/hotels-in-siliguri/royal-sarovar-portico-siliguri/amenities,308->200,redirected to /hotels-in-siliguri/royal-sarovar-portico-siliguri/amenities
/royal-tulip-kathmandu-shivapuri-national-park/facilities.html,/hotels-in-kathmandu/royal-tulip-kathmandu-shivapuri-national-park/amenities,308->200,redirected to /hotels-in-kathmandu/royal-tulip-kathmandu-shivapuri-national-park/amenities
/royal-tulip-kathmandu/facilities.html,/hotels-in-kathmandu/royal-tulip-kathmandu/amenities,308->200,redirected to /hotels-in-kathmandu/royal-tulip-kathmandu/amenities
/royale-sarovar-portico-agra/facilities/facilities.html,/hotels-in-agra/royale-sarovar-portico-agra/amenities,308->200,redirected to /hotels-in-agra/royale-sarovar-portico-agra/amenities
/rs-sarovar-portico-palampur/facilities/facilities.html,/hotels-in-palampur/rs-sarovar-portico-palampur/amenities,308->200,redirected to /hotels-in-palampur/rs-sarovar-portico-palampur/amenities
/sairafort-sarovar-portico-jaisalmer/facilities/facilities.html,/hotels-in-jaisalmer/sairafort-sarovar-portico-jaisalmer/amenities,308->200,redirected to /hotels-in-jaisalmer/sairafort-sarovar-portico-jaisalmer/amenities
/sarovar-ahmedabad/facilities/facilities.html,/hotels-in-ahmedabad/sarovar-ahmedabad/amenities,308->200,redirected to /hotels-in-ahmedabad/sarovar-ahmedabad/amenities
/sarovar-portico-hanumangarh/facilities.html,/hotels-in-hanumangarh/sarovar-portico-hanumangarh/amenities,308->200,redirected to /hotels-in-hanumangarh/sarovar-portico-hanumangarh/amenities
/sarovar-portico-jaipur/facilities/facilities.html,/hotels-in-jaipur/sarovar-portico-jaipur/amenities,308->200,redirected to /hotels-in-jaipur/sarovar-portico-jaipur/amenities
/sarovar-portico-jalandhar/facilities/facilities.html,/hotels-in-jalandhar/sarovar-portico-jalandhar/amenities,308->200,redirected to /hotels-in-jalandhar/sarovar-portico-jalandhar/amenities
/sarovar-portico-kolkata-rajarhat/facilities/facilities.html,/hotels-in-kolkata/sarovar-portico-kolkata-rajarhat/amenities,308->200,redirected to /hotels-in-kolkata/sarovar-portico-kolkata-rajarhat/amenities
/sarovar-portico-naraina-new-delhi/facilities/facilities.html,/hotels-in-delhi/sarovar-portico-naraina-new-delhi/amenities,308->200,redirected to /hotels-in-delhi/sarovar-portico-naraina-new-delhi/amenities
/sarovar-portico-saharanpur/facilities.html,/hotels-in-saharanpur/sarovar-portico-saharanpur/amenities,308->200,redirected to /hotels-in-saharanpur/sarovar-portico-saharanpur/amenities
/sarovar-portico-somnath/facilities/facilities.html,/hotels-in-somnath/sarovar-portico-somnath/amenities,308->200,redirected to /hotels-in-somnath/sarovar-portico-somnath/amenities
/sarovar-portico-sonipat/facilities/facilities.html,/hotels-in-sonipat/sarovar-portico-sonipat/amenities,308->200,redirected to /hotels-in-sonipat/sarovar-portico-sonipat/amenities
/sarovar-portico-srinagar/facilities/facilities.html,/hotels-in-srinagar/sarovar-portico-srinagar/amenities,308->200,redirected to /hotels-in-srinagar/sarovar-portico-srinagar/amenities
/sarovar-portico-sriperumbudur/facilities/facilities.html,/hotels-in-sriperumbudur/sarovar-portico-sriperumbudur/amenities,308->200,redirected to /hotels-in-sriperumbudur/sarovar-portico-sriperumbudur/amenities
/sarovar-premiere-srinagar/facilities/facilities.html,/hotels-in-srinagar/sarovar-premiere-srinagar/amenities,308->200,redirected to /hotels-in-srinagar/sarovar-premiere-srinagar/amenities
/serene-premiere-hargeisa/facilities.html,/hotels-in-hargeisa/serene-premiere-hargeisa/amenities,308->200,redirected to /hotels-in-hargeisa/serene-premiere-hargeisa/amenities
/shyama-sarovar-portico-orai/facilities/facilities.html,/hotels-in-orai/shyama-sarovar-portico-orai/amenities,308->200,redirected to /hotels-in-orai/shyama-sarovar-portico-orai/amenities
/singhania-sarovar-portico-raipur/facilities/facilities.html,/hotels-in-raipur/singhania-sarovar-portico-raipur/amenities,308->200,redirected to /hotels-in-raipur/singhania-sarovar-portico-raipur/amenities
/taurus-hotel-mahipalpur-new-delhi/facilities/facilities.html,/hotels-in-delhi/taurus-hotel-mahipalpur-new-delhi/amenities,308->200,redirected to /hotels-in-delhi/taurus-hotel-mahipalpur-new-delhi/amenities
/the-gokulam-park-kochi/facilities/facilities.html,/hotels-in-kochi/the-gokulam-park-kochi/amenities,308->200,redirected to /hotels-in-kochi/the-gokulam-park-kochi/amenities
/the-muse-sarovar-portico-nehru-place-new-delhi/facilities/facilities.html,/hotels-in-delhi/the-muse-sarovar-portico-nehru-place-new-delhi/amenities,308->200,redirected to /hotels-in-delhi/the-muse-sarovar-portico-nehru-place-new-delhi/amenities
/the-promenade-pondicherry/facilities/facilities.html,/hotels-in-pondicherry/the-promenade-pondicherry/amenities,308->200,redirected to /hotels-in-pondicherry/the-promenade-pondicherry/amenities
/tulip-inn-gurugram-near-medanta/facilities.html,/hotels-in-gurugram/tulip-inn-gurugram-near-medanta/amenities,308->200,redirected to /hotels-in-gurugram/tulip-inn-gurugram-near-medanta/amenities
/vaishnodevi-portico-katra/facilities/facilities.html,/hotels-in-katra/vaishnodevi-portico-katra/amenities,308->200,redirected to /hotels-in-katra/vaishnodevi-portico-katra/amenities
/vandhara-sarovar-premiere-patkote/facilities.html,/hotels-in-patkote/vandhara-sarovar-premiere-patkote/amenities,308->200,redirected to /hotels-in-patkote/vandhara-sarovar-premiere-patkote/amenities
/viraj-sarovar-portico-jammu/facilities/facilities.html,/hotels-in-jammu/viraj-sarovar-portico-jammu/amenities,308->200,redirected to /hotels-in-jammu/viraj-sarovar-portico-jammu/amenities
/aditya-hometel-hyderabad/terms-and-conditions/terms-and-conditions.html,/hotels-in-hyderabad/aditya-hometel-hyderabad/legal/terms-and-conditions,308->404,"redirected to /hotels-in-hyderabad/aditya-hometel-hyderabad/legal/terms-and-conditions, which itself failed"
/aditya-park-hyderabad/terms-and-conditions/terms-and-conditions.html,/hotels-in-hyderabad/aditya-park-hyderabad/legal/terms-and-conditions,308->404,"redirected to /hotels-in-hyderabad/aditya-park-hyderabad/legal/terms-and-conditions, which itself failed"
/ambar-sarovar-portico-gandhidham-hotel/terms-and-conditions/terms-and-conditions.html,/hotels-in-gandhidham/ambar-sarovar-portico-gandhidham-hotel/legal/terms-and-conditions,308->404,"redirected to /hotels-in-gandhidham/ambar-sarovar-portico-gandhidham-hotel/legal/terms-and-conditions, which itself failed"
/ambrosia-sarovar-portico-haridwar/terms-and-conditions/terms-and-conditions.html,/hotels-in-haridwar/ambrosia-sarovar-portico-haridwar/legal/terms-and-conditions,308->404,"redirected to /hotels-in-haridwar/ambrosia-sarovar-portico-haridwar/legal/terms-and-conditions, which itself failed"
/balaji-sarovar-premiere-solapur/terms-and-conditions/terms-and-conditions.html,/hotels-in-solapur/balaji-sarovar-premiere-solapur/legal/terms-and-conditions,308->404,"redirected to /hotels-in-solapur/balaji-sarovar-premiere-solapur/legal/terms-and-conditions, which itself failed"
/bellevue-sarovar-premiere-junagadh/terms-and-conditions/terms-and-conditions.html,/hotels-in-junagadh/bellevue-sarovar-premiere-junagadh/legal/terms-and-conditions,308->404,"redirected to /hotels-in-junagadh/bellevue-sarovar-premiere-junagadh/legal/terms-and-conditions, which itself failed"
/classic-sarovar-portico-thiruvananthapuram/terms-and-conditions/terms-and-conditions.html,/hotels-in-thiruvananthapuram/classic-sarovar-portico-thiruvananthapuram/legal/terms-and-conditions,308->404,"redirected to /hotels-in-thiruvananthapuram/classic-sarovar-portico-thiruvananthapuram/legal/terms-and-conditions, which itself failed"
/deventure-sarovar-portico--kapashera-new-delhi/terms-and-conditions/terms-and-conditions.html,/hotels-in-delhi/deventure-sarovar-portico--kapashera-new-delhi/legal/terms-and-conditions,308->404,"redirected to /hotels-in-delhi/deventure-sarovar-portico--kapashera-new-delhi/legal/terms-and-conditions, which itself failed"
/golden-tulip-lucknow/terms-and-conditions/terms-and-conditions.html,/hotels-in-lucknow/golden-tulip-lucknow/legal/terms-and-conditions,308->404,"redirected to /hotels-in-lucknow/golden-tulip-lucknow/legal/terms-and-conditions, which itself failed"
/golden-tulip-srinagar/terms-and-conditions/terms-and-conditions.html,/hotels-in-srinagar/golden-tulip-srinagar/legal/terms-and-conditions,308->404,"redirected to /hotels-in-srinagar/golden-tulip-srinagar/legal/terms-and-conditions, which itself failed"
/hometel-chandigarh/terms-and-conditions/terms-and-conditions.html,/hotels-in-chandigarh/hometel-chandigarh/legal/terms-and-conditions,308->404,"redirected to /hotels-in-chandigarh/hometel-chandigarh/legal/terms-and-conditions, which itself failed"
/hometel-roorkee/terms-and-conditions/terms-and-conditions.html,/hotels-in-roorkee/hometel-roorkee/legal/terms-and-conditions,308->404,"redirected to /hotels-in-roorkee/hometel-roorkee/legal/terms-and-conditions, which itself failed"
/la-place-sarovar-portico-lucknow/terms-and-conditions/terms-and-conditions.html,/hotels-in-lucknow/la-place-sarovar-portico-lucknow/legal/terms-and-conditions,308->404,"redirected to /hotels-in-lucknow/la-place-sarovar-portico-lucknow/legal/terms-and-conditions, which itself failed"
/le-dupleix-pondicherry/terms-and-conditions/terms-and-conditions.html,/hotels-in-pondicherry/le-dupleix-pondicherry/legal/terms-and-conditions,308->404,"redirected to /hotels-in-pondicherry/le-dupleix-pondicherry/legal/terms-and-conditions, which itself failed"
/le-lac-sarovar-ranchi/terms-and-conditions/terms-and-conditions.html,/hotels-in-ranchi/le-lac-sarovar-ranchi/legal/terms-and-conditions,308->404,"redirected to /hotels-in-ranchi/le-lac-sarovar-ranchi/legal/terms-and-conditions, which itself failed"
/majestic-court-sarovar-portico-navi-mumbai/terms-and-conditions/terms-and-conditions.html,/hotels-in-navi-mumbai/majestic-court-sarovar-portico-navi-mumbai/legal/terms-and-conditions,308->404,"redirected to /hotels-in-navi-mumbai/majestic-court-sarovar-portico-navi-mumbai/legal/terms-and-conditions, which itself failed"
/marasa-sarovar-portico-rajkot/terms-and-conditions/terms-and-conditions.html,/hotels-in-rajkot/marasa-sarovar-portico-rajkot/legal/terms-and-conditions,308->404,"redirected to /hotels-in-rajkot/marasa-sarovar-portico-rajkot/legal/terms-and-conditions, which itself failed"
/marasa-sarovar-premiere-bodhgaya/privacy-policy/privacy-policy.html,/hotels-in-bodhgaya/marasa-sarovar-premiere-bodhgaya/legal/privacy-policy,308->404,"redirected to /hotels-in-bodhgaya/marasa-sarovar-premiere-bodhgaya/legal/privacy-policy, which itself failed"
/marasa-sarovar-premiere-bodhgaya/terms-and-conditions/terms-and-conditions.html,/hotels-in-bodhgaya/marasa-sarovar-premiere-bodhgaya/legal/terms-and-conditions,308->404,"redirected to /hotels-in-bodhgaya/marasa-sarovar-premiere-bodhgaya/legal/terms-and-conditions, which itself failed"
/marasa-sarovar-premiere-tirupati-hotels/terms-and-conditions/terms-and-conditions.html,/hotels-in-tirupati/marasa-sarovar-premiere-tirupati-hotels/legal/terms-and-conditions,308->404,"redirected to /hotels-in-tirupati/marasa-sarovar-premiere-tirupati-hotels/legal/terms-and-conditions, which itself failed"
/marigold-sarovar-portico-mashobra-shimla/terms-and-conditions/terms-and-conditions.html,/hotels-in-mashobra-shimla/marigold-sarovar-portico-mashobra-shimla/legal/terms-and-conditions,308->404,"redirected to /hotels-in-mashobra-shimla/marigold-sarovar-portico-mashobra-shimla/legal/terms-and-conditions, which itself failed"
/marine-plaza-mumbai/terms-and-conditions/terms-and-conditions.html,/hotels-in-mumbai/marine-plaza-mumbai/legal/terms-and-conditions,308->404,"redirected to /hotels-in-mumbai/marine-plaza-mumbai/legal/terms-and-conditions, which itself failed"
/nataraj-sarovar-portico-jhansi/terms-and-conditions/terms-and-conditions.html,/hotels-in-jhansi/nataraj-sarovar-portico-jhansi/legal/terms-and-conditions,308->404,"redirected to /hotels-in-jhansi/nataraj-sarovar-portico-jhansi/legal/terms-and-conditions, which itself failed"
/nirvana-sarovar-portico-gorakhpur/terms-and-conditions/terms-and-conditions.html,/hotels-in-gorakhpur/nirvana-sarovar-portico-gorakhpur/legal/terms-and-conditions,308->404,"redirected to /hotels-in-gorakhpur/nirvana-sarovar-portico-gorakhpur/legal/terms-and-conditions, which itself failed"
/nirwana-hometel-jaipur-sarovar/terms-and-conditions/terms-and-conditions.html,/hotels-in-jaipur/nirwana-hometel-jaipur-sarovar/legal/terms-and-conditions,308->404,"redirected to /hotels-in-jaipur/nirwana-hometel-jaipur-sarovar/legal/terms-and-conditions, which itself failed"
/paradigm-sarovar-kakinada/terms-and-conditions/terms-and-conditions.html,/hotels-in-kakinada/paradigm-sarovar-kakinada/legal/terms-and-conditions,308->404,"redirected to /hotels-in-kakinada/paradigm-sarovar-kakinada/legal/terms-and-conditions, which itself failed"
/park-plaza-faridabad/terms-and-conditions/terms-and-conditions.html,/hotels-in-faridabad/park-plaza-faridabad/legal/terms-and-conditions,308->404,"redirected to /hotels-in-faridabad/park-plaza-faridabad/legal/terms-and-conditions, which itself failed"
/park-plaza-jodhpur/terms-and-conditions/terms-and-conditions.html,/hotels-in-jodhpur/park-plaza-jodhpur/legal/terms-and-conditions,308->404,"redirected to /hotels-in-jodhpur/park-plaza-jodhpur/legal/terms-and-conditions, which itself failed"
/park-plaza-ludhiana/terms-and-conditions/terms-and-conditions.html,/hotels-in-ludhiana/park-plaza-ludhiana/legal/terms-and-conditions,308->404,"redirected to /hotels-in-ludhiana/park-plaza-ludhiana/legal/terms-and-conditions, which itself failed"
/radha-regent-chennai/terms-and-conditions/terms-and-conditions.html,/hotels-in-chennai/radha-regent-chennai/legal/terms-and-conditions,308->404,"redirected to /hotels-in-chennai/radha-regent-chennai/legal/terms-and-conditions, which itself failed"
/radisson-hyderabad--hitec/terms-and-conditions/terms-and-conditions.html,/hotels-in-hyderabad/radisson-hyderabad--hitec/legal/terms-and-conditions,308->404,"redirected to /hotels-in-hyderabad/radisson-hyderabad--hitec/legal/terms-and-conditions, which itself failed"
/radisson-mumbai-goregaon/terms-and-conditions/terms-and-conditions.html,/hotels-in-mumbai/radisson-mumbai-goregaon/legal/terms-and-conditions,308->404,"redirected to /hotels-in-mumbai/radisson-mumbai-goregaon/legal/terms-and-conditions, which itself failed"
/residency-sarovar-portico-mumbai/terms-and-conditions/terms-and-conditions.html,/hotels-in-mumbai/residency-sarovar-portico-mumbai/legal/terms-and-conditions,308->404,"redirected to /hotels-in-mumbai/residency-sarovar-portico-mumbai/legal/terms-and-conditions, which itself failed"
/rivera-sarovar-portico-ahmedabad/terms-and-conditions/terms-and-conditions.html,/hotels-in-ahmedabad/rivera-sarovar-portico-ahmedabad/legal/terms-and-conditions,308->404,"redirected to /hotels-in-ahmedabad/rivera-sarovar-portico-ahmedabad/legal/terms-and-conditions, which itself failed"
/royal-sarovar-portico-siliguri/terms-and-conditions/terms-and-conditions.html,/hotels-in-siliguri/royal-sarovar-portico-siliguri/legal/terms-and-conditions,308->404,"redirected to /hotels-in-siliguri/royal-sarovar-portico-siliguri/legal/terms-and-conditions, which itself failed"
/royale-sarovar-portico-agra/privacy-policy.html,/hotels-in-agra/royale-sarovar-portico-agra/legal/privacy-policy,308->404,"redirected to /hotels-in-agra/royale-sarovar-portico-agra/legal/privacy-policy, which itself failed"
/royale-sarovar-portico-agra/terms-and-conditions.html,/hotels-in-agra/royale-sarovar-portico-agra/legal/terms-and-conditions,308->404,"redirected to /hotels-in-agra/royale-sarovar-portico-agra/legal/terms-and-conditions, which itself failed"
/rs-sarovar-portico-palampur/terms-and-conditions/terms-and-conditions.html,/hotels-in-palampur/rs-sarovar-portico-palampur/legal/terms-and-conditions,308->404,"redirected to /hotels-in-palampur/rs-sarovar-portico-palampur/legal/terms-and-conditions, which itself failed"
/sairafort-sarovar-portico-jaisalmer/terms-and-conditions/terms-and-conditions.html,/hotels-in-jaisalmer/sairafort-sarovar-portico-jaisalmer/legal/terms-and-conditions,308->404,"redirected to /hotels-in-jaisalmer/sairafort-sarovar-portico-jaisalmer/legal/terms-and-conditions, which itself failed"
/sarovar-ahmedabad/privacy-policy/privacy-policy.html,/hotels-in-ahmedabad/sarovar-ahmedabad/legal/privacy-policy,308->404,"redirected to /hotels-in-ahmedabad/sarovar-ahmedabad/legal/privacy-policy, which itself failed"
/sarovar-ahmedabad/terms-and-conditions/terms-and-conditions.html,/hotels-in-ahmedabad/sarovar-ahmedabad/legal/terms-and-conditions,308->404,"redirected to /hotels-in-ahmedabad/sarovar-ahmedabad/legal/terms-and-conditions, which itself failed"
/sarovar-portico-jaipur/terms-and-conditions/terms-and-conditions.html,/hotels-in-jaipur/sarovar-portico-jaipur/legal/terms-and-conditions,308->404,"redirected to /hotels-in-jaipur/sarovar-portico-jaipur/legal/terms-and-conditions, which itself failed"
/sarovar-portico-jalandhar/terms-and-conditions/terms-and-conditions.html,/hotels-in-jalandhar/sarovar-portico-jalandhar/legal/terms-and-conditions,308->404,"redirected to /hotels-in-jalandhar/sarovar-portico-jalandhar/legal/terms-and-conditions, which itself failed"
/sarovar-portico-naraina-new-delhi/terms-and-conditions/terms-and-conditions.html,/hotels-in-delhi/sarovar-portico-naraina-new-delhi/legal/terms-and-conditions,308->404,"redirected to /hotels-in-delhi/sarovar-portico-naraina-new-delhi/legal/terms-and-conditions, which itself failed"
/singhania-sarovar-portico-raipur/terms-and-conditions/terms-and-conditions.html,/hotels-in-raipur/singhania-sarovar-portico-raipur/legal/terms-and-conditions,308->404,"redirected to /hotels-in-raipur/singhania-sarovar-portico-raipur/legal/terms-and-conditions, which itself failed"
/taurus-hotel-mahipalpur-new-delhi/terms-and-conditions/terms-and-conditions.html,/hotels-in-delhi/taurus-hotel-mahipalpur-new-delhi/legal/terms-and-conditions,308->404,"redirected to /hotels-in-delhi/taurus-hotel-mahipalpur-new-delhi/legal/terms-and-conditions, which itself failed"
/the-ashtan-sarovar-portico-new-delhi/terms-and-conditions/terms-and-conditions.html,/hotels-in-delhi/the-ashtan-sarovar-portico-new-delhi/legal/terms-and-conditions,308->404,"redirected to /hotels-in-delhi/the-ashtan-sarovar-portico-new-delhi/legal/terms-and-conditions, which itself failed"
/the-ashtan-sarovar-portico-new-delhi/privacy-policy/privacy-policy.html,/hotels-in-delhi/the-ashtan-sarovar-portico-new-delhi/legal/privacy-policy,308->404,"redirected to /hotels-in-delhi/the-ashtan-sarovar-portico-new-delhi/legal/privacy-policy, which itself failed"
/the-gokulam-park-kochi/terms-and-conditions/terms-and-conditions.html,/hotels-in-kochi/the-gokulam-park-kochi/legal/terms-and-conditions,308->404,"redirected to /hotels-in-kochi/the-gokulam-park-kochi/legal/terms-and-conditions, which itself failed"
/the-muse-sarovar-portico-nehru-place-new-delhi/terms-and-conditions/terms-and-conditions.html,/hotels-in-delhi/the-muse-sarovar-portico-nehru-place-new-delhi/legal/terms-and-conditions,308->404,"redirected to /hotels-in-delhi/the-muse-sarovar-portico-nehru-place-new-delhi/legal/terms-and-conditions, which itself failed"
/the-promenade-pondicherry/terms-and-conditions/terms-and-conditions.html,/hotels-in-pondicherry/the-promenade-pondicherry/legal/terms-and-conditions,308->404,"redirected to /hotels-in-pondicherry/the-promenade-pondicherry/legal/terms-and-conditions, which itself failed"
/vaishnodevi-portico-katra/terms-and-conditions/terms-and-conditions.html,/hotels-in-katra/vaishnodevi-portico-katra/legal/terms-and-conditions,308->404,"redirected to /hotels-in-katra/vaishnodevi-portico-katra/legal/terms-and-conditions, which itself failed"
/viraj-sarovar-portico-jammu/terms-and-conditions/terms-and-conditions.html,/hotels-in-jammu/viraj-sarovar-portico-jammu/legal/terms-and-conditions,308->404,"redirected to /hotels-in-jammu/viraj-sarovar-portico-jammu/legal/terms-and-conditions, which itself failed"
/ambrosia-sarovar-portico-haridwar/spa/gold-leaf-spa.html,/hotels-in-haridwar/ambrosia-sarovar-portico-haridwar/wellness/gold-leaf-spa,308->404,"redirected to /hotels-in-haridwar/ambrosia-sarovar-portico-haridwar/wellness/gold-leaf-spa, which itself failed"
/balaji-sarovar-premiere-solapur/spa/spa.html,/hotels-in-solapur/balaji-sarovar-premiere-solapur/wellness/spa,308->404,"redirected to /hotels-in-solapur/balaji-sarovar-premiere-solapur/wellness/spa, which itself failed"
/marasa-sarovar-premiere-bodhgaya/wellness.html,/hotels-in-bodhgaya/marasa-sarovar-premiere-bodhgaya/wellness/wellness,308->404,"redirected to /hotels-in-bodhgaya/marasa-sarovar-premiere-bodhgaya/wellness/wellness, which itself failed"
/marasa-sarovar-premiere-bodhgaya/wellness/body-experiences.html,/hotels-in-bodhgaya/marasa-sarovar-premiere-bodhgaya/wellness/body-experiences,308->404,"redirected to /hotels-in-bodhgaya/marasa-sarovar-premiere-bodhgaya/wellness/body-experiences, which itself failed"
/marasa-sarovar-premiere-bodhgaya/wellness/body-nourishers.html,/hotels-in-bodhgaya/marasa-sarovar-premiere-bodhgaya/wellness/body-nourishers,308->404,"redirected to /hotels-in-bodhgaya/marasa-sarovar-premiere-bodhgaya/wellness/body-nourishers, which itself failed"
/marasa-sarovar-premiere-bodhgaya/wellness/holistic-facials.html,/hotels-in-bodhgaya/marasa-sarovar-premiere-bodhgaya/wellness/holistic-facials,308->404,"redirected to /hotels-in-bodhgaya/marasa-sarovar-premiere-bodhgaya/wellness/holistic-facials, which itself failed"
/marasa-sarovar-premiere-bodhgaya/wellness/meditation.html,/hotels-in-bodhgaya/marasa-sarovar-premiere-bodhgaya/wellness/meditation,308->404,"redirected to /hotels-in-bodhgaya/marasa-sarovar-premiere-bodhgaya/wellness/meditation, which itself failed"
/marasa-sarovar-premiere-bodhgaya/wellness/shuddhi-kriyas-cleansing-practices.html,/hotels-in-bodhgaya/marasa-sarovar-premiere-bodhgaya/wellness/shuddhi-kriyas-cleansing-practices,308->404,"redirected to /hotels-in-bodhgaya/marasa-sarovar-premiere-bodhgaya/wellness/shuddhi-kriyas-cleansing-practices, which itself failed"
/marasa-sarovar-premiere-bodhgaya/wellness/the-clarifiers.html,/hotels-in-bodhgaya/marasa-sarovar-premiere-bodhgaya/wellness/the-clarifiers,308->404,"redirected to /hotels-in-bodhgaya/marasa-sarovar-premiere-bodhgaya/wellness/the-clarifiers, which itself failed"
/marasa-sarovar-premiere-bodhgaya/wellness/well-being-day-and-half-day-journeys.html,/hotels-in-bodhgaya/marasa-sarovar-premiere-bodhgaya/wellness/well-being-day-and-half-day-journeys,308->404,"redirected to /hotels-in-bodhgaya/marasa-sarovar-premiere-bodhgaya/wellness/well-being-day-and-half-day-journeys, which itself failed"
/marasa-sarovar-premiere-bodhgaya/wellness/yoga.html,/hotels-in-bodhgaya/marasa-sarovar-premiere-bodhgaya/wellness/yoga,308->404,"redirected to /hotels-in-bodhgaya/marasa-sarovar-premiere-bodhgaya/wellness/yoga, which itself failed"
/marasa-sarovar-premiere-tirupati-hotels/spa/buddha-spa.html,/hotels-in-tirupati/marasa-sarovar-premiere-tirupati-hotels/wellness/buddha-spa,308->404,"redirected to /hotels-in-tirupati/marasa-sarovar-premiere-tirupati-hotels/wellness/buddha-spa, which itself failed"
/sarovar-portico-somnath/spa/spa.html,/hotels-in-somnath/sarovar-portico-somnath/wellness/spa,308->404,"redirected to /hotels-in-somnath/sarovar-portico-somnath/wellness/spa, which itself failed"
/sarovar-portico-sonipat/spa/spa.html,/hotels-in-sonipat/sarovar-portico-sonipat/wellness/spa,308->404,"redirected to /hotels-in-sonipat/sarovar-portico-sonipat/wellness/spa, which itself failed"
/balaji-sarovar-premiere-solapur/home-delivery/home-delivery.html,/hotels-in-solapur/balaji-sarovar-premiere-solapur/home-delivery,308->404,"redirected to /hotels-in-solapur/balaji-sarovar-premiere-solapur/home-delivery, which itself failed"
/le-lac-sarovar-ranchi/home-delivery/home-delivery.html,/hotels-in-ranchi/le-lac-sarovar-ranchi/home-delivery,308->404,"redirected to /hotels-in-ranchi/le-lac-sarovar-ranchi/home-delivery, which itself failed"
/nirvana-sarovar-portico-gorakhpur/home-delivery/home-delivery.html,/hotels-in-gorakhpur/nirvana-sarovar-portico-gorakhpur/home-delivery,308->404,"redirected to /hotels-in-gorakhpur/nirvana-sarovar-portico-gorakhpur/home-delivery, which itself failed"
/paradigm-sarovar-kakinada/home-delivery/home-delivery.html,/hotels-in-kakinada/paradigm-sarovar-kakinada/home-delivery,308->404,"redirected to /hotels-in-kakinada/paradigm-sarovar-kakinada/home-delivery, which itself failed"
/park-plaza-faridabad/home-delivery/home-delivery.html,/hotels-in-faridabad/park-plaza-faridabad/home-delivery,308->404,"redirected to /hotels-in-faridabad/park-plaza-faridabad/home-delivery, which itself failed"
/golden-tulip-sector-80-gurugram/faqs.html,/hotels-in-gurugram/golden-tulip-sector-80-gurugram/faqs,308->200,redirected to /hotels-in-gurugram/golden-tulip-sector-80-gurugram/faqs
/mountnoor-sarovar-premiere-pahalgam/faqs.html,/hotels-in-pahalgam/mountnoor-sarovar-premiere-pahalgam/faqs,308->200,redirected to /hotels-in-pahalgam/mountnoor-sarovar-premiere-pahalgam/faqs
/mukundra-sarovar-premiere-kota/faqs.html,/hotels-in-kota/mukundra-sarovar-premiere-kota/faqs,308->200,redirected to /hotels-in-kota/mukundra-sarovar-premiere-kota/faqs
/prachi-sarovar-premiere-bhubaneswar/faqs.html,/hotels-in-bhubaneswar/prachi-sarovar-premiere-bhubaneswar/faqs,308->200,redirected to /hotels-in-bhubaneswar/prachi-sarovar-premiere-bhubaneswar/faqs
/royal-tulip-kathmandu-shivapuri-national-park/faqs.html,/hotels-in-kathmandu/royal-tulip-kathmandu-shivapuri-national-park/faqs,308->200,redirected to /hotels-in-kathmandu/royal-tulip-kathmandu-shivapuri-national-park/faqs
/tulip-inn-gurugram-near-medanta/faqs.html,/hotels-in-gurugram/tulip-inn-gurugram-near-medanta/faqs,308->200,redirected to /hotels-in-gurugram/tulip-inn-gurugram-near-medanta/faqs
/lagoon-sarovar-premiere-pondicherry/contact-us.html,/hotels-in-pondicherry/lagoon-sarovar-premiere-pondicherry/contact,308->404,"redirected to /hotels-in-pondicherry/lagoon-sarovar-premiere-pondicherry/contact, which itself failed"
/rosefinch-sarovar-portico-bhimtal/contact-us/contact-us.html,/hotels-in-bhimtal/rosefinch-sarovar-portico-bhimtal/contact,308->404,"redirected to /hotels-in-bhimtal/rosefinch-sarovar-portico-bhimtal/contact, which itself failed"
/lagoon-sarovar-premiere-pondicherry/pay-us/pay-us.html,/hotels-in-pondicherry/lagoon-sarovar-premiere-pondicherry/other/pay-us,308->404,"redirected to /hotels-in-pondicherry/lagoon-sarovar-premiere-pondicherry/other/pay-us, which itself failed"
/sarovar-portico-sonipat/pay-us/pay-us.html,/hotels-in-sonipat/sarovar-portico-sonipat/other/pay-us,308->404,"redirected to /hotels-in-sonipat/sarovar-portico-sonipat/other/pay-us, which itself failed"
/aditya-park-hyderabad/banquet-conferences/meeting-events.html,/hotels-in-hyderabad/aditya-park-hyderabad/other/meeting-events,308->404,"redirected to /hotels-in-hyderabad/aditya-park-hyderabad/other/meeting-events, which itself failed"
/ambar-sarovar-portico-gandhidham-hotel/promotions.html,/hotels-in-gandhidham/ambar-sarovar-portico-gandhidham-hotel/other/promotions,308->404,"redirected to /hotels-in-gandhidham/ambar-sarovar-portico-gandhidham-hotel/other/promotions, which itself failed"
/ambrosia-sarovar-portico-haridwar/banquet-hall-and-conferences/meetings-events.html,/hotels-in-haridwar/ambrosia-sarovar-portico-haridwar/other/meetings-events,308->404,"redirected to /hotels-in-haridwar/ambrosia-sarovar-portico-haridwar/other/meetings-events, which itself failed"
/bellevue-sarovar-premiere-junagadh/banquet-conference.html,/hotels-in-junagadh/bellevue-sarovar-premiere-junagadh/other/banquet-conference,308->404,"redirected to /hotels-in-junagadh/bellevue-sarovar-premiere-junagadh/other/banquet-conference, which itself failed"
/bellevue-sarovar-premiere-junagadh/banquet-conference/emerald-conference-hall.html,/hotels-in-junagadh/bellevue-sarovar-premiere-junagadh/other/emerald-conference-hall,308->404,"redirected to /hotels-in-junagadh/bellevue-sarovar-premiere-junagadh/other/emerald-conference-hall, which itself failed"
/bellevue-sarovar-premiere-junagadh/banquet-conference/grand-crystal---banquet-hall.html,/hotels-in-junagadh/bellevue-sarovar-premiere-junagadh/other/grand-crystal-banquet-hall,308->404,"redirected to /hotels-in-junagadh/bellevue-sarovar-premiere-junagadh/other/grand-crystal-banquet-hall, which itself failed"
/bellevue-sarovar-premiere-junagadh/banquet-conference/opal-conference-hall.html,/hotels-in-junagadh/bellevue-sarovar-premiere-junagadh/other/opal-conference-hall,308->404,"redirected to /hotels-in-junagadh/bellevue-sarovar-premiere-junagadh/other/opal-conference-hall, which itself failed"
/golden-tulip-lucknow/promotions.html,/hotels-in-lucknow/golden-tulip-lucknow/other/promotions,308->404,"redirected to /hotels-in-lucknow/golden-tulip-lucknow/other/promotions, which itself failed"
/golden-tulip-srinagar/spa-and-hamam.html,/hotels-in-srinagar/golden-tulip-srinagar/other/spa-and-hamam,308->404,"redirected to /hotels-in-srinagar/golden-tulip-srinagar/other/spa-and-hamam, which itself failed"
/golden-tulip-srinagar/spa-and-hamam/spa.html,/hotels-in-srinagar/golden-tulip-srinagar/other/spa,308->404,"redirected to /hotels-in-srinagar/golden-tulip-srinagar/other/spa, which itself failed"
/golden-tulip-srinagar/spa-and-hamam/turkish-hamam.html,/hotels-in-srinagar/golden-tulip-srinagar/other/turkish-hamam,308->404,"redirected to /hotels-in-srinagar/golden-tulip-srinagar/other/turkish-hamam, which itself failed"
/golden-tulip-tirupati/restaurant/flavours.html,/hotels-in-tirupati/golden-tulip-tirupati/other/flavours,308->404,"redirected to /hotels-in-tirupati/golden-tulip-tirupati/other/flavours, which itself failed"
/grand-continent-mysore/banquet-hall/blossom-banquet-hall.html,/hotels-in-mysore/grand-continent-mysore/other/blossom-banquet-hall,308->404,"redirected to /hotels-in-mysore/grand-continent-mysore/other/blossom-banquet-hall, which itself failed"
/highland-sarovar-portico-sindhudurg/book-your-stay-at-highland-sarovar-portico-sindhudurg.html,/hotels-in-sindhudurg/highland-sarovar-portico-sindhudurg/other/book-your-stay-at-highland-sarovar-portico-sindhudurg,308->404,"redirected to /hotels-in-sindhudurg/highland-sarovar-portico-sindhudurg/other/book-your-stay-at-highland-sarovar-portico-sindhudurg, which itself failed"
/highland-sarovar-portico-sindhudurg/explore-sindhudurg.html,/hotels-in-sindhudurg/highland-sarovar-portico-sindhudurg/other/explore-sindhudurg,308->404,"redirected to /hotels-in-sindhudurg/highland-sarovar-portico-sindhudurg/other/explore-sindhudurg, which itself failed"
/hometel-alambagh-lucknow/explore-lucknow.html,/hotels-in-lucknow/hometel-alambagh-lucknow/other/explore-lucknow,308->404,"redirected to /hotels-in-lucknow/hometel-alambagh-lucknow/other/explore-lucknow, which itself failed"
/hometel-chandigarh/promotions.html,/hotels-in-chandigarh/hometel-chandigarh/other/promotions,308->404,"redirected to /hotels-in-chandigarh/hometel-chandigarh/other/promotions, which itself failed"
/hometel-roorkee/banquet-conferences/meetings-events.html,/hotels-in-roorkee/hometel-roorkee/other/meetings-events,308->404,"redirected to /hotels-in-roorkee/hometel-roorkee/other/meetings-events, which itself failed"
/iris-sarovar-portico-gurugram/explore-gurugram.html,/hotels-in-gurugram/iris-sarovar-portico-gurugram/other/explore-gurugram,308->404,"redirected to /hotels-in-gurugram/iris-sarovar-portico-gurugram/other/explore-gurugram, which itself failed"
/ishaan-sarovar-portico-deoghar/explore-deoghar.html,/hotels-in-deoghar/ishaan-sarovar-portico-deoghar/other/explore-deoghar,308->404,"redirected to /hotels-in-deoghar/ishaan-sarovar-portico-deoghar/other/explore-deoghar, which itself failed"
/lagoon-sarovar-premiere-pondicherry/amenities.html,/hotels-in-pondicherry/lagoon-sarovar-premiere-pondicherry/other/amenities,308->404,"redirected to /hotels-in-pondicherry/lagoon-sarovar-premiere-pondicherry/other/amenities, which itself failed"
/lagoon-sarovar-premiere-pondicherry/destination-wedding.html,/hotels-in-pondicherry/lagoon-sarovar-premiere-pondicherry/other/destination-wedding,308->404,"redirected to /hotels-in-pondicherry/lagoon-sarovar-premiere-pondicherry/other/destination-wedding, which itself failed"
/le-dupleix-pondicherry/courtyard-restaurant-menu.html,/hotels-in-pondicherry/le-dupleix-pondicherry/other/courtyard-restaurant-menu,308->404,"redirected to /hotels-in-pondicherry/le-dupleix-pondicherry/other/courtyard-restaurant-menu, which itself failed"
/le-dupleix-pondicherry/explore-pondicherry.html,/hotels-in-pondicherry/le-dupleix-pondicherry/other/explore-pondicherry,308->404,"redirected to /hotels-in-pondicherry/le-dupleix-pondicherry/other/explore-pondicherry, which itself failed"
/le-lac-sarovar-ranchi/banquet-conferences/meetings-events.html,/hotels-in-ranchi/le-lac-sarovar-ranchi/other/meetings-events,308->404,"redirected to /hotels-in-ranchi/le-lac-sarovar-ranchi/other/meetings-events, which itself failed"
/marasa-sarovar-portico-rajkot/banquet-conferences/meetings-events.html,/hotels-in-rajkot/marasa-sarovar-portico-rajkot/other/meetings-events,308->404,"redirected to /hotels-in-rajkot/marasa-sarovar-portico-rajkot/other/meetings-events, which itself failed"
/marasa-sarovar-premiere-bodhgaya/banquet-conferences/banquet-and-meeting-hall.html,/hotels-in-bodhgaya/marasa-sarovar-premiere-bodhgaya/other/banquet-and-meeting-hall,308->404,"redirected to /hotels-in-bodhgaya/marasa-sarovar-premiere-bodhgaya/other/banquet-and-meeting-hall, which itself failed"
/marasa-sarovar-premiere-bodhgaya/body-experiences/a-journey-of-spiritual-awakening.html,/hotels-in-bodhgaya/marasa-sarovar-premiere-bodhgaya/other/a-journey-of-spiritual-awakening,308->404,"redirected to /hotels-in-bodhgaya/marasa-sarovar-premiere-bodhgaya/other/a-journey-of-spiritual-awakening, which itself failed"
/marasa-sarovar-premiere-bodhgaya/body-experiences/deep-tissue-experience.html,/hotels-in-bodhgaya/marasa-sarovar-premiere-bodhgaya/other/deep-tissue-experience,308->404,"redirected to /hotels-in-bodhgaya/marasa-sarovar-premiere-bodhgaya/other/deep-tissue-experience, which itself failed"
/marasa-sarovar-premiere-bodhgaya/body-experiences/fusion-of-self-realization.html,/hotels-in-bodhgaya/marasa-sarovar-premiere-bodhgaya/other/fusion-of-self-realization,308->404,"redirected to /hotels-in-bodhgaya/marasa-sarovar-premiere-bodhgaya/other/fusion-of-self-realization, which itself failed"
/marasa-sarovar-premiere-bodhgaya/body-experiences/holistic-aromatic-journey.html,/hotels-in-bodhgaya/marasa-sarovar-premiere-bodhgaya/other/holistic-aromatic-journey,308->404,"redirected to /hotels-in-bodhgaya/marasa-sarovar-premiere-bodhgaya/other/holistic-aromatic-journey, which itself failed"
/marasa-sarovar-premiere-bodhgaya/body-experiences/indian-fusion-head-massage.html,/hotels-in-bodhgaya/marasa-sarovar-premiere-bodhgaya/other/indian-fusion-head-massage,308->404,"redirected to /hotels-in-bodhgaya/marasa-sarovar-premiere-bodhgaya/other/indian-fusion-head-massage, which itself failed"
/marasa-sarovar-premiere-bodhgaya/body-experiences/peace.html,/hotels-in-bodhgaya/marasa-sarovar-premiere-bodhgaya/other/peace,308->404,"redirected to /hotels-in-bodhgaya/marasa-sarovar-premiere-bodhgaya/other/peace, which itself failed"
/marasa-sarovar-premiere-bodhgaya/body-experiences/reflexology.html,/hotels-in-bodhgaya/marasa-sarovar-premiere-bodhgaya/other/reflexology,308->404,"redirected to /hotels-in-bodhgaya/marasa-sarovar-premiere-bodhgaya/other/reflexology, which itself failed"
/marasa-sarovar-premiere-bodhgaya/body-experiences/tibetan-massage.html,/hotels-in-bodhgaya/marasa-sarovar-premiere-bodhgaya/other/tibetan-massage,308->404,"redirected to /hotels-in-bodhgaya/marasa-sarovar-premiere-bodhgaya/other/tibetan-massage, which itself failed"
/marasa-sarovar-premiere-bodhgaya/body-nourishers/bhumispasha-clay-envelopment.html,/hotels-in-bodhgaya/marasa-sarovar-premiere-bodhgaya/other/bhumispasha-clay-envelopment,308->404,"redirected to /hotels-in-bodhgaya/marasa-sarovar-premiere-bodhgaya/other/bhumispasha-clay-envelopment, which itself failed"
/marasa-sarovar-premiere-bodhgaya/body-nourishers/the-cocoon.html,/hotels-in-bodhgaya/marasa-sarovar-premiere-bodhgaya/other/the-cocoon,308->404,"redirected to /hotels-in-bodhgaya/marasa-sarovar-premiere-bodhgaya/other/the-cocoon, which itself failed"
/marasa-sarovar-premiere-bodhgaya/holistic-facial-experiences/peace-and-tranquility.html,/hotels-in-bodhgaya/marasa-sarovar-premiere-bodhgaya/other/peace-and-tranquility,308->404,"redirected to /hotels-in-bodhgaya/marasa-sarovar-premiere-bodhgaya/other/peace-and-tranquility, which itself failed"
/marasa-sarovar-premiere-bodhgaya/holistic-facial-experiences/pollution-rescue.html,/hotels-in-bodhgaya/marasa-sarovar-premiere-bodhgaya/other/pollution-rescue,308->404,"redirected to /hotels-in-bodhgaya/marasa-sarovar-premiere-bodhgaya/other/pollution-rescue, which itself failed"
/marasa-sarovar-premiere-bodhgaya/holistic-facial-experiences/seabuckthorn-balance.html,/hotels-in-bodhgaya/marasa-sarovar-premiere-bodhgaya/other/seabuckthorn-balance,308->404,"redirected to /hotels-in-bodhgaya/marasa-sarovar-premiere-bodhgaya/other/seabuckthorn-balance, which itself failed"
/marasa-sarovar-premiere-bodhgaya/holistic-facial-experiences/spiritual-mist.html,/hotels-in-bodhgaya/marasa-sarovar-premiere-bodhgaya/other/spiritual-mist,308->404,"redirected to /hotels-in-bodhgaya/marasa-sarovar-premiere-bodhgaya/other/spiritual-mist, which itself failed"
/marasa-sarovar-premiere-bodhgaya/meditatio-japa-japa.html,/hotels-in-bodhgaya/marasa-sarovar-premiere-bodhgaya/other/meditatio-japa-japa,308->404,"redirected to /hotels-in-bodhgaya/marasa-sarovar-premiere-bodhgaya/other/meditatio-japa-japa, which itself failed"
/marasa-sarovar-premiere-bodhgaya/meditatio-ntar-mouna.html,/hotels-in-bodhgaya/marasa-sarovar-premiere-bodhgaya/other/meditatio-ntar-mouna,308->404,"redirected to /hotels-in-bodhgaya/marasa-sarovar-premiere-bodhgaya/other/meditatio-ntar-mouna, which itself failed"
/marasa-sarovar-premiere-bodhgaya/meditation/chakra-shuddhi.html,/hotels-in-bodhgaya/marasa-sarovar-premiere-bodhgaya/other/chakra-shuddhi,308->404,"redirected to /hotels-in-bodhgaya/marasa-sarovar-premiere-bodhgaya/other/chakra-shuddhi, which itself failed"
/marasa-sarovar-premiere-bodhgaya/meditation/chidakasha-dharana.html,/hotels-in-bodhgaya/marasa-sarovar-premiere-bodhgaya/other/chidakasha-dharana,308->404,"redirected to /hotels-in-bodhgaya/marasa-sarovar-premiere-bodhgaya/other/chidakasha-dharana, which itself failed"
/marasa-sarovar-premiere-bodhgaya/meditation/hridayakasha-dharana.html,/hotels-in-bodhgaya/marasa-sarovar-premiere-bodhgaya/other/hridayakasha-dharana,308->404,"redirected to /hotels-in-bodhgaya/marasa-sarovar-premiere-bodhgaya/other/hridayakasha-dharana, which itself failed"
/marasa-sarovar-premiere-bodhgaya/meditation/tibetan-chantsbuddhist-chants.html,/hotels-in-bodhgaya/marasa-sarovar-premiere-bodhgaya/other/tibetan-chantsbuddhist-chants,308->404,"redirected to /hotels-in-bodhgaya/marasa-sarovar-premiere-bodhgaya/other/tibetan-chantsbuddhist-chants, which itself failed"
/marasa-sarovar-premiere-bodhgaya/meditation/trataka-candle-meditation.html,/hotels-in-bodhgaya/marasa-sarovar-premiere-bodhgaya/other/trataka-candle-meditation,308->404,"redirected to /hotels-in-bodhgaya/marasa-sarovar-premiere-bodhgaya/other/trataka-candle-meditation, which itself failed"
/marasa-sarovar-premiere-bodhgaya/meditation/yoga-nidra.html,/hotels-in-bodhgaya/marasa-sarovar-premiere-bodhgaya/other/yoga-nidra,308->404,"redirected to /hotels-in-bodhgaya/marasa-sarovar-premiere-bodhgaya/other/yoga-nidra, which itself failed"
/marasa-sarovar-premiere-bodhgaya/shuddhi-kriyas/jal-neti.html,/hotels-in-bodhgaya/marasa-sarovar-premiere-bodhgaya/other/jal-neti,308->404,"redirected to /hotels-in-bodhgaya/marasa-sarovar-premiere-bodhgaya/other/jal-neti, which itself failed"
/marasa-sarovar-premiere-bodhgaya/shuddhi-kriyas/kunjal-kriya.html,/hotels-in-bodhgaya/marasa-sarovar-premiere-bodhgaya/other/kunjal-kriya,308->404,"redirected to /hotels-in-bodhgaya/marasa-sarovar-premiere-bodhgaya/other/kunjal-kriya, which itself failed"
/marasa-sarovar-premiere-bodhgaya/the-clarifiers/himalayan-salt-scrub.html,/hotels-in-bodhgaya/marasa-sarovar-premiere-bodhgaya/other/himalayan-salt-scrub,308->404,"redirected to /hotels-in-bodhgaya/marasa-sarovar-premiere-bodhgaya/other/himalayan-salt-scrub, which itself failed"
/marasa-sarovar-premiere-bodhgaya/the-clarifiers/tibetan-tsampa-body-scrub.html,/hotels-in-bodhgaya/marasa-sarovar-premiere-bodhgaya/other/tibetan-tsampa-body-scrub,308->404,"redirected to /hotels-in-bodhgaya/marasa-sarovar-premiere-bodhgaya/other/tibetan-tsampa-body-scrub, which itself failed"
/marasa-sarovar-premiere-bodhgaya/yoga/advanced-pranayama-with-bandhas.html,/hotels-in-bodhgaya/marasa-sarovar-premiere-bodhgaya/other/advanced-pranayama-with-bandhas,308->404,"redirected to /hotels-in-bodhgaya/marasa-sarovar-premiere-bodhgaya/other/advanced-pranayama-with-bandhas, which itself failed"
/marasa-sarovar-premiere-bodhgaya/yoga/gatyatmak-yoga.html,/hotels-in-bodhgaya/marasa-sarovar-premiere-bodhgaya/other/gatyatmak-yoga,308->404,"redirected to /hotels-in-bodhgaya/marasa-sarovar-premiere-bodhgaya/other/gatyatmak-yoga, which itself failed"
/marasa-sarovar-premiere-bodhgaya/yoga/hatha-yoga.html,/hotels-in-bodhgaya/marasa-sarovar-premiere-bodhgaya/other/hatha-yoga,308->404,"redirected to /hotels-in-bodhgaya/marasa-sarovar-premiere-bodhgaya/other/hatha-yoga, which itself failed"
/marasa-sarovar-premiere-bodhgaya/yoga/kriya-yoga.html,/hotels-in-bodhgaya/marasa-sarovar-premiere-bodhgaya/other/kriya-yoga,308->404,"redirected to /hotels-in-bodhgaya/marasa-sarovar-premiere-bodhgaya/other/kriya-yoga, which itself failed"
/marasa-sarovar-premiere-bodhgaya/yoga/panayama.html,/hotels-in-bodhgaya/marasa-sarovar-premiere-bodhgaya/other/panayama,308->404,"redirected to /hotels-in-bodhgaya/marasa-sarovar-premiere-bodhgaya/other/panayama, which itself failed"
/marasa-sarovar-premiere-tirupati-hotels/experience.html,/hotels-in-tirupati/marasa-sarovar-premiere-tirupati-hotels/other/experience,308->404,"redirected to /hotels-in-tirupati/marasa-sarovar-premiere-tirupati-hotels/other/experience, which itself failed"
/marasa-sarovar-premiere-tirupati-hotels/promotions.html,/hotels-in-tirupati/marasa-sarovar-premiere-tirupati-hotels/other/promotions,308->404,"redirected to /hotels-in-tirupati/marasa-sarovar-premiere-tirupati-hotels/other/promotions, which itself failed"
/marigold-sarovar-portico-mashobra-shimla/special-offers.html,/hotels-in-mashobra-shimla/marigold-sarovar-portico-mashobra-shimla/other/special-offers,308->404,"redirected to /hotels-in-mashobra-shimla/marigold-sarovar-portico-mashobra-shimla/other/special-offers, which itself failed"
/marigold-sarovar-portico-mashobra-shimla/wedding/weddings-at-sarovar-hotels-resorts.html,/hotels-in-mashobra-shimla/marigold-sarovar-portico-mashobra-shimla/other/weddings-at-sarovar-hotels-resorts,308->404,"redirected to /hotels-in-mashobra-shimla/marigold-sarovar-portico-mashobra-shimla/other/weddings-at-sarovar-hotels-resorts, which itself failed"
/mj-sarovar-portico-haridwar/explore-haridwar.html,/hotels-in-haridwar/mj-sarovar-portico-haridwar/other/explore-haridwar,308->404,"redirected to /hotels-in-haridwar/mj-sarovar-portico-haridwar/other/explore-haridwar, which itself failed"
/mountnoor-sarovar-premiere-pahalgam/explore-pahalgam.html,/hotels-in-pahalgam/mountnoor-sarovar-premiere-pahalgam/other/explore-pahalgam,308->404,"redirected to /hotels-in-pahalgam/mountnoor-sarovar-premiere-pahalgam/other/explore-pahalgam, which itself failed"
/mukundra-sarovar-premiere-kota/explore-kota.html,/hotels-in-kota/mukundra-sarovar-premiere-kota/other/explore-kota,308->404,"redirected to /hotels-in-kota/mukundra-sarovar-premiere-kota/other/explore-kota, which itself failed"
/nataraj-sarovar-portico-jhansi/banquet-conferences/meetings-events.html,/hotels-in-jhansi/nataraj-sarovar-portico-jhansi/other/meetings-events,308->404,"redirected to /hotels-in-jhansi/nataraj-sarovar-portico-jhansi/other/meetings-events, which itself failed"
/nirvana-sarovar-portico-gorakhpur/banquet-conferences/meetings-events.html,/hotels-in-gorakhpur/nirvana-sarovar-portico-gorakhpur/other/meetings-events,308->404,"redirected to /hotels-in-gorakhpur/nirvana-sarovar-portico-gorakhpur/other/meetings-events, which itself failed"
/nirvana-sarovar-portico-gorakhpur/promotions.html,/hotels-in-gorakhpur/nirvana-sarovar-portico-gorakhpur/other/promotions,308->404,"redirected to /hotels-in-gorakhpur/nirvana-sarovar-portico-gorakhpur/other/promotions, which itself failed"
/paradigm-sarovar-kakinada/banquet-conferences/meetings-events.html,/hotels-in-kakinada/paradigm-sarovar-kakinada/other/meetings-events,308->404,"redirected to /hotels-in-kakinada/paradigm-sarovar-kakinada/other/meetings-events, which itself failed"
/park-plaza-ludhiana/promotions.html,/hotels-in-ludhiana/park-plaza-ludhiana/other/promotions,308->404,"redirected to /hotels-in-ludhiana/park-plaza-ludhiana/other/promotions, which itself failed"
/presidium-sarovar-premiere-dalhousie/events.html,/hotels-in-dalhousie/presidium-sarovar-premiere-dalhousie/other/events,308->404,"redirected to /hotels-in-dalhousie/presidium-sarovar-premiere-dalhousie/other/events, which itself failed"
/presidium-sarovar-premiere-dalhousie/events/the-den.html,/hotels-in-dalhousie/presidium-sarovar-premiere-dalhousie/other/the-den,308->404,"redirected to /hotels-in-dalhousie/presidium-sarovar-premiere-dalhousie/other/the-den, which itself failed"
/presidium-sarovar-premiere-dalhousie/events/the-reserve.html,/hotels-in-dalhousie/presidium-sarovar-premiere-dalhousie/other/the-reserve,308->404,"redirected to /hotels-in-dalhousie/presidium-sarovar-premiere-dalhousie/other/the-reserve, which itself failed"
/presidium-sarovar-premiere-dalhousie/experience.html,/hotels-in-dalhousie/presidium-sarovar-premiere-dalhousie/other/experience,308->404,"redirected to /hotels-in-dalhousie/presidium-sarovar-premiere-dalhousie/other/experience, which itself failed"
/radha-regent-chennai/banquet-conferences/meeting-events.html,/hotels-in-chennai/radha-regent-chennai/other/meeting-events,308->404,"redirected to /hotels-in-chennai/radha-regent-chennai/other/meeting-events, which itself failed"
/rivera-sarovar-portico-ahmedabad/banquet-conferences/meetings-events.html,/hotels-in-ahmedabad/rivera-sarovar-portico-ahmedabad/other/meetings-events,308->404,"redirected to /hotels-in-ahmedabad/rivera-sarovar-portico-ahmedabad/other/meetings-events, which itself failed"
/rosefinch-sarovar-portico-bhimtal/experiences/experiences.html,/hotels-in-bhimtal/rosefinch-sarovar-portico-bhimtal/other/experiences,308->404,"redirected to /hotels-in-bhimtal/rosefinch-sarovar-portico-bhimtal/other/experiences, which itself failed"
/rosefinch-sarovar-portico-bhimtal/meetings-banquets/conference-hall.html,/hotels-in-bhimtal/rosefinch-sarovar-portico-bhimtal/other/conference-hall,308->404,"redirected to /hotels-in-bhimtal/rosefinch-sarovar-portico-bhimtal/other/conference-hall, which itself failed"
/royal-tulip-kathmandu-shivapuri-national-park/explore-kathmandu.html,/hotels-in-kathmandu/royal-tulip-kathmandu-shivapuri-national-park/other/explore-kathmandu,308->404,"redirected to /hotels-in-kathmandu/royal-tulip-kathmandu-shivapuri-national-park/other/explore-kathmandu, which itself failed"
/royale-sarovar-portico-agra/events/events.html,/hotels-in-agra/royale-sarovar-portico-agra/other/events,308->404,"redirected to /hotels-in-agra/royale-sarovar-portico-agra/other/events, which itself failed"
/royale-sarovar-portico-agra/explore-agra.html,/hotels-in-agra/royale-sarovar-portico-agra/other/explore-agra,308->404,"redirected to /hotels-in-agra/royale-sarovar-portico-agra/other/explore-agra, which itself failed"
/rs-sarovar-portico-palampur/banquets-and-conferences/meetings-events.html,/hotels-in-palampur/rs-sarovar-portico-palampur/other/meetings-events,308->404,"redirected to /hotels-in-palampur/rs-sarovar-portico-palampur/other/meetings-events, which itself failed"
/sarovar-portico-hanumangarh/special-offers.html,/hotels-in-hanumangarh/sarovar-portico-hanumangarh/other/special-offers,308->404,"redirected to /hotels-in-hanumangarh/sarovar-portico-hanumangarh/other/special-offers, which itself failed"
/sarovar-portico-jaipur/banquet-conferences/meetings-conferences.html,/hotels-in-jaipur/sarovar-portico-jaipur/other/meetings-conferences,308->404,"redirected to /hotels-in-jaipur/sarovar-portico-jaipur/other/meetings-conferences, which itself failed"
/sarovar-portico-jaipur/promotions.html,/hotels-in-jaipur/sarovar-portico-jaipur/other/promotions,308->404,"redirected to /hotels-in-jaipur/sarovar-portico-jaipur/other/promotions, which itself failed"
/sarovar-portico-jalandhar/banquet-conferences/meetings-events.html,/hotels-in-jalandhar/sarovar-portico-jalandhar/other/meetings-events,308->404,"redirected to /hotels-in-jalandhar/sarovar-portico-jalandhar/other/meetings-events, which itself failed"
/sarovar-portico-kolkata-rajarhat/banquet-hall/conclave.html,/hotels-in-kolkata/sarovar-portico-kolkata-rajarhat/other/conclave,308->404,"redirected to /hotels-in-kolkata/sarovar-portico-kolkata-rajarhat/other/conclave, which itself failed"
/sarovar-portico-morbi/facilities/facilities-at-sarovar-portico-morbi.html,/hotels-in-morbi/sarovar-portico-morbi/other/facilities-at-sarovar-portico-morbi,308->404,"redirected to /hotels-in-morbi/sarovar-portico-morbi/other/facilities-at-sarovar-portico-morbi, which itself failed"
/sarovar-portico-morbi/meetings-conference-rooms/meetings-conference-rooms-in-morbi.html,/hotels-in-morbi/sarovar-portico-morbi/other/meetings-conference-rooms-in-morbi,308->404,"redirected to /hotels-in-morbi/sarovar-portico-morbi/other/meetings-conference-rooms-in-morbi, which itself failed"
/sarovar-portico-naraina-new-delhi/banquet-conferences/meetings-events.html,/hotels-in-delhi/sarovar-portico-naraina-new-delhi/other/meetings-events,308->404,"redirected to /hotels-in-delhi/sarovar-portico-naraina-new-delhi/other/meetings-events, which itself failed"
/sarovar-portico-somnath/banquet-hall-conferences/banquet-hall-conferences.html,/hotels-in-somnath/sarovar-portico-somnath/other/banquet-hall-conferences,308->404,"redirected to /hotels-in-somnath/sarovar-portico-somnath/other/banquet-hall-conferences, which itself failed"
/sarovar-portico-srinagar/banquets-meetings/the-hub.html,/hotels-in-srinagar/sarovar-portico-srinagar/other/the-hub,308->404,"redirected to /hotels-in-srinagar/sarovar-portico-srinagar/other/the-hub, which itself failed"
/sarovar-premiere-srinagar/explore-srinagar.html,/hotels-in-srinagar/sarovar-premiere-srinagar/other/explore-srinagar,308->404,"redirected to /hotels-in-srinagar/sarovar-premiere-srinagar/other/explore-srinagar, which itself failed"
/the-ashtan-sarovar-portico-new-delhi/360-virtual-tour/virtual-tour.html,/hotels-in-delhi/the-ashtan-sarovar-portico-new-delhi/other/virtual-tour,308->404,"redirected to /hotels-in-delhi/the-ashtan-sarovar-portico-new-delhi/other/virtual-tour, which itself failed"
/the-ashtan-sarovar-portico-new-delhi/banquet-conferences/meetings-events.html,/hotels-in-delhi/the-ashtan-sarovar-portico-new-delhi/other/meetings-events,308->404,"redirected to /hotels-in-delhi/the-ashtan-sarovar-portico-new-delhi/other/meetings-events, which itself failed"
/the-ashtan-sarovar-portico-new-delhi/facilities/facilities-at-hotel-in-delhi-near-aiims.html,/hotels-in-delhi/the-ashtan-sarovar-portico-new-delhi/other/facilities-at-hotel-in-delhi-near-aiims,308->404,"redirected to /hotels-in-delhi/the-ashtan-sarovar-portico-new-delhi/other/facilities-at-hotel-in-delhi-near-aiims, which itself failed"
/the-gokulam-park-kochi/star-classification/star-classification.html,/hotels-in-kochi/the-gokulam-park-kochi/other/star-classification,308->404,"redirected to /hotels-in-kochi/the-gokulam-park-kochi/other/star-classification, which itself failed"
/the-promenade-pondicherry/bay-of-buddha-menu.html,/hotels-in-pondicherry/the-promenade-pondicherry/other/bay-of-buddha-menu,308->404,"redirected to /hotels-in-pondicherry/the-promenade-pondicherry/other/bay-of-buddha-menu, which itself failed"
/the-promenade-pondicherry/explore-pondicherry.html,/hotels-in-pondicherry/the-promenade-pondicherry/other/explore-pondicherry,308->404,"redirected to /hotels-in-pondicherry/the-promenade-pondicherry/other/explore-pondicherry, which itself failed"
/the-promenade-pondicherry/the-blueline-menu.html,/hotels-in-pondicherry/the-promenade-pondicherry/other/the-blueline-menu,308->404,"redirected to /hotels-in-pondicherry/the-promenade-pondicherry/other/the-blueline-menu, which itself failed"
/the-promenade-pondicherry/wildfish-bistro.html,/hotels-in-pondicherry/the-promenade-pondicherry/other/wildfish-bistro,308->404,"redirected to /hotels-in-pondicherry/the-promenade-pondicherry/other/wildfish-bistro, which itself failed"
/tulip-inn-gurugram-near-medanta/special-offers.html,/hotels-in-gurugram/tulip-inn-gurugram-near-medanta/other/special-offers,308->404,"redirected to /hotels-in-gurugram/tulip-inn-gurugram-near-medanta/other/special-offers, which itself failed"
/vandhara-sarovar-premiere-patkote/explore-jim-corbett.html,/hotels-in-patkote/vandhara-sarovar-premiere-patkote/other/explore-jim-corbett,308->404,"redirected to /hotels-in-patkote/vandhara-sarovar-premiere-patkote/other/explore-jim-corbett, which itself failed"
/venizia-sarovar-portico-in-new-delhi/kids-zone/kids-zone.html,/hotels-in-delhi/venizia-sarovar-portico-in-new-delhi/other/kids-zone,308->404,"redirected to /hotels-in-delhi/venizia-sarovar-portico-in-new-delhi/other/kids-zone, which itself failed"
/geeta-sarovar-portico-hotels-panipat/blogs.html,/hotels-in-panipat/geeta-sarovar-portico-hotels-panipat/other/blogs,308->404,"redirected to /hotels-in-panipat/geeta-sarovar-portico-hotels-panipat/other/blogs, which itself failed"
/geeta-sarovar-portico-hotels-panipat/blogs/destination-wedding-near-delhi-ncr.html,/hotels-in-panipat/geeta-sarovar-portico-hotels-panipat/other/destination-wedding-near-delhi-ncr,308->404,"redirected to /hotels-in-panipat/geeta-sarovar-portico-hotels-panipat/other/destination-wedding-near-delhi-ncr, which itself failed"
/geeta-sarovar-portico-hotels-panipat/blogs/wedding-venues-in-panipat.html,/hotels-in-panipat/geeta-sarovar-portico-hotels-panipat/other/wedding-venues-in-panipat,308->404,"redirected to /hotels-in-panipat/geeta-sarovar-portico-hotels-panipat/other/wedding-venues-in-panipat, which itself failed"
/marasa-sarovar-premiere-bodhgaya/blogs.html,/hotels-in-bodhgaya/marasa-sarovar-premiere-bodhgaya/other/blogs,308->404,"redirected to /hotels-in-bodhgaya/marasa-sarovar-premiere-bodhgaya/other/blogs, which itself failed"
/marasa-sarovar-premiere-bodhgaya/blogs/bodh-gaya-seeking-nirvana.html,/hotels-in-bodhgaya/marasa-sarovar-premiere-bodhgaya/other/bodh-gaya-seeking-nirvana,308->404,"redirected to /hotels-in-bodhgaya/marasa-sarovar-premiere-bodhgaya/other/bodh-gaya-seeking-nirvana, which itself failed"
/marasa-sarovar-premiere-bodhgaya/blogs/indias-best-50-new-hotels-digest---outlook-traveller.html,/hotels-in-bodhgaya/marasa-sarovar-premiere-bodhgaya/other/indias-best-50-new-hotels-digest-outlook-traveller,308->404,"redirected to /hotels-in-bodhgaya/marasa-sarovar-premiere-bodhgaya/other/indias-best-50-new-hotels-digest-outlook-traveller, which itself failed"
/marasa-sarovar-premiere-bodhgaya/blogs/luxury-and-spirituality-at-marasa-sarovar-premiere.html,/hotels-in-bodhgaya/marasa-sarovar-premiere-bodhgaya/other/luxury-and-spirituality-at-marasa-sarovar-premiere,308->404,"redirected to /hotels-in-bodhgaya/marasa-sarovar-premiere-bodhgaya/other/luxury-and-spirituality-at-marasa-sarovar-premiere, which itself failed"
/marasa-sarovar-premiere-bodhgaya/blogs/marasa-sarovar-bodh-gaya-a-sanctuary-of-spiritual-enlightenment.html,/hotels-in-bodhgaya/marasa-sarovar-premiere-bodhgaya/other/marasa-sarovar-bodh-gaya-a-sanctuary-of-spiritual-enlightenment,308->404,"redirected to /hotels-in-bodhgaya/marasa-sarovar-premiere-bodhgaya/other/marasa-sarovar-bodh-gaya-a-sanctuary-of-spiritual-enlightenment, which itself failed"
/marasa-sarovar-premiere-bodhgaya/blogs/more-hnis-family-offices-checking-into-hotels-business.html,/hotels-in-bodhgaya/marasa-sarovar-premiere-bodhgaya/other/more-hnis-family-offices-checking-into-hotels-business,308->404,"redirected to /hotels-in-bodhgaya/marasa-sarovar-premiere-bodhgaya/other/more-hnis-family-offices-checking-into-hotels-business, which itself failed"
/marasa-sarovar-premiere-bodhgaya/blogs/must-visit-tourist-places-in-bodh-gaya.html,/hotels-in-bodhgaya/marasa-sarovar-premiere-bodhgaya/other/must-visit-tourist-places-in-bodh-gaya,308->404,"redirected to /hotels-in-bodhgaya/marasa-sarovar-premiere-bodhgaya/other/must-visit-tourist-places-in-bodh-gaya, which itself failed"
/marasa-sarovar-premiere-bodhgaya/blogs/southeast-asia-building-coverage-for-marasa-sarovar-premiere.html,/hotels-in-bodhgaya/marasa-sarovar-premiere-bodhgaya/other/southeast-asia-building-coverage-for-marasa-sarovar-premiere,308->404,"redirected to /hotels-in-bodhgaya/marasa-sarovar-premiere-bodhgaya/other/southeast-asia-building-coverage-for-marasa-sarovar-premiere, which itself failed"
/marigold-sarovar-portico-mashobra-shimla/blogs.html,/hotels-in-mashobra-shimla/marigold-sarovar-portico-mashobra-shimla/other/blogs,308->404,"redirected to /hotels-in-mashobra-shimla/marigold-sarovar-portico-mashobra-shimla/other/blogs, which itself failed"
/marigold-sarovar-portico-mashobra-shimla/blogs/explore-the-hidden-beauty-of-shimla.html,/hotels-in-mashobra-shimla/marigold-sarovar-portico-mashobra-shimla/other/explore-the-hidden-beauty-of-shimla,308->404,"redirected to /hotels-in-mashobra-shimla/marigold-sarovar-portico-mashobra-shimla/other/explore-the-hidden-beauty-of-shimla, which itself failed"
/marigold-sarovar-portico-mashobra-shimla/blogs/shimla-in-the-summers.html,/hotels-in-mashobra-shimla/marigold-sarovar-portico-mashobra-shimla/other/shimla-in-the-summers,308->404,"redirected to /hotels-in-mashobra-shimla/marigold-sarovar-portico-mashobra-shimla/other/shimla-in-the-summers, which itself failed"
/marigold-sarovar-portico-mashobra-shimla/blogs/shimla-in-the-winters.html,/hotels-in-mashobra-shimla/marigold-sarovar-portico-mashobra-shimla/other/shimla-in-the-winters,308->404,"redirected to /hotels-in-mashobra-shimla/marigold-sarovar-portico-mashobra-shimla/other/shimla-in-the-winters, which itself failed"
/rosefinch-sarovar-portico-bhimtal/blogs.html,/hotels-in-bhimtal/rosefinch-sarovar-portico-bhimtal/other/blogs,308->404,"redirected to /hotels-in-bhimtal/rosefinch-sarovar-portico-bhimtal/other/blogs, which itself failed"
/rosefinch-sarovar-portico-bhimtal/blogs/attractions-in-bhimtal.html,/hotels-in-bhimtal/rosefinch-sarovar-portico-bhimtal/other/attractions-in-bhimtal,308->404,"redirected to /hotels-in-bhimtal/rosefinch-sarovar-portico-bhimtal/other/attractions-in-bhimtal, which itself failed"
/,/,200,sitemap-sourced live URL (self-check)
/destinations/beaches,/destinations/beaches,200,sitemap-sourced live URL (self-check)
/experiences/kid-friendly-hotels,/experiences/kid-friendly-hotels,200,sitemap-sourced live URL (self-check)
/hotels/luxury,/hotels/luxury,200,sitemap-sourced live URL (self-check)
/meetings/request-proposal,/meetings/request-proposal,200,sitemap-sourced live URL (self-check)
/restaurants,/restaurants,200,sitemap-sourced live URL (self-check)
/weddings/destination-weddings,/weddings/destination-weddings,200,sitemap-sourced live URL (self-check)
/hotels-in-delhi/meeting-venues,/hotels-in-delhi/meeting-venues,404,sitemap-sourced live URL (self-check)
/hotels-in-goa,/hotels-in-goa,200,sitemap-sourced live URL (self-check)
/hotels-in-mumbai/travel-guide,/hotels-in-mumbai/travel-guide,404,sitemap-sourced live URL (self-check)
/hotels-in-shimla/gallery,/hotels-in-shimla/gallery,404,sitemap-sourced live URL (self-check)
/hotels-in-jim-corbett/things-to-do,/hotels-in-jim-corbett/things-to-do,404,sitemap-sourced live URL (self-check)
/hotels-in-ahmedabad/offers,/hotels-in-ahmedabad/offers,404,sitemap-sourced live URL (self-check)
/hotels-in-dibrugarh/hotels,/hotels-in-dibrugarh/hotels,200,sitemap-sourced live URL (self-check)
/hotels-in-faridabad/wedding-venues,/hotels-in-faridabad/wedding-venues,404,sitemap-sourced live URL (self-check)
/hotels-in-ghaziabad-vaishali/faqs,/hotels-in-ghaziabad-vaishali/faqs,404,sitemap-sourced live URL (self-check)
/hotels-in-gorakhpur/experiences,/hotels-in-gorakhpur/experiences,404,sitemap-sourced live URL (self-check)
/hotels-in-hanumangarh/gallery,/hotels-in-hanumangarh/gallery,404,sitemap-sourced live URL (self-check)
/hotels-in-hargeisa/restaurants,/hotels-in-hargeisa/restaurants,404,sitemap-sourced live URL (self-check)
/hotels-in-haridwar/meeting-venues,/hotels-in-haridwar/meeting-venues,404,sitemap-sourced live URL (self-check)
/hotels-in-indore,/hotels-in-indore,200,sitemap-sourced live URL (self-check)
/hotels-in-jalandhar/travel-guide,/hotels-in-jalandhar/travel-guide,404,sitemap-sourced live URL (self-check)
/hotels-in-jaisalmer/faqs,/hotels-in-jaisalmer/faqs,404,sitemap-sourced live URL (self-check)
/hotels-in-jhansi/things-to-do,/hotels-in-jhansi/things-to-do,404,sitemap-sourced live URL (self-check)
/hotels-in-jodhpur/offers,/hotels-in-jodhpur/offers,404,sitemap-sourced live URL (self-check)
/hotels-in-kathmandu/hotels,/hotels-in-kathmandu/hotels,200,sitemap-sourced live URL (self-check)
/hotels-in-kampala/wedding-venues,/hotels-in-kampala/wedding-venues,404,sitemap-sourced live URL (self-check)
/hotels-in-kochi,/hotels-in-kochi,200,sitemap-sourced live URL (self-check)
/hotels-in-kolkata/experiences,/hotels-in-kolkata/experiences,404,sitemap-sourced live URL (self-check)
/hotels-in-kota/gallery,/hotels-in-kota/gallery,404,sitemap-sourced live URL (self-check)
/hotels-in-latur/restaurants,/hotels-in-latur/restaurants,404,sitemap-sourced live URL (self-check)
/hotels-in-ludhiana/meeting-venues,/hotels-in-ludhiana/meeting-venues,404,sitemap-sourced live URL (self-check)
/hotels-in-lusaka-zambia/hotels,/hotels-in-lusaka-zambia/hotels,200,sitemap-sourced live URL (self-check)
/hotels-in-mathura-vrindavan/travel-guide,/hotels-in-mathura-vrindavan/travel-guide,404,sitemap-sourced live URL (self-check)
/hotels-in-mashobra-shimla/faqs,/hotels-in-mashobra-shimla/faqs,404,sitemap-sourced live URL (self-check)
/hotels-in-mussoorie/things-to-do,/hotels-in-mussoorie/things-to-do,404,sitemap-sourced live URL (self-check)
/hotels-in-mysore/offers,/hotels-in-mysore/offers,404,sitemap-sourced live URL (self-check)
/hotels-in-new-delhi/restaurants,/hotels-in-new-delhi/restaurants,404,sitemap-sourced live URL (self-check)
/hotels-in-noida/wedding-venues,/hotels-in-noida/wedding-venues,404,sitemap-sourced live URL (self-check)
/hotels-in-pahalgam,/hotels-in-pahalgam,200,sitemap-sourced live URL (self-check)
/hotels-in-panipat/experiences,/hotels-in-panipat/experiences,404,sitemap-sourced live URL (self-check)
/hotels-in-palampur/gallery,/hotels-in-palampur/gallery,404,sitemap-sourced live URL (self-check)
/hotels-in-pathankot/things-to-do,/hotels-in-pathankot/things-to-do,404,sitemap-sourced live URL (self-check)
/hotels-in-pondicherry/meeting-venues,/hotels-in-pondicherry/meeting-venues,404,sitemap-sourced live URL (self-check)
/hotels-in-raipur/hotels,/hotels-in-raipur/hotels,200,sitemap-sourced live URL (self-check)
/hotels-in-poovar-island-kerala/travel-guide,/hotels-in-poovar-island-kerala/travel-guide,404,sitemap-sourced live URL (self-check)
/hotels-in-ranchi/faqs,/hotels-in-ranchi/faqs,404,sitemap-sourced live URL (self-check)
/hotels-in-roorkee/experiences,/hotels-in-roorkee/experiences,404,sitemap-sourced live URL (self-check)
/hotels-in-saharanpur/offers,/hotels-in-saharanpur/offers,404,sitemap-sourced live URL (self-check)
/hotels-in-shrawasti/restaurants,/hotels-in-shrawasti/restaurants,404,sitemap-sourced live URL (self-check)
/hotels-in-siliguri/wedding-venues,/hotels-in-siliguri/wedding-venues,404,sitemap-sourced live URL (self-check)
/hotels-in-solapur,/hotels-in-solapur,200,sitemap-sourced live URL (self-check)
/hotels-in-somnath/travel-guide,/hotels-in-somnath/travel-guide,404,sitemap-sourced live URL (self-check)
/hotels-in-sonipat/gallery,/hotels-in-sonipat/gallery,404,sitemap-sourced live URL (self-check)
/hotels-in-sriperumbudur/things-to-do,/hotels-in-sriperumbudur/things-to-do,404,sitemap-sourced live URL (self-check)
/hotels-in-thiruvananthapuram/meeting-venues,/hotels-in-thiruvananthapuram/meeting-venues,404,sitemap-sourced live URL (self-check)
/hotels-in-mahabalipuram/hotels,/hotels-in-mahabalipuram/hotels,200,sitemap-sourced live URL (self-check)
/hotels-in-alwar/wedding-venues,/hotels-in-alwar/wedding-venues,404,sitemap-sourced live URL (self-check)
/hotels-in-ajmer/faqs,/hotels-in-ajmer/faqs,404,sitemap-sourced live URL (self-check)
/hotels-in-ayodhya/experiences,/hotels-in-ayodhya/experiences,404,sitemap-sourced live URL (self-check)
/hotels-in-baddi/offers,/hotels-in-baddi/offers,404,sitemap-sourced live URL (self-check)
/hotels-in-bangalore-bengaluru/restaurants,/hotels-in-bangalore-bengaluru/restaurants,404,sitemap-sourced live URL (self-check)
/hotels-in-bhavnagar/meeting-venues,/hotels-in-bhavnagar/meeting-venues,404,sitemap-sourced live URL (self-check)
/hotels-in-bhimtal,/hotels-in-bhimtal,200,sitemap-sourced live URL (self-check)
/hotels-in-bhubaneswar/travel-guide,/hotels-in-bhubaneswar/travel-guide,404,sitemap-sourced live URL (self-check)
/hotels-in-bhopal/gallery,/hotels-in-bhopal/gallery,404,sitemap-sourced live URL (self-check)
/hotels-in-bodhgaya/things-to-do,/hotels-in-bodhgaya/things-to-do,404,sitemap-sourced live URL (self-check)
/hotels-in-chennai/offers,/hotels-in-chennai/offers,404,sitemap-sourced live URL (self-check)
/hotels-in-chitwan-nepal/hotels,/hotels-in-chitwan-nepal/hotels,200,sitemap-sourced live URL (self-check)
/hotels-in-dalhousie/wedding-venues,/hotels-in-dalhousie/wedding-venues,404,sitemap-sourced live URL (self-check)
/hotels-in-deoghar/faqs,/hotels-in-deoghar/faqs,404,sitemap-sourced live URL (self-check)
/hotels-in-hosur/experiences,/hotels-in-hosur/experiences,404,sitemap-sourced live URL (self-check)
/hotels-in-kakinada/gallery,/hotels-in-kakinada/gallery,404,sitemap-sourced live URL (self-check)
/hotels-in-sasan-gir/restaurants,/hotels-in-sasan-gir/restaurants,404,sitemap-sourced live URL (self-check)
/hotels-in-tirupati/meeting-venues,/hotels-in-tirupati/meeting-venues,404,sitemap-sourced live URL (self-check)
/hotels-in-delhi/sarovar-premiere-delhi/rooms,/hotels-in-delhi/sarovar-premiere-delhi/rooms,200,sitemap-sourced live URL (self-check)
/hotels-in-goa/sarovar-premiere-goa-beach-resort/amenities,/hotels-in-goa/sarovar-premiere-goa-beach-resort/amenities,200,sitemap-sourced live URL (self-check)
/hotels-in-mumbai/sarovar-portico-mumbai/experiences,/hotels-in-mumbai/sarovar-portico-mumbai/experiences,200,sitemap-sourced live URL (self-check)
/hotels-in-shimla/sarovar-regency-shimla/gallery,/hotels-in-shimla/sarovar-regency-shimla/gallery,200,sitemap-sourced live URL (self-check)
/hotels-in-rishikesh/sarovar-regency-rishikesh/offers,/hotels-in-rishikesh/sarovar-regency-rishikesh/offers,200,sitemap-sourced live URL (self-check)
/hotels-in-delhi/sarovar-portico-delhi-aerocity/rooms,/hotels-in-delhi/sarovar-portico-delhi-aerocity/rooms,200,sitemap-sourced live URL (self-check)
/hotels-in-jim-corbett/abn-sarovar-portico-jim-corbett/amenities,/hotels-in-jim-corbett/abn-sarovar-portico-jim-corbett/amenities,200,sitemap-sourced live URL (self-check)
/hotels-in-mashobra-shimla/marigold-sarovar-portico-mashobra-shimla/dining,/hotels-in-mashobra-shimla/marigold-sarovar-portico-mashobra-shimla/dining,200,sitemap-sourced live URL (self-check)
/hotels-in-patkote/vandhara-sarovar-premiere-patkote/gallery,/hotels-in-patkote/vandhara-sarovar-premiere-patkote/gallery,200,sitemap-sourced live URL (self-check)
/hotels-in-hyderabad/aditya-hometel-hyderabad/offers,/hotels-in-hyderabad/aditya-hometel-hyderabad/offers,200,sitemap-sourced live URL (self-check)
/hotels-in-hyderabad/aditya-park-hyderabad/rooms,/hotels-in-hyderabad/aditya-park-hyderabad/rooms,200,sitemap-sourced live URL (self-check)
/hotels-in-gandhidham/ambar-sarovar-portico-gandhidham-hotel/amenities,/hotels-in-gandhidham/ambar-sarovar-portico-gandhidham-hotel/amenities,200,sitemap-sourced live URL (self-check)
/hotels-in-solapur/balaji-sarovar-premiere-solapur/dining,/hotels-in-solapur/balaji-sarovar-premiere-solapur/dining,200,sitemap-sourced live URL (self-check)
/hotels-in-kampala/bamus-sarovar-portico-kampala/gallery,/hotels-in-kampala/bamus-sarovar-portico-kampala/gallery,200,sitemap-sourced live URL (self-check)
/hotels-in-junagadh/bellevue-sarovar-premiere-junagadh/offers,/hotels-in-junagadh/bellevue-sarovar-premiere-junagadh/offers,200,sitemap-sourced live URL (self-check)
/hotels-in-thiruvananthapuram/classic-sarovar-portico-thiruvananthapuram/rooms,/hotels-in-thiruvananthapuram/classic-sarovar-portico-thiruvananthapuram/rooms,200,sitemap-sourced live URL (self-check)
/hotels-in-delhi/deventure-sarovar-portico--kapashera-new-delhi/amenities,/hotels-in-delhi/deventure-sarovar-portico--kapashera-new-delhi/amenities,200,sitemap-sourced live URL (self-check)
/hotels-in-panipat/geeta-sarovar-portico-hotels-panipat/dining,/hotels-in-panipat/geeta-sarovar-portico-hotels-panipat/dining,200,sitemap-sourced live URL (self-check)
/hotels-in-agra/golden-tulip-agra/gallery,/hotels-in-agra/golden-tulip-agra/gallery,200,sitemap-sourced live URL (self-check)
/hotels-in-jalandhar/golden-tulip-jalandhar/offers,/hotels-in-jalandhar/golden-tulip-jalandhar/offers,200,sitemap-sourced live URL (self-check)
/hotels-in-lucknow/golden-tulip-lucknow/rooms,/hotels-in-lucknow/golden-tulip-lucknow/rooms,200,sitemap-sourced live URL (self-check)
/hotels-in-srinagar/golden-tulip-srinagar/amenities,/hotels-in-srinagar/golden-tulip-srinagar/amenities,200,sitemap-sourced live URL (self-check)
/hotels-in-siliguri/royal-sarovar-portico-siliguri/dining,/hotels-in-siliguri/royal-sarovar-portico-siliguri/dining,200,sitemap-sourced live URL (self-check)
/hotels-in-kathmandu/royal-tulip-kathmandu-shivapuri-national-park/gallery,/hotels-in-kathmandu/royal-tulip-kathmandu-shivapuri-national-park/gallery,200,sitemap-sourced live URL (self-check)
/hotels-in-kathmandu/royal-tulip-kathmandu/offers,/hotels-in-kathmandu/royal-tulip-kathmandu/offers,200,sitemap-sourced live URL (self-check)
/hotels-in-agra/royale-sarovar-portico-agra/rooms,/hotels-in-agra/royale-sarovar-portico-agra/rooms,200,sitemap-sourced live URL (self-check)
/hotels-in-jaisalmer/sairafort-sarovar-portico-jaisalmer/amenities,/hotels-in-jaisalmer/sairafort-sarovar-portico-jaisalmer/amenities,200,sitemap-sourced live URL (self-check)
/hotels-in-ahmedabad/sarovar-ahmedabad/dining,/hotels-in-ahmedabad/sarovar-ahmedabad/dining,200,sitemap-sourced live URL (self-check)
/hotels-in-hanumangarh/sarovar-portico-hanumangarh/gallery,/hotels-in-hanumangarh/sarovar-portico-hanumangarh/gallery,200,sitemap-sourced live URL (self-check)
/hotels-in-jalandhar/sarovar-portico-jalandhar/offers,/hotels-in-jalandhar/sarovar-portico-jalandhar/offers,200,sitemap-sourced live URL (self-check)
/hotels-in-kolkata/sarovar-portico-kolkata-rajarhat/rooms,/hotels-in-kolkata/sarovar-portico-kolkata-rajarhat/rooms,200,sitemap-sourced live URL (self-check)
/hotels-in-delhi/sarovar-portico-naraina-new-delhi/amenities,/hotels-in-delhi/sarovar-portico-naraina-new-delhi/amenities,200,sitemap-sourced live URL (self-check)
/hotels-in-saharanpur/sarovar-portico-saharanpur/dining,/hotels-in-saharanpur/sarovar-portico-saharanpur/dining,200,sitemap-sourced live URL (self-check)
/hotels-in-somnath/sarovar-portico-somnath/gallery,/hotels-in-somnath/sarovar-portico-somnath/gallery,200,sitemap-sourced live URL (self-check)
/hotels-in-sonipat/sarovar-portico-sonipat/offers,/hotels-in-sonipat/sarovar-portico-sonipat/offers,200,sitemap-sourced live URL (self-check)
/hotels-in-srinagar/sarovar-portico-srinagar/rooms,/hotels-in-srinagar/sarovar-portico-srinagar/rooms,200,sitemap-sourced live URL (self-check)
/hotels-in-hargeisa/serene-premiere-hargeisa/amenities,/hotels-in-hargeisa/serene-premiere-hargeisa/amenities,200,sitemap-sourced live URL (self-check)
/hotels-in-orai/shyama-sarovar-portico-orai/dining,/hotels-in-orai/shyama-sarovar-portico-orai/dining,200,sitemap-sourced live URL (self-check)
/hotels-in-raipur/singhania-sarovar-portico-raipur/gallery,/hotels-in-raipur/singhania-sarovar-portico-raipur/gallery,200,sitemap-sourced live URL (self-check)
/hotels-in-delhi/taurus-hotel-mahipalpur-new-delhi/offers,/hotels-in-delhi/taurus-hotel-mahipalpur-new-delhi/offers,200,sitemap-sourced live URL (self-check)
/hotels-in-delhi/the-ashtan-sarovar-portico-new-delhi/rooms,/hotels-in-delhi/the-ashtan-sarovar-portico-new-delhi/rooms,200,sitemap-sourced live URL (self-check)
/hotels-in-delhi/the-muse-sarovar-portico-nehru-place-new-delhi/amenities,/hotels-in-delhi/the-muse-sarovar-portico-nehru-place-new-delhi/amenities,200,sitemap-sourced live URL (self-check)
/hotels-in-pondicherry/the-promenade-pondicherry/dining,/hotels-in-pondicherry/the-promenade-pondicherry/dining,200,sitemap-sourced live URL (self-check)
/hotels-in-gurugram/tulip-inn-gurugram-near-medanta/gallery,/hotels-in-gurugram/tulip-inn-gurugram-near-medanta/gallery,200,sitemap-sourced live URL (self-check)
/hotels-in-katra/vaishnodevi-portico-katra/offers,/hotels-in-katra/vaishnodevi-portico-katra/offers,200,sitemap-sourced live URL (self-check)
/hotels-in-delhi/venizia-sarovar-portico-in-new-delhi/rooms,/hotels-in-delhi/venizia-sarovar-portico-in-new-delhi/rooms,200,sitemap-sourced live URL (self-check)
/hotels-in-udaipur/golden-tulip-udaipur/amenities,/hotels-in-udaipur/golden-tulip-udaipur/amenities,200,sitemap-sourced live URL (self-check)
/hotels-in-tirupati/golden-tulip-tirupati/dining,/hotels-in-tirupati/golden-tulip-tirupati/dining,200,sitemap-sourced live URL (self-check)
/hotels-in-hosur/grand-continent-hosur/gallery,/hotels-in-hosur/grand-continent-hosur/gallery,200,sitemap-sourced live URL (self-check)
/hotels-in-mahabalipuram/grand-continent-mahabalipuram/offers,/hotels-in-mahabalipuram/grand-continent-mahabalipuram/offers,200,sitemap-sourced live URL (self-check)
/hotels-in-mysore/grand-continent-mysore/rooms,/hotels-in-mysore/grand-continent-mysore/rooms,200,sitemap-sourced live URL (self-check)
/hotels-in-latur/grand-portico-hotel-in-latur/amenities,/hotels-in-latur/grand-portico-hotel-in-latur/amenities,200,sitemap-sourced live URL (self-check)
/hotels-in-sindhudurg/highland-sarovar-portico-sindhudurg/dining,/hotels-in-sindhudurg/highland-sarovar-portico-sindhudurg/dining,200,sitemap-sourced live URL (self-check)
/hotels-in-lucknow/hometel-alambagh-lucknow/gallery,/hotels-in-lucknow/hometel-alambagh-lucknow/gallery,200,sitemap-sourced live URL (self-check)
/hotels-in-roorkee/hometel-roorkee/offers,/hotels-in-roorkee/hometel-roorkee/offers,200,sitemap-sourced live URL (self-check)
/hotels-in-chandigarh/hometel-chandigarh/rooms,/hotels-in-chandigarh/hometel-chandigarh/rooms,200,sitemap-sourced live URL (self-check)
/hotels-in-gurugram/iris-sarovar-portico-gurugram/amenities,/hotels-in-gurugram/iris-sarovar-portico-gurugram/amenities,200,sitemap-sourced live URL (self-check)
/hotels-in-deoghar/ishaan-sarovar-portico-deoghar/dining,/hotels-in-deoghar/ishaan-sarovar-portico-deoghar/dining,200,sitemap-sourced live URL (self-check)
/hotels-in-pondicherry/lagoon-sarovar-premiere-pondicherry/gallery,/hotels-in-pondicherry/lagoon-sarovar-premiere-pondicherry/gallery,200,sitemap-sourced live URL (self-check)
/hotels-in-lucknow/la-place-sarovar-portico-lucknow/offers,/hotels-in-lucknow/la-place-sarovar-portico-lucknow/offers,200,sitemap-sourced live URL (self-check)
/hotels-in-pondicherry/le-dupleix-pondicherry/rooms,/hotels-in-pondicherry/le-dupleix-pondicherry/rooms,200,sitemap-sourced live URL (self-check)
/hotels-in-navi-mumbai/majestic-court-sarovar-portico-navi-mumbai/amenities,/hotels-in-navi-mumbai/majestic-court-sarovar-portico-navi-mumbai/amenities,200,sitemap-sourced live URL (self-check)
/hotels-in-rajkot/marasa-sarovar-portico-rajkot/dining,/hotels-in-rajkot/marasa-sarovar-portico-rajkot/dining,200,sitemap-sourced live URL (self-check)
/hotels-in-bodhgaya/marasa-sarovar-premiere-bodhgaya/gallery,/hotels-in-bodhgaya/marasa-sarovar-premiere-bodhgaya/gallery,200,sitemap-sourced live URL (self-check)
/hotels-in-tirupati/marasa-sarovar-premiere-tirupati-hotels/offers,/hotels-in-tirupati/marasa-sarovar-premiere-tirupati-hotels/offers,200,sitemap-sourced live URL (self-check)
/hotels-in-haridwar/mj-sarovar-portico-haridwar/rooms,/hotels-in-haridwar/mj-sarovar-portico-haridwar/rooms,200,sitemap-sourced live URL (self-check)
/hotels-in-pahalgam/mountnoor-sarovar-premiere-pahalgam/amenities,/hotels-in-pahalgam/mountnoor-sarovar-premiere-pahalgam/amenities,200,sitemap-sourced live URL (self-check)
/hotels-in-kota/mukundra-sarovar-premiere-kota/dining,/hotels-in-kota/mukundra-sarovar-premiere-kota/dining,200,sitemap-sourced live URL (self-check)
/hotels-in-jhansi/nataraj-sarovar-portico-jhansi/gallery,/hotels-in-jhansi/nataraj-sarovar-portico-jhansi/gallery,200,sitemap-sourced live URL (self-check)
/hotels-in-manali/naturevilas-portico-manali/offers,/hotels-in-manali/naturevilas-portico-manali/offers,200,sitemap-sourced live URL (self-check)
/hotels-in-gorakhpur/nirvana-sarovar-portico-gorakhpur/rooms,/hotels-in-gorakhpur/nirvana-sarovar-portico-gorakhpur/rooms,200,sitemap-sourced live URL (self-check)
/hotels-in-kakinada/paradigm-sarovar-kakinada/amenities,/hotels-in-kakinada/paradigm-sarovar-kakinada/amenities,200,sitemap-sourced live URL (self-check)
/hotels-in-ayodhya/park-inn-by-radisson-ayodhya/dining,/hotels-in-ayodhya/park-inn-by-radisson-ayodhya/dining,200,sitemap-sourced live URL (self-check)
/hotels-in-faridabad/park-plaza-faridabad/gallery,/hotels-in-faridabad/park-plaza-faridabad/gallery,200,sitemap-sourced live URL (self-check)
/hotels-in-jodhpur/park-plaza-jodhpur/offers,/hotels-in-jodhpur/park-plaza-jodhpur/offers,200,sitemap-sourced live URL (self-check)
/hotels-in-jalandhar/park-plaza-jalandhar/rooms,/hotels-in-jalandhar/park-plaza-jalandhar/rooms,200,sitemap-sourced live URL (self-check)
/hotels-in-bhubaneswar/prachi-sarovar-premiere-bhubaneswar/amenities,/hotels-in-bhubaneswar/prachi-sarovar-premiere-bhubaneswar/amenities,200,sitemap-sourced live URL (self-check)
/hotels-in-dibrugarh/pushkara-portico-hotel-in-dibrugarh/dining,/hotels-in-dibrugarh/pushkara-portico-hotel-in-dibrugarh/dining,200,sitemap-sourced live URL (self-check)
/hotels-in-dalhousie/presidium-sarovar-premiere-dalhousie/gallery,/hotels-in-dalhousie/presidium-sarovar-premiere-dalhousie/gallery,200,sitemap-sourced live URL (self-check)
/hotels-in-chennai/radha-regent-chennai/offers,/hotels-in-chennai/radha-regent-chennai/offers,200,sitemap-sourced live URL (self-check)
/hotels-in-hyderabad/radisson-hyderabad--hitec/rooms,/hotels-in-hyderabad/radisson-hyderabad--hitec/rooms,200,sitemap-sourced live URL (self-check)
/hotels-in-ahmedabad/rivera-sarovar-portico-ahmedabad/amenities,/hotels-in-ahmedabad/rivera-sarovar-portico-ahmedabad/amenities,200,sitemap-sourced live URL (self-check)
/hotels-in-mumbai/residency-sarovar-portico-mumbai/dining,/hotels-in-mumbai/residency-sarovar-portico-mumbai/dining,200,sitemap-sourced live URL (self-check)
/hotels-in-bhimtal/rosefinch-sarovar-portico-bhimtal/gallery,/hotels-in-bhimtal/rosefinch-sarovar-portico-bhimtal/gallery,200,sitemap-sourced live URL (self-check)
/hotels-in-pathankot/riviera-sarovar-portico-pathankot/offers,/hotels-in-pathankot/riviera-sarovar-portico-pathankot/offers,200,sitemap-sourced live URL (self-check)
/hotels-in-pilibhit/royal-kingdom-sarovar-portico-pilibhit/rooms,/hotels-in-pilibhit/royal-kingdom-sarovar-portico-pilibhit/rooms,200,sitemap-sourced live URL (self-check)
/hotels/sarovar-premiere-delhi/amenities,/hotels/sarovar-premiere-delhi/amenities,404,sitemap-sourced live URL (self-check)
/hotels/sarovar-portico-jaipur/contact,/hotels/sarovar-portico-jaipur/contact,404,sitemap-sourced live URL (self-check)
/hotels/sarovar-premiere-goa-beach-resort/gallery,/hotels/sarovar-premiere-goa-beach-resort/gallery,200,sitemap-sourced live URL (self-check)
/hotels/sarovar-portico-mumbai/legal,/hotels/sarovar-portico-mumbai/legal,404,sitemap-sourced live URL (self-check)
/hotels/sarovar-regency-shimla/wellness,/hotels/sarovar-regency-shimla/wellness,404,sitemap-sourced live URL (self-check)
/hotels/sarovar-portico-delhi-aerocity/amenities,/hotels/sarovar-portico-delhi-aerocity/amenities,404,sitemap-sourced live URL (self-check)
/hotels/sarovar-premiere-jaipur-heritage/contact,/hotels/sarovar-premiere-jaipur-heritage/contact,404,sitemap-sourced live URL (self-check)
/hotels/abn-sarovar-portico-jim-corbett/gallery,/hotels/abn-sarovar-portico-jim-corbett/gallery,200,sitemap-sourced live URL (self-check)
/hotels/nidhivan-sarovar-portico-vrindavan/legal,/hotels/nidhivan-sarovar-portico-vrindavan/legal,200,sitemap-sourced live URL (self-check)
/hotels/marigold-sarovar-portico-mashobra-shimla/wellness,/hotels/marigold-sarovar-portico-mashobra-shimla/wellness,404,sitemap-sourced live URL (self-check)
/hotels/aditya-hometel-hyderabad/amenities,/hotels/aditya-hometel-hyderabad/amenities,200,sitemap-sourced live URL (self-check)
/hotels/aditya-park-hyderabad/contact,/hotels/aditya-park-hyderabad/contact,404,sitemap-sourced live URL (self-check)
/hotels/ambrosia-sarovar-portico-haridwar/gallery,/hotels/ambrosia-sarovar-portico-haridwar/gallery,200,sitemap-sourced live URL (self-check)
/hotels/ambar-sarovar-portico-gandhidham-hotel/legal,/hotels/ambar-sarovar-portico-gandhidham-hotel/legal,200,sitemap-sourced live URL (self-check)
/hotels/balaji-sarovar-premiere-solapur/wellness,/hotels/balaji-sarovar-premiere-solapur/wellness,200,sitemap-sourced live URL (self-check)
/hotels/bellevue-sarovar-premiere-junagadh/amenities,/hotels/bellevue-sarovar-premiere-junagadh/amenities,200,sitemap-sourced live URL (self-check)
/hotels/citadel-sarovar-portico-bangalore/contact,/hotels/citadel-sarovar-portico-bangalore/contact,404,sitemap-sourced live URL (self-check)
/hotels/davanam-sarovar-portico-suites-bangalore/gallery,/hotels/davanam-sarovar-portico-suites-bangalore/gallery,200,sitemap-sourced live URL (self-check)
/hotels/classic-sarovar-portico-thiruvananthapuram/legal,/hotels/classic-sarovar-portico-thiruvananthapuram/legal,200,sitemap-sourced live URL (self-check)
/hotels/delite-sarovar-portico-faridabad/wellness,/hotels/delite-sarovar-portico-faridabad/wellness,404,sitemap-sourced live URL (self-check)
/hotels/deventure-sarovar-portico--kapashera-new-delhi/amenities,/hotels/deventure-sarovar-portico--kapashera-new-delhi/amenities,200,sitemap-sourced live URL (self-check)
/hotels/efcee-sarovar-portico-bhavnagar/contact,/hotels/efcee-sarovar-portico-bhavnagar/contact,404,sitemap-sourced live URL (self-check)
/hotels/estuary-sarovar-Premiere-poovar/gallery,/hotels/estuary-sarovar-Premiere-poovar/gallery,200,sitemap-sourced live URL (self-check)
/hotels/geeta-sarovar-portico-hotels-panipat/legal,/hotels/geeta-sarovar-portico-hotels-panipat/legal,404,sitemap-sourced live URL (self-check)
/hotels/golden-sarovar-portico-amritsar/wellness,/hotels/golden-sarovar-portico-amritsar/wellness,404,sitemap-sourced live URL (self-check)
/hotels/golden-tulip-bdi-club-and-suite-bhiwadi/amenities,/hotels/golden-tulip-bdi-club-and-suite-bhiwadi/amenities,200,sitemap-sourced live URL (self-check)
/hotels/golden-tulip-bhopal/contact,/hotels/golden-tulip-bhopal/contact,404,sitemap-sourced live URL (self-check)
/hotels/golden-tulip-candolim-goa/gallery,/hotels/golden-tulip-candolim-goa/gallery,200,sitemap-sourced live URL (self-check)
/hotels/golden-tulip-essential-jaipur/legal,/hotels/golden-tulip-essential-jaipur/legal,404,sitemap-sourced live URL (self-check)
/hotels/golden-tulip-goa-mandrem/wellness,/hotels/golden-tulip-goa-mandrem/wellness,404,sitemap-sourced live URL (self-check)
/hotels/golden-tulip-hari-nagar/amenities,/hotels/golden-tulip-hari-nagar/amenities,200,sitemap-sourced live URL (self-check)
/hotels/golden-tulip-hotel-in-jaipur/contact,/hotels/golden-tulip-hotel-in-jaipur/contact,404,sitemap-sourced live URL (self-check)
/hotels/golden-tulip-jalandhar/gallery,/hotels/golden-tulip-jalandhar/gallery,200,sitemap-sourced live URL (self-check)
/hotels/golden-tulip-kukas-jaipur/legal,/hotels/golden-tulip-kukas-jaipur/legal,404,sitemap-sourced live URL (self-check)
/hotels/golden-tulip-lucknow/wellness,/hotels/golden-tulip-lucknow/wellness,404,sitemap-sourced live URL (self-check)
/hotels/golden-tulip-srinagar/amenities,/hotels/golden-tulip-srinagar/amenities,200,sitemap-sourced live URL (self-check)
/hotels/royal-hometel-suites-dahisar-mumbai/contact,/hotels/royal-hometel-suites-dahisar-mumbai/contact,404,sitemap-sourced live URL (self-check)
/hotels/royal-sarovar-portico-siliguri/gallery,/hotels/royal-sarovar-portico-siliguri/gallery,200,sitemap-sourced live URL (self-check)
/hotels/royal-tulip-chitwan/legal,/hotels/royal-tulip-chitwan/legal,404,sitemap-sourced live URL (self-check)
/hotels/royal-tulip-kathmandu-shivapuri-national-park/wellness,/hotels/royal-tulip-kathmandu-shivapuri-national-park/wellness,404,sitemap-sourced live URL (self-check)
/hotels/royale-sarovar-portico-agra/amenities,/hotels/royale-sarovar-portico-agra/amenities,200,sitemap-sourced live URL (self-check)
/hotels/rs-sarovar-portico-palampur/contact,/hotels/rs-sarovar-portico-palampur/contact,404,sitemap-sourced live URL (self-check)
/hotels/sairafort-sarovar-portico-jaisalmer/gallery,/hotels/sairafort-sarovar-portico-jaisalmer/gallery,200,sitemap-sourced live URL (self-check)
/hotels/sarovar-ahmedabad/legal,/hotels/sarovar-ahmedabad/legal,200,sitemap-sourced live URL (self-check)
/hotels/sarovar-portico-ajmer/wellness,/hotels/sarovar-portico-ajmer/wellness,404,sitemap-sourced live URL (self-check)
/hotels/sarovar-portico-bhubaneswar/amenities,/hotels/sarovar-portico-bhubaneswar/amenities,200,sitemap-sourced live URL (self-check)
/hotels/sarovar-portico-birgunj/contact,/hotels/sarovar-portico-birgunj/contact,404,sitemap-sourced live URL (self-check)
/hotels/sarovar-portico-dehradun/gallery,/hotels/sarovar-portico-dehradun/gallery,200,sitemap-sourced live URL (self-check)
/hotels/sarovar-portico-gir/legal,/hotels/sarovar-portico-gir/legal,404,sitemap-sourced live URL (self-check)
/hotels/sarovar-portico-hanumangarh/wellness,/hotels/sarovar-portico-hanumangarh/wellness,404,sitemap-sourced live URL (self-check)
/hotels/sarovar-portico-kolkata-rajarhat/amenities,/hotels/sarovar-portico-kolkata-rajarhat/amenities,200,sitemap-sourced live URL (self-check)
/hotels/sarovar-portico-morbi/contact,/hotels/sarovar-portico-morbi/contact,404,sitemap-sourced live URL (self-check)
/hotels/sarovar-portico-naraina-new-delhi/gallery,/hotels/sarovar-portico-naraina-new-delhi/gallery,200,sitemap-sourced live URL (self-check)
/hotels/sarovar-portico-saharanpur/legal,/hotels/sarovar-portico-saharanpur/legal,404,sitemap-sourced live URL (self-check)
/hotels/sarovar-portico-somnath/wellness,/hotels/sarovar-portico-somnath/wellness,200,sitemap-sourced live URL (self-check)
/hotels/sarovar-portico-srinagar/amenities,/hotels/sarovar-portico-srinagar/amenities,200,sitemap-sourced live URL (self-check)
/hotels/sarovar-portico-surajkund/contact,/hotels/sarovar-portico-surajkund/contact,404,sitemap-sourced live URL (self-check)
/hotels/sarovar-premiere-amritsar/gallery,/hotels/sarovar-premiere-amritsar/gallery,200,sitemap-sourced live URL (self-check)
/hotels/sarovar-premiere-alwar/legal,/hotels/sarovar-premiere-alwar/legal,500,sitemap-sourced live URL (self-check)
/hotels/sarovar-premiere-jaipur/wellness,/hotels/sarovar-premiere-jaipur/wellness,404,sitemap-sourced live URL (self-check)
/hotels/sea-breeze-sarovar-portico-varca-goa/amenities,/hotels/sea-breeze-sarovar-portico-varca-goa/amenities,200,sitemap-sourced live URL (self-check)
/hotels/serene-premiere-hargeisa/contact,/hotels/serene-premiere-hargeisa/contact,404,sitemap-sourced live URL (self-check)
/hotels/shravanthi-sarovar-portico-bengaluru/gallery,/hotels/shravanthi-sarovar-portico-bengaluru/gallery,200,sitemap-sourced live URL (self-check)
/hotels/shyama-sarovar-portico-orai/legal,/hotels/shyama-sarovar-portico-orai/legal,404,sitemap-sourced live URL (self-check)
/hotels/singhania-sarovar-portico-raipur/wellness,/hotels/singhania-sarovar-portico-raipur/wellness,404,sitemap-sourced live URL (self-check)
/hotels/sobit-sarovar-portico-palolem-beach-hotel-goa/amenities,/hotels/sobit-sarovar-portico-palolem-beach-hotel-goa/amenities,200,sitemap-sourced live URL (self-check)
/hotels/taurus-hotel-mahipalpur-new-delhi/contact,/hotels/taurus-hotel-mahipalpur-new-delhi/contact,404,sitemap-sourced live URL (self-check)
/hotels/the-ashtan-sarovar-portico-new-delhi/gallery,/hotels/the-ashtan-sarovar-portico-new-delhi/gallery,200,sitemap-sourced live URL (self-check)
/hotels/the-gaurs-sarovar-premiere/legal,/hotels/the-gaurs-sarovar-premiere/legal,404,sitemap-sourced live URL (self-check)
/hotels/the-heron-portico-nairobi/wellness,/hotels/the-heron-portico-nairobi/wellness,404,sitemap-sourced live URL (self-check)
/hotels/the-muse-sarovar-portico-nehru-place-new-delhi/amenities,/hotels/the-muse-sarovar-portico-nehru-place-new-delhi/amenities,200,sitemap-sourced live URL (self-check)
/hotels/the-promenade-pondicherry/contact,/hotels/the-promenade-pondicherry/contact,500,sitemap-sourced live URL (self-check)
/hotels/tulip-inn-bhopal/gallery,/hotels/tulip-inn-bhopal/gallery,200,sitemap-sourced live URL (self-check)
/hotels/tulip-inn-gurugram-near-medanta/legal,/hotels/tulip-inn-gurugram-near-medanta/legal,404,sitemap-sourced live URL (self-check)
/hotels/tulip-inn-koramangala/wellness,/hotels/tulip-inn-koramangala/wellness,404,sitemap-sourced live URL (self-check)
/hotels/tulip-inn-zirakpur/amenities,/hotels/tulip-inn-zirakpur/amenities,200,sitemap-sourced live URL (self-check)
/hotels/v-sarovar-portico-mi-road-jaipur/contact,/hotels/v-sarovar-portico-mi-road-jaipur/contact,404,sitemap-sourced live URL (self-check)
/hotels/vaishnodevi-portico-katra/gallery,/hotels/vaishnodevi-portico-katra/gallery,200,sitemap-sourced live URL (self-check)
/hotels/venizia-sarovar-portico-in-new-delhi/legal,/hotels/venizia-sarovar-portico-in-new-delhi/legal,404,sitemap-sourced live URL (self-check)
/hotels/viraj-sarovar-portico-jammu/wellness,/hotels/viraj-sarovar-portico-jammu/wellness,404,sitemap-sourced live URL (self-check)
/hotels/golden-tulip-tirupati,/hotels/golden-tulip-tirupati,200,sitemap-sourced live URL (self-check)
/hotels/golden-tulip/contact,/hotels/golden-tulip/contact,200,sitemap-sourced live URL (self-check)
/hotels/grand-continent-anjuna/gallery,/hotels/grand-continent-anjuna/gallery,200,sitemap-sourced live URL (self-check)
/hotels/grand-continent-brookefield-bengaluru/legal,/hotels/grand-continent-brookefield-bengaluru/legal,404,sitemap-sourced live URL (self-check)
/hotels/grand-continent-hebbal-bangalore/wellness,/hotels/grand-continent-hebbal-bangalore/wellness,404,sitemap-sourced live URL (self-check)
/hotels/grand-continent-malleshwaram-bangalore,/hotels/grand-continent-malleshwaram-bangalore,200,sitemap-sourced live URL (self-check)
/hotels/grand-continent-mahabalipuram/contact,/hotels/grand-continent-mahabalipuram/contact,404,sitemap-sourced live URL (self-check)
/hotels/grand-continent-mysore/gallery,/hotels/grand-continent-mysore/gallery,200,sitemap-sourced live URL (self-check)
/hotels/grand-continent-secunderabad/legal,/hotels/grand-continent-secunderabad/legal,404,sitemap-sourced live URL (self-check)
/hotels/grand-portico-hotel-in-latur/wellness,/hotels/grand-portico-hotel-in-latur/wellness,404,sitemap-sourced live URL (self-check)
/hotels/hometel-alambagh-lucknow,/hotels/hometel-alambagh-lucknow,200,sitemap-sourced live URL (self-check)
/hotels/hometel-roorkee/contact,/hotels/hometel-roorkee/contact,404,sitemap-sourced live URL (self-check)
/hotels/hometel-chandigarh/gallery,/hotels/hometel-chandigarh/gallery,200,sitemap-sourced live URL (self-check)
/hotels/hrj-sarovar-portico-indore/legal,/hotels/hrj-sarovar-portico-indore/legal,404,sitemap-sourced live URL (self-check)
/hotels/iris-sarovar-portico-gurugram/wellness,/hotels/iris-sarovar-portico-gurugram/wellness,404,sitemap-sourced live URL (self-check)
/hotels/kpg-sarovar-portico-raj-nagar-extension-ghaziabad,/hotels/kpg-sarovar-portico-raj-nagar-extension-ghaziabad,200,sitemap-sourced live URL (self-check)
/hotels/lagoon-sarovar-premiere-pondicherry/contact,/hotels/lagoon-sarovar-premiere-pondicherry/contact,200,sitemap-sourced live URL (self-check)
/hotels/la-place-sarovar-portico-lucknow/gallery,/hotels/la-place-sarovar-portico-lucknow/gallery,200,sitemap-sourced live URL (self-check)
/hotels/le-dupleix-pondicherry/legal,/hotels/le-dupleix-pondicherry/legal,200,sitemap-sourced live URL (self-check)
/hotels/le-lac-sarovar-ranchi/wellness,/hotels/le-lac-sarovar-ranchi/wellness,404,sitemap-sourced live URL (self-check)
/hotels/legend-sarovar-portico,/hotels/legend-sarovar-portico,200,sitemap-sourced live URL (self-check)
/hotels/mahagun-sarovar-portico-suites-vaishali/contact,/hotels/mahagun-sarovar-portico-suites-vaishali/contact,404,sitemap-sourced live URL (self-check)
/hotels/majestic-court-sarovar-portico-navi-mumbai/gallery,/hotels/majestic-court-sarovar-portico-navi-mumbai/gallery,200,sitemap-sourced live URL (self-check)
/hotels/manjeera-international-convention-centre/legal,/hotels/manjeera-international-convention-centre/legal,404,sitemap-sourced live URL (self-check)
/hotels/manjeera-sarovar-premiere-rajahmundry/wellness,/hotels/manjeera-sarovar-premiere-rajahmundry/wellness,404,sitemap-sourced live URL (self-check)
/hotels/marasa-sarovar-premiere-bodhgaya,/hotels/marasa-sarovar-premiere-bodhgaya,200,sitemap-sourced live URL (self-check)
/hotels/marasa-sarovar-premiere-tirupati-hotels/contact,/hotels/marasa-sarovar-premiere-tirupati-hotels/contact,404,sitemap-sourced live URL (self-check)
/hotels/mj-sarovar-portico-haridwar/gallery,/hotels/mj-sarovar-portico-haridwar/gallery,200,sitemap-sourced live URL (self-check)
/hotels/marine-plaza-mumbai/legal,/hotels/marine-plaza-mumbai/legal,200,sitemap-sourced live URL (self-check)
/hotels/mountnoor-sarovar-premiere-pahalgam/wellness,/hotels/mountnoor-sarovar-premiere-pahalgam/wellness,404,sitemap-sourced live URL (self-check)
/hotels/nataraj-sarovar-portico-jhansi,/hotels/nataraj-sarovar-portico-jhansi,200,sitemap-sourced live URL (self-check)
/hotels/naturevilas-portico-manali/contact,/hotels/naturevilas-portico-manali/contact,404,sitemap-sourced live URL (self-check)
/hotels/nirvana-sarovar-portico-gorakhpur/gallery,/hotels/nirvana-sarovar-portico-gorakhpur/gallery,200,sitemap-sourced live URL (self-check)
/hotels/neelkanth-sarovar-premiere-lusaka/legal,/hotels/neelkanth-sarovar-premiere-lusaka/legal,200,sitemap-sourced live URL (self-check)
/hotels/nirwana-hometel-jaipur-sarovar/wellness,/hotels/nirwana-hometel-jaipur-sarovar/wellness,404,sitemap-sourced live URL (self-check)
/hotels/park-inn-gurgaon,/hotels/park-inn-gurgaon,200,sitemap-sourced live URL (self-check)
/hotels/park-inn-by-radisson-ayodhya/contact,/hotels/park-inn-by-radisson-ayodhya/contact,404,sitemap-sourced live URL (self-check)
/hotels/Park-Inn-Radisson-Goa-Candolim/gallery,/hotels/Park-Inn-Radisson-Goa-Candolim/gallery,200,sitemap-sourced live URL (self-check)
/hotels/park-plaza-faridabad/legal,/hotels/park-plaza-faridabad/legal,200,sitemap-sourced live URL (self-check)
/hotels/park-plaza-jodhpur/wellness,/hotels/park-plaza-jodhpur/wellness,404,sitemap-sourced live URL (self-check)
/hotels/park-plaza-shahadra--east-delhi,/hotels/park-plaza-shahadra--east-delhi,200,sitemap-sourced live URL (self-check)
/hotels/park-plaza-ludhiana/contact,/hotels/park-plaza-ludhiana/contact,404,sitemap-sourced live URL (self-check)
/hotels/prachi-sarovar-premiere-bhubaneswar/gallery,/hotels/prachi-sarovar-premiere-bhubaneswar/gallery,200,sitemap-sourced live URL (self-check)
/hotels/park-plaza-zirakpur/legal,/hotels/park-plaza-zirakpur/legal,200,sitemap-sourced live URL (self-check)
/hotels/pushkara-portico-hotel-in-dibrugarh/wellness,/hotels/pushkara-portico-hotel-in-dibrugarh/wellness,404,sitemap-sourced live URL (self-check)
/hotels/radha-hometel-bangalore,/hotels/radha-hometel-bangalore,200,sitemap-sourced live URL (self-check)
/hotels/radha-regent-chennai/contact,/hotels/radha-regent-chennai/contact,404,sitemap-sourced live URL (self-check)
/hotels/radisson-blu--bengaluru-outer-ring-road/gallery,/hotels/radisson-blu--bengaluru-outer-ring-road/gallery,200,sitemap-sourced live URL (self-check)
/hotels/radisson-hyderabad--hitec/legal,/hotels/radisson-hyderabad--hitec/legal,200,sitemap-sourced live URL (self-check)
/hotels/rbd-sarovar-portico-outer-ring-road-bengaluru/wellness,/hotels/rbd-sarovar-portico-outer-ring-road-bengaluru/wellness,404,sitemap-sourced live URL (self-check)
/hotels/rivera-sarovar-portico-ahmedabad,/hotels/rivera-sarovar-portico-ahmedabad,200,sitemap-sourced live URL (self-check)
/hotels/residency-sarovar-portico-mumbai/contact,/hotels/residency-sarovar-portico-mumbai/contact,404,sitemap-sourced live URL (self-check)
/hotels/rosefinch-sarovar-portico-bhimtal/gallery,/hotels/rosefinch-sarovar-portico-bhimtal/gallery,200,sitemap-sourced live URL (self-check)
/hotels/riviera-sarovar-portico-pathankot/legal,/hotels/riviera-sarovar-portico-pathankot/legal,404,sitemap-sourced live URL (self-check)
/hotels/royal-kingdom-sarovar-portico-pilibhit/wellness,/hotels/royal-kingdom-sarovar-portico-pilibhit/wellness,404,sitemap-sourced live URL (self-check)
/destinations/delhi,/destinations/delhi,200,sitemap-sourced live URL (self-check)
/destinations/hargeisa,/destinations/hargeisa,200,sitemap-sourced live URL (self-check)
/destinations/lucknow,/destinations/lucknow,200,sitemap-sourced live URL (self-check)
/destinations/palampur,/destinations/palampur,200,sitemap-sourced live URL (self-check)
/destinations/somnath,/destinations/somnath,200,sitemap-sourced live URL (self-check)
/destinations/bhiwadi,/destinations/bhiwadi,200,sitemap-sourced live URL (self-check)
/destinations/tirupati,/destinations/tirupati,200,sitemap-sourced live URL (self-check)
/hotels/sarovar-regency-shimla/rooms/deluxe-room-sarovar-regency-shimla,/hotels/sarovar-regency-shimla/rooms/deluxe-room-sarovar-regency-shimla,200,sitemap-sourced live URL (self-check)
/hotels/abn-sarovar-portico-jim-corbett/rooms/superior-double-bed-room-with-balcony,/hotels/abn-sarovar-portico-jim-corbett/rooms/superior-double-bed-room-with-balcony,200,sitemap-sourced live URL (self-check)
/hotels/balaji-sarovar-premiere-solapur/rooms/executive-suites,/hotels/balaji-sarovar-premiere-solapur/rooms/executive-suites,200,sitemap-sourced live URL (self-check)
/hotels/citadel-sarovar-portico-bangalore/rooms/executive-twin-room,/hotels/citadel-sarovar-portico-bangalore/rooms/executive-twin-room,200,sitemap-sourced live URL (self-check)
/hotels/deventure-sarovar-portico-patel-nagar/rooms/executive-twin-bed-room,/hotels/deventure-sarovar-portico-patel-nagar/rooms/executive-twin-bed-room,200,sitemap-sourced live URL (self-check)
/hotels/golden-sarovar-portico-amritsar/rooms/premium-room,/hotels/golden-sarovar-portico-amritsar/rooms/premium-room,200,sitemap-sourced live URL (self-check)
/hotels/golden-tulip-candolim-goa/rooms/apartment-double-bedroom,/hotels/golden-tulip-candolim-goa/rooms/apartment-double-bedroom,200,sitemap-sourced live URL (self-check)
/hotels/golden-tulip-goa-mandrem/rooms/presidential-suite-with-infinity-pool,/hotels/golden-tulip-goa-mandrem/rooms/presidential-suite-with-infinity-pool,200,sitemap-sourced live URL (self-check)
/hotels/golden-tulip-kukas-jaipur/rooms/deluxe-room-city-facing,/hotels/golden-tulip-kukas-jaipur/rooms/deluxe-room-city-facing,200,sitemap-sourced live URL (self-check)
/hotels/golden-tulip-srinagar/rooms/deluxe-rooms,/hotels/golden-tulip-srinagar/rooms/deluxe-rooms,200,sitemap-sourced live URL (self-check)
/hotels/golden-tulip/rooms/superior-twin-or-double-bed-rooms,/hotels/golden-tulip/rooms/superior-twin-or-double-bed-rooms,200,sitemap-sourced live URL (self-check)
/hotels/grand-continent-hosur/rooms/deluxe-room,/hotels/grand-continent-hosur/rooms/deluxe-room,200,sitemap-sourced live URL (self-check)
/hotels/grand-continent-secunderabad/rooms/deluxe-room-double,/hotels/grand-continent-secunderabad/rooms/deluxe-room-double,200,sitemap-sourced live URL (self-check)
/hotels/hometel-chandigarh/rooms/superior-twin-rooms,/hotels/hometel-chandigarh/rooms/superior-twin-rooms,200,sitemap-sourced live URL (self-check)
/hotels/ishaan-sarovar-portico-deoghar/rooms/premium-twin-room,/hotels/ishaan-sarovar-portico-deoghar/rooms/premium-twin-room,200,sitemap-sourced live URL (self-check)
/hotels/le-dupleix-pondicherry/rooms/penthouse,/hotels/le-dupleix-pondicherry/rooms/penthouse,200,sitemap-sourced live URL (self-check)
/hotels/mahagun-sarovar-portico-suites-vaishali/rooms/studio-rooms,/hotels/mahagun-sarovar-portico-suites-vaishali/rooms/studio-rooms,200,sitemap-sourced live URL (self-check)
/hotels/marasa-sarovar-premiere-tirupati-hotels/rooms/deluxe-room-twin-beds,/hotels/marasa-sarovar-premiere-tirupati-hotels/rooms/deluxe-room-twin-beds,200,sitemap-sourced live URL (self-check)
/hotels/marine-plaza-mumbai/rooms/standard-room,/hotels/marine-plaza-mumbai/rooms/standard-room,200,sitemap-sourced live URL (self-check)
/hotels/nataraj-sarovar-portico-jhansi/rooms/deluxe-room,/hotels/nataraj-sarovar-portico-jhansi/rooms/deluxe-room,200,sitemap-sourced live URL (self-check)
/hotels/nirvana-sarovar-portico-gorakhpur/rooms/suites,/hotels/nirvana-sarovar-portico-gorakhpur/rooms/suites,200,sitemap-sourced live URL (self-check)
/hotels/park-plaza-jodhpur/rooms/suites,/hotels/park-plaza-jodhpur/rooms/suites,200,sitemap-sourced live URL (self-check)
/hotels/presidium-sarovar-premiere-dalhousie/rooms/premium-valley-view-with-balcony,/hotels/presidium-sarovar-premiere-dalhousie/rooms/premium-valley-view-with-balcony,200,sitemap-sourced live URL (self-check)
/hotels/rbd-sarovar-portico-outer-ring-road-bengaluru/rooms/premium-room-with-balcony,/hotels/rbd-sarovar-portico-outer-ring-road-bengaluru/rooms/premium-room-with-balcony,200,sitemap-sourced live URL (self-check)
/hotels/rosefinch-sarovar-portico-bhimtal/rooms/lake-view-family-room-4-pax-with-breakfast-and-dinner,/hotels/rosefinch-sarovar-portico-bhimtal/rooms/lake-view-family-room-4-pax-with-breakfast-and-dinner,200,sitemap-sourced live URL (self-check)
/hotels/royal-sarovar-portico-siliguri/rooms/deluxe-room,/hotels/royal-sarovar-portico-siliguri/rooms/deluxe-room,200,sitemap-sourced live URL (self-check)
/hotels/royal-tulip-kathmandu-shivapuri-national-park/rooms/executive-double-room-with-valley-view,/hotels/royal-tulip-kathmandu-shivapuri-national-park/rooms/executive-double-room-with-valley-view,200,sitemap-sourced live URL (self-check)
/hotels/rs-sarovar-portico-palampur/rooms/junior-suites,/hotels/rs-sarovar-portico-palampur/rooms/junior-suites,200,sitemap-sourced live URL (self-check)
/hotels/sarovar-portico-bhubaneswar/rooms/deluxe-king-room,/hotels/sarovar-portico-bhubaneswar/rooms/deluxe-king-room,200,sitemap-sourced live URL (self-check)
/hotels/sarovar-portico-gir/rooms/studio,/hotels/sarovar-portico-gir/rooms/studio,200,sitemap-sourced live URL (self-check)
/hotels/sarovar-portico-kolkata-rajarhat/rooms/deluxe-twin-room,/hotels/sarovar-portico-kolkata-rajarhat/rooms/deluxe-twin-room,200,sitemap-sourced live URL (self-check)
/hotels/sarovar-portico-somnath/rooms/executive-room,/hotels/sarovar-portico-somnath/rooms/executive-room,200,sitemap-sourced live URL (self-check)
/hotels/sarovar-portico-surajkund/rooms/executive-rooms,/hotels/sarovar-portico-surajkund/rooms/executive-rooms,200,sitemap-sourced live URL (self-check)
/hotels/sarovar-premiere-amritsar/rooms/royal-suite,/hotels/sarovar-premiere-amritsar/rooms/royal-suite,200,sitemap-sourced live URL (self-check)
/hotels/serene-premiere-hargeisa/rooms/deluxe-room-double-bed,/hotels/serene-premiere-hargeisa/rooms/deluxe-room-double-bed,200,sitemap-sourced live URL (self-check)
/hotels/singhania-sarovar-portico-raipur/rooms/deluxe-double-bedroom,/hotels/singhania-sarovar-portico-raipur/rooms/deluxe-double-bedroom,200,sitemap-sourced live URL (self-check)
/hotels/taurus-hotel-mahipalpur-new-delhi/rooms/standard-twin-bed-room,/hotels/taurus-hotel-mahipalpur-new-delhi/rooms/standard-twin-bed-room,200,sitemap-sourced live URL (self-check)
/hotels/the-muse-sarovar-portico-nehru-place-new-delhi/rooms/executive-rooms-twin-king-bed,/hotels/the-muse-sarovar-portico-nehru-place-new-delhi/rooms/executive-rooms-twin-king-bed,200,sitemap-sourced live URL (self-check)
/hotels/tulip-inn-koramangala/rooms/deluxe-rooms-double-beds,/hotels/tulip-inn-koramangala/rooms/deluxe-rooms-double-beds,200,sitemap-sourced live URL (self-check)
/hotels/vaishnodevi-portico-katra/rooms/superior-room,/hotels/vaishnodevi-portico-katra/rooms/superior-room,200,sitemap-sourced live URL (self-check)
/hotels/sarovar-portico-sriperumbudur/rooms/standard-double-city-facing,/hotels/sarovar-portico-sriperumbudur/rooms/standard-double-city-facing,200,sitemap-sourced live URL (self-check)
/hotels/sarovar-premiere-jaipur-heritage/dining/the-multi-cuisine-restaurant-sarovar-premiere-jaipur-heritage,/hotels/sarovar-premiere-jaipur-heritage/dining/the-multi-cuisine-restaurant-sarovar-premiere-jaipur-heritage,200,sitemap-sourced live URL (self-check)
/hotels/efcee-sarovar-portico-bhavnagar/dining/efcee-sarovar-portico-bhavnagar-spice-story-restaurant-at-efcee-sarovar-premiere-a-5-star-hotel-in-bhavnagar,/hotels/efcee-sarovar-portico-bhavnagar/dining/efcee-sarovar-portico-bhavnagar-spice-story-restaurant-at-efcee-sarovar-premiere-a-5-star-hotel-in-bhavnagar,200,sitemap-sourced live URL (self-check)
/hotels/classic-sarovar-portico-thiruvananthapuram/dining/classic-sarovar-portico-thiruvananthapuram-options-restaurant-at-classic-sarovar-portico-thiruvananthapuram,/hotels/classic-sarovar-portico-thiruvananthapuram/dining/classic-sarovar-portico-thiruvananthapuram-options-restaurant-at-classic-sarovar-portico-thiruvananthapuram,200,sitemap-sourced live URL (self-check)
/hotels/golden-tulip-jalandhar/dining/golden-tulip-jalandhar-grab-a-drink-at-the-best-bar-in-jalandhar,/hotels/golden-tulip-jalandhar/dining/golden-tulip-jalandhar-grab-a-drink-at-the-best-bar-in-jalandhar,200,sitemap-sourced live URL (self-check)
/hotels/golden-tulip/dining/golden-tulip-bar-at-golden-tulip-gurgaon,/hotels/golden-tulip/dining/golden-tulip-bar-at-golden-tulip-gurgaon,200,sitemap-sourced live URL (self-check)
/hotels/hometel-chandigarh/dining/hometel-chandigarh-terrace-grill-at-hometel-chandigarh,/hotels/hometel-chandigarh/dining/hometel-chandigarh-terrace-grill-at-hometel-chandigarh,200,sitemap-sourced live URL (self-check)
/hotels/le-lac-sarovar-ranchi/dining/le-lac-sarovar-ranchi-chill-lounge-bar-at-le-lac-sarovar-portico-ranchi,/hotels/le-lac-sarovar-ranchi/dining/le-lac-sarovar-ranchi-chill-lounge-bar-at-le-lac-sarovar-portico-ranchi,200,sitemap-sourced live URL (self-check)
/hotels/marasa-sarovar-premiere-bodhgaya/dining/marasa-sarovar-premiere-bodhgaya-tea-bar-a-unique-dining-place-in-bodhgaya,/hotels/marasa-sarovar-premiere-bodhgaya/dining/marasa-sarovar-premiere-bodhgaya-tea-bar-a-unique-dining-place-in-bodhgaya,200,sitemap-sourced live URL (self-check)
/hotels/nataraj-sarovar-portico-jhansi/dining/nataraj-sarovar-portico-jhansi-lancer-our-bar-in-jhansi,/hotels/nataraj-sarovar-portico-jhansi/dining/nataraj-sarovar-portico-jhansi-lancer-our-bar-in-jhansi,200,sitemap-sourced live URL (self-check)
/hotels/Park-Inn-Radisson-Goa-Candolim/dining/park-inn-radisson-goa-candolim-colval-at-park-inn-by-radisson-goa-candolim-by-the-radisson-hotel-group-managed-by-sarovar-hotels,/hotels/Park-Inn-Radisson-Goa-Candolim/dining/park-inn-radisson-goa-candolim-colval-at-park-inn-by-radisson-goa-candolim-by-the-radisson-hotel-group-managed-by-sarovar-hotels,200,sitemap-sourced live URL (self-check)
/hotels/park-plaza-zirakpur/dining/park-plaza-zirakpur-essence-restaurant-at-park-plaza-zirakpur-by-the-radisson-hotel-group-managed-by-sarovar-hotels,/hotels/park-plaza-zirakpur/dining/park-plaza-zirakpur-essence-restaurant-at-park-plaza-zirakpur-by-the-radisson-hotel-group-managed-by-sarovar-hotels,200,sitemap-sourced live URL (self-check)
/hotels/radisson-blu--bengaluru-outer-ring-road/dining/radisson-blu-bengaluru-outer-ring-road-marquis-at-radisson-blu-bengaluru-outer-ring-road-by-the-radisson-hotel-group-managed-by-sarovar-hotels,/hotels/radisson-blu--bengaluru-outer-ring-road/dining/radisson-blu-bengaluru-outer-ring-road-marquis-at-radisson-blu-bengaluru-outer-ring-road-by-the-radisson-hotel-group-managed-by-sarovar-hotels,200,sitemap-sourced live URL (self-check)
/hotels/rivera-sarovar-portico-ahmedabad/dining/rivera-sarovar-portico-ahmedabad-liquor-shop-at-sarovar-portico-ahmedabad,/hotels/rivera-sarovar-portico-ahmedabad/dining/rivera-sarovar-portico-ahmedabad-liquor-shop-at-sarovar-portico-ahmedabad,200,sitemap-sourced live URL (self-check)
/hotels/royal-tulip-chitwan/dining/royal-tulip-chitwan-forest-flame-authentic-north-asian-and-nepali-grilled-delights,/hotels/royal-tulip-chitwan/dining/royal-tulip-chitwan-forest-flame-authentic-north-asian-and-nepali-grilled-delights,200,sitemap-sourced live URL (self-check)
/hotels/sarovar-portico-badrinath-uttarakhand/dining/sarovar-portico-badrinath-uttarakhand-cafe-in-the-park-at-sarovar-portico-badrinath,/hotels/sarovar-portico-badrinath-uttarakhand/dining/sarovar-portico-badrinath-uttarakhand-cafe-in-the-park-at-sarovar-portico-badrinath,200,sitemap-sourced live URL (self-check)
/hotels/sarovar-portico-morbi/dining/sarovar-portico-morbi-flavours-a-magical-multi-cuisine-restaurant-in-morbi,/hotels/sarovar-portico-morbi/dining/sarovar-portico-morbi-flavours-a-magical-multi-cuisine-restaurant-in-morbi,200,sitemap-sourced live URL (self-check)
/hotels/sarovar-premiere-jaipur/dining/sarovar-premiere-jaipur-in-room-dining-at-sarovar-premiere-jaipur,/hotels/sarovar-premiere-jaipur/dining/sarovar-premiere-jaipur-in-room-dining-at-sarovar-premiere-jaipur,200,sitemap-sourced live URL (self-check)
/hotels/singhania-sarovar-portico-raipur/dining/singhania-sarovar-portico-raipur-flavours-all-day-dining-at-singhania-sarovar-portico-raipur,/hotels/singhania-sarovar-portico-raipur/dining/singhania-sarovar-portico-raipur-flavours-all-day-dining-at-singhania-sarovar-portico-raipur,200,sitemap-sourced live URL (self-check)
/hotels/the-heron-portico-nairobi/dining/the-heron-portico-nairobi-sirocco-aqua-bar-at-the-heron-by-sarovar-portico-india-nairobi,/hotels/the-heron-portico-nairobi/dining/the-heron-portico-nairobi-sirocco-aqua-bar-at-the-heron-by-sarovar-portico-india-nairobi,200,sitemap-sourced live URL (self-check)
/hotels/venizia-sarovar-portico-in-new-delhi/dining/venizia-sarovar-portico-in-new-delhi-dining-at-flavours-our-in-house-restaurant-in-new-delhi,/hotels/venizia-sarovar-portico-in-new-delhi/dining/venizia-sarovar-portico-in-new-delhi-dining-at-flavours-our-in-house-restaurant-in-new-delhi,200,sitemap-sourced live URL (self-check)
/hotels/sarovar-portico-delhi-aerocity/banquets/grand-ballroom-sarovar-portico-delhi-aerocity,/hotels/sarovar-portico-delhi-aerocity/banquets/grand-ballroom-sarovar-portico-delhi-aerocity,200,sitemap-sourced live URL (self-check)
/hotels/bamus-sarovar-portico-kampala/banquets/bamus-sarovar-portico-kampala-topaz-sophisticated-space-for-seamless-gatherings,/hotels/bamus-sarovar-portico-kampala/banquets/bamus-sarovar-portico-kampala-topaz-sophisticated-space-for-seamless-gatherings,200,sitemap-sourced live URL (self-check)
/hotels/golden-tulip-agra/banquets/golden-tulip-agra-elevate-your-meetings-and-intimate-gatherings-at-royale-house,/hotels/golden-tulip-agra/banquets/golden-tulip-agra-elevate-your-meetings-and-intimate-gatherings-at-royale-house,200,sitemap-sourced live URL (self-check)
/hotels/golden-tulip-hotel-in-jaipur/banquets/golden-tulip-hotel-in-jaipur-maharani-hall-at-golden-tulip-jaipur-city-center,/hotels/golden-tulip-hotel-in-jaipur/banquets/golden-tulip-hotel-in-jaipur-maharani-hall-at-golden-tulip-jaipur-city-center,200,sitemap-sourced live URL (self-check)
/hotels/golden-tulip-tirupati/banquets/golden-tulip-tirupati-grand-ball-room-cherish-celebrations,/hotels/golden-tulip-tirupati/banquets/golden-tulip-tirupati-grand-ball-room-cherish-celebrations,200,sitemap-sourced live URL (self-check)
/hotels/ishaan-sarovar-portico-deoghar/banquets/ishaan-sarovar-portico-deoghar-aarambh-party-hall-in-deoghar,/hotels/ishaan-sarovar-portico-deoghar/banquets/ishaan-sarovar-portico-deoghar-aarambh-party-hall-in-deoghar,200,sitemap-sourced live URL (self-check)
/hotels/mukundra-sarovar-premiere-kota/banquets/mukundra-sarovar-premiere-kota-aangan-courtyard-mandap-for-your-forever-promises,/hotels/mukundra-sarovar-premiere-kota/banquets/mukundra-sarovar-premiere-kota-aangan-courtyard-mandap-for-your-forever-promises,200,sitemap-sourced live URL (self-check)
/hotels/park-plaza-jalandhar/banquets/park-plaza-jalandhar-imperial-banquet-hall-in-jalandhar,/hotels/park-plaza-jalandhar/banquets/park-plaza-jalandhar-imperial-banquet-hall-in-jalandhar,200,sitemap-sourced live URL (self-check)
/hotels/rbd-sarovar-portico-outer-ring-road-bengaluru/banquets/rbd-sarovar-portico-outer-ring-road-bengaluru-crystal-palace-at-rbd-sarovar-portico-outer-ring-road-bengaluru,/hotels/rbd-sarovar-portico-outer-ring-road-bengaluru/banquets/rbd-sarovar-portico-outer-ring-road-bengaluru-crystal-palace-at-rbd-sarovar-portico-outer-ring-road-bengaluru,200,sitemap-sourced live URL (self-check)
/hotels/royal-tulip-kathmandu/banquets/royal-tulip-kathmandu-dhaulagiri-for-focused-conversations-that-matter,/hotels/royal-tulip-kathmandu/banquets/royal-tulip-kathmandu-dhaulagiri-for-focused-conversations-that-matter,200,sitemap-sourced live URL (self-check)
/hotels/sarovar-portico-bhubaneswar/banquets/sarovar-portico-bhubaneswar-drive-productivity-at-the-forum,/hotels/sarovar-portico-bhubaneswar/banquets/sarovar-portico-bhubaneswar-drive-productivity-at-the-forum,200,sitemap-sourced live URL (self-check)
/hotels/sarovar-portico-sriperumbudur/banquets/sarovar-portico-sriperumbudur-boardroom-private-space-for-executive-meetings-team-discussions,/hotels/sarovar-portico-sriperumbudur/banquets/sarovar-portico-sriperumbudur-boardroom-private-space-for-executive-meetings-team-discussions,200,sitemap-sourced live URL (self-check)
/hotels/serene-premiere-hargeisa/banquets/serene-premiere-hargeisa-bander-wanaag-a-hall-as-big-as-your-event,/hotels/serene-premiere-hargeisa/banquets/serene-premiere-hargeisa-bander-wanaag-a-hall-as-big-as-your-event,200,sitemap-sourced live URL (self-check)
/hotels/skywings-sarovar-portico-mathura/banquets/skywings-sarovar-portico-mathura-anandam-the-perfect-banquet-hall-in-mathura,/hotels/skywings-sarovar-portico-mathura/banquets/skywings-sarovar-portico-mathura-anandam-the-perfect-banquet-hall-in-mathura,200,sitemap-sourced live URL (self-check)
/hotels/tulip-inn-shravasti/banquets/tulip-inn-shravasti-boardroom,/hotels/tulip-inn-shravasti/banquets/tulip-inn-shravasti-boardroom,200,sitemap-sourced live URL (self-check)
/hotels/viraj-sarovar-portico-jammu/banquets/viraj-sarovar-portico-jammu-emerald-2-hall-at-viraj-sarovar-portico-jammu,/hotels/viraj-sarovar-portico-jammu/banquets/viraj-sarovar-portico-jammu-emerald-2-hall-at-viraj-sarovar-portico-jammu,200,sitemap-sourced live URL (self-check)
/hotels/golden-tulip-essential-jaipur/nearby/golden-tulip-essential-jaipur-explore-jaipur,/hotels/golden-tulip-essential-jaipur/nearby/golden-tulip-essential-jaipur-explore-jaipur,200,sitemap-sourced live URL (self-check)
/hotels/marasa-sarovar-premiere-bodhgaya/nearby/marasa-sarovar-premiere-bodhgaya-explore-bodhgaya,/hotels/marasa-sarovar-premiere-bodhgaya/nearby/marasa-sarovar-premiere-bodhgaya-explore-bodhgaya,200,sitemap-sourced live URL (self-check)
/hotels/park-plaza-zirakpur/nearby/park-plaza-zirakpur-explore-zirakpur,/hotels/park-plaza-zirakpur/nearby/park-plaza-zirakpur-explore-zirakpur,200,sitemap-sourced live URL (self-check)
/hotels/sarovar-portico-dehradun/nearby/sarovar-portico-dehradun-explore-dehradun,/hotels/sarovar-portico-dehradun/nearby/sarovar-portico-dehradun-explore-dehradun,200,sitemap-sourced live URL (self-check)
/hotels/the-promenade-pondicherry/nearby/the-promenade-pondicherry-activities,/hotels/the-promenade-pondicherry/nearby/the-promenade-pondicherry-activities,200,sitemap-sourced live URL (self-check)
/blog/blogs-experiential-things-to-do-in-bhimtal,/blog/blogs-experiential-things-to-do-in-bhimtal,200,sitemap-sourced live URL (self-check)
/blog/blogs-rajasthan-a-unique-summer-destination-in-india,/blog/blogs-rajasthan-a-unique-summer-destination-in-india,200,sitemap-sourced live URL (self-check)
/blog/blogs-tourists-guide-and-top-attractions-in-new-delhi,/blog/blogs-tourists-guide-and-top-attractions-in-new-delhi,200,sitemap-sourced live URL (self-check)
/offers/ambar-sarovar-portico-gandhidham-hotel-flexi-check-in-and-check-out,/offers/ambar-sarovar-portico-gandhidham-hotel-flexi-check-in-and-check-out,200,sitemap-sourced live URL (self-check)
/offers/golden-tulip-candolim-goa-flat-30-discount,/offers/golden-tulip-candolim-goa-flat-30-discount,200,sitemap-sourced live URL (self-check)
/offers/hometel-roorkee-free-wi-fi,/offers/hometel-roorkee-free-wi-fi,200,sitemap-sourced live URL (self-check)
/offers/paradigm-sarovar-kakinada-free-wi-fi,/offers/paradigm-sarovar-kakinada-free-wi-fi,200,sitemap-sourced live URL (self-check)
/offers/residency-sarovar-portico-mumbai-free-wifi,/offers/residency-sarovar-portico-mumbai-free-wifi,200,sitemap-sourced live URL (self-check)
/offers/sobit-sarovar-portico-palolem-beach-hotel-goa-book-direct-exclusive-website-offer,/offers/sobit-sarovar-portico-palolem-beach-hotel-goa-book-direct-exclusive-website-offer,200,sitemap-sourced live URL (self-check)
/brands/louvre/golden-tulip,/brands/louvre/golden-tulip,200,sitemap-sourced live URL (self-check)
/amex-offer-terms-and-conditions.html,/amex-offer-terms-and-conditions.html,200,sitemap-sourced live URL (self-check)
/experiences/business-hotels.html,/experiences/business-hotels.html,200,sitemap-sourced live URL (self-check)
/privacy-policy/privacy-policy.html,/privacy-policy/privacy-policy.html,200,sitemap-sourced live URL (self-check)
/meetings/banquet-halls/,/meetings/banquet-halls/,308->200,redirected to /meetings/banquet-halls
/restaurants/foodgully/,/restaurants/foodgully/,308->200,redirected to /restaurants/foodgully
